#
# A fatal error has been detected by the Java Runtime Environment:
#
#  SIGSEGV (0xb) at pc=0x00007fd1e13a35d8, pid=6907, tid=6913
#
# JRE version: OpenJDK Runtime Environment (21.0.9) (build 21.0.9+-14649483-b1163.86)
# Java VM: OpenJDK 64-Bit Server VM (21.0.9+-14649483-b1163.86, mixed mode, tiered, compressed oops, compressed class ptrs, g1 gc, linux-amd64)
# Problematic frame:
# V  [libjvm.so+0x9a35d8]  G1ConcurrentMark::scan_root_region(MemRegion const*, unsigned int)+0xc8
#
# No core dump will be written. Core dumps have been disabled. To enable core dumping, try "ulimit -c unlimited" before starting Java again
#
# If you would like to submit a bug report, please visit:
#   https://youtrack.jetbrains.com/issues/JBR
#

---------------  S U M M A R Y ------------

Command Line: --add-opens=java.base/java.lang=ALL-UNNAMED --add-opens=java.base/java.lang.invoke=ALL-UNNAMED --add-opens=java.base/java.util=ALL-UNNAMED --add-opens=java.prefs/java.util.prefs=ALL-UNNAMED --add-exports=jdk.compiler/com.sun.tools.javac.api=ALL-UNNAMED --add-exports=jdk.compiler/com.sun.tools.javac.util=ALL-UNNAMED --add-opens=java.base/java.util=ALL-UNNAMED --add-opens=java.prefs/java.util.prefs=ALL-UNNAMED --add-opens=java.base/java.nio.charset=ALL-UNNAMED --add-opens=java.base/java.net=ALL-UNNAMED --add-opens=java.base/java.util.concurrent.atomic=ALL-UNNAMED --add-opens=java.xml/javax.xml.namespace=ALL-UNNAMED -Xmx1024m -Dfile.encoding=UTF-8 -Duser.country=US -Duser.language=en -Duser.variant -javaagent:/home/elonmusk/.gradle/wrapper/dists/gradle-8.13-bin/5xuhj0ry160q40clulazy9h7d/gradle-8.13/lib/agents/gradle-instrumentation-agent-8.13.jar -Dawt.toolkit.name=XToolkit org.gradle.launcher.daemon.bootstrap.GradleDaemon 8.13

Host: AMD A8-3520M APU with Radeon(tm) HD Graphics, 4 cores, 5G, Kali GNU/Linux Rolling
Time: Sun May 24 04:17:58 2026 CDT elapsed time: 189.530109 seconds (0d 0h 3m 9s)

---------------  T H R E A D  ---------------

Current thread (0x00007fd1dc073740):  WorkerThread "G1 Conc#0"      [id=6913, stack(0x00007fd1c8900000,0x00007fd1c8a00000) (1024K)]

Stack: [0x00007fd1c8900000,0x00007fd1c8a00000],  sp=0x00007fd1c89fed50,  free space=1019k
Native frames: (J=compiled Java code, j=interpreted, Vv=VM code, C=native code)
V  [libjvm.so+0x9a35d8]  G1ConcurrentMark::scan_root_region(MemRegion const*, unsigned int)+0xc8
V  [libjvm.so+0x9a944b]  G1CMRootRegionScanTask::work(unsigned int)+0x6b
V  [libjvm.so+0x10cfe94]  WorkerThread::run()+0x84
V  [libjvm.so+0x10199de]  Thread::call_run()+0xae
V  [libjvm.so+0xe662b4]  thread_native_entry(Thread*)+0x114

siginfo: si_signo: 11 (SIGSEGV), si_code: 1 (SEGV_MAPERR), si_addr: 0x000000030b3329a0

Registers:
RAX=0x0000000000000001, RBX=0x00000000ccc9f560, RCX=0x0000000000000003, RDX=0x00007fd1e1bb7280
RSP=0x00007fd1c89fed50, RBP=0x00007fd1c89fedb0, RSI=0x00000000ccc9f510, RDI=0x00007fd1c89fed58
R8 =0x00007fd1dc0dca88, R9 =0x0000000000000003, R10=0x0000000000000000, R11=0x00007fd1c89ff6c0
R12=0x000000000000000a, R13=0x0000000000000240, R14=0x00000000ccd00000, R15=0x000000030b332998
RIP=0x00007fd1e13a35d8, EFLAGS=0x0000000000010202, CSGSFS=0x002b000000000033, ERR=0x0000000000000004
  TRAPNO=0x000000000000000e

XMM[0]=0x0000000000000000 0x0000000000000000
XMM[1]=0x0000000000000000 0x00007fd1c006f780
XMM[2]=0x0000000000000000 0x400a352aed4c7728
XMM[3]=0x0000000000000000 0x00007fd1c0000090
XMM[4]=0x0000000000000000 0x00007fd1c0000090
XMM[5]=0x00007fd1e1bb0bb8 0x0000000000000008
XMM[6]=0x0000000000000000 0x00007fd1e1efe68f
XMM[7]=0x00007fd1dc073740 0x55e74b9289f71f00
XMM[8]=0x0000000000000000 0x0000000000000000
XMM[9]=0x0000000000000000 0x0000000000000000
XMM[10]=0x0000000000000000 0x0000000000000000
XMM[11]=0x0000000000000000 0x0000000000000000
XMM[12]=0x0000000000000000 0x0000000000000000
XMM[13]=0x0000000000000000 0x0000000000000000
XMM[14]=0x0000000000000000 0x0000000000000000
XMM[15]=0x0000000000000000 0x0000000000000000
  MXCSR=0x00001fa3


Register to memory mapping:

RAX=0x0000000000000001 is an unknown value
RBX=
[error occurred during error reporting (printing register info), id 0xb, SIGSEGV (0xb) at pc=0x00007fd1e139a180]
RCX=0x0000000000000003 is an unknown value
RDX=0x00007fd1e1bb7280: <offset 0x00000000011b7280> in /home/elonmusk/Downloads/android-studio/jbr/lib/server/libjvm.so at 0x00007fd1e0a00000
RSP=0x00007fd1c89fed50 points into unknown readable memory: 0x00007fd1dc041120 | 20 11 04 dc d1 7f 00 00
RBP=0x00007fd1c89fedb0 points into unknown readable memory: 0x00007fd1c89fede0 | e0 ed 9f c8 d1 7f 00 00
RSI=0x00000000ccc9f510 is an oop: [B 
{0x00000000ccc9f510} - klass: {type array byte}
 - length: 63
RDI=0x00007fd1c89fed58 points into unknown readable memory: 0x00007fd1e1b98c30 | 30 8c b9 e1 d1 7f 00 00
R8 =0x00007fd1dc0dca88 points into unknown readable memory: 0x0000000000000003 | 03 00 00 00 00 00 00 00
R9 =0x0000000000000003 is an unknown value
R10=0x0 is null
R11=0x00007fd1c89ff6c0 points into unknown readable memory: 0x00007fd1c89ff6c0 | c0 f6 9f c8 d1 7f 00 00
R12=0x000000000000000a is an unknown value
R13=0x0000000000000240 is an unknown value
R14=0x00000000ccd00000 is an oop: [Ljava.util.concurrent.ConcurrentHashMap$Node; 
{0x00000000ccd00000} - klass: 'java/util/concurrent/ConcurrentHashMap$Node'[]
 - length: 16
R15=0x000000030b332998 is an unknown value

Top of Stack: (sp=0x00007fd1c89fed50)
0x00007fd1c89fed50:   00007fd1dc041120 00007fd1e1b98c30
0x00007fd1c89fed60:   0000000000000000 0000000000000003
0x00007fd1c89fed70:   00007fd1dc040f90 00007fd1dc069cc0
0x00007fd1c89fed80:   00007fd100000000 0000000000000000
0x00007fd1c89fed90:   00007fd1dc069d38 00007fd1c0000ce0
0x00007fd1c89feda0:   00007fd1e010abf8 00007fd1dc069cc0
0x00007fd1c89fedb0:   00007fd1c89fede0 00007fd1e13a944b
0x00007fd1c89fedc0:   00007fd1dc073740 0000000000000000
0x00007fd1c89fedd0:   00007fd1c89fedf4 00007fd1dc0736e8
0x00007fd1c89fede0:   00007fd1c89fee20 00007fd1e1acfe94
0x00007fd1c89fedf0:   ffffffffe1baf950 00007fd1dc073740
0x00007fd1c89fee00:   00007fd1e0908730 00007fd1e0908826
0x00007fd1c89fee10:   00007fd1c8a00000 00007fd1dc0743c0
0x00007fd1c89fee20:   00007fd1c89fee70 00007fd1e1a199de
0x00007fd1c89fee30:   00007fd1dc074490 00007fd1dc073740
0x00007fd1c89fee40:   00007fd1c89fee70 00007fd1e182ec86
0x00007fd1c89fee50:   0000000000000001 00007fd1dc073740
0x00007fd1c89fee60:   00007fd1dc074490 00007fd1dc0743c0
0x00007fd1c89fee70:   00007fd1c89feea0 00007fd1e18662b4
0x00007fd1c89fee80:   00007fd1e18661a0 00007fd1c89ff6c0
0x00007fd1c89fee90:   00007fd1c89ffce4 00007fd1c88ff000
0x00007fd1c89feea0:   0000000000000000 00007fd1e1d39469
0x00007fd1c89feeb0:   00007fd1c89ff6c0 0000000000000000
0x00007fd1c89feec0:   0000000000000000 ffffffffffffff40
0x00007fd1c89feed0:   0000008000000020 0000000000000000
0x00007fd1c89feee0:   0000000000000000 0000000000000000
0x00007fd1c89feef0:   00007fd1c89ff6c0 497b26fccdb1a750
0x00007fd1c89fef00:   00007fd1e0908730 00007fd1e0908826
0x00007fd1c89fef10:   0000000000000016 00007fd1c88ff000
0x00007fd1c89fef20:   b6d8b7c310d1a750 b6d8e55be8fda750
0x00007fd1c89fef30:   0000000000000000 0000000000000000
0x00007fd1c89fef40:   0000000000000000 0000000000000000 

Instructions: (pc=0x00007fd1e13a35d8)
0x00007fd1e13a34d8:   00 8b bb d4 06 00 00 48 8d 05 46 69 88 00 48 63
0x00007fd1e13a34e8:   08 be 01 00 00 00 48 83 c4 08 5b 5d e9 87 c0 72
0x00007fd1e13a34f8:   00 8b 83 d4 06 00 00 48 83 c4 08 5b 5d c3 66 2e
0x00007fd1e13a3508:   0f 1f 84 00 00 00 00 00 55 48 89 e5 41 57 41 56
0x00007fd1e13a3518:   41 55 41 54 53 48 83 ec 38 48 8b 47 08 48 c7 45
0x00007fd1e13a3528:   b0 00 00 00 00 c7 45 b8 03 00 00 00 48 8d 0d f5
0x00007fd1e13a3538:   56 7f 00 48 89 4d a8 48 89 45 c0 48 89 7d c8 89
0x00007fd1e13a3548:   55 d0 48 8b 46 08 48 85 c0 0f 84 f9 00 00 00 48
0x00007fd1e13a3558:   8d 0d 9a 4d 81 00 4c 8b 29 48 8b 1e 4c 8d 34 c3
0x00007fd1e13a3568:   eb 46 66 0f 1f 44 00 00 45 85 e4 0f 88 9b 00 00
0x00007fd1e13a3578:   00 49 8b 07 4c 89 ff 48 89 de ff 90 00 01 00 00
0x00007fd1e13a3588:   49 89 c4 49 63 47 0c 48 8d 7d a8 48 89 de 4c 89
0x00007fd1e13a3598:   fa 48 8d 0d b8 46 84 00 ff 14 c1 4a 8d 1c e3 4c
0x00007fd1e13a35a8:   39 f3 0f 83 a0 00 00 00 42 0f 18 0c 2b 48 8d 05
0x00007fd1e13a35b8:   b4 42 81 00 0f b6 00 3c 01 75 2d 44 8b 7b 08 48
0x00007fd1e13a35c8:   8d 15 b2 3c 81 00 0f b6 4a 08 49 d3 e7 4c 03 3a
0x00007fd1e13a35d8:   45 8b 67 08 45 85 e4 7f 20 eb 8d 66 66 66 66 2e
0x00007fd1e13a35e8:   0f 1f 84 00 00 00 00 00 4c 8b 7b 08 45 8b 67 08
0x00007fd1e13a35f8:   45 85 e4 0f 8e 6f ff ff ff 41 f6 c4 01 0f 85 6e
0x00007fd1e13a3608:   ff ff ff 41 c1 ec 03 e9 77 ff ff ff 34 01 0f b6
0x00007fd1e13a3618:   c0 48 63 44 83 0c 44 89 e1 48 d3 e0 41 c1 ec 10
0x00007fd1e13a3628:   41 0f b6 cc 48 01 c1 48 8d 05 22 40 81 00 48 63
0x00007fd1e13a3638:   00 48 01 c1 48 ff c9 f7 d8 4c 63 e0 49 21 cc 49
0x00007fd1e13a3648:   c1 ec 03 e9 3b ff ff ff 48 83 c4 38 5b 41 5c 41
0x00007fd1e13a3658:   5d 41 5e 41 5f 5d c3 90 0f b6 87 80 00 00 00 3c
0x00007fd1e13a3668:   01 0f 85 11 01 00 00 55 48 89 e5 41 57 41 56 53
0x00007fd1e13a3678:   48 83 ec 28 48 89 fb 48 8d 05 bb 4a 81 00 80 38
0x00007fd1e13a3688:   01 75 30 bf fb 03 00 00 e8 9b f6 21 00 84 c0 74
0x00007fd1e13a3698:   22 8b 93 d0 06 00 00 8b bb d4 06 00 00 48 8d 05
0x00007fd1e13a36a8:   80 67 88 00 48 63 08 be 01 00 00 00 e8 c7 be 72
0x00007fd1e13a36b8:   00 eb 06 8b 83 d4 06 00 00 48 8b 4b 70 39 c8 0f
0x00007fd1e13a36c8:   42 c8 89 8b d0 06 00 00 48 8d 05 e3 e2 90 ff 48 


Stack slot to memory mapping:

stack at sp + 0 slots: 0x00007fd1dc041120 points into unknown readable memory: 0x00007fd1dc052ec0 | c0 2e 05 dc d1 7f 00 00
stack at sp + 1 slots: 0x00007fd1e1b98c30: <offset 0x0000000001198c30> in /home/elonmusk/Downloads/android-studio/jbr/lib/server/libjvm.so at 0x00007fd1e0a00000
stack at sp + 2 slots: 0x0 is null
stack at sp + 3 slots: 0x0000000000000003 is an unknown value
stack at sp + 4 slots: 0x00007fd1dc040f90 points into unknown readable memory: 0x00007fd1e1b985b8 | b8 85 b9 e1 d1 7f 00 00
stack at sp + 5 slots: 0x00007fd1dc069cc0 points into unknown readable memory: 0x00007fd1dc0727a0 | a0 27 07 dc d1 7f 00 00
stack at sp + 6 slots: 0x00007fd100000000 is an unknown value
stack at sp + 7 slots: 0x0 is null


---------------  P R O C E S S  ---------------

Threads class SMR info:
_java_thread_list=0x00007fd17016a9c0, length=86, elements={
0x00007fd1dc02e1c0, 0x00007fd1dc1ad370, 0x00007fd1dc1b98a0, 0x00007fd1dc1ba920,
0x00007fd1dc1bc1a0, 0x00007fd1dc1bd7e0, 0x00007fd1dc1c6ff0, 0x00007fd1dc1c8510,
0x00007fd1dc1c9bc0, 0x00007fd1dc357660, 0x00007fd1dd638830, 0x00007fd1dd6add90,
0x00007fd1dd6e6be0, 0x00007fd150228a60, 0x00007fd150233160, 0x00007fd150247ab0,
0x00007fd150c20600, 0x00007fd150c22980, 0x00007fd150c55740, 0x00007fd150c57880,
0x00007fd150c58a30, 0x00007fd150c59bc0, 0x00007fd150ed96b0, 0x00007fd152890ce0,
0x00007fd15338d7f0, 0x00007fd16c01ae50, 0x00007fd154077d60, 0x00007fd154078460,
0x00007fd154075f80, 0x00007fd1484e01e0, 0x00007fd1484e1170, 0x00007fd1484e1e80,
0x00007fd1484e3ce0, 0x00007fd1484e48b0, 0x00007fd1484e5a40, 0x00007fd1484f54a0,
0x00007fd1483d53d0, 0x00007fd1483d62c0, 0x00007fd1483d7380, 0x00007fd1484f4390,
0x00007fd1484e8c00, 0x00007fd1484e95f0, 0x00007fd1483da020, 0x00007fd1483dae90,
0x00007fd1483dbcb0, 0x00007fd1483c5460, 0x00007fd1484b3af0, 0x00007fd1484d3f40,
0x00007fd1484d47f0, 0x00007fd170018310, 0x00007fd170018bb0, 0x00007fd170019880,
0x00007fd17c1cdb80, 0x00007fd178035a40, 0x00007fd178031240, 0x00007fd17803cbe0,
0x00007fd17003d770, 0x00007fd17003e070, 0x00007fd17007e310, 0x00007fd17007b8f0,
0x00007fd17007c760, 0x00007fd17007d410, 0x00007fd1700878d0, 0x00007fd170088700,
0x00007fd1700895c0, 0x00007fd170093c90, 0x00007fd1700c3f80, 0x00007fd1700c4c40,
0x00007fd1700985a0, 0x00007fd17009a7e0, 0x00007fd17009b3f0, 0x00007fd17008e4c0,
0x00007fd1700c3010, 0x00007fd1700f61a0, 0x00007fd1700f7010, 0x00007fd1700992a0,
0x00007fd170091870, 0x00007fd170092ca0, 0x00007fd1700facc0, 0x00007fd1700fb840,
0x00007fd1700fcac0, 0x00007fd1701055a0, 0x00007fd1701060b0, 0x00007fd170106e60,
0x00007fd170102930, 0x00007fd170169c20
}

Java Threads: ( => current thread )
  0x00007fd1dc02e1c0 JavaThread "main"                              [_thread_blocked, id=6910, stack(0x00007fd1e080a000,0x00007fd1e090a000) (1024K)]
  0x00007fd1dc1ad370 JavaThread "Common-Cleaner"             daemon [_thread_blocked, id=6924, stack(0x00007fd1b9b00000,0x00007fd1b9c00000) (1024K)]
  0x00007fd1dc1b98a0 JavaThread "Reference Handler"          daemon [_thread_blocked, id=6925, stack(0x00007fd1b99ff000,0x00007fd1b9aff000) (1024K)]
  0x00007fd1dc1ba920 JavaThread "Finalizer"                  daemon [_thread_blocked, id=6926, stack(0x00007fd1b98fe000,0x00007fd1b99fe000) (1024K)]
  0x00007fd1dc1bc1a0 JavaThread "Signal Dispatcher"          daemon [_thread_blocked, id=6927, stack(0x00007fd1b97fd000,0x00007fd1b98fd000) (1024K)]
  0x00007fd1dc1bd7e0 JavaThread "Service Thread"             daemon [_thread_blocked, id=6928, stack(0x00007fd1b96fc000,0x00007fd1b97fc000) (1024K)]
  0x00007fd1dc1c6ff0 JavaThread "Monitor Deflation Thread"   daemon [_thread_blocked, id=6929, stack(0x00007fd1b95fb000,0x00007fd1b96fb000) (1024K)]
  0x00007fd1dc1c8510 JavaThread "C2 CompilerThread0"         daemon [_thread_in_native, id=6930, stack(0x00007fd1b94fa000,0x00007fd1b95fa000) (1024K)]
  0x00007fd1dc1c9bc0 JavaThread "C1 CompilerThread0"         daemon [_thread_in_native, id=6931, stack(0x00007fd1b93f9000,0x00007fd1b94f9000) (1024K)]
  0x00007fd1dc357660 JavaThread "Notification Thread"        daemon [_thread_blocked, id=6933, stack(0x00007fd1b92f8000,0x00007fd1b93f8000) (1024K)]
  0x00007fd1dd638830 JavaThread "Daemon health stats"               [_thread_blocked, id=6961, stack(0x00007fd1b8b00000,0x00007fd1b8c00000) (1024K)]
  0x00007fd1dd6add90 JavaThread "Incoming local TCP Connector on port 37889"        [_thread_in_native, id=6962, stack(0x00007fd1b89ff000,0x00007fd1b8aff000) (1024K)]
  0x00007fd1dd6e6be0 JavaThread "Daemon periodic checks"            [_thread_blocked, id=6971, stack(0x00007fd1b88fe000,0x00007fd1b89fe000) (1024K)]
  0x00007fd150228a60 JavaThread "Cache worker for journal cache (/home/elonmusk/.gradle/caches/journal-1)"        [_thread_blocked, id=6987, stack(0x00007fd1b91f7000,0x00007fd1b92f7000) (1024K)]
  0x00007fd150233160 JavaThread "File lock request listener"        [_thread_in_native, id=6988, stack(0x00007fd1b80f6000,0x00007fd1b81f6000) (1024K)]
  0x00007fd150247ab0 JavaThread "Cache worker for file hash cache (/home/elonmusk/.gradle/caches/8.13/fileHashes)"        [_thread_blocked, id=6997, stack(0x00007fd147f00000,0x00007fd148000000) (1024K)]
  0x00007fd150c20600 JavaThread "File watcher server"        daemon [_thread_in_native, id=7025, stack(0x00007fd147dff000,0x00007fd147eff000) (1024K)]
  0x00007fd150c22980 JavaThread "File watcher consumer"      daemon [_thread_blocked, id=7026, stack(0x00007fd147afc000,0x00007fd147bfc000) (1024K)]
  0x00007fd150c55740 JavaThread "jar transforms"                    [_thread_blocked, id=7028, stack(0x00007fd1478fa000,0x00007fd1479fa000) (1024K)]
  0x00007fd150c57880 JavaThread "jar transforms Thread 2"           [_thread_blocked, id=7029, stack(0x00007fd1477f9000,0x00007fd1478f9000) (1024K)]
  0x00007fd150c58a30 JavaThread "jar transforms Thread 3"           [_thread_blocked, id=7030, stack(0x00007fd1476f8000,0x00007fd1477f8000) (1024K)]
  0x00007fd150c59bc0 JavaThread "jar transforms Thread 4"           [_thread_blocked, id=7031, stack(0x00007fd1475f7000,0x00007fd1476f7000) (1024K)]
  0x00007fd150ed96b0 JavaThread "Cache worker for file content cache (/home/elonmusk/.gradle/caches/8.13/fileContent)"        [_thread_blocked, id=7079, stack(0x00007fd1473f5000,0x00007fd1474f5000) (1024K)]
  0x00007fd152890ce0 JavaThread "Memory manager"                    [_thread_blocked, id=7399, stack(0x00007fd1418fa000,0x00007fd1419fa000) (1024K)]
  0x00007fd15338d7f0 JavaThread "pool-3-thread-1"                   [_thread_blocked, id=7569, stack(0x00007fd141dff000,0x00007fd141eff000) (1024K)]
  0x00007fd16c01ae50 JavaThread "Daemon Thread 2"                   [_thread_blocked, id=8546, stack(0x00007fd1b83f9000,0x00007fd1b84f9000) (1024K)]
  0x00007fd154077d60 JavaThread "Handler for socket connection from /127.0.0.1:37889 to /127.0.0.1:36166"        [_thread_in_native, id=8547, stack(0x00007fd1b87fd000,0x00007fd1b88fd000) (1024K)]
  0x00007fd154078460 JavaThread "Cancel handler"                    [_thread_blocked, id=8548, stack(0x00007fd1b84fa000,0x00007fd1b85fa000) (1024K)]
  0x00007fd154075f80 JavaThread "Daemon worker Thread 2"            [_thread_blocked, id=8549, stack(0x00007fd1417f9000,0x00007fd1418f9000) (1024K)]
  0x00007fd1484e01e0 JavaThread "Asynchronous log dispatcher for DefaultDaemonConnection: socket connection from /127.0.0.1:37889 to /127.0.0.1:36166"        [_thread_blocked, id=8550, stack(0x00007fd1419fb000,0x00007fd141afb000) (1024K)]
  0x00007fd1484e1170 JavaThread "Stdin handler"                     [_thread_blocked, id=8551, stack(0x00007fd1b86fc000,0x00007fd1b87fc000) (1024K)]
  0x00007fd1484e1e80 JavaThread "Daemon client event forwarder"        [_thread_blocked, id=8552, stack(0x00007fd1b85fb000,0x00007fd1b86fb000) (1024K)]
  0x00007fd1484e3ce0 JavaThread "Cache worker for file hash cache (/home/elonmusk/AndroidStudioProjects/POS/.gradle/8.13/fileHashes)"        [_thread_blocked, id=8553, stack(0x00007fd1b82f8000,0x00007fd1b83f8000) (1024K)]
  0x00007fd1484e48b0 JavaThread "Cache worker for Build Output Cleanup Cache (/home/elonmusk/AndroidStudioProjects/POS/.gradle/buildOutputCleanup)"        [_thread_blocked, id=8554, stack(0x00007fd1b81f7000,0x00007fd1b82f7000) (1024K)]
  0x00007fd1484e5a40 JavaThread "Cache worker for checksums cache (/home/elonmusk/AndroidStudioProjects/POS/.gradle/8.13/checksums)"        [_thread_blocked, id=8555, stack(0x00007fd13fee0000,0x00007fd13ffe0000) (1024K)]
  0x00007fd1484f54a0 JavaThread "Cache worker for cache directory md-supplier (/home/elonmusk/.gradle/caches/8.13/md-supplier)"        [_thread_blocked, id=8556, stack(0x00007fd140bed000,0x00007fd140ced000) (1024K)]
  0x00007fd1483d53d0 JavaThread "Cache worker for cache directory md-rule (/home/elonmusk/.gradle/caches/8.13/md-rule)"        [_thread_blocked, id=8557, stack(0x00007fd1470f2000,0x00007fd1471f2000) (1024K)]
  0x00007fd1483d62c0 JavaThread "Unconstrained build operations"        [_thread_blocked, id=8558, stack(0x00007fd1461e3000,0x00007fd1462e3000) (1024K)]
  0x00007fd1483d7380 JavaThread "Unconstrained build operations Thread 2"        [_thread_blocked, id=8559, stack(0x00007fd1467e9000,0x00007fd1468e9000) (1024K)]
  0x00007fd1484f4390 JavaThread "Unconstrained build operations Thread 3"        [_thread_blocked, id=8560, stack(0x00007fd1404e6000,0x00007fd1405e6000) (1024K)]
  0x00007fd1484e8c00 JavaThread "Unconstrained build operations Thread 4"        [_thread_blocked, id=8561, stack(0x00007fd1462e4000,0x00007fd1463e4000) (1024K)]
  0x00007fd1484e95f0 JavaThread "Unconstrained build operations Thread 5"        [_thread_blocked, id=8562, stack(0x00007fd146ff1000,0x00007fd1470f1000) (1024K)]
  0x00007fd1483da020 JavaThread "Unconstrained build operations Thread 6"        [_thread_blocked, id=8563, stack(0x00007fd141f00000,0x00007fd142000000) (1024K)]
  0x00007fd1483dae90 JavaThread "Unconstrained build operations Thread 7"        [_thread_blocked, id=8564, stack(0x00007fd13fddf000,0x00007fd13fedf000) (1024K)]
  0x00007fd1483dbcb0 JavaThread "Unconstrained build operations Thread 8"        [_thread_blocked, id=8565, stack(0x00007fd1465e7000,0x00007fd1466e7000) (1024K)]
  0x00007fd1483c5460 JavaThread "build event listener"              [_thread_blocked, id=8566, stack(0x00007fd146aec000,0x00007fd146bec000) (1024K)]
  0x00007fd1484b3af0 JavaThread "pool-6-thread-1"                   [_thread_blocked, id=8585, stack(0x00007fd1402e4000,0x00007fd1403e4000) (1024K)]
  0x00007fd1484d3f40 JavaThread "build event listener"              [_thread_blocked, id=8586, stack(0x00007fd13ffe1000,0x00007fd1400e1000) (1024K)]
  0x00007fd1484d47f0 JavaThread "included builds"                   [_thread_blocked, id=8587, stack(0x00007fd1407e9000,0x00007fd1408e9000) (1024K)]
  0x00007fd170018310 JavaThread "Execution worker"                  [_thread_blocked, id=8588, stack(0x00007fd146ef0000,0x00007fd146ff0000) (1024K)]
  0x00007fd170018bb0 JavaThread "Execution worker Thread 2"         [_thread_blocked, id=8589, stack(0x00007fd1468ea000,0x00007fd1469ea000) (1024K)]
  0x00007fd170019880 JavaThread "Execution worker Thread 3"         [_thread_blocked, id=8590, stack(0x00007fd1401e3000,0x00007fd1402e3000) (1024K)]
  0x00007fd17c1cdb80 JavaThread "Cache worker for execution history cache (/home/elonmusk/AndroidStudioProjects/POS/.gradle/8.13/executionHistory)"        [_thread_blocked, id=8591, stack(0x00007fd1464e6000,0x00007fd1465e6000) (1024K)]
  0x00007fd178035a40 JavaThread "Unconstrained build operations Thread 9"        [_thread_blocked, id=8600, stack(0x00007fd1466e8000,0x00007fd1467e8000) (1024K)]
  0x00007fd178031240 JavaThread "Unconstrained build operations Thread 10"        [_thread_blocked, id=8601, stack(0x00007fd1408ea000,0x00007fd1409ea000) (1024K)]
  0x00007fd17803cbe0 JavaThread "Unconstrained build operations Thread 11"        [_thread_blocked, id=8602, stack(0x00007fd1409eb000,0x00007fd140aeb000) (1024K)]
  0x00007fd17003d770 JavaThread "Unconstrained build operations Thread 12"        [_thread_blocked, id=8613, stack(0x00007fd146def000,0x00007fd146eef000) (1024K)]
  0x00007fd17003e070 JavaThread "Unconstrained build operations Thread 13"        [_thread_blocked, id=8614, stack(0x00007fd141bfd000,0x00007fd141cfd000) (1024K)]
  0x00007fd17007e310 JavaThread "Unconstrained build operations Thread 14"        [_thread_blocked, id=8615, stack(0x00007fd146bed000,0x00007fd146ced000) (1024K)]
  0x00007fd17007b8f0 JavaThread "Unconstrained build operations Thread 15"        [_thread_blocked, id=8624, stack(0x00007fd1405e7000,0x00007fd1406e7000) (1024K)]
  0x00007fd17007c760 JavaThread "Unconstrained build operations Thread 16"        [_thread_blocked, id=8625, stack(0x00007fd1463e5000,0x00007fd1464e5000) (1024K)]
  0x00007fd17007d410 JavaThread "Unconstrained build operations Thread 17"        [_thread_blocked, id=8626, stack(0x00007fd140aec000,0x00007fd140bec000) (1024K)]
  0x00007fd1700878d0 JavaThread "Unconstrained build operations Thread 18"        [_thread_blocked, id=8627, stack(0x00007fd1460e2000,0x00007fd1461e2000) (1024K)]
  0x00007fd170088700 JavaThread "Unconstrained build operations Thread 19"        [_thread_blocked, id=8628, stack(0x00007fd1403e5000,0x00007fd1404e5000) (1024K)]
  0x00007fd1700895c0 JavaThread "Unconstrained build operations Thread 20"        [_thread_blocked, id=8629, stack(0x00007fd147cfe000,0x00007fd147dfe000) (1024K)]
  0x00007fd170093c90 JavaThread "Unconstrained build operations Thread 21"        [_thread_blocked, id=8638, stack(0x00007fd147bfd000,0x00007fd147cfd000) (1024K)]
  0x00007fd1700c3f80 JavaThread "Unconstrained build operations Thread 22"        [_thread_blocked, id=8639, stack(0x00007fd1479fb000,0x00007fd147afb000) (1024K)]
  0x00007fd1700c4c40 JavaThread "Unconstrained build operations Thread 23"        [_thread_blocked, id=8640, stack(0x00007fd1474f6000,0x00007fd1475f6000) (1024K)]
  0x00007fd1700985a0 JavaThread "Unconstrained build operations Thread 24"        [_thread_blocked, id=8641, stack(0x00007fd1472f4000,0x00007fd1473f4000) (1024K)]
  0x00007fd17009a7e0 JavaThread "Unconstrained build operations Thread 25"        [_thread_blocked, id=8642, stack(0x00007fd1471f3000,0x00007fd1472f3000) (1024K)]
  0x00007fd17009b3f0 JavaThread "Unconstrained build operations Thread 26"        [_thread_blocked, id=8643, stack(0x00007fd146cee000,0x00007fd146dee000) (1024K)]
  0x00007fd17008e4c0 JavaThread "Unconstrained build operations Thread 27"        [_thread_blocked, id=8644, stack(0x00007fd1469eb000,0x00007fd146aeb000) (1024K)]
  0x00007fd1700c3010 JavaThread "Unconstrained build operations Thread 28"        [_thread_blocked, id=8645, stack(0x00007fd141cfe000,0x00007fd141dfe000) (1024K)]
  0x00007fd1700f61a0 JavaThread "Unconstrained build operations Thread 29"        [_thread_blocked, id=8646, stack(0x00007fd141afc000,0x00007fd141bfc000) (1024K)]
  0x00007fd1700f7010 JavaThread "Unconstrained build operations Thread 30"        [_thread_blocked, id=8647, stack(0x00007fd1416f8000,0x00007fd1417f8000) (1024K)]
  0x00007fd1700992a0 JavaThread "Unconstrained build operations Thread 31"        [_thread_blocked, id=8656, stack(0x00007fd1415f7000,0x00007fd1416f7000) (1024K)]
  0x00007fd170091870 JavaThread "Unconstrained build operations Thread 32"        [_thread_blocked, id=8657, stack(0x00007fd1414f6000,0x00007fd1415f6000) (1024K)]
  0x00007fd170092ca0 JavaThread "Unconstrained build operations Thread 33"        [_thread_blocked, id=8658, stack(0x00007fd1413f5000,0x00007fd1414f5000) (1024K)]
  0x00007fd1700facc0 JavaThread "Unconstrained build operations Thread 34"        [_thread_blocked, id=8659, stack(0x00007fd1412f4000,0x00007fd1413f4000) (1024K)]
  0x00007fd1700fb840 JavaThread "Unconstrained build operations Thread 35"        [_thread_blocked, id=8660, stack(0x00007fd1411f3000,0x00007fd1412f3000) (1024K)]
  0x00007fd1700fcac0 JavaThread "Unconstrained build operations Thread 36"        [_thread_blocked, id=8661, stack(0x00007fd1410f2000,0x00007fd1411f2000) (1024K)]
  0x00007fd1701055a0 JavaThread "Unconstrained build operations Thread 37"        [_thread_blocked, id=8670, stack(0x00007fd140ff1000,0x00007fd1410f1000) (1024K)]
  0x00007fd1701060b0 JavaThread "Unconstrained build operations Thread 38"        [_thread_blocked, id=8671, stack(0x00007fd140ef0000,0x00007fd140ff0000) (1024K)]
  0x00007fd170106e60 JavaThread "Unconstrained build operations Thread 39"        [_thread_blocked, id=8672, stack(0x00007fd140def000,0x00007fd140eef000) (1024K)]
  0x00007fd170102930 JavaThread "Unconstrained build operations Thread 40"        [_thread_blocked, id=8673, stack(0x00007fd140cee000,0x00007fd140dee000) (1024K)]
  0x00007fd170169c20 JavaThread "WorkerExecutor Queue"              [_thread_in_Java, id=8722, stack(0x00007fd1406e8000,0x00007fd1407e8000) (1024K)]
Total: 86

Other Threads:
  0x00007fd1dc0ee2c0 VMThread "VM Thread"                           [id=6923, stack(0x00007fd1b9f00000,0x00007fd1ba000000) (1024K)]
  0x00007fd1dc0e3020 WatcherThread "VM Periodic Task Thread"        [id=6916, stack(0x00007fd1c8003000,0x00007fd1c8103000) (1024K)]
  0x00007fd1dc0691b0 WorkerThread "GC Thread#0"                     [id=6911, stack(0x00007fd1e010d000,0x00007fd1e020d000) (1024K)]
  0x00007fd1a0006870 WorkerThread "GC Thread#1"                     [id=6942, stack(0x00007fd1b90f6000,0x00007fd1b91f6000) (1024K)]
  0x00007fd1a000ba20 WorkerThread "GC Thread#2"                     [id=6943, stack(0x00007fd1b8ff5000,0x00007fd1b90f5000) (1024K)]
  0x00007fd1a000ad80 WorkerThread "GC Thread#3"                     [id=6952, stack(0x00007fd1b8e63000,0x00007fd1b8f63000) (1024K)]
  0x00007fd1dc0727a0 ConcurrentGCThread "G1 Main Marker"            [id=6912, stack(0x00007fd1e000c000,0x00007fd1e010c000) (1024K)]
=>0x00007fd1dc073740 WorkerThread "G1 Conc#0"                       [id=6913, stack(0x00007fd1c8900000,0x00007fd1c8a00000) (1024K)]
  0x00007fd1dc0d3340 ConcurrentGCThread "G1 Refine#0"               [id=6914, stack(0x00007fd1c83fb000,0x00007fd1c84fb000) (1024K)]
  0x00007fd1dc0d42f0 ConcurrentGCThread "G1 Service"                [id=6915, stack(0x00007fd1c82fa000,0x00007fd1c83fa000) (1024K)]
Total: 10

Threads with active compile tasks:
C2 CompilerThread0  189577 19572       4       java.util.concurrent.locks.ReentrantLock::lockInterruptibly (8 bytes)
C1 CompilerThread0  189577 19581       3       org.gradle.internal.logging.slf4j.OutputEventListenerBackedLogger::trace (6 bytes)
Total: 2

VM state: not at safepoint (normal execution)

VM Mutex/Monitor currently owned by a thread: None

Heap address: 0x00000000c0000000, size: 1024 MB, Compressed Oops mode: 32-bit

CDS archive(s) not mapped
Compressed class space mapped at: 0x0000000100000000-0x0000000140000000, reserved size: 1073741824
Narrow klass base: 0x0000000000000000, Narrow klass shift: 3, Narrow klass range: 0x140000000

GC Precious Log:
 CardTable entry size: 512
 Card Set container configuration: InlinePtr #cards 5 size 8 Array Of Cards #cards 12 size 40 Howl #buckets 4 coarsen threshold 1843 Howl Bitmap #cards 512 size 80 coarsen threshold 460 Card regions per heap region 1 cards per card region 2048
 CPUs: 4 total, 4 available
 Memory: 5400M
 Large Page Support: Disabled
 NUMA Support: Disabled
 Compressed Oops: Enabled (32-bit)
 Heap Region Size: 1M
 Heap Min Capacity: 8M
 Heap Initial Capacity: 86M
 Heap Max Capacity: 1G
 Pre-touch: Disabled
 Parallel Workers: 4
 Concurrent Workers: 1
 Concurrent Refinement Workers: 4
 Periodic GC: Disabled

Heap:
 garbage-first heap   total 394240K, used 288768K [0x00000000c0000000, 0x0000000100000000)
  region size 1024K, 50 young (51200K), 17 survivors (17408K)
 Metaspace       used 163512K, committed 166016K, reserved 1245184K
  class space    used 22038K, committed 23296K, reserved 1048576K

Heap Regions: E=young(eden), S=young(survivor), O=old, HS=humongous(starts), HC=humongous(continues), CS=collection set, F=free, TAMS=top-at-mark-start, PB=parsable bottom
|   0|0x00000000c0000000, 0x00000000c0100000, 0x00000000c0100000|100%|HS|  |TAMS 0x00000000c0100000| PB 0x00000000c0000000| Complete 
|   1|0x00000000c0100000, 0x00000000c0200000, 0x00000000c0200000|100%|HC|  |TAMS 0x00000000c0200000| PB 0x00000000c0100000| Complete 
|   2|0x00000000c0200000, 0x00000000c0300000, 0x00000000c0300000|100%|HC|  |TAMS 0x00000000c0300000| PB 0x00000000c0200000| Complete 
|   3|0x00000000c0300000, 0x00000000c0400000, 0x00000000c0400000|100%| O|  |TAMS 0x00000000c0400000| PB 0x00000000c0300000| Untracked 
|   4|0x00000000c0400000, 0x00000000c0500000, 0x00000000c0500000|100%| O|  |TAMS 0x00000000c0500000| PB 0x00000000c0400000| Untracked 
|   5|0x00000000c0500000, 0x00000000c0600000, 0x00000000c0600000|100%| O|  |TAMS 0x00000000c0600000| PB 0x00000000c0500000| Untracked 
|   6|0x00000000c0600000, 0x00000000c0700000, 0x00000000c0700000|100%| O|  |TAMS 0x00000000c0700000| PB 0x00000000c0600000| Untracked 
|   7|0x00000000c0700000, 0x00000000c0800000, 0x00000000c0800000|100%| O|  |TAMS 0x00000000c0800000| PB 0x00000000c0700000| Untracked 
|   8|0x00000000c0800000, 0x00000000c0900000, 0x00000000c0900000|100%| O|  |TAMS 0x00000000c0900000| PB 0x00000000c0800000| Untracked 
|   9|0x00000000c0900000, 0x00000000c0a00000, 0x00000000c0a00000|100%| O|  |TAMS 0x00000000c0a00000| PB 0x00000000c0900000| Untracked 
|  10|0x00000000c0a00000, 0x00000000c0b00000, 0x00000000c0b00000|100%|HS|  |TAMS 0x00000000c0b00000| PB 0x00000000c0a00000| Complete 
|  11|0x00000000c0b00000, 0x00000000c0c00000, 0x00000000c0c00000|100%| O|  |TAMS 0x00000000c0c00000| PB 0x00000000c0b00000| Untracked 
|  12|0x00000000c0c00000, 0x00000000c0d00000, 0x00000000c0d00000|100%| O|  |TAMS 0x00000000c0d00000| PB 0x00000000c0c00000| Untracked 
|  13|0x00000000c0d00000, 0x00000000c0e00000, 0x00000000c0e00000|100%| O|  |TAMS 0x00000000c0e00000| PB 0x00000000c0d00000| Untracked 
|  14|0x00000000c0e00000, 0x00000000c0f00000, 0x00000000c0f00000|100%| O|  |TAMS 0x00000000c0f00000| PB 0x00000000c0e00000| Untracked 
|  15|0x00000000c0f00000, 0x00000000c1000000, 0x00000000c1000000|100%| O|  |TAMS 0x00000000c1000000| PB 0x00000000c0f00000| Untracked 
|  16|0x00000000c1000000, 0x00000000c1100000, 0x00000000c1100000|100%| O|  |TAMS 0x00000000c1100000| PB 0x00000000c1000000| Untracked 
|  17|0x00000000c1100000, 0x00000000c1200000, 0x00000000c1200000|100%| O|  |TAMS 0x00000000c1200000| PB 0x00000000c1100000| Untracked 
|  18|0x00000000c1200000, 0x00000000c1300000, 0x00000000c1300000|100%| O|  |TAMS 0x00000000c1300000| PB 0x00000000c1200000| Untracked 
|  19|0x00000000c1300000, 0x00000000c1400000, 0x00000000c1400000|100%| O|  |TAMS 0x00000000c1400000| PB 0x00000000c1300000| Untracked 
|  20|0x00000000c1400000, 0x00000000c1500000, 0x00000000c1500000|100%| O|  |TAMS 0x00000000c1500000| PB 0x00000000c1400000| Untracked 
|  21|0x00000000c1500000, 0x00000000c1600000, 0x00000000c1600000|100%| O|  |TAMS 0x00000000c1600000| PB 0x00000000c1500000| Untracked 
|  22|0x00000000c1600000, 0x00000000c1700000, 0x00000000c1700000|100%| O|  |TAMS 0x00000000c1700000| PB 0x00000000c1600000| Untracked 
|  23|0x00000000c1700000, 0x00000000c1800000, 0x00000000c1800000|100%| O|  |TAMS 0x00000000c1800000| PB 0x00000000c1700000| Untracked 
|  24|0x00000000c1800000, 0x00000000c1900000, 0x00000000c1900000|100%| O|  |TAMS 0x00000000c1900000| PB 0x00000000c1800000| Untracked 
|  25|0x00000000c1900000, 0x00000000c1a00000, 0x00000000c1a00000|100%|HS|  |TAMS 0x00000000c1a00000| PB 0x00000000c1900000| Complete 
|  26|0x00000000c1a00000, 0x00000000c1b00000, 0x00000000c1b00000|100%|HC|  |TAMS 0x00000000c1b00000| PB 0x00000000c1a00000| Complete 
|  27|0x00000000c1b00000, 0x00000000c1c00000, 0x00000000c1c00000|100%|HC|  |TAMS 0x00000000c1c00000| PB 0x00000000c1b00000| Complete 
|  28|0x00000000c1c00000, 0x00000000c1d00000, 0x00000000c1d00000|100%|HC|  |TAMS 0x00000000c1d00000| PB 0x00000000c1c00000| Complete 
|  29|0x00000000c1d00000, 0x00000000c1e00000, 0x00000000c1e00000|100%|HC|  |TAMS 0x00000000c1e00000| PB 0x00000000c1d00000| Complete 
|  30|0x00000000c1e00000, 0x00000000c1f00000, 0x00000000c1f00000|100%|HC|  |TAMS 0x00000000c1f00000| PB 0x00000000c1e00000| Complete 
|  31|0x00000000c1f00000, 0x00000000c2000000, 0x00000000c2000000|100%|HS|  |TAMS 0x00000000c2000000| PB 0x00000000c1f00000| Complete 
|  32|0x00000000c2000000, 0x00000000c2100000, 0x00000000c2100000|100%|HC|  |TAMS 0x00000000c2100000| PB 0x00000000c2000000| Complete 
|  33|0x00000000c2100000, 0x00000000c2200000, 0x00000000c2200000|100%|HS|  |TAMS 0x00000000c2200000| PB 0x00000000c2100000| Complete 
|  34|0x00000000c2200000, 0x00000000c2300000, 0x00000000c2300000|100%|HS|  |TAMS 0x00000000c2300000| PB 0x00000000c2200000| Complete 
|  35|0x00000000c2300000, 0x00000000c2400000, 0x00000000c2400000|100%|HC|  |TAMS 0x00000000c2400000| PB 0x00000000c2300000| Complete 
|  36|0x00000000c2400000, 0x00000000c2500000, 0x00000000c2500000|100%|HC|  |TAMS 0x00000000c2500000| PB 0x00000000c2400000| Complete 
|  37|0x00000000c2500000, 0x00000000c2600000, 0x00000000c2600000|100%|HC|  |TAMS 0x00000000c2600000| PB 0x00000000c2500000| Complete 
|  38|0x00000000c2600000, 0x00000000c2700000, 0x00000000c2700000|100%|HC|  |TAMS 0x00000000c2700000| PB 0x00000000c2600000| Complete 
|  39|0x00000000c2700000, 0x00000000c2800000, 0x00000000c2800000|100%|HC|  |TAMS 0x00000000c2800000| PB 0x00000000c2700000| Complete 
|  40|0x00000000c2800000, 0x00000000c2900000, 0x00000000c2900000|100%|HS|  |TAMS 0x00000000c2900000| PB 0x00000000c2800000| Complete 
|  41|0x00000000c2900000, 0x00000000c2a00000, 0x00000000c2a00000|100%|HC|  |TAMS 0x00000000c2a00000| PB 0x00000000c2900000| Complete 
|  42|0x00000000c2a00000, 0x00000000c2b00000, 0x00000000c2b00000|100%|HS|  |TAMS 0x00000000c2b00000| PB 0x00000000c2a00000| Complete 
|  43|0x00000000c2b00000, 0x00000000c2c00000, 0x00000000c2c00000|100%| O|  |TAMS 0x00000000c2c00000| PB 0x00000000c2b00000| Untracked 
|  44|0x00000000c2c00000, 0x00000000c2d00000, 0x00000000c2d00000|100%| O|  |TAMS 0x00000000c2d00000| PB 0x00000000c2c00000| Untracked 
|  45|0x00000000c2d00000, 0x00000000c2e00000, 0x00000000c2e00000|100%| O|  |TAMS 0x00000000c2e00000| PB 0x00000000c2d00000| Untracked 
|  46|0x00000000c2e00000, 0x00000000c2f00000, 0x00000000c2f00000|100%| O|  |TAMS 0x00000000c2f00000| PB 0x00000000c2e00000| Untracked 
|  47|0x00000000c2f00000, 0x00000000c3000000, 0x00000000c3000000|100%| O|  |TAMS 0x00000000c3000000| PB 0x00000000c2f00000| Untracked 
|  48|0x00000000c3000000, 0x00000000c3100000, 0x00000000c3100000|100%| O|  |TAMS 0x00000000c3100000| PB 0x00000000c3000000| Untracked 
|  49|0x00000000c3100000, 0x00000000c3200000, 0x00000000c3200000|100%| O|  |TAMS 0x00000000c3200000| PB 0x00000000c3100000| Untracked 
|  50|0x00000000c3200000, 0x00000000c3300000, 0x00000000c3300000|100%| O|  |TAMS 0x00000000c3300000| PB 0x00000000c3200000| Untracked 
|  51|0x00000000c3300000, 0x00000000c3400000, 0x00000000c3400000|100%| O|  |TAMS 0x00000000c3400000| PB 0x00000000c3300000| Untracked 
|  52|0x00000000c3400000, 0x00000000c3500000, 0x00000000c3500000|100%| O|  |TAMS 0x00000000c3500000| PB 0x00000000c3400000| Untracked 
|  53|0x00000000c3500000, 0x00000000c3600000, 0x00000000c3600000|100%| O|  |TAMS 0x00000000c3600000| PB 0x00000000c3500000| Untracked 
|  54|0x00000000c3600000, 0x00000000c3700000, 0x00000000c3700000|100%| O|  |TAMS 0x00000000c3700000| PB 0x00000000c3600000| Untracked 
|  55|0x00000000c3700000, 0x00000000c3800000, 0x00000000c3800000|100%|HS|  |TAMS 0x00000000c3800000| PB 0x00000000c3700000| Complete 
|  56|0x00000000c3800000, 0x00000000c3900000, 0x00000000c3900000|100%|HC|  |TAMS 0x00000000c3900000| PB 0x00000000c3800000| Complete 
|  57|0x00000000c3900000, 0x00000000c3a00000, 0x00000000c3a00000|100%| O|  |TAMS 0x00000000c3a00000| PB 0x00000000c3900000| Untracked 
|  58|0x00000000c3a00000, 0x00000000c3b00000, 0x00000000c3b00000|100%| O|  |TAMS 0x00000000c3b00000| PB 0x00000000c3a00000| Untracked 
|  59|0x00000000c3b00000, 0x00000000c3c00000, 0x00000000c3c00000|100%| O|  |TAMS 0x00000000c3c00000| PB 0x00000000c3b00000| Untracked 
|  60|0x00000000c3c00000, 0x00000000c3d00000, 0x00000000c3d00000|100%| O|  |TAMS 0x00000000c3d00000| PB 0x00000000c3c00000| Untracked 
|  61|0x00000000c3d00000, 0x00000000c3e00000, 0x00000000c3e00000|100%| O|  |TAMS 0x00000000c3e00000| PB 0x00000000c3d00000| Untracked 
|  62|0x00000000c3e00000, 0x00000000c3f00000, 0x00000000c3f00000|100%| O|  |TAMS 0x00000000c3f00000| PB 0x00000000c3e00000| Untracked 
|  63|0x00000000c3f00000, 0x00000000c4000000, 0x00000000c4000000|100%| O|  |TAMS 0x00000000c4000000| PB 0x00000000c3f00000| Untracked 
|  64|0x00000000c4000000, 0x00000000c4100000, 0x00000000c4100000|100%| O|  |TAMS 0x00000000c4100000| PB 0x00000000c4000000| Untracked 
|  65|0x00000000c4100000, 0x00000000c4200000, 0x00000000c4200000|100%| O|  |TAMS 0x00000000c4200000| PB 0x00000000c4100000| Untracked 
|  66|0x00000000c4200000, 0x00000000c4300000, 0x00000000c4300000|100%| O|  |TAMS 0x00000000c4300000| PB 0x00000000c4200000| Untracked 
|  67|0x00000000c4300000, 0x00000000c4400000, 0x00000000c4400000|100%| O|  |TAMS 0x00000000c4400000| PB 0x00000000c4300000| Untracked 
|  68|0x00000000c4400000, 0x00000000c4500000, 0x00000000c4500000|100%| O|  |TAMS 0x00000000c4500000| PB 0x00000000c4400000| Untracked 
|  69|0x00000000c4500000, 0x00000000c4600000, 0x00000000c4600000|100%| O|  |TAMS 0x00000000c4600000| PB 0x00000000c4500000| Untracked 
|  70|0x00000000c4600000, 0x00000000c4700000, 0x00000000c4700000|100%| O|  |TAMS 0x00000000c4700000| PB 0x00000000c4600000| Untracked 
|  71|0x00000000c4700000, 0x00000000c4800000, 0x00000000c4800000|100%| O|  |TAMS 0x00000000c4700000| PB 0x00000000c4700000| Untracked 
|  72|0x00000000c4800000, 0x00000000c4900000, 0x00000000c4900000|100%| O|  |TAMS 0x00000000c4800000| PB 0x00000000c4800000| Untracked 
|  73|0x00000000c4900000, 0x00000000c4a00000, 0x00000000c4a00000|100%| O|  |TAMS 0x00000000c4a00000| PB 0x00000000c4900000| Untracked 
|  74|0x00000000c4a00000, 0x00000000c4b00000, 0x00000000c4b00000|100%| O|  |TAMS 0x00000000c4b00000| PB 0x00000000c4a00000| Untracked 
|  75|0x00000000c4b00000, 0x00000000c4c00000, 0x00000000c4c00000|100%| O|  |TAMS 0x00000000c4c00000| PB 0x00000000c4b00000| Untracked 
|  76|0x00000000c4c00000, 0x00000000c4d00000, 0x00000000c4d00000|100%| O|  |TAMS 0x00000000c4d00000| PB 0x00000000c4c00000| Untracked 
|  77|0x00000000c4d00000, 0x00000000c4e00000, 0x00000000c4e00000|100%| O|  |TAMS 0x00000000c4e00000| PB 0x00000000c4d00000| Untracked 
|  78|0x00000000c4e00000, 0x00000000c4f00000, 0x00000000c4f00000|100%| O|  |TAMS 0x00000000c4e00000| PB 0x00000000c4e00000| Untracked 
|  79|0x00000000c4f00000, 0x00000000c5000000, 0x00000000c5000000|100%| O|  |TAMS 0x00000000c4f00000| PB 0x00000000c4f00000| Untracked 
|  80|0x00000000c5000000, 0x00000000c5100000, 0x00000000c5100000|100%| O|  |TAMS 0x00000000c5100000| PB 0x00000000c5000000| Untracked 
|  81|0x00000000c5100000, 0x00000000c5200000, 0x00000000c5200000|100%|HS|  |TAMS 0x00000000c5200000| PB 0x00000000c5100000| Complete 
|  82|0x00000000c5200000, 0x00000000c5300000, 0x00000000c5300000|100%|HS|  |TAMS 0x00000000c5300000| PB 0x00000000c5200000| Complete 
|  83|0x00000000c5300000, 0x00000000c5400000, 0x00000000c5400000|100%|HS|  |TAMS 0x00000000c5400000| PB 0x00000000c5300000| Complete 
|  84|0x00000000c5400000, 0x00000000c5500000, 0x00000000c5500000|100%|HC|  |TAMS 0x00000000c5500000| PB 0x00000000c5400000| Complete 
|  85|0x00000000c5500000, 0x00000000c5600000, 0x00000000c5600000|100%|HS|  |TAMS 0x00000000c5600000| PB 0x00000000c5500000| Complete 
|  86|0x00000000c5600000, 0x00000000c5700000, 0x00000000c5700000|100%|HC|  |TAMS 0x00000000c5700000| PB 0x00000000c5600000| Complete 
|  87|0x00000000c5700000, 0x00000000c5800000, 0x00000000c5800000|100%|HS|  |TAMS 0x00000000c5800000| PB 0x00000000c5700000| Complete 
|  88|0x00000000c5800000, 0x00000000c5900000, 0x00000000c5900000|100%|HS|  |TAMS 0x00000000c5900000| PB 0x00000000c5800000| Complete 
|  89|0x00000000c5900000, 0x00000000c5a00000, 0x00000000c5a00000|100%| O|  |TAMS 0x00000000c5a00000| PB 0x00000000c5900000| Untracked 
|  90|0x00000000c5a00000, 0x00000000c5b00000, 0x00000000c5b00000|100%|HS|  |TAMS 0x00000000c5b00000| PB 0x00000000c5a00000| Complete 
|  91|0x00000000c5b00000, 0x00000000c5c00000, 0x00000000c5c00000|100%|HS|  |TAMS 0x00000000c5c00000| PB 0x00000000c5b00000| Complete 
|  92|0x00000000c5c00000, 0x00000000c5d00000, 0x00000000c5d00000|100%| O|  |TAMS 0x00000000c5d00000| PB 0x00000000c5c00000| Untracked 
|  93|0x00000000c5d00000, 0x00000000c5e00000, 0x00000000c5e00000|100%| O|  |TAMS 0x00000000c5e00000| PB 0x00000000c5d00000| Untracked 
|  94|0x00000000c5e00000, 0x00000000c5f00000, 0x00000000c5f00000|100%|HS|  |TAMS 0x00000000c5f00000| PB 0x00000000c5e00000| Complete 
|  95|0x00000000c5f00000, 0x00000000c6000000, 0x00000000c6000000|100%| O|  |TAMS 0x00000000c5f00000| PB 0x00000000c5f00000| Untracked 
|  96|0x00000000c6000000, 0x00000000c6100000, 0x00000000c6100000|100%| O|  |TAMS 0x00000000c6100000| PB 0x00000000c6000000| Untracked 
|  97|0x00000000c6100000, 0x00000000c6200000, 0x00000000c6200000|100%| O|  |TAMS 0x00000000c6200000| PB 0x00000000c6100000| Untracked 
|  98|0x00000000c6200000, 0x00000000c6300000, 0x00000000c6300000|100%| O|  |TAMS 0x00000000c6300000| PB 0x00000000c6200000| Untracked 
|  99|0x00000000c6300000, 0x00000000c6400000, 0x00000000c6400000|100%| O|  |TAMS 0x00000000c6400000| PB 0x00000000c6300000| Untracked 
| 100|0x00000000c6400000, 0x00000000c6500000, 0x00000000c6500000|100%| O|  |TAMS 0x00000000c6500000| PB 0x00000000c6400000| Untracked 
| 101|0x00000000c6500000, 0x00000000c6600000, 0x00000000c6600000|100%| O|  |TAMS 0x00000000c6600000| PB 0x00000000c6500000| Untracked 
| 102|0x00000000c6600000, 0x00000000c6700000, 0x00000000c6700000|100%| O|  |TAMS 0x00000000c6700000| PB 0x00000000c6600000| Untracked 
| 103|0x00000000c6700000, 0x00000000c6800000, 0x00000000c6800000|100%|HS|  |TAMS 0x00000000c6800000| PB 0x00000000c6700000| Complete 
| 104|0x00000000c6800000, 0x00000000c6900000, 0x00000000c6900000|100%| O|  |TAMS 0x00000000c6900000| PB 0x00000000c6800000| Untracked 
| 105|0x00000000c6900000, 0x00000000c6a00000, 0x00000000c6a00000|100%| O|  |TAMS 0x00000000c6a00000| PB 0x00000000c6900000| Untracked 
| 106|0x00000000c6a00000, 0x00000000c6b00000, 0x00000000c6b00000|100%| O|  |TAMS 0x00000000c6b00000| PB 0x00000000c6a00000| Untracked 
| 107|0x00000000c6b00000, 0x00000000c6c00000, 0x00000000c6c00000|100%| O|  |TAMS 0x00000000c6c00000| PB 0x00000000c6b00000| Untracked 
| 108|0x00000000c6c00000, 0x00000000c6d00000, 0x00000000c6d00000|100%| O|  |TAMS 0x00000000c6d00000| PB 0x00000000c6c00000| Untracked 
| 109|0x00000000c6d00000, 0x00000000c6e00000, 0x00000000c6e00000|100%| O|  |TAMS 0x00000000c6e00000| PB 0x00000000c6d00000| Untracked 
| 110|0x00000000c6e00000, 0x00000000c6f00000, 0x00000000c6f00000|100%| O|  |TAMS 0x00000000c6f00000| PB 0x00000000c6e00000| Untracked 
| 111|0x00000000c6f00000, 0x00000000c7000000, 0x00000000c7000000|100%| O|  |TAMS 0x00000000c7000000| PB 0x00000000c6f00000| Untracked 
| 112|0x00000000c7000000, 0x00000000c7100000, 0x00000000c7100000|100%| O|  |TAMS 0x00000000c7100000| PB 0x00000000c7000000| Untracked 
| 113|0x00000000c7100000, 0x00000000c7200000, 0x00000000c7200000|100%| O|  |TAMS 0x00000000c7200000| PB 0x00000000c7100000| Untracked 
| 114|0x00000000c7200000, 0x00000000c7300000, 0x00000000c7300000|100%| O|  |TAMS 0x00000000c7300000| PB 0x00000000c7200000| Untracked 
| 115|0x00000000c7300000, 0x00000000c7400000, 0x00000000c7400000|100%| O|  |TAMS 0x00000000c7400000| PB 0x00000000c7300000| Untracked 
| 116|0x00000000c7400000, 0x00000000c7500000, 0x00000000c7500000|100%| O|  |TAMS 0x00000000c7500000| PB 0x00000000c7400000| Untracked 
| 117|0x00000000c7500000, 0x00000000c7600000, 0x00000000c7600000|100%| O|  |TAMS 0x00000000c7600000| PB 0x00000000c7500000| Untracked 
| 118|0x00000000c7600000, 0x00000000c7700000, 0x00000000c7700000|100%| O|  |TAMS 0x00000000c7700000| PB 0x00000000c7600000| Untracked 
| 119|0x00000000c7700000, 0x00000000c7800000, 0x00000000c7800000|100%| O|  |TAMS 0x00000000c7800000| PB 0x00000000c7700000| Untracked 
| 120|0x00000000c7800000, 0x00000000c7900000, 0x00000000c7900000|100%| O|  |TAMS 0x00000000c7900000| PB 0x00000000c7800000| Untracked 
| 121|0x00000000c7900000, 0x00000000c7a00000, 0x00000000c7a00000|100%| O|  |TAMS 0x00000000c7a00000| PB 0x00000000c7900000| Untracked 
| 122|0x00000000c7a00000, 0x00000000c7b00000, 0x00000000c7b00000|100%|HS|  |TAMS 0x00000000c7b00000| PB 0x00000000c7a00000| Complete 
| 123|0x00000000c7b00000, 0x00000000c7c00000, 0x00000000c7c00000|100%|HC|  |TAMS 0x00000000c7c00000| PB 0x00000000c7b00000| Complete 
| 124|0x00000000c7c00000, 0x00000000c7d00000, 0x00000000c7d00000|100%| O|  |TAMS 0x00000000c7d00000| PB 0x00000000c7c00000| Untracked 
| 125|0x00000000c7d00000, 0x00000000c7e00000, 0x00000000c7e00000|100%| O|  |TAMS 0x00000000c7e00000| PB 0x00000000c7d00000| Untracked 
| 126|0x00000000c7e00000, 0x00000000c7f00000, 0x00000000c7f00000|100%| O|  |TAMS 0x00000000c7f00000| PB 0x00000000c7e00000| Untracked 
| 127|0x00000000c7f00000, 0x00000000c8000000, 0x00000000c8000000|100%| O|  |TAMS 0x00000000c8000000| PB 0x00000000c7f00000| Untracked 
| 128|0x00000000c8000000, 0x00000000c8100000, 0x00000000c8100000|100%| O|  |TAMS 0x00000000c8100000| PB 0x00000000c8000000| Untracked 
| 129|0x00000000c8100000, 0x00000000c8200000, 0x00000000c8200000|100%| O|  |TAMS 0x00000000c8100000| PB 0x00000000c8100000| Untracked 
| 130|0x00000000c8200000, 0x00000000c8300000, 0x00000000c8300000|100%| O|  |TAMS 0x00000000c8300000| PB 0x00000000c8200000| Untracked 
| 131|0x00000000c8300000, 0x00000000c8400000, 0x00000000c8400000|100%| O|  |TAMS 0x00000000c8400000| PB 0x00000000c8300000| Untracked 
| 132|0x00000000c8400000, 0x00000000c8500000, 0x00000000c8500000|100%| O|  |TAMS 0x00000000c8500000| PB 0x00000000c8400000| Untracked 
| 133|0x00000000c8500000, 0x00000000c8600000, 0x00000000c8600000|100%| O|  |TAMS 0x00000000c8600000| PB 0x00000000c8500000| Untracked 
| 134|0x00000000c8600000, 0x00000000c8700000, 0x00000000c8700000|100%| O|  |TAMS 0x00000000c8700000| PB 0x00000000c8600000| Untracked 
| 135|0x00000000c8700000, 0x00000000c8800000, 0x00000000c8800000|100%| O|  |TAMS 0x00000000c8800000| PB 0x00000000c8700000| Untracked 
| 136|0x00000000c8800000, 0x00000000c8900000, 0x00000000c8900000|100%| O|  |TAMS 0x00000000c8900000| PB 0x00000000c8800000| Untracked 
| 137|0x00000000c8900000, 0x00000000c8a00000, 0x00000000c8a00000|100%| O|  |TAMS 0x00000000c8a00000| PB 0x00000000c8900000| Untracked 
| 138|0x00000000c8a00000, 0x00000000c8b00000, 0x00000000c8b00000|100%| O|  |TAMS 0x00000000c8b00000| PB 0x00000000c8a00000| Untracked 
| 139|0x00000000c8b00000, 0x00000000c8b00000, 0x00000000c8c00000|  0%| F|  |TAMS 0x00000000c8b00000| PB 0x00000000c8b00000| Untracked 
| 140|0x00000000c8c00000, 0x00000000c8d00000, 0x00000000c8d00000|100%| O|  |TAMS 0x00000000c8d00000| PB 0x00000000c8c00000| Untracked 
| 141|0x00000000c8d00000, 0x00000000c8d00000, 0x00000000c8e00000|  0%| F|  |TAMS 0x00000000c8d00000| PB 0x00000000c8d00000| Untracked 
| 142|0x00000000c8e00000, 0x00000000c8e00000, 0x00000000c8f00000|  0%| F|  |TAMS 0x00000000c8e00000| PB 0x00000000c8e00000| Untracked 
| 143|0x00000000c8f00000, 0x00000000c9000000, 0x00000000c9000000|100%| O|  |TAMS 0x00000000c9000000| PB 0x00000000c8f00000| Untracked 
| 144|0x00000000c9000000, 0x00000000c9100000, 0x00000000c9100000|100%| O|  |TAMS 0x00000000c9100000| PB 0x00000000c9000000| Untracked 
| 145|0x00000000c9100000, 0x00000000c9200000, 0x00000000c9200000|100%| O|  |TAMS 0x00000000c9200000| PB 0x00000000c9100000| Untracked 
| 146|0x00000000c9200000, 0x00000000c9300000, 0x00000000c9300000|100%| O|  |TAMS 0x00000000c9300000| PB 0x00000000c9200000| Untracked 
| 147|0x00000000c9300000, 0x00000000c9400000, 0x00000000c9400000|100%| O|  |TAMS 0x00000000c9400000| PB 0x00000000c9300000| Untracked 
| 148|0x00000000c9400000, 0x00000000c9500000, 0x00000000c9500000|100%| O|  |TAMS 0x00000000c9500000| PB 0x00000000c9400000| Untracked 
| 149|0x00000000c9500000, 0x00000000c9600000, 0x00000000c9600000|100%| O|  |TAMS 0x00000000c9600000| PB 0x00000000c9500000| Untracked 
| 150|0x00000000c9600000, 0x00000000c9600000, 0x00000000c9700000|  0%| F|  |TAMS 0x00000000c9600000| PB 0x00000000c9600000| Untracked 
| 151|0x00000000c9700000, 0x00000000c9800000, 0x00000000c9800000|100%| O|  |TAMS 0x00000000c9800000| PB 0x00000000c9700000| Untracked 
| 152|0x00000000c9800000, 0x00000000c9900000, 0x00000000c9900000|100%| O|  |TAMS 0x00000000c9900000| PB 0x00000000c9800000| Untracked 
| 153|0x00000000c9900000, 0x00000000c9a00000, 0x00000000c9a00000|100%| O|  |TAMS 0x00000000c9a00000| PB 0x00000000c9900000| Untracked 
| 154|0x00000000c9a00000, 0x00000000c9a00000, 0x00000000c9b00000|  0%| F|  |TAMS 0x00000000c9a00000| PB 0x00000000c9a00000| Untracked 
| 155|0x00000000c9b00000, 0x00000000c9b00000, 0x00000000c9c00000|  0%| F|  |TAMS 0x00000000c9b00000| PB 0x00000000c9b00000| Untracked 
| 156|0x00000000c9c00000, 0x00000000c9d00000, 0x00000000c9d00000|100%| O|  |TAMS 0x00000000c9d00000| PB 0x00000000c9c00000| Untracked 
| 157|0x00000000c9d00000, 0x00000000c9d00000, 0x00000000c9e00000|  0%| F|  |TAMS 0x00000000c9d00000| PB 0x00000000c9d00000| Untracked 
| 158|0x00000000c9e00000, 0x00000000c9e00000, 0x00000000c9f00000|  0%| F|  |TAMS 0x00000000c9e00000| PB 0x00000000c9e00000| Untracked 
| 159|0x00000000c9f00000, 0x00000000ca000000, 0x00000000ca000000|100%| O|  |TAMS 0x00000000ca000000| PB 0x00000000c9f00000| Untracked 
| 160|0x00000000ca000000, 0x00000000ca100000, 0x00000000ca100000|100%| O|  |TAMS 0x00000000ca100000| PB 0x00000000ca000000| Untracked 
| 161|0x00000000ca100000, 0x00000000ca200000, 0x00000000ca200000|100%| O|  |TAMS 0x00000000ca200000| PB 0x00000000ca100000| Untracked 
| 162|0x00000000ca200000, 0x00000000ca300000, 0x00000000ca300000|100%| O|  |TAMS 0x00000000ca300000| PB 0x00000000ca200000| Untracked 
| 163|0x00000000ca300000, 0x00000000ca300000, 0x00000000ca400000|  0%| F|  |TAMS 0x00000000ca300000| PB 0x00000000ca300000| Untracked 
| 164|0x00000000ca400000, 0x00000000ca400000, 0x00000000ca500000|  0%| F|  |TAMS 0x00000000ca400000| PB 0x00000000ca400000| Untracked 
| 165|0x00000000ca500000, 0x00000000ca500000, 0x00000000ca600000|  0%| F|  |TAMS 0x00000000ca500000| PB 0x00000000ca500000| Untracked 
| 166|0x00000000ca600000, 0x00000000ca600000, 0x00000000ca700000|  0%| F|  |TAMS 0x00000000ca600000| PB 0x00000000ca600000| Untracked 
| 167|0x00000000ca700000, 0x00000000ca800000, 0x00000000ca800000|100%| O|  |TAMS 0x00000000ca800000| PB 0x00000000ca700000| Untracked 
| 168|0x00000000ca800000, 0x00000000ca800000, 0x00000000ca900000|  0%| F|  |TAMS 0x00000000ca800000| PB 0x00000000ca800000| Untracked 
| 169|0x00000000ca900000, 0x00000000caa00000, 0x00000000caa00000|100%| O|  |TAMS 0x00000000caa00000| PB 0x00000000ca900000| Untracked 
| 170|0x00000000caa00000, 0x00000000caa00000, 0x00000000cab00000|  0%| F|  |TAMS 0x00000000caa00000| PB 0x00000000caa00000| Untracked 
| 171|0x00000000cab00000, 0x00000000cac00000, 0x00000000cac00000|100%| O|  |TAMS 0x00000000cac00000| PB 0x00000000cab00000| Untracked 
| 172|0x00000000cac00000, 0x00000000cad00000, 0x00000000cad00000|100%| O|  |TAMS 0x00000000cad00000| PB 0x00000000cac00000| Untracked 
| 173|0x00000000cad00000, 0x00000000cad00000, 0x00000000cae00000|  0%| F|  |TAMS 0x00000000cad00000| PB 0x00000000cad00000| Untracked 
| 174|0x00000000cae00000, 0x00000000cae00000, 0x00000000caf00000|  0%| F|  |TAMS 0x00000000cae00000| PB 0x00000000cae00000| Untracked 
| 175|0x00000000caf00000, 0x00000000cb000000, 0x00000000cb000000|100%| O|  |TAMS 0x00000000cb000000| PB 0x00000000caf00000| Untracked 
| 176|0x00000000cb000000, 0x00000000cb100000, 0x00000000cb100000|100%| O|  |TAMS 0x00000000cb100000| PB 0x00000000cb000000| Untracked 
| 177|0x00000000cb100000, 0x00000000cb200000, 0x00000000cb200000|100%| O|  |TAMS 0x00000000cb100000| PB 0x00000000cb100000| Untracked 
| 178|0x00000000cb200000, 0x00000000cb300000, 0x00000000cb300000|100%| O|  |TAMS 0x00000000cb300000| PB 0x00000000cb200000| Untracked 
| 179|0x00000000cb300000, 0x00000000cb400000, 0x00000000cb400000|100%| O|  |TAMS 0x00000000cb400000| PB 0x00000000cb300000| Untracked 
| 180|0x00000000cb400000, 0x00000000cb500000, 0x00000000cb500000|100%| O|  |TAMS 0x00000000cb500000| PB 0x00000000cb400000| Untracked 
| 181|0x00000000cb500000, 0x00000000cb600000, 0x00000000cb600000|100%| O|  |TAMS 0x00000000cb600000| PB 0x00000000cb500000| Untracked 
| 182|0x00000000cb600000, 0x00000000cb700000, 0x00000000cb700000|100%| O|  |TAMS 0x00000000cb700000| PB 0x00000000cb600000| Untracked 
| 183|0x00000000cb700000, 0x00000000cb800000, 0x00000000cb800000|100%| O|  |TAMS 0x00000000cb800000| PB 0x00000000cb700000| Untracked 
| 184|0x00000000cb800000, 0x00000000cb900000, 0x00000000cb900000|100%| O|  |TAMS 0x00000000cb900000| PB 0x00000000cb800000| Untracked 
| 185|0x00000000cb900000, 0x00000000cba00000, 0x00000000cba00000|100%| O|  |TAMS 0x00000000cba00000| PB 0x00000000cb900000| Untracked 
| 186|0x00000000cba00000, 0x00000000cbb00000, 0x00000000cbb00000|100%| O|  |TAMS 0x00000000cbb00000| PB 0x00000000cba00000| Untracked 
| 187|0x00000000cbb00000, 0x00000000cbc00000, 0x00000000cbc00000|100%| O|  |TAMS 0x00000000cbc00000| PB 0x00000000cbb00000| Untracked 
| 188|0x00000000cbc00000, 0x00000000cbd00000, 0x00000000cbd00000|100%| O|  |TAMS 0x00000000cbd00000| PB 0x00000000cbc00000| Untracked 
| 189|0x00000000cbd00000, 0x00000000cbe00000, 0x00000000cbe00000|100%| O|  |TAMS 0x00000000cbe00000| PB 0x00000000cbd00000| Untracked 
| 190|0x00000000cbe00000, 0x00000000cbf00000, 0x00000000cbf00000|100%| O|  |TAMS 0x00000000cbf00000| PB 0x00000000cbe00000| Untracked 
| 191|0x00000000cbf00000, 0x00000000cc000000, 0x00000000cc000000|100%| O|  |TAMS 0x00000000cc000000| PB 0x00000000cbf00000| Untracked 
| 192|0x00000000cc000000, 0x00000000cc100000, 0x00000000cc100000|100%| O|  |TAMS 0x00000000cc100000| PB 0x00000000cc000000| Untracked 
| 193|0x00000000cc100000, 0x00000000cc200000, 0x00000000cc200000|100%| O|  |TAMS 0x00000000cc200000| PB 0x00000000cc100000| Untracked 
| 194|0x00000000cc200000, 0x00000000cc300000, 0x00000000cc300000|100%| O|  |TAMS 0x00000000cc300000| PB 0x00000000cc200000| Untracked 
| 195|0x00000000cc300000, 0x00000000cc400000, 0x00000000cc400000|100%| O|  |TAMS 0x00000000cc400000| PB 0x00000000cc300000| Untracked 
| 196|0x00000000cc400000, 0x00000000cc500000, 0x00000000cc500000|100%| O|  |TAMS 0x00000000cc500000| PB 0x00000000cc400000| Untracked 
| 197|0x00000000cc500000, 0x00000000cc600000, 0x00000000cc600000|100%| O|  |TAMS 0x00000000cc600000| PB 0x00000000cc500000| Untracked 
| 198|0x00000000cc600000, 0x00000000cc700000, 0x00000000cc700000|100%| O|  |TAMS 0x00000000cc700000| PB 0x00000000cc600000| Untracked 
| 199|0x00000000cc700000, 0x00000000cc800000, 0x00000000cc800000|100%| O|  |TAMS 0x00000000cc700000| PB 0x00000000cc700000| Untracked 
| 200|0x00000000cc800000, 0x00000000cc900000, 0x00000000cc900000|100%| O|  |TAMS 0x00000000cc800000| PB 0x00000000cc800000| Untracked 
| 201|0x00000000cc900000, 0x00000000cca00000, 0x00000000cca00000|100%| O|  |TAMS 0x00000000cc900000| PB 0x00000000cc900000| Untracked 
| 202|0x00000000cca00000, 0x00000000ccb00000, 0x00000000ccb00000|100%| O|  |TAMS 0x00000000ccb00000| PB 0x00000000cca00000| Untracked 
| 203|0x00000000ccb00000, 0x00000000ccc00000, 0x00000000ccc00000|100%| O|  |TAMS 0x00000000ccc00000| PB 0x00000000ccb00000| Untracked 
| 204|0x00000000ccc00000, 0x00000000ccd00000, 0x00000000ccd00000|100%| O|  |TAMS 0x00000000ccc00000| PB 0x00000000ccc00000| Untracked 
| 205|0x00000000ccd00000, 0x00000000cce00000, 0x00000000cce00000|100%| O|  |TAMS 0x00000000ccd00000| PB 0x00000000ccd00000| Untracked 
| 206|0x00000000cce00000, 0x00000000ccf00000, 0x00000000ccf00000|100%| O|  |TAMS 0x00000000ccf00000| PB 0x00000000cce00000| Untracked 
| 207|0x00000000ccf00000, 0x00000000cd000000, 0x00000000cd000000|100%| O|  |TAMS 0x00000000cd000000| PB 0x00000000ccf00000| Untracked 
| 208|0x00000000cd000000, 0x00000000cd100000, 0x00000000cd100000|100%| O|  |TAMS 0x00000000cd100000| PB 0x00000000cd000000| Untracked 
| 209|0x00000000cd100000, 0x00000000cd200000, 0x00000000cd200000|100%| O|  |TAMS 0x00000000cd200000| PB 0x00000000cd100000| Untracked 
| 210|0x00000000cd200000, 0x00000000cd300000, 0x00000000cd300000|100%| O|  |TAMS 0x00000000cd300000| PB 0x00000000cd200000| Untracked 
| 211|0x00000000cd300000, 0x00000000cd400000, 0x00000000cd400000|100%| O|  |TAMS 0x00000000cd400000| PB 0x00000000cd300000| Untracked 
| 212|0x00000000cd400000, 0x00000000cd500000, 0x00000000cd500000|100%| O|  |TAMS 0x00000000cd500000| PB 0x00000000cd400000| Untracked 
| 213|0x00000000cd500000, 0x00000000cd600000, 0x00000000cd600000|100%| O|  |TAMS 0x00000000cd600000| PB 0x00000000cd500000| Untracked 
| 214|0x00000000cd600000, 0x00000000cd700000, 0x00000000cd700000|100%| O|  |TAMS 0x00000000cd700000| PB 0x00000000cd600000| Untracked 
| 215|0x00000000cd700000, 0x00000000cd800000, 0x00000000cd800000|100%| O|  |TAMS 0x00000000cd800000| PB 0x00000000cd700000| Untracked 
| 216|0x00000000cd800000, 0x00000000cd900000, 0x00000000cd900000|100%| O|  |TAMS 0x00000000cd900000| PB 0x00000000cd800000| Untracked 
| 217|0x00000000cd900000, 0x00000000cda00000, 0x00000000cda00000|100%| O|  |TAMS 0x00000000cda00000| PB 0x00000000cd900000| Untracked 
| 218|0x00000000cda00000, 0x00000000cdb00000, 0x00000000cdb00000|100%| O|  |TAMS 0x00000000cdb00000| PB 0x00000000cda00000| Untracked 
| 219|0x00000000cdb00000, 0x00000000cdc00000, 0x00000000cdc00000|100%| O|  |TAMS 0x00000000cdb00000| PB 0x00000000cdb00000| Untracked 
| 220|0x00000000cdc00000, 0x00000000cdd00000, 0x00000000cdd00000|100%| O|  |TAMS 0x00000000cdc00000| PB 0x00000000cdc00000| Untracked 
| 221|0x00000000cdd00000, 0x00000000cde00000, 0x00000000cde00000|100%| O|  |TAMS 0x00000000cdd00000| PB 0x00000000cdd00000| Untracked 
| 222|0x00000000cde00000, 0x00000000cdf00000, 0x00000000cdf00000|100%| S|CS|TAMS 0x00000000cde00000| PB 0x00000000cde00000| Complete 
| 223|0x00000000cdf00000, 0x00000000ce000000, 0x00000000ce000000|100%| S|CS|TAMS 0x00000000cdf00000| PB 0x00000000cdf00000| Complete 
| 224|0x00000000ce000000, 0x00000000ce100000, 0x00000000ce100000|100%| S|CS|TAMS 0x00000000ce000000| PB 0x00000000ce000000| Complete 
| 225|0x00000000ce100000, 0x00000000ce200000, 0x00000000ce200000|100%| S|CS|TAMS 0x00000000ce100000| PB 0x00000000ce100000| Complete 
| 226|0x00000000ce200000, 0x00000000ce300000, 0x00000000ce300000|100%| S|CS|TAMS 0x00000000ce200000| PB 0x00000000ce200000| Complete 
| 227|0x00000000ce300000, 0x00000000ce400000, 0x00000000ce400000|100%| S|CS|TAMS 0x00000000ce300000| PB 0x00000000ce300000| Complete 
| 228|0x00000000ce400000, 0x00000000ce500000, 0x00000000ce500000|100%| S|CS|TAMS 0x00000000ce400000| PB 0x00000000ce400000| Complete 
| 229|0x00000000ce500000, 0x00000000ce600000, 0x00000000ce600000|100%| S|CS|TAMS 0x00000000ce500000| PB 0x00000000ce500000| Complete 
| 230|0x00000000ce600000, 0x00000000ce700000, 0x00000000ce700000|100%| S|CS|TAMS 0x00000000ce600000| PB 0x00000000ce600000| Complete 
| 231|0x00000000ce700000, 0x00000000ce800000, 0x00000000ce800000|100%| S|CS|TAMS 0x00000000ce700000| PB 0x00000000ce700000| Complete 
| 232|0x00000000ce800000, 0x00000000ce900000, 0x00000000ce900000|100%| S|CS|TAMS 0x00000000ce800000| PB 0x00000000ce800000| Complete 
| 233|0x00000000ce900000, 0x00000000cea00000, 0x00000000cea00000|100%| S|CS|TAMS 0x00000000ce900000| PB 0x00000000ce900000| Complete 
| 234|0x00000000cea00000, 0x00000000ceb00000, 0x00000000ceb00000|100%| S|CS|TAMS 0x00000000cea00000| PB 0x00000000cea00000| Complete 
| 235|0x00000000ceb00000, 0x00000000ceb00000, 0x00000000cec00000|  0%| F|  |TAMS 0x00000000ceb00000| PB 0x00000000ceb00000| Untracked 
| 236|0x00000000cec00000, 0x00000000cec00000, 0x00000000ced00000|  0%| F|  |TAMS 0x00000000cec00000| PB 0x00000000cec00000| Untracked 
| 237|0x00000000ced00000, 0x00000000ced00000, 0x00000000cee00000|  0%| F|  |TAMS 0x00000000ced00000| PB 0x00000000ced00000| Untracked 
| 238|0x00000000cee00000, 0x00000000cee00000, 0x00000000cef00000|  0%| F|  |TAMS 0x00000000cee00000| PB 0x00000000cee00000| Untracked 
| 239|0x00000000cef00000, 0x00000000cef00000, 0x00000000cf000000|  0%| F|  |TAMS 0x00000000cef00000| PB 0x00000000cef00000| Untracked 
| 240|0x00000000cf000000, 0x00000000cf000000, 0x00000000cf100000|  0%| F|  |TAMS 0x00000000cf000000| PB 0x00000000cf000000| Untracked 
| 241|0x00000000cf100000, 0x00000000cf100000, 0x00000000cf200000|  0%| F|  |TAMS 0x00000000cf100000| PB 0x00000000cf100000| Untracked 
| 242|0x00000000cf200000, 0x00000000cf200000, 0x00000000cf300000|  0%| F|  |TAMS 0x00000000cf200000| PB 0x00000000cf200000| Untracked 
| 243|0x00000000cf300000, 0x00000000cf300000, 0x00000000cf400000|  0%| F|  |TAMS 0x00000000cf300000| PB 0x00000000cf300000| Untracked 
| 244|0x00000000cf400000, 0x00000000cf400000, 0x00000000cf500000|  0%| F|  |TAMS 0x00000000cf400000| PB 0x00000000cf400000| Untracked 
| 245|0x00000000cf500000, 0x00000000cf500000, 0x00000000cf600000|  0%| F|  |TAMS 0x00000000cf500000| PB 0x00000000cf500000| Untracked 
| 246|0x00000000cf600000, 0x00000000cf600000, 0x00000000cf700000|  0%| F|  |TAMS 0x00000000cf600000| PB 0x00000000cf600000| Untracked 
| 247|0x00000000cf700000, 0x00000000cf700000, 0x00000000cf800000|  0%| F|  |TAMS 0x00000000cf700000| PB 0x00000000cf700000| Untracked 
| 248|0x00000000cf800000, 0x00000000cf800000, 0x00000000cf900000|  0%| F|  |TAMS 0x00000000cf800000| PB 0x00000000cf800000| Untracked 
| 249|0x00000000cf900000, 0x00000000cf900000, 0x00000000cfa00000|  0%| F|  |TAMS 0x00000000cf900000| PB 0x00000000cf900000| Untracked 
| 250|0x00000000cfa00000, 0x00000000cfa00000, 0x00000000cfb00000|  0%| F|  |TAMS 0x00000000cfa00000| PB 0x00000000cfa00000| Untracked 
| 251|0x00000000cfb00000, 0x00000000cfb00000, 0x00000000cfc00000|  0%| F|  |TAMS 0x00000000cfb00000| PB 0x00000000cfb00000| Untracked 
| 252|0x00000000cfc00000, 0x00000000cfc00000, 0x00000000cfd00000|  0%| F|  |TAMS 0x00000000cfc00000| PB 0x00000000cfc00000| Untracked 
| 253|0x00000000cfd00000, 0x00000000cfd00000, 0x00000000cfe00000|  0%| F|  |TAMS 0x00000000cfd00000| PB 0x00000000cfd00000| Untracked 
| 254|0x00000000cfe00000, 0x00000000cfe00000, 0x00000000cff00000|  0%| F|  |TAMS 0x00000000cfe00000| PB 0x00000000cfe00000| Untracked 
| 255|0x00000000cff00000, 0x00000000cff00000, 0x00000000d0000000|  0%| F|  |TAMS 0x00000000cff00000| PB 0x00000000cff00000| Untracked 
| 256|0x00000000d0000000, 0x00000000d0000000, 0x00000000d0100000|  0%| F|  |TAMS 0x00000000d0000000| PB 0x00000000d0000000| Untracked 
| 257|0x00000000d0100000, 0x00000000d0100000, 0x00000000d0200000|  0%| F|  |TAMS 0x00000000d0100000| PB 0x00000000d0100000| Untracked 
| 258|0x00000000d0200000, 0x00000000d0200000, 0x00000000d0300000|  0%| F|  |TAMS 0x00000000d0200000| PB 0x00000000d0200000| Untracked 
| 259|0x00000000d0300000, 0x00000000d0300000, 0x00000000d0400000|  0%| F|  |TAMS 0x00000000d0300000| PB 0x00000000d0300000| Untracked 
| 260|0x00000000d0400000, 0x00000000d0400000, 0x00000000d0500000|  0%| F|  |TAMS 0x00000000d0400000| PB 0x00000000d0400000| Untracked 
| 261|0x00000000d0500000, 0x00000000d0500000, 0x00000000d0600000|  0%| F|  |TAMS 0x00000000d0500000| PB 0x00000000d0500000| Untracked 
| 262|0x00000000d0600000, 0x00000000d0600000, 0x00000000d0700000|  0%| F|  |TAMS 0x00000000d0600000| PB 0x00000000d0600000| Untracked 
| 263|0x00000000d0700000, 0x00000000d0700000, 0x00000000d0800000|  0%| F|  |TAMS 0x00000000d0700000| PB 0x00000000d0700000| Untracked 
| 264|0x00000000d0800000, 0x00000000d0800000, 0x00000000d0900000|  0%| F|  |TAMS 0x00000000d0800000| PB 0x00000000d0800000| Untracked 
| 265|0x00000000d0900000, 0x00000000d0900000, 0x00000000d0a00000|  0%| F|  |TAMS 0x00000000d0900000| PB 0x00000000d0900000| Untracked 
| 266|0x00000000d0a00000, 0x00000000d0a00000, 0x00000000d0b00000|  0%| F|  |TAMS 0x00000000d0a00000| PB 0x00000000d0a00000| Untracked 
| 267|0x00000000d0b00000, 0x00000000d0b00000, 0x00000000d0c00000|  0%| F|  |TAMS 0x00000000d0b00000| PB 0x00000000d0b00000| Untracked 
| 268|0x00000000d0c00000, 0x00000000d0c00000, 0x00000000d0d00000|  0%| F|  |TAMS 0x00000000d0c00000| PB 0x00000000d0c00000| Untracked 
| 269|0x00000000d0d00000, 0x00000000d0d00000, 0x00000000d0e00000|  0%| F|  |TAMS 0x00000000d0d00000| PB 0x00000000d0d00000| Untracked 
| 270|0x00000000d0e00000, 0x00000000d0e00000, 0x00000000d0f00000|  0%| F|  |TAMS 0x00000000d0e00000| PB 0x00000000d0e00000| Untracked 
| 271|0x00000000d0f00000, 0x00000000d0f00000, 0x00000000d1000000|  0%| F|  |TAMS 0x00000000d0f00000| PB 0x00000000d0f00000| Untracked 
| 272|0x00000000d1000000, 0x00000000d1000000, 0x00000000d1100000|  0%| F|  |TAMS 0x00000000d1000000| PB 0x00000000d1000000| Untracked 
| 273|0x00000000d1100000, 0x00000000d1100000, 0x00000000d1200000|  0%| F|  |TAMS 0x00000000d1100000| PB 0x00000000d1100000| Untracked 
| 274|0x00000000d1200000, 0x00000000d1200000, 0x00000000d1300000|  0%| F|  |TAMS 0x00000000d1200000| PB 0x00000000d1200000| Untracked 
| 275|0x00000000d1300000, 0x00000000d1300000, 0x00000000d1400000|  0%| F|  |TAMS 0x00000000d1300000| PB 0x00000000d1300000| Untracked 
| 276|0x00000000d1400000, 0x00000000d1400000, 0x00000000d1500000|  0%| F|  |TAMS 0x00000000d1400000| PB 0x00000000d1400000| Untracked 
| 277|0x00000000d1500000, 0x00000000d1500000, 0x00000000d1600000|  0%| F|  |TAMS 0x00000000d1500000| PB 0x00000000d1500000| Untracked 
| 278|0x00000000d1600000, 0x00000000d1600000, 0x00000000d1700000|  0%| F|  |TAMS 0x00000000d1600000| PB 0x00000000d1600000| Untracked 
| 279|0x00000000d1700000, 0x00000000d1700000, 0x00000000d1800000|  0%| F|  |TAMS 0x00000000d1700000| PB 0x00000000d1700000| Untracked 
| 280|0x00000000d1800000, 0x00000000d1800000, 0x00000000d1900000|  0%| F|  |TAMS 0x00000000d1800000| PB 0x00000000d1800000| Untracked 
| 281|0x00000000d1900000, 0x00000000d1900000, 0x00000000d1a00000|  0%| F|  |TAMS 0x00000000d1900000| PB 0x00000000d1900000| Untracked 
| 282|0x00000000d1a00000, 0x00000000d1a00000, 0x00000000d1b00000|  0%| F|  |TAMS 0x00000000d1a00000| PB 0x00000000d1a00000| Untracked 
| 283|0x00000000d1b00000, 0x00000000d1b00000, 0x00000000d1c00000|  0%| F|  |TAMS 0x00000000d1b00000| PB 0x00000000d1b00000| Untracked 
| 284|0x00000000d1c00000, 0x00000000d1c00000, 0x00000000d1d00000|  0%| F|  |TAMS 0x00000000d1c00000| PB 0x00000000d1c00000| Untracked 
| 285|0x00000000d1d00000, 0x00000000d1d00000, 0x00000000d1e00000|  0%| F|  |TAMS 0x00000000d1d00000| PB 0x00000000d1d00000| Untracked 
| 286|0x00000000d1e00000, 0x00000000d1e00000, 0x00000000d1f00000|  0%| F|  |TAMS 0x00000000d1e00000| PB 0x00000000d1e00000| Untracked 
| 287|0x00000000d1f00000, 0x00000000d1f00000, 0x00000000d2000000|  0%| F|  |TAMS 0x00000000d1f00000| PB 0x00000000d1f00000| Untracked 
| 288|0x00000000d2000000, 0x00000000d2000000, 0x00000000d2100000|  0%| F|  |TAMS 0x00000000d2000000| PB 0x00000000d2000000| Untracked 
| 289|0x00000000d2100000, 0x00000000d2100000, 0x00000000d2200000|  0%| F|  |TAMS 0x00000000d2100000| PB 0x00000000d2100000| Untracked 
| 290|0x00000000d2200000, 0x00000000d2200000, 0x00000000d2300000|  0%| F|  |TAMS 0x00000000d2200000| PB 0x00000000d2200000| Untracked 
| 291|0x00000000d2300000, 0x00000000d2300000, 0x00000000d2400000|  0%| F|  |TAMS 0x00000000d2300000| PB 0x00000000d2300000| Untracked 
| 292|0x00000000d2400000, 0x00000000d2400000, 0x00000000d2500000|  0%| F|  |TAMS 0x00000000d2400000| PB 0x00000000d2400000| Untracked 
| 293|0x00000000d2500000, 0x00000000d2500000, 0x00000000d2600000|  0%| F|  |TAMS 0x00000000d2500000| PB 0x00000000d2500000| Untracked 
| 294|0x00000000d2600000, 0x00000000d2600000, 0x00000000d2700000|  0%| F|  |TAMS 0x00000000d2600000| PB 0x00000000d2600000| Untracked 
| 295|0x00000000d2700000, 0x00000000d2700000, 0x00000000d2800000|  0%| F|  |TAMS 0x00000000d2700000| PB 0x00000000d2700000| Untracked 
| 296|0x00000000d2800000, 0x00000000d2800000, 0x00000000d2900000|  0%| F|  |TAMS 0x00000000d2800000| PB 0x00000000d2800000| Untracked 
| 297|0x00000000d2900000, 0x00000000d2900000, 0x00000000d2a00000|  0%| F|  |TAMS 0x00000000d2900000| PB 0x00000000d2900000| Untracked 
| 298|0x00000000d2a00000, 0x00000000d2a00000, 0x00000000d2b00000|  0%| F|  |TAMS 0x00000000d2a00000| PB 0x00000000d2a00000| Untracked 
| 299|0x00000000d2b00000, 0x00000000d2b00000, 0x00000000d2c00000|  0%| F|  |TAMS 0x00000000d2b00000| PB 0x00000000d2b00000| Untracked 
| 300|0x00000000d2c00000, 0x00000000d2c00000, 0x00000000d2d00000|  0%| F|  |TAMS 0x00000000d2c00000| PB 0x00000000d2c00000| Untracked 
| 301|0x00000000d2d00000, 0x00000000d2d00000, 0x00000000d2e00000|  0%| F|  |TAMS 0x00000000d2d00000| PB 0x00000000d2d00000| Untracked 
| 302|0x00000000d2e00000, 0x00000000d2e00000, 0x00000000d2f00000|  0%| F|  |TAMS 0x00000000d2e00000| PB 0x00000000d2e00000| Untracked 
| 303|0x00000000d2f00000, 0x00000000d2f00000, 0x00000000d3000000|  0%| F|  |TAMS 0x00000000d2f00000| PB 0x00000000d2f00000| Untracked 
| 304|0x00000000d3000000, 0x00000000d3000000, 0x00000000d3100000|  0%| F|  |TAMS 0x00000000d3000000| PB 0x00000000d3000000| Untracked 
| 305|0x00000000d3100000, 0x00000000d3100000, 0x00000000d3200000|  0%| F|  |TAMS 0x00000000d3100000| PB 0x00000000d3100000| Untracked 
| 306|0x00000000d3200000, 0x00000000d3200000, 0x00000000d3300000|  0%| F|  |TAMS 0x00000000d3200000| PB 0x00000000d3200000| Untracked 
| 307|0x00000000d3300000, 0x00000000d3300000, 0x00000000d3400000|  0%| F|  |TAMS 0x00000000d3300000| PB 0x00000000d3300000| Untracked 
| 308|0x00000000d3400000, 0x00000000d3400000, 0x00000000d3500000|  0%| F|  |TAMS 0x00000000d3400000| PB 0x00000000d3400000| Untracked 
| 309|0x00000000d3500000, 0x00000000d3500000, 0x00000000d3600000|  0%| F|  |TAMS 0x00000000d3500000| PB 0x00000000d3500000| Untracked 
| 310|0x00000000d3600000, 0x00000000d3600000, 0x00000000d3700000|  0%| F|  |TAMS 0x00000000d3600000| PB 0x00000000d3600000| Untracked 
| 311|0x00000000d3700000, 0x00000000d3700000, 0x00000000d3800000|  0%| F|  |TAMS 0x00000000d3700000| PB 0x00000000d3700000| Untracked 
| 312|0x00000000d3800000, 0x00000000d3800000, 0x00000000d3900000|  0%| F|  |TAMS 0x00000000d3800000| PB 0x00000000d3800000| Untracked 
| 313|0x00000000d3900000, 0x00000000d3900000, 0x00000000d3a00000|  0%| F|  |TAMS 0x00000000d3900000| PB 0x00000000d3900000| Untracked 
| 314|0x00000000d3a00000, 0x00000000d3a00000, 0x00000000d3b00000|  0%| F|  |TAMS 0x00000000d3a00000| PB 0x00000000d3a00000| Untracked 
| 315|0x00000000d3b00000, 0x00000000d3b00000, 0x00000000d3c00000|  0%| F|  |TAMS 0x00000000d3b00000| PB 0x00000000d3b00000| Untracked 
| 316|0x00000000d3c00000, 0x00000000d3c00000, 0x00000000d3d00000|  0%| F|  |TAMS 0x00000000d3c00000| PB 0x00000000d3c00000| Untracked 
| 317|0x00000000d3d00000, 0x00000000d3d00000, 0x00000000d3e00000|  0%| F|  |TAMS 0x00000000d3d00000| PB 0x00000000d3d00000| Untracked 
| 318|0x00000000d3e00000, 0x00000000d3e00000, 0x00000000d3f00000|  0%| F|  |TAMS 0x00000000d3e00000| PB 0x00000000d3e00000| Untracked 
| 319|0x00000000d3f00000, 0x00000000d3f00000, 0x00000000d4000000|  0%| F|  |TAMS 0x00000000d3f00000| PB 0x00000000d3f00000| Untracked 
| 320|0x00000000d4000000, 0x00000000d4000000, 0x00000000d4100000|  0%| F|  |TAMS 0x00000000d4000000| PB 0x00000000d4000000| Untracked 
| 321|0x00000000d4100000, 0x00000000d41d71c0, 0x00000000d4200000| 84%| E|  |TAMS 0x00000000d4100000| PB 0x00000000d4100000| Complete 
| 322|0x00000000d4200000, 0x00000000d4300000, 0x00000000d4300000|100%| E|CS|TAMS 0x00000000d4200000| PB 0x00000000d4200000| Complete 
| 323|0x00000000d4300000, 0x00000000d4400000, 0x00000000d4400000|100%| E|CS|TAMS 0x00000000d4300000| PB 0x00000000d4300000| Complete 
| 324|0x00000000d4400000, 0x00000000d4500000, 0x00000000d4500000|100%| E|CS|TAMS 0x00000000d4400000| PB 0x00000000d4400000| Complete 
| 325|0x00000000d4500000, 0x00000000d4600000, 0x00000000d4600000|100%| E|CS|TAMS 0x00000000d4500000| PB 0x00000000d4500000| Complete 
| 326|0x00000000d4600000, 0x00000000d4700000, 0x00000000d4700000|100%| E|CS|TAMS 0x00000000d4600000| PB 0x00000000d4600000| Complete 
| 327|0x00000000d4700000, 0x00000000d4800000, 0x00000000d4800000|100%| E|CS|TAMS 0x00000000d4700000| PB 0x00000000d4700000| Complete 
| 328|0x00000000d4800000, 0x00000000d4900000, 0x00000000d4900000|100%| E|CS|TAMS 0x00000000d4800000| PB 0x00000000d4800000| Complete 
| 329|0x00000000d4900000, 0x00000000d4a00000, 0x00000000d4a00000|100%| E|CS|TAMS 0x00000000d4900000| PB 0x00000000d4900000| Complete 
| 330|0x00000000d4a00000, 0x00000000d4b00000, 0x00000000d4b00000|100%| E|CS|TAMS 0x00000000d4a00000| PB 0x00000000d4a00000| Complete 
| 331|0x00000000d4b00000, 0x00000000d4c00000, 0x00000000d4c00000|100%| E|CS|TAMS 0x00000000d4b00000| PB 0x00000000d4b00000| Complete 
| 332|0x00000000d4c00000, 0x00000000d4d00000, 0x00000000d4d00000|100%| E|CS|TAMS 0x00000000d4c00000| PB 0x00000000d4c00000| Complete 
| 333|0x00000000d4d00000, 0x00000000d4e00000, 0x00000000d4e00000|100%| E|CS|TAMS 0x00000000d4d00000| PB 0x00000000d4d00000| Complete 
| 334|0x00000000d4e00000, 0x00000000d4f00000, 0x00000000d4f00000|100%| E|CS|TAMS 0x00000000d4e00000| PB 0x00000000d4e00000| Complete 
| 335|0x00000000d4f00000, 0x00000000d5000000, 0x00000000d5000000|100%| E|CS|TAMS 0x00000000d4f00000| PB 0x00000000d4f00000| Complete 
| 336|0x00000000d5000000, 0x00000000d5100000, 0x00000000d5100000|100%| E|CS|TAMS 0x00000000d5000000| PB 0x00000000d5000000| Complete 
| 337|0x00000000d5100000, 0x00000000d5200000, 0x00000000d5200000|100%| E|CS|TAMS 0x00000000d5100000| PB 0x00000000d5100000| Complete 
| 338|0x00000000d5200000, 0x00000000d5300000, 0x00000000d5300000|100%| E|CS|TAMS 0x00000000d5200000| PB 0x00000000d5200000| Complete 
| 339|0x00000000d5300000, 0x00000000d5400000, 0x00000000d5400000|100%| E|CS|TAMS 0x00000000d5300000| PB 0x00000000d5300000| Complete 
| 340|0x00000000d5400000, 0x00000000d5500000, 0x00000000d5500000|100%| E|CS|TAMS 0x00000000d5400000| PB 0x00000000d5400000| Complete 
| 341|0x00000000d5500000, 0x00000000d5600000, 0x00000000d5600000|100%| E|CS|TAMS 0x00000000d5500000| PB 0x00000000d5500000| Complete 
| 342|0x00000000d5600000, 0x00000000d5700000, 0x00000000d5700000|100%| E|CS|TAMS 0x00000000d5600000| PB 0x00000000d5600000| Complete 
| 343|0x00000000d5700000, 0x00000000d5800000, 0x00000000d5800000|100%| E|CS|TAMS 0x00000000d5700000| PB 0x00000000d5700000| Complete 
| 344|0x00000000d5800000, 0x00000000d5900000, 0x00000000d5900000|100%| E|CS|TAMS 0x00000000d5800000| PB 0x00000000d5800000| Complete 
| 345|0x00000000d5900000, 0x00000000d5a00000, 0x00000000d5a00000|100%| E|CS|TAMS 0x00000000d5900000| PB 0x00000000d5900000| Complete 
| 346|0x00000000d5a00000, 0x00000000d5b00000, 0x00000000d5b00000|100%| S|CS|TAMS 0x00000000d5a00000| PB 0x00000000d5a00000| Complete 
| 347|0x00000000d5b00000, 0x00000000d5c00000, 0x00000000d5c00000|100%| S|CS|TAMS 0x00000000d5b00000| PB 0x00000000d5b00000| Complete 
| 348|0x00000000d5c00000, 0x00000000d5d00000, 0x00000000d5d00000|100%| S|CS|TAMS 0x00000000d5c00000| PB 0x00000000d5c00000| Complete 
| 349|0x00000000d5d00000, 0x00000000d5e00000, 0x00000000d5e00000|100%| S|CS|TAMS 0x00000000d5d00000| PB 0x00000000d5d00000| Complete 
| 989|0x00000000fdd00000, 0x00000000fde00000, 0x00000000fde00000|100%| O|  |TAMS 0x00000000fdd00000| PB 0x00000000fdd00000| Untracked 
| 990|0x00000000fde00000, 0x00000000fdf00000, 0x00000000fdf00000|100%| O|  |TAMS 0x00000000fde00000| PB 0x00000000fde00000| Untracked 
| 991|0x00000000fdf00000, 0x00000000fe000000, 0x00000000fe000000|100%| O|  |TAMS 0x00000000fdf00000| PB 0x00000000fdf00000| Untracked 
| 992|0x00000000fe000000, 0x00000000fe100000, 0x00000000fe100000|100%| O|  |TAMS 0x00000000fe000000| PB 0x00000000fe000000| Untracked 
| 993|0x00000000fe100000, 0x00000000fe200000, 0x00000000fe200000|100%| O|  |TAMS 0x00000000fe100000| PB 0x00000000fe100000| Untracked 
| 994|0x00000000fe200000, 0x00000000fe300000, 0x00000000fe300000|100%| O|  |TAMS 0x00000000fe200000| PB 0x00000000fe200000| Untracked 
| 995|0x00000000fe300000, 0x00000000fe400000, 0x00000000fe400000|100%| O|  |TAMS 0x00000000fe300000| PB 0x00000000fe300000| Untracked 
| 996|0x00000000fe400000, 0x00000000fe500000, 0x00000000fe500000|100%| O|  |TAMS 0x00000000fe400000| PB 0x00000000fe400000| Untracked 
| 997|0x00000000fe500000, 0x00000000fe600000, 0x00000000fe600000|100%| O|  |TAMS 0x00000000fe500000| PB 0x00000000fe500000| Untracked 
| 998|0x00000000fe600000, 0x00000000fe700000, 0x00000000fe700000|100%| O|  |TAMS 0x00000000fe600000| PB 0x00000000fe600000| Untracked 
| 999|0x00000000fe700000, 0x00000000fe800000, 0x00000000fe800000|100%| O|  |TAMS 0x00000000fe700000| PB 0x00000000fe700000| Untracked 
|1000|0x00000000fe800000, 0x00000000fe900000, 0x00000000fe900000|100%| O|  |TAMS 0x00000000fe800000| PB 0x00000000fe800000| Untracked 
|1001|0x00000000fe900000, 0x00000000fea00000, 0x00000000fea00000|100%| O|  |TAMS 0x00000000fe900000| PB 0x00000000fe900000| Untracked 
|1002|0x00000000fea00000, 0x00000000feb00000, 0x00000000feb00000|100%| O|  |TAMS 0x00000000fea00000| PB 0x00000000fea00000| Untracked 
|1003|0x00000000feb00000, 0x00000000fec00000, 0x00000000fec00000|100%| O|  |TAMS 0x00000000feb00000| PB 0x00000000feb00000| Untracked 
|1004|0x00000000fec00000, 0x00000000fed00000, 0x00000000fed00000|100%| O|  |TAMS 0x00000000fec00000| PB 0x00000000fec00000| Untracked 
|1005|0x00000000fed00000, 0x00000000fee00000, 0x00000000fee00000|100%| O|  |TAMS 0x00000000fed00000| PB 0x00000000fed00000| Untracked 
|1006|0x00000000fee00000, 0x00000000fef00000, 0x00000000fef00000|100%| O|  |TAMS 0x00000000fee00000| PB 0x00000000fee00000| Untracked 
|1007|0x00000000fef00000, 0x00000000ff000000, 0x00000000ff000000|100%| O|  |TAMS 0x00000000fef00000| PB 0x00000000fef00000| Untracked 
|1008|0x00000000ff000000, 0x00000000ff100000, 0x00000000ff100000|100%| O|  |TAMS 0x00000000ff000000| PB 0x00000000ff000000| Untracked 
|1009|0x00000000ff100000, 0x00000000ff200000, 0x00000000ff200000|100%| O|  |TAMS 0x00000000ff100000| PB 0x00000000ff100000| Untracked 
|1010|0x00000000ff200000, 0x00000000ff300000, 0x00000000ff300000|100%| O|  |TAMS 0x00000000ff200000| PB 0x00000000ff200000| Untracked 
|1011|0x00000000ff300000, 0x00000000ff400000, 0x00000000ff400000|100%| O|  |TAMS 0x00000000ff300000| PB 0x00000000ff300000| Untracked 
|1012|0x00000000ff400000, 0x00000000ff500000, 0x00000000ff500000|100%| O|  |TAMS 0x00000000ff500000| PB 0x00000000ff400000| Untracked 
|1013|0x00000000ff500000, 0x00000000ff600000, 0x00000000ff600000|100%| E|CS|TAMS 0x00000000ff500000| PB 0x00000000ff500000| Complete 
|1014|0x00000000ff600000, 0x00000000ff700000, 0x00000000ff700000|100%| E|CS|TAMS 0x00000000ff600000| PB 0x00000000ff600000| Complete 
|1015|0x00000000ff700000, 0x00000000ff800000, 0x00000000ff800000|100%| E|CS|TAMS 0x00000000ff700000| PB 0x00000000ff700000| Complete 
|1016|0x00000000ff800000, 0x00000000ff900000, 0x00000000ff900000|100%| E|CS|TAMS 0x00000000ff800000| PB 0x00000000ff800000| Complete 
|1017|0x00000000ff900000, 0x00000000ffa00000, 0x00000000ffa00000|100%| O|  |TAMS 0x00000000ffa00000| PB 0x00000000ff900000| Untracked 
|1018|0x00000000ffa00000, 0x00000000ffb00000, 0x00000000ffb00000|100%| E|CS|TAMS 0x00000000ffa00000| PB 0x00000000ffa00000| Complete 
|1019|0x00000000ffb00000, 0x00000000ffc00000, 0x00000000ffc00000|100%| E|CS|TAMS 0x00000000ffb00000| PB 0x00000000ffb00000| Complete 
|1020|0x00000000ffc00000, 0x00000000ffd00000, 0x00000000ffd00000|100%| E|CS|TAMS 0x00000000ffc00000| PB 0x00000000ffc00000| Complete 
|1021|0x00000000ffd00000, 0x00000000ffe00000, 0x00000000ffe00000|100%| E|CS|TAMS 0x00000000ffd00000| PB 0x00000000ffd00000| Complete 
|1022|0x00000000ffe00000, 0x00000000fff00000, 0x00000000fff00000|100%| O|  |TAMS 0x00000000fff00000| PB 0x00000000ffe00000| Untracked 
|1023|0x00000000fff00000, 0x0000000100000000, 0x0000000100000000|100%| O|  |TAMS 0x0000000100000000| PB 0x00000000fff00000| Untracked 

Card table byte_map: [0x00007fd1c9a00000,0x00007fd1c9c00000] _byte_map_base: 0x00007fd1c9400000

Marking Bits: (CMBitMap*) 0x00007fd1dc069cd0
 Bits: [0x00007fd1c8a00000, 0x00007fd1c9a00000)

Polling page: 0x00007fd1e1c9b000

Metaspace:

Usage:
  Non-class:    138.16 MB used.
      Class:     21.52 MB used.
       Both:    159.68 MB used.

Virtual space:
  Non-class space:      192.00 MB reserved,     139.38 MB ( 73%) committed,  3 nodes.
      Class space:        1.00 GB reserved,      22.75 MB (  2%) committed,  1 nodes.
             Both:        1.19 GB reserved,     162.12 MB ( 13%) committed. 

Chunk freelists:
   Non-Class:  3.69 MB
       Class:  9.22 MB
        Both:  12.91 MB

MaxMetaspaceSize: unlimited
CompressedClassSpaceSize: 1.00 GB
Initial GC threshold: 21.00 MB
Current GC threshold: 266.38 MB
CDS: off
 - commit_granule_bytes: 65536.
 - commit_granule_words: 8192.
 - virtual_space_node_default_size: 8388608.
 - enlarge_chunks_in_place: 1.
 - use_allocation_guard: 0.


Internal statistics:

num_allocs_failed_limit: 12.
num_arena_births: 4950.
num_arena_deaths: 0.
num_vsnodes_births: 4.
num_vsnodes_deaths: 0.
num_space_committed: 2592.
num_space_uncommitted: 0.
num_chunks_returned_to_freelist: 12.
num_chunks_taken_from_freelist: 12005.
num_chunk_merges: 12.
num_chunk_splits: 7927.
num_chunks_enlarged: 5041.
num_inconsistent_stats: 0.

CodeHeap 'non-profiled nmethods': size=120032Kb used=10215Kb max_used=10215Kb free=109816Kb
 bounds [0x00007fd1d18c8000, 0x00007fd1d2308000, 0x00007fd1d8e00000]
CodeHeap 'profiled nmethods': size=120028Kb used=26577Kb max_used=28404Kb free=93450Kb
 bounds [0x00007fd1c9e00000, 0x00007fd1cb9c0000, 0x00007fd1d1337000]
CodeHeap 'non-nmethods': size=5700Kb used=3071Kb max_used=3108Kb free=2628Kb
 bounds [0x00007fd1d1337000, 0x00007fd1d1657000, 0x00007fd1d18c8000]
CodeCache: size=245760Kb, used=39863Kb, max_used=41727Kb, free=205894Kb
 total_blobs=15603, nmethods=14451, adapters=1057, full_count=0
Compilation: enabled, stopped_count=0, restarted_count=0

Compilation events (20 events):
Event: 188.620 Thread 0x00007fd1dc1c9bc0 19559       3       java.io.RandomAccessFile$1::close (11 bytes)
Event: 188.621 Thread 0x00007fd1dc1c9bc0 nmethod 19559 0x00007fd1ca0f1b90 code [0x00007fd1ca0f1d80, 0x00007fd1ca0f2298]
Event: 188.650 Thread 0x00007fd1dc1c8510 nmethod 19558 0x00007fd1d20c3e90 code [0x00007fd1d20c40c0, 0x00007fd1d20c5208]
Event: 188.650 Thread 0x00007fd1dc1c8510 19557       4       com.android.tools.r8.ArchiveProgramResourceProvider$$Lambda/0x00000001016ba3b8::test (8 bytes)
Event: 188.685 Thread 0x00007fd1dc1c8510 nmethod 19557 0x00007fd1d1a1fe90 code [0x00007fd1d1a20060, 0x00007fd1d1a20878]
Event: 188.701 Thread 0x00007fd1dc1c8510 19560       4       com.android.tools.r8.origin.ArchiveEntryOrigin::<init> (11 bytes)
Event: 188.708 Thread 0x00007fd1dc1c8510 nmethod 19560 0x00007fd1d194b790 code [0x00007fd1d194b920, 0x00007fd1d194bb80]
Event: 188.708 Thread 0x00007fd1dc1c8510 19561       4       com.android.tools.r8.ArchiveProgramResourceProvider$$Lambda/0x00000001016bacf0::a (18 bytes)
Event: 188.929 Thread 0x00007fd1dc1c9bc0 19565   !   3       java.util.zip.ZipFile$Source::<init> (279 bytes)
Event: 188.933 Thread 0x00007fd1dc1c9bc0 nmethod 19565 0x00007fd1ca00fd10 code [0x00007fd1ca00ffc0, 0x00007fd1ca010e08]
Event: 188.933 Thread 0x00007fd1dc1c9bc0 19566       3       java.util.zip.ZipFile$Source$RandomAccessFileAccessor::<init> (10 bytes)
Event: 188.933 Thread 0x00007fd1dc1c9bc0 nmethod 19566 0x00007fd1cb5dec10 code [0x00007fd1cb5deda0, 0x00007fd1cb5def50]
Event: 188.978 Thread 0x00007fd1dc1c8510 nmethod 19561 0x00007fd1d22f9a10 code [0x00007fd1d22f9da0, 0x00007fd1d22fd150]
Event: 188.978 Thread 0x00007fd1dc1c8510 19563       4       sun.nio.fs.UnixChannelFactory::newFileChannel (9 bytes)
Event: 188.999 Thread 0x00007fd1dc1c8510 nmethod 19563 0x00007fd1d18faa10 code [0x00007fd1d18fac40, 0x00007fd1d18fb3e0]
Event: 188.999 Thread 0x00007fd1dc1c8510 19564       4       sun.nio.fs.UnixChannelFactory::newFileChannel (135 bytes)
Event: 189.019 Thread 0x00007fd1dc1c8510 nmethod 19564 0x00007fd1d1ae4b90 code [0x00007fd1d1ae4dc0, 0x00007fd1d1ae55f0]
Event: 189.020 Thread 0x00007fd1dc1c8510 19562       4       com.android.tools.r8.internal.l80::y (93 bytes)
Event: 189.051 Thread 0x00007fd1dc1c8510 nmethod 19562 0x00007fd1d2179e90 code [0x00007fd1d217a0a0, 0x00007fd1d217aac0]
Event: 189.051 Thread 0x00007fd1dc1c8510 19567       4       com.android.tools.r8.ArchiveProgramResourceProvider::a (99 bytes)

GC Heap History (20 events):
Event: 97.722 GC heap before
{Heap before GC invocations=55 (full 0):
 garbage-first heap   total 299008K, used 255488K [0x00000000c0000000, 0x0000000100000000)
  region size 1024K, 84 young (86016K), 9 survivors (9216K)
 Metaspace       used 148559K, committed 150976K, reserved 1179648K
  class space    used 20311K, committed 21504K, reserved 1048576K
}
Event: 97.781 GC heap after
{Heap after GC invocations=56 (full 0):
 garbage-first heap   total 299008K, used 184972K [0x00000000c0000000, 0x0000000100000000)
  region size 1024K, 8 young (8192K), 8 survivors (8192K)
 Metaspace       used 148559K, committed 150976K, reserved 1179648K
  class space    used 20311K, committed 21504K, reserved 1048576K
}
Event: 110.794 GC heap before
{Heap before GC invocations=56 (full 0):
 garbage-first heap   total 299008K, used 274060K [0x00000000c0000000, 0x0000000100000000)
  region size 1024K, 95 young (97280K), 8 survivors (8192K)
 Metaspace       used 158113K, committed 160704K, reserved 1245184K
  class space    used 21325K, committed 22592K, reserved 1048576K
}
Event: 110.839 GC heap after
{Heap after GC invocations=57 (full 0):
 garbage-first heap   total 299008K, used 187392K [0x00000000c0000000, 0x0000000100000000)
  region size 1024K, 5 young (5120K), 5 survivors (5120K)
 Metaspace       used 158113K, committed 160704K, reserved 1245184K
  class space    used 21325K, committed 22592K, reserved 1048576K
}
Event: 171.670 GC heap before
{Heap before GC invocations=57 (full 0):
 garbage-first heap   total 299008K, used 274432K [0x00000000c0000000, 0x0000000100000000)
  region size 1024K, 91 young (93184K), 5 survivors (5120K)
 Metaspace       used 159403K, committed 161920K, reserved 1245184K
  class space    used 21412K, committed 22656K, reserved 1048576K
}
Event: 171.720 GC heap after
{Heap after GC invocations=58 (full 0):
 garbage-first heap   total 299008K, used 201216K [0x00000000c0000000, 0x0000000100000000)
  region size 1024K, 12 young (12288K), 12 survivors (12288K)
 Metaspace       used 159403K, committed 161920K, reserved 1245184K
  class space    used 21412K, committed 22656K, reserved 1048576K
}
Event: 173.870 GC heap before
{Heap before GC invocations=59 (full 0):
 garbage-first heap   total 336896K, used 272896K [0x00000000c0000000, 0x0000000100000000)
  region size 1024K, 83 young (84992K), 12 survivors (12288K)
 Metaspace       used 160914K, committed 163456K, reserved 1245184K
  class space    used 21714K, committed 22976K, reserved 1048576K
}
Event: 173.916 GC heap after
{Heap after GC invocations=60 (full 0):
 garbage-first heap   total 336896K, used 209920K [0x00000000c0000000, 0x0000000100000000)
  region size 1024K, 8 young (8192K), 8 survivors (8192K)
 Metaspace       used 160914K, committed 163456K, reserved 1245184K
  class space    used 21714K, committed 22976K, reserved 1048576K
}
Event: 175.610 GC heap before
{Heap before GC invocations=60 (full 0):
 garbage-first heap   total 336896K, used 306176K [0x00000000c0000000, 0x0000000100000000)
  region size 1024K, 102 young (104448K), 8 survivors (8192K)
 Metaspace       used 160980K, committed 163584K, reserved 1245184K
  class space    used 21715K, committed 22976K, reserved 1048576K
}
Event: 175.655 GC heap after
{Heap after GC invocations=61 (full 0):
 garbage-first heap   total 336896K, used 213910K [0x00000000c0000000, 0x0000000100000000)
  region size 1024K, 9 young (9216K), 9 survivors (9216K)
 Metaspace       used 160980K, committed 163584K, reserved 1245184K
  class space    used 21715K, committed 22976K, reserved 1048576K
}
Event: 177.155 GC heap before
{Heap before GC invocations=61 (full 0):
 garbage-first heap   total 336896K, used 307094K [0x00000000c0000000, 0x0000000100000000)
  region size 1024K, 101 young (103424K), 9 survivors (9216K)
 Metaspace       used 161040K, committed 163584K, reserved 1245184K
  class space    used 21717K, committed 22976K, reserved 1048576K
}
Event: 177.181 GC heap after
{Heap after GC invocations=62 (full 0):
 garbage-first heap   total 336896K, used 217864K [0x00000000c0000000, 0x0000000100000000)
  region size 1024K, 6 young (6144K), 6 survivors (6144K)
 Metaspace       used 161040K, committed 163584K, reserved 1245184K
  class space    used 21717K, committed 22976K, reserved 1048576K
}
Event: 179.158 GC heap before
{Heap before GC invocations=63 (full 0):
 garbage-first heap   total 365568K, used 312072K [0x00000000c0000000, 0x0000000100000000)
  region size 1024K, 98 young (100352K), 6 survivors (6144K)
 Metaspace       used 161212K, committed 163712K, reserved 1245184K
  class space    used 21739K, committed 22976K, reserved 1048576K
}
Event: 179.193 GC heap after
{Heap after GC invocations=64 (full 0):
 garbage-first heap   total 365568K, used 220959K [0x00000000c0000000, 0x0000000100000000)
  region size 1024K, 9 young (9216K), 9 survivors (9216K)
 Metaspace       used 161212K, committed 163712K, reserved 1245184K
  class space    used 21739K, committed 22976K, reserved 1048576K
}
Event: 182.291 GC heap before
{Heap before GC invocations=64 (full 0):
 garbage-first heap   total 365568K, used 338719K [0x00000000c0000000, 0x0000000100000000)
  region size 1024K, 125 young (128000K), 9 survivors (9216K)
 Metaspace       used 161408K, committed 163968K, reserved 1245184K
  class space    used 21750K, committed 23040K, reserved 1048576K
}
Event: 182.347 GC heap after
{Heap after GC invocations=65 (full 0):
 garbage-first heap   total 366592K, used 205393K [0x00000000c0000000, 0x0000000100000000)
  region size 1024K, 10 young (10240K), 10 survivors (10240K)
 Metaspace       used 161408K, committed 163968K, reserved 1245184K
  class space    used 21750K, committed 23040K, reserved 1048576K
}
Event: 188.064 GC heap before
{Heap before GC invocations=65 (full 0):
 garbage-first heap   total 366592K, used 338513K [0x00000000c0000000, 0x0000000100000000)
  region size 1024K, 141 young (144384K), 10 survivors (10240K)
 Metaspace       used 163505K, committed 166016K, reserved 1245184K
  class space    used 22038K, committed 23296K, reserved 1048576K
}
Event: 188.102 GC heap after
{Heap after GC invocations=66 (full 0):
 garbage-first heap   total 366592K, used 216064K [0x00000000c0000000, 0x0000000100000000)
  region size 1024K, 16 young (16384K), 16 survivors (16384K)
 Metaspace       used 163505K, committed 166016K, reserved 1245184K
  class space    used 22038K, committed 23296K, reserved 1048576K
}
Event: 189.115 GC heap before
{Heap before GC invocations=66 (full 0):
 garbage-first heap   total 366592K, used 336896K [0x00000000c0000000, 0x0000000100000000)
  region size 1024K, 135 young (138240K), 16 survivors (16384K)
 Metaspace       used 163505K, committed 166016K, reserved 1245184K
  class space    used 22038K, committed 23296K, reserved 1048576K
}
Event: 189.197 GC heap after
{Heap after GC invocations=67 (full 0):
 garbage-first heap   total 394240K, used 256000K [0x00000000c0000000, 0x0000000100000000)
  region size 1024K, 17 young (17408K), 17 survivors (17408K)
 Metaspace       used 163505K, committed 166016K, reserved 1245184K
  class space    used 22038K, committed 23296K, reserved 1048576K
}

Dll operation events (13 events):
Event: 0.041 Loaded shared library /home/elonmusk/Downloads/android-studio/jbr/lib/libjava.so
Event: 0.054 Loaded shared library /home/elonmusk/Downloads/android-studio/jbr/lib/libzip.so
Event: 0.299 Loaded shared library /home/elonmusk/Downloads/android-studio/jbr/lib/libnio.so
Event: 0.309 Loaded shared library /home/elonmusk/Downloads/android-studio/jbr/lib/libinstrument.so
Event: 0.323 Loaded shared library /home/elonmusk/Downloads/android-studio/jbr/lib/libzip.so
Event: 0.456 Loaded shared library /home/elonmusk/Downloads/android-studio/jbr/lib/libnet.so
Event: 0.778 Loaded shared library /home/elonmusk/Downloads/android-studio/jbr/lib/libjimage.so
Event: 0.968 Loaded shared library /home/elonmusk/Downloads/android-studio/jbr/lib/libverify.so
Event: 1.133 Loaded shared library /home/elonmusk/.gradle/native/1def1411415f61bf3af743bc5b6707747c0891f09f0c88961ee8f79bc544acac/linux-amd64/libnative-platform.so
Event: 1.227 Loaded shared library /home/elonmusk/.gradle/native/0.2.7/x86_64-linux-gnu/libgradle-fileevents.so
Event: 2.826 Loaded shared library /home/elonmusk/Downloads/android-studio/jbr/lib/libmanagement.so
Event: 2.828 Loaded shared library /home/elonmusk/Downloads/android-studio/jbr/lib/libmanagement_ext.so
Event: 3.047 Loaded shared library /home/elonmusk/Downloads/android-studio/jbr/lib/libextnet.so

Deoptimization events (20 events):
Event: 187.029 Thread 0x00007fd170169c20 Uncommon trap: trap_request=0xffffff45 fr.pc=0x00007fd1d1ab7ca0 relative=0x0000000000000b80
Event: 187.029 Thread 0x00007fd170169c20 Uncommon trap: reason=unstable_if action=reinterpret pc=0x00007fd1d1ab7ca0 method=java.util.zip.ZipFile.getZipEntry(Ljava/lang/String;I)Ljava/util/zip/ZipEntry; @ 46 c2
Event: 187.029 Thread 0x00007fd170169c20 DEOPT PACKING pc=0x00007fd1d1ab7ca0 sp=0x00007fd1407e5350
Event: 187.029 Thread 0x00007fd170169c20 DEOPT UNPACKING pc=0x00007fd1d138af93 sp=0x00007fd1407e5328 mode 2
Event: 187.982 Thread 0x00007fd170169c20 Uncommon trap: trap_request=0xffffffde fr.pc=0x00007fd1d1d3b308 relative=0x0000000000000168
Event: 187.982 Thread 0x00007fd170169c20 Uncommon trap: reason=class_check action=maybe_recompile pc=0x00007fd1d1d3b308 method=java.util.stream.AbstractPipeline.close()V @ 42 c2
Event: 187.982 Thread 0x00007fd170169c20 DEOPT PACKING pc=0x00007fd1d1d3b308 sp=0x00007fd1407e5610
Event: 187.982 Thread 0x00007fd170169c20 DEOPT UNPACKING pc=0x00007fd1d138af93 sp=0x00007fd1407e55b8 mode 2
Event: 187.982 Thread 0x00007fd170169c20 Uncommon trap: trap_request=0xffffffde fr.pc=0x00007fd1d1d3b308 relative=0x0000000000000168
Event: 187.982 Thread 0x00007fd170169c20 Uncommon trap: reason=class_check action=maybe_recompile pc=0x00007fd1d1d3b308 method=java.util.stream.AbstractPipeline.close()V @ 42 c2
Event: 187.982 Thread 0x00007fd170169c20 DEOPT PACKING pc=0x00007fd1d1d3b308 sp=0x00007fd1407e5610
Event: 187.982 Thread 0x00007fd170169c20 DEOPT UNPACKING pc=0x00007fd1d138af93 sp=0x00007fd1407e55b8 mode 2
Event: 187.982 Thread 0x00007fd170169c20 Uncommon trap: trap_request=0xffffffde fr.pc=0x00007fd1d1d3b308 relative=0x0000000000000168
Event: 187.982 Thread 0x00007fd170169c20 Uncommon trap: reason=class_check action=maybe_recompile pc=0x00007fd1d1d3b308 method=java.util.stream.AbstractPipeline.close()V @ 42 c2
Event: 187.982 Thread 0x00007fd170169c20 DEOPT PACKING pc=0x00007fd1d1d3b308 sp=0x00007fd1407e5610
Event: 187.982 Thread 0x00007fd170169c20 DEOPT UNPACKING pc=0x00007fd1d138af93 sp=0x00007fd1407e55b8 mode 2
Event: 188.103 Thread 0x00007fd1dc1b98a0 Uncommon trap: trap_request=0xffffff45 fr.pc=0x00007fd1d19bf63c relative=0x000000000000009c
Event: 188.103 Thread 0x00007fd1dc1b98a0 Uncommon trap: reason=unstable_if action=reinterpret pc=0x00007fd1d19bf63c method=java.util.concurrent.locks.LockSupport.unpark(Ljava/lang/Thread;)V @ 1 c2
Event: 188.104 Thread 0x00007fd1dc1b98a0 DEOPT PACKING pc=0x00007fd1d19bf63c sp=0x00007fd1b9afd910
Event: 188.104 Thread 0x00007fd1dc1b98a0 DEOPT UNPACKING pc=0x00007fd1d138af93 sp=0x00007fd1b9afd8c8 mode 2

Classes loaded (20 events):
Event: 172.074 Loading class java/util/stream/ReferencePipeline$4$1
Event: 172.074 Loading class java/util/stream/ReferencePipeline$4$1 done
Event: 178.737 Loading class java/nio/file/FileTreeWalker$1
Event: 178.737 Loading class java/nio/file/FileTreeWalker$1 done
Event: 185.901 Loading class java/io/PrintWriter$1
Event: 185.901 Loading class jdk/internal/access/JavaIOPrintWriterAccess
Event: 185.901 Loading class jdk/internal/access/JavaIOPrintWriterAccess done
Event: 185.901 Loading class java/io/PrintWriter$1 done
Event: 185.901 Loading class java/lang/Throwable$WrappedPrintWriter
Event: 185.901 Loading class java/lang/Throwable$PrintStreamOrWriter
Event: 185.902 Loading class java/lang/Throwable$PrintStreamOrWriter done
Event: 185.902 Loading class java/lang/Throwable$WrappedPrintWriter done
Event: 186.266 Loading class java/util/zip/ZipInputStream
Event: 186.267 Loading class java/util/zip/ZipInputStream done
Event: 187.028 Loading class java/util/zip/ZipFile$ZipEntryIterator
Event: 187.029 Loading class java/util/zip/ZipFile$ZipEntryIterator done
Event: 187.063 Loading class java/util/zip/ZipOutputStream
Event: 187.064 Loading class java/util/zip/ZipOutputStream done
Event: 187.937 Loading class java/nio/file/FileTreeIterator
Event: 187.937 Loading class java/nio/file/FileTreeIterator done

Classes unloaded (0 events):
No events

Classes redefined (0 events):
No events

Internal exceptions (20 events):
Event: 183.614 Thread 0x00007fd1484d47f0 Exception <a 'sun/nio/fs/UnixException'{0x00000000d28fab20}> (0x00000000d28fab20) 
thrown [src/hotspot/share/prims/jni.cpp, line 537]
Event: 183.614 Thread 0x00007fd1484d47f0 Exception <a 'sun/nio/fs/UnixException'{0x00000000d28fc008}> (0x00000000d28fc008) 
thrown [src/hotspot/share/prims/jni.cpp, line 537]
Event: 183.614 Thread 0x00007fd1484d47f0 Exception <a 'sun/nio/fs/UnixException'{0x00000000d28fd4d8}> (0x00000000d28fd4d8) 
thrown [src/hotspot/share/prims/jni.cpp, line 537]
Event: 183.615 Thread 0x00007fd1484d47f0 Exception <a 'sun/nio/fs/UnixException'{0x00000000d28fe9a8}> (0x00000000d28fe9a8) 
thrown [src/hotspot/share/prims/jni.cpp, line 537]
Event: 183.615 Thread 0x00007fd1484d47f0 Exception <a 'sun/nio/fs/UnixException'{0x00000000d2700110}> (0x00000000d2700110) 
thrown [src/hotspot/share/prims/jni.cpp, line 537]
Event: 183.615 Thread 0x00007fd1484d47f0 Exception <a 'sun/nio/fs/UnixException'{0x00000000d27015e0}> (0x00000000d27015e0) 
thrown [src/hotspot/share/prims/jni.cpp, line 537]
Event: 184.389 Thread 0x00007fd1484d47f0 Exception <a 'java/lang/NoSuchMethodError'{0x00000000d19e78e0}: static [Ljava/io/File;.<clinit>()V> (0x00000000d19e78e0) 
thrown [src/hotspot/share/prims/jni.cpp, line 1144]
Event: 184.425 Thread 0x00007fd170019880 Exception <a 'sun/nio/fs/UnixException'{0x00000000d17a0230}> (0x00000000d17a0230) 
thrown [src/hotspot/share/prims/jni.cpp, line 537]
Event: 184.461 Thread 0x00007fd170169c20 Exception <a 'sun/nio/fs/UnixException'{0x00000000d1555a10}> (0x00000000d1555a10) 
thrown [src/hotspot/share/prims/jni.cpp, line 537]
Event: 185.254 Thread 0x00007fd170018310 Exception <a 'sun/nio/fs/UnixException'{0x00000000cf205c68}> (0x00000000cf205c68) 
thrown [src/hotspot/share/prims/jni.cpp, line 537]
Event: 185.684 Thread 0x00007fd170018310 Exception <a 'java/net/UnknownHostException'{0x00000000cf025fb8}> (0x00000000cf025fb8) 
thrown [src/hotspot/share/prims/jni.cpp, line 537]
Event: 185.712 Thread 0x00007fd170018310 Exception <a 'java/net/UnknownHostException'{0x00000000cf05c220}> (0x00000000cf05c220) 
thrown [src/hotspot/share/prims/jni.cpp, line 537]
Event: 186.785 Thread 0x00007fd170169c20 Exception <a 'sun/nio/fs/UnixException'{0x00000000ce843d20}> (0x00000000ce843d20) 
thrown [src/hotspot/share/prims/jni.cpp, line 537]
Event: 186.785 Thread 0x00007fd170169c20 Exception <a 'sun/nio/fs/UnixException'{0x00000000ce843dd8}> (0x00000000ce843dd8) 
thrown [src/hotspot/share/prims/jni.cpp, line 537]
Event: 186.785 Thread 0x00007fd170169c20 Exception <a 'sun/nio/fs/UnixException'{0x00000000ce843e90}> (0x00000000ce843e90) 
thrown [src/hotspot/share/prims/jni.cpp, line 537]
Event: 186.785 Thread 0x00007fd170169c20 Exception <a 'sun/nio/fs/UnixException'{0x00000000ce843f48}> (0x00000000ce843f48) 
thrown [src/hotspot/share/prims/jni.cpp, line 537]
Event: 186.785 Thread 0x00007fd170169c20 Exception <a 'sun/nio/fs/UnixException'{0x00000000ce844000}> (0x00000000ce844000) 
thrown [src/hotspot/share/prims/jni.cpp, line 537]
Event: 186.785 Thread 0x00007fd170169c20 Exception <a 'sun/nio/fs/UnixException'{0x00000000ce8440f8}> (0x00000000ce8440f8) 
thrown [src/hotspot/share/prims/jni.cpp, line 537]
Event: 187.029 Thread 0x00007fd170169c20 Implicit null exception at 0x00007fd1d1ab71e2 to 0x00007fd1d1ab7c6c
Event: 188.103 Thread 0x00007fd1dc1b98a0 Implicit null exception at 0x00007fd1d19bf5bd to 0x00007fd1d19bf62d

ZGC Phase Switch (0 events):
No events

VM Operations (20 events):
Event: 182.291 Executing VM operation: G1CollectForAllocation (G1 Evacuation Pause)
Event: 182.347 Executing VM operation: G1CollectForAllocation (G1 Evacuation Pause) done
Event: 183.347 Executing VM operation: Cleanup
Event: 183.348 Executing VM operation: Cleanup done
Event: 184.348 Executing VM operation: Cleanup
Event: 184.348 Executing VM operation: Cleanup done
Event: 185.348 Executing VM operation: Cleanup
Event: 185.348 Executing VM operation: Cleanup done
Event: 185.606 Executing VM operation: HandshakeAllThreads (Deoptimize)
Event: 185.606 Executing VM operation: HandshakeAllThreads (Deoptimize) done
Event: 186.606 Executing VM operation: Cleanup
Event: 186.606 Executing VM operation: Cleanup done
Event: 186.723 Executing VM operation: HandshakeAllThreads (Deoptimize)
Event: 186.724 Executing VM operation: HandshakeAllThreads (Deoptimize) done
Event: 188.063 Executing VM operation: G1CollectForAllocation (G1 Evacuation Pause)
Event: 188.102 Executing VM operation: G1CollectForAllocation (G1 Evacuation Pause) done
Event: 189.102 Executing VM operation: Cleanup
Event: 189.102 Executing VM operation: Cleanup done
Event: 189.115 Executing VM operation: G1CollectForAllocation (G1 Evacuation Pause)
Event: 189.197 Executing VM operation: G1CollectForAllocation (G1 Evacuation Pause) done

Memory protections (20 events):
Event: 175.731 Protecting memory [0x00007fd1479fb000,0x00007fd1479ff000] with protection modes 0
Event: 175.732 Protecting memory [0x00007fd1474f6000,0x00007fd1474fa000] with protection modes 0
Event: 176.043 Protecting memory [0x00007fd1472f4000,0x00007fd1472f8000] with protection modes 0
Event: 176.046 Protecting memory [0x00007fd1471f3000,0x00007fd1471f7000] with protection modes 0
Event: 176.047 Protecting memory [0x00007fd146cee000,0x00007fd146cf2000] with protection modes 0
Event: 176.393 Protecting memory [0x00007fd1469eb000,0x00007fd1469ef000] with protection modes 0
Event: 176.458 Protecting memory [0x00007fd141cfe000,0x00007fd141d02000] with protection modes 0
Event: 176.460 Protecting memory [0x00007fd141afc000,0x00007fd141b00000] with protection modes 0
Event: 176.460 Protecting memory [0x00007fd1416f8000,0x00007fd1416fc000] with protection modes 0
Event: 176.920 Protecting memory [0x00007fd1415f7000,0x00007fd1415fb000] with protection modes 0
Event: 176.922 Protecting memory [0x00007fd1414f6000,0x00007fd1414fa000] with protection modes 0
Event: 176.925 Protecting memory [0x00007fd1413f5000,0x00007fd1413f9000] with protection modes 0
Event: 177.286 Protecting memory [0x00007fd1412f4000,0x00007fd1412f8000] with protection modes 0
Event: 177.290 Protecting memory [0x00007fd1411f3000,0x00007fd1411f7000] with protection modes 0
Event: 177.293 Protecting memory [0x00007fd1410f2000,0x00007fd1410f6000] with protection modes 0
Event: 177.747 Protecting memory [0x00007fd140ff1000,0x00007fd140ff5000] with protection modes 0
Event: 177.748 Protecting memory [0x00007fd140ef0000,0x00007fd140ef4000] with protection modes 0
Event: 177.751 Protecting memory [0x00007fd140def000,0x00007fd140df3000] with protection modes 0
Event: 178.331 Protecting memory [0x00007fd140cee000,0x00007fd140cf2000] with protection modes 0
Event: 184.397 Protecting memory [0x00007fd1406e8000,0x00007fd1406ec000] with protection modes 0

Nmethod flushes (20 events):
Event: 177.850 Thread 0x00007fd1dc0ee2c0 flushing  nmethod 0x00007fd1cb5b4590
Event: 177.850 Thread 0x00007fd1dc0ee2c0 flushing  nmethod 0x00007fd1cb5b5110
Event: 177.850 Thread 0x00007fd1dc0ee2c0 flushing  nmethod 0x00007fd1cb5ead10
Event: 177.850 Thread 0x00007fd1dc0ee2c0 flushing  nmethod 0x00007fd1cb5eb010
Event: 177.850 Thread 0x00007fd1dc0ee2c0 flushing  nmethod 0x00007fd1cb5ed410
Event: 177.850 Thread 0x00007fd1dc0ee2c0 flushing  nmethod 0x00007fd1cb6ab690
Event: 177.850 Thread 0x00007fd1dc0ee2c0 flushing  nmethod 0x00007fd1cb6deb90
Event: 177.850 Thread 0x00007fd1dc0ee2c0 flushing  nmethod 0x00007fd1cb6fb410
Event: 177.850 Thread 0x00007fd1dc0ee2c0 flushing  nmethod 0x00007fd1cb712690
Event: 177.850 Thread 0x00007fd1dc0ee2c0 flushing  nmethod 0x00007fd1cb712d10
Event: 177.850 Thread 0x00007fd1dc0ee2c0 flushing  nmethod 0x00007fd1cb713890
Event: 177.850 Thread 0x00007fd1dc0ee2c0 flushing  nmethod 0x00007fd1cb713c10
Event: 177.850 Thread 0x00007fd1dc0ee2c0 flushing  nmethod 0x00007fd1cb714010
Event: 177.850 Thread 0x00007fd1dc0ee2c0 flushing  nmethod 0x00007fd1cb714a90
Event: 177.850 Thread 0x00007fd1dc0ee2c0 flushing  nmethod 0x00007fd1cb734910
Event: 177.850 Thread 0x00007fd1dc0ee2c0 flushing  nmethod 0x00007fd1cb76f410
Event: 177.850 Thread 0x00007fd1dc0ee2c0 flushing  nmethod 0x00007fd1cb770190
Event: 177.850 Thread 0x00007fd1dc0ee2c0 flushing  nmethod 0x00007fd1cb7d5810
Event: 177.850 Thread 0x00007fd1dc0ee2c0 flushing  nmethod 0x00007fd1cb882510
Event: 177.850 Thread 0x00007fd1dc0ee2c0 flushing  nmethod 0x00007fd1cb885f90

Events (20 events):
Event: 175.730 Thread 0x00007fd1484d47f0 Thread added: 0x00007fd1700c3f80
Event: 175.732 Thread 0x00007fd1484d47f0 Thread added: 0x00007fd1700c4c40
Event: 176.043 Thread 0x00007fd1484d47f0 Thread added: 0x00007fd1700985a0
Event: 176.045 Thread 0x00007fd1484d47f0 Thread added: 0x00007fd17009a7e0
Event: 176.047 Thread 0x00007fd1484d47f0 Thread added: 0x00007fd17009b3f0
Event: 176.393 Thread 0x00007fd1484d47f0 Thread added: 0x00007fd17008e4c0
Event: 176.458 Thread 0x00007fd1484d47f0 Thread added: 0x00007fd1700c3010
Event: 176.459 Thread 0x00007fd1484d47f0 Thread added: 0x00007fd1700f61a0
Event: 176.460 Thread 0x00007fd1484d47f0 Thread added: 0x00007fd1700f7010
Event: 176.920 Thread 0x00007fd1484d47f0 Thread added: 0x00007fd1700992a0
Event: 176.921 Thread 0x00007fd1484d47f0 Thread added: 0x00007fd170091870
Event: 176.924 Thread 0x00007fd1484d47f0 Thread added: 0x00007fd170092ca0
Event: 177.285 Thread 0x00007fd1484d47f0 Thread added: 0x00007fd1700facc0
Event: 177.289 Thread 0x00007fd1484d47f0 Thread added: 0x00007fd1700fb840
Event: 177.293 Thread 0x00007fd1484d47f0 Thread added: 0x00007fd1700fcac0
Event: 177.747 Thread 0x00007fd1484d47f0 Thread added: 0x00007fd1701055a0
Event: 177.748 Thread 0x00007fd1484d47f0 Thread added: 0x00007fd1701060b0
Event: 177.749 Thread 0x00007fd1484d47f0 Thread added: 0x00007fd170106e60
Event: 178.331 Thread 0x00007fd1484d47f0 Thread added: 0x00007fd170102930
Event: 184.397 Thread 0x00007fd1484d47f0 Thread added: 0x00007fd170169c20


Dynamic libraries:
c0000000-d5e00000 rw-p 00000000 00:00 0 
d5e00000-fdd00000 ---p 00000000 00:00 0 
fdd00000-100040000 rw-p 00000000 00:00 0 
100040000-1000c0000 rw-p 00000000 00:00 0 
1000c0000-100100000 rw-p 00000000 00:00 0 
100100000-100160000 rw-p 00000000 00:00 0 
100160000-100180000 rw-p 00000000 00:00 0 
100180000-1001c0000 rw-p 00000000 00:00 0 
1001c0000-100200000 rw-p 00000000 00:00 0 
100200000-100240000 rw-p 00000000 00:00 0 
100240000-100280000 rw-p 00000000 00:00 0 
100280000-100640000 rw-p 00000000 00:00 0 
100640000-1006c0000 rw-p 00000000 00:00 0 
1006c0000-100700000 rw-p 00000000 00:00 0 
100700000-1009c0000 rw-p 00000000 00:00 0 
1009c0000-100a00000 rw-p 00000000 00:00 0 
100a00000-100c40000 rw-p 00000000 00:00 0 
100c40000-101440000 rw-p 00000000 00:00 0 
101440000-101470000 rw-p 00000000 00:00 0 
101470000-101480000 ---p 00000000 00:00 0 
101480000-1016d0000 rw-p 00000000 00:00 0 
1016d0000-140000000 ---p 00000000 00:00 0 
559e4f65f000-559e4f660000 r--p 00000000 08:01 12323833                   /home/elonmusk/Downloads/android-studio/jbr/bin/java
559e4f660000-559e4f661000 r-xp 00000000 08:01 12323833                   /home/elonmusk/Downloads/android-studio/jbr/bin/java
559e4f661000-559e4f663000 r--p 00000000 08:01 12323833                   /home/elonmusk/Downloads/android-studio/jbr/bin/java
559e4f663000-559e4f664000 rw-p 00001000 08:01 12323833                   /home/elonmusk/Downloads/android-studio/jbr/bin/java
559e60e20000-559e60f38000 rw-p 00000000 00:00 0                          [heap]
7fd13b000000-7fd13bb00000 rw-p 00000000 00:00 0 
7fd13bb00000-7fd13bb10000 rw-p 00000000 00:00 0 
7fd13bb10000-7fd13bc00000 ---p 00000000 00:00 0 
7fd13bc00000-7fd13bc50000 rw-p 00000000 00:00 0 
7fd13bc50000-7fd13f000000 ---p 00000000 00:00 0 
7fd13fb54000-7fd13fdde000 rw-p 00000000 00:00 0 
7fd13fdde000-7fd13fddf000 rw-p 00000000 00:00 0 
7fd13fddf000-7fd13fde3000 ---p 00000000 00:00 0 
7fd13fde3000-7fd13fee0000 rw-p 00000000 00:00 0 
7fd13fee0000-7fd13fee4000 ---p 00000000 00:00 0 
7fd13fee4000-7fd13ffe1000 rw-p 00000000 00:00 0 
7fd13ffe1000-7fd13ffe5000 ---p 00000000 00:00 0 
7fd13ffe5000-7fd1400e1000 rw-p 00000000 00:00 0 
7fd1401e2000-7fd1401e3000 rw-p 00000000 00:00 0 
7fd1401e3000-7fd1401e7000 ---p 00000000 00:00 0 
7fd1401e7000-7fd1402e4000 rw-p 00000000 00:00 0 
7fd1402e4000-7fd1402e8000 ---p 00000000 00:00 0 
7fd1402e8000-7fd1403e5000 rw-p 00000000 00:00 0 
7fd1403e5000-7fd1403e9000 ---p 00000000 00:00 0 
7fd1403e9000-7fd1404e6000 rw-p 00000000 00:00 0 
7fd1404e6000-7fd1404ea000 ---p 00000000 00:00 0 
7fd1404ea000-7fd1405e7000 rw-p 00000000 00:00 0 
7fd1405e7000-7fd1405eb000 ---p 00000000 00:00 0 
7fd1405eb000-7fd1406e8000 rw-p 00000000 00:00 0 
7fd1406e8000-7fd1406ec000 ---p 00000000 00:00 0 
7fd1406ec000-7fd1407e9000 rw-p 00000000 00:00 0 
7fd1407e9000-7fd1407ed000 ---p 00000000 00:00 0 
7fd1407ed000-7fd1408ea000 rw-p 00000000 00:00 0 
7fd1408ea000-7fd1408ee000 ---p 00000000 00:00 0 
7fd1408ee000-7fd1409eb000 rw-p 00000000 00:00 0 
7fd1409eb000-7fd1409ef000 ---p 00000000 00:00 0 
7fd1409ef000-7fd140aec000 rw-p 00000000 00:00 0 
7fd140aec000-7fd140af0000 ---p 00000000 00:00 0 
7fd140af0000-7fd140bed000 rw-p 00000000 00:00 0 
7fd140bed000-7fd140bf1000 ---p 00000000 00:00 0 
7fd140bf1000-7fd140cee000 rw-p 00000000 00:00 0 
7fd140cee000-7fd140cf2000 ---p 00000000 00:00 0 
7fd140cf2000-7fd140def000 rw-p 00000000 00:00 0 
7fd140def000-7fd140df3000 ---p 00000000 00:00 0 
7fd140df3000-7fd140ef0000 rw-p 00000000 00:00 0 
7fd140ef0000-7fd140ef4000 ---p 00000000 00:00 0 
7fd140ef4000-7fd140ff1000 rw-p 00000000 00:00 0 
7fd140ff1000-7fd140ff5000 ---p 00000000 00:00 0 
7fd140ff5000-7fd1410f2000 rw-p 00000000 00:00 0 
7fd1410f2000-7fd1410f6000 ---p 00000000 00:00 0 
7fd1410f6000-7fd1411f3000 rw-p 00000000 00:00 0 
7fd1411f3000-7fd1411f7000 ---p 00000000 00:00 0 
7fd1411f7000-7fd1412f4000 rw-p 00000000 00:00 0 
7fd1412f4000-7fd1412f8000 ---p 00000000 00:00 0 
7fd1412f8000-7fd1413f5000 rw-p 00000000 00:00 0 
7fd1413f5000-7fd1413f9000 ---p 00000000 00:00 0 
7fd1413f9000-7fd1414f6000 rw-p 00000000 00:00 0 
7fd1414f6000-7fd1414fa000 ---p 00000000 00:00 0 
7fd1414fa000-7fd1415f7000 rw-p 00000000 00:00 0 
7fd1415f7000-7fd1415fb000 ---p 00000000 00:00 0 
7fd1415fb000-7fd1416f8000 rw-p 00000000 00:00 0 
7fd1416f8000-7fd1416fc000 ---p 00000000 00:00 0 
7fd1416fc000-7fd1417f9000 rw-p 00000000 00:00 0 
7fd1417f9000-7fd1417fd000 ---p 00000000 00:00 0 
7fd1417fd000-7fd1418fa000 rw-p 00000000 00:00 0 
7fd1418fa000-7fd1418fe000 ---p 00000000 00:00 0 
7fd1418fe000-7fd1419fb000 rw-p 00000000 00:00 0 
7fd1419fb000-7fd1419ff000 ---p 00000000 00:00 0 
7fd1419ff000-7fd141afc000 rw-p 00000000 00:00 0 
7fd141afc000-7fd141b00000 ---p 00000000 00:00 0 
7fd141b00000-7fd141bfd000 rw-p 00000000 00:00 0 
7fd141bfd000-7fd141c01000 ---p 00000000 00:00 0 
7fd141c01000-7fd141cfe000 rw-p 00000000 00:00 0 
7fd141cfe000-7fd141d02000 ---p 00000000 00:00 0 
7fd141d02000-7fd141dff000 rw-p 00000000 00:00 0 
7fd141dff000-7fd141e03000 ---p 00000000 00:00 0 
7fd141e03000-7fd141f00000 rw-p 00000000 00:00 0 
7fd141f00000-7fd141f04000 ---p 00000000 00:00 0 
7fd141f04000-7fd142000000 rw-p 00000000 00:00 0 
7fd142000000-7fd142700000 rw-p 00000000 00:00 0 
7fd142700000-7fd142f00000 rw-p 00000000 00:00 0 
7fd142f00000-7fd143000000 rw-p 00000000 00:00 0 
7fd143000000-7fd144400000 rw-p 00000000 00:00 0 
7fd144400000-7fd145180000 rw-p 00000000 00:00 0 
7fd145180000-7fd145200000 rw-p 00000000 00:00 0 
7fd145200000-7fd145900000 rw-p 00000000 00:00 0 
7fd145900000-7fd146000000 rw-p 00000000 00:00 0 
7fd1460e1000-7fd1460e2000 rw-p 00000000 00:00 0 
7fd1460e2000-7fd1460e6000 ---p 00000000 00:00 0 
7fd1460e6000-7fd1461e3000 rw-p 00000000 00:00 0 
7fd1461e3000-7fd1461e7000 ---p 00000000 00:00 0 
7fd1461e7000-7fd1462e4000 rw-p 00000000 00:00 0 
7fd1462e4000-7fd1462e8000 ---p 00000000 00:00 0 
7fd1462e8000-7fd1463e5000 rw-p 00000000 00:00 0 
7fd1463e5000-7fd1463e9000 ---p 00000000 00:00 0 
7fd1463e9000-7fd1464e6000 rw-p 00000000 00:00 0 
7fd1464e6000-7fd1464ea000 ---p 00000000 00:00 0 
7fd1464ea000-7fd1465e7000 rw-p 00000000 00:00 0 
7fd1465e7000-7fd1465eb000 ---p 00000000 00:00 0 
7fd1465eb000-7fd1466e8000 rw-p 00000000 00:00 0 
7fd1466e8000-7fd1466ec000 ---p 00000000 00:00 0 
7fd1466ec000-7fd1467e9000 rw-p 00000000 00:00 0 
7fd1467e9000-7fd1467ed000 ---p 00000000 00:00 0 
7fd1467ed000-7fd1468ea000 rw-p 00000000 00:00 0 
7fd1468ea000-7fd1468ee000 ---p 00000000 00:00 0 
7fd1468ee000-7fd1469eb000 rw-p 00000000 00:00 0 
7fd1469eb000-7fd1469ef000 ---p 00000000 00:00 0 
7fd1469ef000-7fd146aec000 rw-p 00000000 00:00 0 
7fd146aec000-7fd146af0000 ---p 00000000 00:00 0 
7fd146af0000-7fd146bed000 rw-p 00000000 00:00 0 
7fd146bed000-7fd146bf1000 ---p 00000000 00:00 0 
7fd146bf1000-7fd146cee000 rw-p 00000000 00:00 0 
7fd146cee000-7fd146cf2000 ---p 00000000 00:00 0 
7fd146cf2000-7fd146def000 rw-p 00000000 00:00 0 
7fd146def000-7fd146df3000 ---p 00000000 00:00 0 
7fd146df3000-7fd146ef0000 rw-p 00000000 00:00 0 
7fd146ef0000-7fd146ef4000 ---p 00000000 00:00 0 
7fd146ef4000-7fd146ff1000 rw-p 00000000 00:00 0 
7fd146ff1000-7fd146ff5000 ---p 00000000 00:00 0 
7fd146ff5000-7fd1470f2000 rw-p 00000000 00:00 0 
7fd1470f2000-7fd1470f6000 ---p 00000000 00:00 0 
7fd1470f6000-7fd1471f3000 rw-p 00000000 00:00 0 
7fd1471f3000-7fd1471f7000 ---p 00000000 00:00 0 
7fd1471f7000-7fd1472f4000 rw-p 00000000 00:00 0 
7fd1472f4000-7fd1472f8000 ---p 00000000 00:00 0 
7fd1472f8000-7fd1473f5000 rw-p 00000000 00:00 0 
7fd1473f5000-7fd1473f9000 ---p 00000000 00:00 0 
7fd1473f9000-7fd1474f6000 rw-p 00000000 00:00 0 
7fd1474f6000-7fd1474fa000 ---p 00000000 00:00 0 
7fd1474fa000-7fd1475f7000 rw-p 00000000 00:00 0 
7fd1475f7000-7fd1475fb000 ---p 00000000 00:00 0 
7fd1475fb000-7fd1476f8000 rw-p 00000000 00:00 0 
7fd1476f8000-7fd1476fc000 ---p 00000000 00:00 0 
7fd1476fc000-7fd1477f9000 rw-p 00000000 00:00 0 
7fd1477f9000-7fd1477fd000 ---p 00000000 00:00 0 
7fd1477fd000-7fd1478fa000 rw-p 00000000 00:00 0 
7fd1478fa000-7fd1478fe000 ---p 00000000 00:00 0 
7fd1478fe000-7fd1479fb000 rw-p 00000000 00:00 0 
7fd1479fb000-7fd1479ff000 ---p 00000000 00:00 0 
7fd1479ff000-7fd147afc000 rw-p 00000000 00:00 0 
7fd147afc000-7fd147b00000 ---p 00000000 00:00 0 
7fd147b00000-7fd147bfd000 rw-p 00000000 00:00 0 
7fd147bfd000-7fd147c01000 ---p 00000000 00:00 0 
7fd147c01000-7fd147cfe000 rw-p 00000000 00:00 0 
7fd147cfe000-7fd147d02000 ---p 00000000 00:00 0 
7fd147d02000-7fd147dff000 rw-p 00000000 00:00 0 
7fd147dff000-7fd147e03000 ---p 00000000 00:00 0 
7fd147e03000-7fd147f00000 rw-p 00000000 00:00 0 
7fd147f00000-7fd147f04000 ---p 00000000 00:00 0 
7fd147f04000-7fd148000000 rw-p 00000000 00:00 0 
7fd148000000-7fd148ead000 rw-p 00000000 00:00 0 
7fd148ead000-7fd14c000000 ---p 00000000 00:00 0 
7fd14c000000-7fd14c069000 rw-p 00000000 00:00 0 
7fd14c069000-7fd150000000 ---p 00000000 00:00 0 
7fd150000000-7fd153d5a000 rw-p 00000000 00:00 0 
7fd153d5a000-7fd154000000 ---p 00000000 00:00 0 
7fd154000000-7fd154238000 rw-p 00000000 00:00 0 
7fd154238000-7fd158000000 ---p 00000000 00:00 0 
7fd158000000-7fd1588ef000 rw-p 00000000 00:00 0 
7fd1588ef000-7fd15c000000 ---p 00000000 00:00 0 
7fd15c000000-7fd15c124000 rw-p 00000000 00:00 0 
7fd15c124000-7fd160000000 ---p 00000000 00:00 0 
7fd160000000-7fd160062000 rw-p 00000000 00:00 0 
7fd160062000-7fd164000000 ---p 00000000 00:00 0 
7fd164000000-7fd164055000 rw-p 00000000 00:00 0 
7fd164055000-7fd168000000 ---p 00000000 00:00 0 
7fd168000000-7fd16805b000 rw-p 00000000 00:00 0 
7fd16805b000-7fd16c000000 ---p 00000000 00:00 0 
7fd16c000000-7fd16c07a000 rw-p 00000000 00:00 0 
7fd16c07a000-7fd170000000 ---p 00000000 00:00 0 
7fd170000000-7fd1702d1000 rw-p 00000000 00:00 0 
7fd1702d1000-7fd174000000 ---p 00000000 00:00 0 
7fd174000000-7fd17406e000 rw-p 00000000 00:00 0 
7fd17406e000-7fd178000000 ---p 00000000 00:00 0 
7fd178000000-7fd178a29000 rw-p 00000000 00:00 0 
7fd178a29000-7fd17c000000 ---p 00000000 00:00 0 
7fd17c000000-7fd17d4e5000 rw-p 00000000 00:00 0 
7fd17d4e5000-7fd180000000 ---p 00000000 00:00 0 
7fd180000000-7fd18094d000 rw-p 00000000 00:00 0 
7fd18094d000-7fd184000000 ---p 00000000 00:00 0 
7fd184000000-7fd184027000 rw-p 00000000 00:00 0 
7fd184027000-7fd188000000 ---p 00000000 00:00 0 
7fd188000000-7fd188051000 rw-p 00000000 00:00 0 
7fd188051000-7fd18c000000 ---p 00000000 00:00 0 
7fd18c000000-7fd18e1ad000 rw-p 00000000 00:00 0 
7fd18e1ad000-7fd190000000 ---p 00000000 00:00 0 
7fd190000000-7fd1906ca000 rw-p 00000000 00:00 0 
7fd1906ca000-7fd194000000 ---p 00000000 00:00 0 
7fd194000000-7fd19405e000 rw-p 00000000 00:00 0 
7fd19405e000-7fd198000000 ---p 00000000 00:00 0 
7fd198000000-7fd1980c8000 rw-p 00000000 00:00 0 
7fd1980c8000-7fd19c000000 ---p 00000000 00:00 0 
7fd19c000000-7fd19c064000 rw-p 00000000 00:00 0 
7fd19c064000-7fd1a0000000 ---p 00000000 00:00 0 
7fd1a0000000-7fd1a0154000 rw-p 00000000 00:00 0 
7fd1a0154000-7fd1a4000000 ---p 00000000 00:00 0 
7fd1a4000000-7fd1a443d000 rw-p 00000000 00:00 0 
7fd1a443d000-7fd1a8000000 ---p 00000000 00:00 0 
7fd1a8000000-7fd1a8500000 rw-p 00000000 00:00 0 
7fd1a8500000-7fd1a8520000 rw-p 00000000 00:00 0 
7fd1a8520000-7fd1a8540000 rw-p 00000000 00:00 0 
7fd1a8540000-7fd1a8580000 rw-p 00000000 00:00 0 
7fd1a8580000-7fd1a8700000 rw-p 00000000 00:00 0 
7fd1a8700000-7fd1a8780000 rw-p 00000000 00:00 0 
7fd1a8780000-7fd1a8900000 rw-p 00000000 00:00 0 
7fd1a8900000-7fd1a8b00000 rw-p 00000000 00:00 0 
7fd1a8b00000-7fd1a8c00000 rw-p 00000000 00:00 0 
7fd1a8c00000-7fd1a8cc0000 rw-p 00000000 00:00 0 
7fd1a8cc0000-7fd1a8d00000 rw-p 00000000 00:00 0 
7fd1a8d00000-7fd1a8f00000 rw-p 00000000 00:00 0 
7fd1a8f00000-7fd1a8fc0000 rw-p 00000000 00:00 0 
7fd1a8fc0000-7fd1a9100000 rw-p 00000000 00:00 0 
7fd1a9100000-7fd1a9300000 rw-p 00000000 00:00 0 
7fd1a9300000-7fd1a9400000 rw-p 00000000 00:00 0 
7fd1a9400000-7fd1a9f00000 rw-p 00000000 00:00 0 
7fd1a9f00000-7fd1aa000000 rw-p 00000000 00:00 0 
7fd1aa000000-7fd1aa500000 rw-p 00000000 00:00 0 
7fd1aa500000-7fd1aa700000 rw-p 00000000 00:00 0 
7fd1aa700000-7fd1aa800000 rw-p 00000000 00:00 0 
7fd1aa800000-7fd1ab200000 rw-p 00000000 00:00 0 
7fd1ab200000-7fd1ab700000 rw-p 00000000 00:00 0 
7fd1ab700000-7fd1ab900000 rw-p 00000000 00:00 0 
7fd1ab900000-7fd1ac000000 rw-p 00000000 00:00 0 
7fd1ac000000-7fd1ac021000 rw-p 00000000 00:00 0 
7fd1ac021000-7fd1b0000000 ---p 00000000 00:00 0 
7fd1b0000000-7fd1b0021000 rw-p 00000000 00:00 0 
7fd1b0021000-7fd1b4000000 ---p 00000000 00:00 0 
7fd1b4000000-7fd1b4026000 rw-p 00000000 00:00 0 
7fd1b4026000-7fd1b8000000 ---p 00000000 00:00 0 
7fd1b80f5000-7fd1b80f6000 rw-p 00000000 00:00 0 
7fd1b80f6000-7fd1b80fa000 ---p 00000000 00:00 0 
7fd1b80fa000-7fd1b81f7000 rw-p 00000000 00:00 0 
7fd1b81f7000-7fd1b81fb000 ---p 00000000 00:00 0 
7fd1b81fb000-7fd1b82f8000 rw-p 00000000 00:00 0 
7fd1b82f8000-7fd1b82fc000 ---p 00000000 00:00 0 
7fd1b82fc000-7fd1b83f9000 rw-p 00000000 00:00 0 
7fd1b83f9000-7fd1b83fd000 ---p 00000000 00:00 0 
7fd1b83fd000-7fd1b84fa000 rw-p 00000000 00:00 0 
7fd1b84fa000-7fd1b84fe000 ---p 00000000 00:00 0 
7fd1b84fe000-7fd1b85fb000 rw-p 00000000 00:00 0 
7fd1b85fb000-7fd1b85ff000 ---p 00000000 00:00 0 
7fd1b85ff000-7fd1b86fc000 rw-p 00000000 00:00 0 
7fd1b86fc000-7fd1b8700000 ---p 00000000 00:00 0 
7fd1b8700000-7fd1b87fd000 rw-p 00000000 00:00 0 
7fd1b87fd000-7fd1b8801000 ---p 00000000 00:00 0 
7fd1b8801000-7fd1b88fe000 rw-p 00000000 00:00 0 
7fd1b88fe000-7fd1b8902000 ---p 00000000 00:00 0 
7fd1b8902000-7fd1b89ff000 rw-p 00000000 00:00 0 
7fd1b89ff000-7fd1b8a03000 ---p 00000000 00:00 0 
7fd1b8a03000-7fd1b8b00000 rw-p 00000000 00:00 0 
7fd1b8b00000-7fd1b8b04000 ---p 00000000 00:00 0 
7fd1b8b04000-7fd1b8c00000 rw-p 00000000 00:00 0 
7fd1b8c00000-7fd1b8c05000 r-xp 00000000 08:01 17702337                   /home/elonmusk/.gradle/native/1def1411415f61bf3af743bc5b6707747c0891f09f0c88961ee8f79bc544acac/linux-amd64/libnative-platform.so
7fd1b8c05000-7fd1b8e05000 ---p 00005000 08:01 17702337                   /home/elonmusk/.gradle/native/1def1411415f61bf3af743bc5b6707747c0891f09f0c88961ee8f79bc544acac/linux-amd64/libnative-platform.so
7fd1b8e05000-7fd1b8e06000 r--p 00005000 08:01 17702337                   /home/elonmusk/.gradle/native/1def1411415f61bf3af743bc5b6707747c0891f09f0c88961ee8f79bc544acac/linux-amd64/libnative-platform.so
7fd1b8e06000-7fd1b8e07000 rw-p 00006000 08:01 17702337                   /home/elonmusk/.gradle/native/1def1411415f61bf3af743bc5b6707747c0891f09f0c88961ee8f79bc544acac/linux-amd64/libnative-platform.so
7fd1b8e2c000-7fd1b8e2d000 r--p 00000000 08:01 4113479                    /usr/lib/x86_64-linux-gnu/libnss_mdns4_minimal.so.2
7fd1b8e2d000-7fd1b8e2f000 r-xp 00001000 08:01 4113479                    /usr/lib/x86_64-linux-gnu/libnss_mdns4_minimal.so.2
7fd1b8e2f000-7fd1b8e30000 r--p 00003000 08:01 4113479                    /usr/lib/x86_64-linux-gnu/libnss_mdns4_minimal.so.2
7fd1b8e30000-7fd1b8e31000 r--p 00003000 08:01 4113479                    /usr/lib/x86_64-linux-gnu/libnss_mdns4_minimal.so.2
7fd1b8e31000-7fd1b8e32000 rw-p 00004000 08:01 4113479                    /usr/lib/x86_64-linux-gnu/libnss_mdns4_minimal.so.2
7fd1b8e56000-7fd1b8e5d000 r--s 00000000 08:01 4063826                    /usr/lib/x86_64-linux-gnu/gconv/gconv-modules.cache
7fd1b8e5d000-7fd1b8e5f000 r--p 00000000 08:01 12324210                   /home/elonmusk/Downloads/android-studio/jbr/lib/libextnet.so
7fd1b8e5f000-7fd1b8e60000 r-xp 00001000 08:01 12324210                   /home/elonmusk/Downloads/android-studio/jbr/lib/libextnet.so
7fd1b8e60000-7fd1b8e61000 r--p 00001000 08:01 12324210                   /home/elonmusk/Downloads/android-studio/jbr/lib/libextnet.so
7fd1b8e61000-7fd1b8e62000 rw-p 00001000 08:01 12324210                   /home/elonmusk/Downloads/android-studio/jbr/lib/libextnet.so
7fd1b8e62000-7fd1b8f63000 rw-p 00000000 00:00 0 
7fd1b8f63000-7fd1b8f9f000 r--p 00000000 08:01 17702347                   /home/elonmusk/.gradle/native/0.2.7/x86_64-linux-gnu/libgradle-fileevents.so
7fd1b8f9f000-7fd1b8fe7000 r-xp 0003b000 08:01 17702347                   /home/elonmusk/.gradle/native/0.2.7/x86_64-linux-gnu/libgradle-fileevents.so
7fd1b8fe7000-7fd1b8ff0000 r--p 00082000 08:01 17702347                   /home/elonmusk/.gradle/native/0.2.7/x86_64-linux-gnu/libgradle-fileevents.so
7fd1b8ff0000-7fd1b8ff1000 rw-p 0008a000 08:01 17702347                   /home/elonmusk/.gradle/native/0.2.7/x86_64-linux-gnu/libgradle-fileevents.so
7fd1b8ff1000-7fd1b8ff4000 rw-p 00000000 00:00 0 
7fd1b8ff4000-7fd1b91f7000 rw-p 00000000 00:00 0 
7fd1b91f7000-7fd1b91fb000 ---p 00000000 00:00 0 
7fd1b91fb000-7fd1b92f8000 rw-p 00000000 00:00 0 
7fd1b92f8000-7fd1b92fc000 ---p 00000000 00:00 0 
7fd1b92fc000-7fd1b93f9000 rw-p 00000000 00:00 0 
7fd1b93f9000-7fd1b93fd000 ---p 00000000 00:00 0 
7fd1b93fd000-7fd1b94fa000 rw-p 00000000 00:00 0 
7fd1b94fa000-7fd1b94fe000 ---p 00000000 00:00 0 
7fd1b94fe000-7fd1b95fb000 rw-p 00000000 00:00 0 
7fd1b95fb000-7fd1b95ff000 ---p 00000000 00:00 0 
7fd1b95ff000-7fd1b96fc000 rw-p 00000000 00:00 0 
7fd1b96fc000-7fd1b9700000 ---p 00000000 00:00 0 
7fd1b9700000-7fd1b97fd000 rw-p 00000000 00:00 0 
7fd1b97fd000-7fd1b9801000 ---p 00000000 00:00 0 
7fd1b9801000-7fd1b98fe000 rw-p 00000000 00:00 0 
7fd1b98fe000-7fd1b9902000 ---p 00000000 00:00 0 
7fd1b9902000-7fd1b99ff000 rw-p 00000000 00:00 0 
7fd1b99ff000-7fd1b9a03000 ---p 00000000 00:00 0 
7fd1b9a03000-7fd1b9b00000 rw-p 00000000 00:00 0 
7fd1b9b00000-7fd1b9b04000 ---p 00000000 00:00 0 
7fd1b9b04000-7fd1b9c00000 rw-p 00000000 00:00 0 
7fd1b9c00000-7fd1b9eec000 r--p 00000000 08:01 4108431                    /usr/lib/locale/locale-archive
7fd1b9eee000-7fd1b9ef4000 r--p 00000000 08:01 12324184                   /home/elonmusk/Downloads/android-studio/jbr/lib/libverify.so
7fd1b9ef4000-7fd1b9efc000 r-xp 00005000 08:01 12324184                   /home/elonmusk/Downloads/android-studio/jbr/lib/libverify.so
7fd1b9efc000-7fd1b9efe000 r--p 0000c000 08:01 12324184                   /home/elonmusk/Downloads/android-studio/jbr/lib/libverify.so
7fd1b9efe000-7fd1b9eff000 rw-p 0000d000 08:01 12324184                   /home/elonmusk/Downloads/android-studio/jbr/lib/libverify.so
7fd1b9eff000-7fd1ba000000 rw-p 00000000 00:00 0 
7fd1ba000000-7fd1bc023000 rw-p 00000000 00:00 0 
7fd1bc023000-7fd1c0000000 ---p 00000000 00:00 0 
7fd1c0000000-7fd1c0332000 rw-p 00000000 00:00 0 
7fd1c0332000-7fd1c4000000 ---p 00000000 00:00 0 
7fd1c4000000-7fd1c448c000 rw-p 00000000 00:00 0 
7fd1c448c000-7fd1c8000000 ---p 00000000 00:00 0 
7fd1c8002000-7fd1c8103000 rw-p 00000000 00:00 0 
7fd1c821d000-7fd1c82f9000 rw-p 00000000 00:00 0 
7fd1c82f9000-7fd1c84fb000 rw-p 00000000 00:00 0 
7fd1c84fb000-7fd1c88ff000 rw-p 00000000 00:00 0 
7fd1c88ff000-7fd1c8a00000 rw-p 00000000 00:00 0 
7fd1c8a00000-7fd1c8f78000 rw-p 00000000 00:00 0 
7fd1c8f78000-7fd1c9974000 ---p 00000000 00:00 0 
7fd1c9974000-7fd1c9aaf000 rw-p 00000000 00:00 0 
7fd1c9aaf000-7fd1c9bee000 ---p 00000000 00:00 0 
7fd1c9bee000-7fd1c9caf000 rw-p 00000000 00:00 0 
7fd1c9caf000-7fd1c9dee000 ---p 00000000 00:00 0 
7fd1c9dee000-7fd1c9e00000 rw-p 00000000 00:00 0 
7fd1c9e00000-7fd1cb9c0000 rwxp 00000000 00:00 0 
7fd1cb9c0000-7fd1d1337000 ---p 00000000 00:00 0 
7fd1d1337000-7fd1d1657000 rwxp 00000000 00:00 0 
7fd1d1657000-7fd1d18c8000 ---p 00000000 00:00 0 
7fd1d18c8000-7fd1d2308000 rwxp 00000000 00:00 0 
7fd1d2308000-7fd1d8e00000 ---p 00000000 00:00 0 
7fd1d8e00000-7fd1dbf7b000 r--s 00000000 08:01 12324112                   /home/elonmusk/Downloads/android-studio/jbr/lib/modules
7fd1dbf7b000-7fd1dbf7f000 r--p 00000000 08:01 12324125                   /home/elonmusk/Downloads/android-studio/jbr/lib/libnet.so
7fd1dbf7f000-7fd1dbf87000 r-xp 00003000 08:01 12324125                   /home/elonmusk/Downloads/android-studio/jbr/lib/libnet.so
7fd1dbf87000-7fd1dbf88000 r--p 0000a000 08:01 12324125                   /home/elonmusk/Downloads/android-studio/jbr/lib/libnet.so
7fd1dbf88000-7fd1dbf89000 rw-p 0000a000 08:01 12324125                   /home/elonmusk/Downloads/android-studio/jbr/lib/libnet.so
7fd1dbf89000-7fd1dbf94000 r--p 00000000 08:01 12324221                   /home/elonmusk/Downloads/android-studio/jbr/lib/libnio.so
7fd1dbf94000-7fd1dbf9d000 r-xp 0000a000 08:01 12324221                   /home/elonmusk/Downloads/android-studio/jbr/lib/libnio.so
7fd1dbf9d000-7fd1dbf9e000 r--p 00012000 08:01 12324221                   /home/elonmusk/Downloads/android-studio/jbr/lib/libnio.so
7fd1dbf9e000-7fd1dbf9f000 rw-p 00012000 08:01 12324221                   /home/elonmusk/Downloads/android-studio/jbr/lib/libnio.so
7fd1dbf9f000-7fd1dbfa8000 r--p 00000000 08:01 12324117                   /home/elonmusk/Downloads/android-studio/jbr/lib/libzip.so
7fd1dbfa8000-7fd1dbfbd000 r-xp 00008000 08:01 12324117                   /home/elonmusk/Downloads/android-studio/jbr/lib/libzip.so
7fd1dbfbd000-7fd1dbfbe000 r--p 0001c000 08:01 12324117                   /home/elonmusk/Downloads/android-studio/jbr/lib/libzip.so
7fd1dbfbe000-7fd1dbfbf000 rw-p 0001c000 08:01 12324117                   /home/elonmusk/Downloads/android-studio/jbr/lib/libzip.so
7fd1dbfbf000-7fd1dd9a8000 rw-p 00000000 00:00 0 
7fd1dd9a8000-7fd1e0000000 ---p 00000000 00:00 0 
7fd1e0003000-7fd1e0006000 r--p 00000000 08:01 12324195                   /home/elonmusk/Downloads/android-studio/jbr/lib/libmanagement_ext.so
7fd1e0006000-7fd1e0009000 r-xp 00002000 08:01 12324195                   /home/elonmusk/Downloads/android-studio/jbr/lib/libmanagement_ext.so
7fd1e0009000-7fd1e000a000 r--p 00004000 08:01 12324195                   /home/elonmusk/Downloads/android-studio/jbr/lib/libmanagement_ext.so
7fd1e000a000-7fd1e000b000 rw-p 00004000 08:01 12324195                   /home/elonmusk/Downloads/android-studio/jbr/lib/libmanagement_ext.so
7fd1e000b000-7fd1e020d000 rw-p 00000000 00:00 0 
7fd1e020d000-7fd1e0649000 rw-p 00000000 00:00 0 
7fd1e0649000-7fd1e071f000 ---p 00000000 00:00 0 
7fd1e071f000-7fd1e0757000 rw-p 00000000 00:00 0 
7fd1e0757000-7fd1e080a000 ---p 00000000 00:00 0 
7fd1e080a000-7fd1e080e000 ---p 00000000 00:00 0 
7fd1e080e000-7fd1e090a000 rw-p 00000000 00:00 0 
7fd1e090a000-7fd1e091b000 r--p 00000000 08:01 4063837                    /usr/lib/x86_64-linux-gnu/libm.so.6
7fd1e091b000-7fd1e099e000 r-xp 00011000 08:01 4063837                    /usr/lib/x86_64-linux-gnu/libm.so.6
7fd1e099e000-7fd1e09fe000 r--p 00094000 08:01 4063837                    /usr/lib/x86_64-linux-gnu/libm.so.6
7fd1e09fe000-7fd1e09ff000 r--p 000f3000 08:01 4063837                    /usr/lib/x86_64-linux-gnu/libm.so.6
7fd1e09ff000-7fd1e0a00000 rw-p 000f4000 08:01 4063837                    /usr/lib/x86_64-linux-gnu/libm.so.6
7fd1e0a00000-7fd1e0f5c000 r--p 00000000 08:01 12324192                   /home/elonmusk/Downloads/android-studio/jbr/lib/server/libjvm.so
7fd1e0f5c000-7fd1e1ae4000 r-xp 0055b000 08:01 12324192                   /home/elonmusk/Downloads/android-studio/jbr/lib/server/libjvm.so
7fd1e1ae4000-7fd1e1bb1000 r--p 010e2000 08:01 12324192                   /home/elonmusk/Downloads/android-studio/jbr/lib/server/libjvm.so
7fd1e1bb1000-7fd1e1bd5000 rw-p 011ae000 08:01 12324192                   /home/elonmusk/Downloads/android-studio/jbr/lib/server/libjvm.so
7fd1e1bd5000-7fd1e1c4c000 rw-p 00000000 00:00 0 
7fd1e1c4f000-7fd1e1c52000 r--p 00000000 08:01 12324211                   /home/elonmusk/Downloads/android-studio/jbr/lib/libmanagement.so
7fd1e1c52000-7fd1e1c54000 r-xp 00002000 08:01 12324211                   /home/elonmusk/Downloads/android-studio/jbr/lib/libmanagement.so
7fd1e1c54000-7fd1e1c55000 r--p 00003000 08:01 12324211                   /home/elonmusk/Downloads/android-studio/jbr/lib/libmanagement.so
7fd1e1c55000-7fd1e1c56000 rw-p 00003000 08:01 12324211                   /home/elonmusk/Downloads/android-studio/jbr/lib/libmanagement.so
7fd1e1c56000-7fd1e1c5d000 rw-p 00000000 00:00 0 
7fd1e1c5d000-7fd1e1c62000 ---p 00000000 00:00 0 
7fd1e1c62000-7fd1e1c6a000 rw-s 00000000 00:29 373                        /tmp/hsperfdata_elonmusk/6907
7fd1e1c6a000-7fd1e1c7c000 r--p 00000000 08:01 12324116                   /home/elonmusk/Downloads/android-studio/jbr/lib/libjava.so
7fd1e1c7c000-7fd1e1c8b000 r-xp 00011000 08:01 12324116                   /home/elonmusk/Downloads/android-studio/jbr/lib/libjava.so
7fd1e1c8b000-7fd1e1c8c000 r--p 0001f000 08:01 12324116                   /home/elonmusk/Downloads/android-studio/jbr/lib/libjava.so
7fd1e1c8c000-7fd1e1c8e000 rw-p 0001f000 08:01 12324116                   /home/elonmusk/Downloads/android-studio/jbr/lib/libjava.so
7fd1e1c8e000-7fd1e1c92000 r--p 00000000 08:01 12324202                   /home/elonmusk/Downloads/android-studio/jbr/lib/libinstrument.so
7fd1e1c92000-7fd1e1c99000 r-xp 00003000 08:01 12324202                   /home/elonmusk/Downloads/android-studio/jbr/lib/libinstrument.so
7fd1e1c99000-7fd1e1c9a000 r--p 00009000 08:01 12324202                   /home/elonmusk/Downloads/android-studio/jbr/lib/libinstrument.so
7fd1e1c9a000-7fd1e1c9b000 rw-p 00009000 08:01 12324202                   /home/elonmusk/Downloads/android-studio/jbr/lib/libinstrument.so
7fd1e1c9b000-7fd1e1c9c000 ---p 00000000 00:00 0 
7fd1e1c9c000-7fd1e1c9d000 r--p 00000000 00:00 0 
7fd1e1c9d000-7fd1e1c9e000 r--p 00000000 08:01 4063851                    /usr/lib/x86_64-linux-gnu/librt.so.1
7fd1e1c9e000-7fd1e1c9f000 r-xp 00001000 08:01 4063851                    /usr/lib/x86_64-linux-gnu/librt.so.1
7fd1e1c9f000-7fd1e1ca0000 r--p 00002000 08:01 4063851                    /usr/lib/x86_64-linux-gnu/librt.so.1
7fd1e1ca0000-7fd1e1ca1000 r--p 00002000 08:01 4063851                    /usr/lib/x86_64-linux-gnu/librt.so.1
7fd1e1ca1000-7fd1e1ca2000 rw-p 00003000 08:01 4063851                    /usr/lib/x86_64-linux-gnu/librt.so.1
7fd1e1ca2000-7fd1e1ca4000 rw-p 00000000 00:00 0 
7fd1e1ca4000-7fd1e1ccc000 r--p 00000000 08:01 4063833                    /usr/lib/x86_64-linux-gnu/libc.so.6
7fd1e1ccc000-7fd1e1e34000 r-xp 00028000 08:01 4063833                    /usr/lib/x86_64-linux-gnu/libc.so.6
7fd1e1e34000-7fd1e1e87000 r--p 00190000 08:01 4063833                    /usr/lib/x86_64-linux-gnu/libc.so.6
7fd1e1e87000-7fd1e1e8b000 r--p 001e3000 08:01 4063833                    /usr/lib/x86_64-linux-gnu/libc.so.6
7fd1e1e8b000-7fd1e1e8d000 rw-p 001e7000 08:01 4063833                    /usr/lib/x86_64-linux-gnu/libc.so.6
7fd1e1e8d000-7fd1e1e9a000 rw-p 00000000 00:00 0 
7fd1e1e9a000-7fd1e1e9b000 r--p 00000000 08:01 4063835                    /usr/lib/x86_64-linux-gnu/libdl.so.2
7fd1e1e9b000-7fd1e1e9c000 r-xp 00001000 08:01 4063835                    /usr/lib/x86_64-linux-gnu/libdl.so.2
7fd1e1e9c000-7fd1e1e9d000 r--p 00002000 08:01 4063835                    /usr/lib/x86_64-linux-gnu/libdl.so.2
7fd1e1e9d000-7fd1e1e9e000 r--p 00002000 08:01 4063835                    /usr/lib/x86_64-linux-gnu/libdl.so.2
7fd1e1e9e000-7fd1e1e9f000 rw-p 00003000 08:01 4063835                    /usr/lib/x86_64-linux-gnu/libdl.so.2
7fd1e1e9f000-7fd1e1ea0000 r--p 00000000 08:01 4063848                    /usr/lib/x86_64-linux-gnu/libpthread.so.0
7fd1e1ea0000-7fd1e1ea1000 r-xp 00001000 08:01 4063848                    /usr/lib/x86_64-linux-gnu/libpthread.so.0
7fd1e1ea1000-7fd1e1ea2000 r--p 00002000 08:01 4063848                    /usr/lib/x86_64-linux-gnu/libpthread.so.0
7fd1e1ea2000-7fd1e1ea3000 r--p 00002000 08:01 4063848                    /usr/lib/x86_64-linux-gnu/libpthread.so.0
7fd1e1ea3000-7fd1e1ea4000 rw-p 00003000 08:01 4063848                    /usr/lib/x86_64-linux-gnu/libpthread.so.0
7fd1e1ea4000-7fd1e1ea5000 ---p 00000000 00:00 0 
7fd1e1ea5000-7fd1e1eb0000 r--p 00000000 08:01 12324123                   /home/elonmusk/Downloads/android-studio/jbr/lib/libjimage.so
7fd1e1eb0000-7fd1e1ec4000 r-xp 0000a000 08:01 12324123                   /home/elonmusk/Downloads/android-studio/jbr/lib/libjimage.so
7fd1e1ec4000-7fd1e1ec6000 r--p 0001d000 08:01 12324123                   /home/elonmusk/Downloads/android-studio/jbr/lib/libjimage.so
7fd1e1ec6000-7fd1e1ec7000 rw-p 0001e000 08:01 12324123                   /home/elonmusk/Downloads/android-studio/jbr/lib/libjimage.so
7fd1e1ec7000-7fd1e1ec8000 rw-p 00000000 00:00 0 
7fd1e1ec8000-7fd1e1ed1000 r--p 00000000 08:01 12324122                   /home/elonmusk/Downloads/android-studio/jbr/lib/libjli.so
7fd1e1ed1000-7fd1e1ee0000 r-xp 00008000 08:01 12324122                   /home/elonmusk/Downloads/android-studio/jbr/lib/libjli.so
7fd1e1ee0000-7fd1e1ee1000 r--p 00016000 08:01 12324122                   /home/elonmusk/Downloads/android-studio/jbr/lib/libjli.so
7fd1e1ee1000-7fd1e1ee2000 rw-p 00016000 08:01 12324122                   /home/elonmusk/Downloads/android-studio/jbr/lib/libjli.so
7fd1e1ee2000-7fd1e1ee4000 rw-p 00000000 00:00 0 
7fd1e1ee4000-7fd1e1ee8000 r--p 00000000 00:00 0                          [vvar]
7fd1e1ee8000-7fd1e1eea000 r--p 00000000 00:00 0                          [vvar_vclock]
7fd1e1eea000-7fd1e1eec000 r-xp 00000000 00:00 0                          [vdso]
7fd1e1eec000-7fd1e1eed000 r--p 00000000 08:01 4063829                    /usr/lib/x86_64-linux-gnu/ld-linux-x86-64.so.2
7fd1e1eed000-7fd1e1f15000 r-xp 00001000 08:01 4063829                    /usr/lib/x86_64-linux-gnu/ld-linux-x86-64.so.2
7fd1e1f15000-7fd1e1f20000 r--p 00029000 08:01 4063829                    /usr/lib/x86_64-linux-gnu/ld-linux-x86-64.so.2
7fd1e1f20000-7fd1e1f22000 r--p 00034000 08:01 4063829                    /usr/lib/x86_64-linux-gnu/ld-linux-x86-64.so.2
7fd1e1f22000-7fd1e1f23000 rw-p 00036000 08:01 4063829                    /usr/lib/x86_64-linux-gnu/ld-linux-x86-64.so.2
7fd1e1f23000-7fd1e1f24000 rw-p 00000000 00:00 0 
7ffccf8b9000-7ffccf8da000 rw-p 00000000 00:00 0                          [stack]
Total number of mappings: 441

JVMTI agents:
/home/elonmusk/.gradle/wrapper/dists/gradle-8.13-bin/5xuhj0ry160q40clulazy9h7d/gradle-8.13/lib/agents/gradle-instrumentation-agent-8.13.jar path:none, loaded, initialized, instrumentlib options:none


VM Arguments:
jvm_args: --add-opens=java.base/java.lang=ALL-UNNAMED --add-opens=java.base/java.lang.invoke=ALL-UNNAMED --add-opens=java.base/java.util=ALL-UNNAMED --add-opens=java.prefs/java.util.prefs=ALL-UNNAMED --add-exports=jdk.compiler/com.sun.tools.javac.api=ALL-UNNAMED --add-exports=jdk.compiler/com.sun.tools.javac.util=ALL-UNNAMED --add-opens=java.base/java.util=ALL-UNNAMED --add-opens=java.prefs/java.util.prefs=ALL-UNNAMED --add-opens=java.base/java.nio.charset=ALL-UNNAMED --add-opens=java.base/java.net=ALL-UNNAMED --add-opens=java.base/java.util.concurrent.atomic=ALL-UNNAMED --add-opens=java.xml/javax.xml.namespace=ALL-UNNAMED -Xmx1024m -Dfile.encoding=UTF-8 -Duser.country=US -Duser.language=en -Duser.variant -javaagent:/home/elonmusk/.gradle/wrapper/dists/gradle-8.13-bin/5xuhj0ry160q40clulazy9h7d/gradle-8.13/lib/agents/gradle-instrumentation-agent-8.13.jar -Dawt.toolkit.name=XToolkit 
java_command: org.gradle.launcher.daemon.bootstrap.GradleDaemon 8.13
java_class_path (initial): /home/elonmusk/.gradle/wrapper/dists/gradle-8.13-bin/5xuhj0ry160q40clulazy9h7d/gradle-8.13/lib/gradle-daemon-main-8.13.jar
Launcher Type: SUN_STANDARD

[Global flags]
     intx CICompilerCount                          = 3                                         {product} {ergonomic}
     uint ConcGCThreads                            = 1                                         {product} {ergonomic}
     uint G1ConcRefinementThreads                  = 4                                         {product} {ergonomic}
   size_t G1HeapRegionSize                         = 1048576                                   {product} {ergonomic}
    uintx GCDrainStackTargetSize                   = 64                                        {product} {ergonomic}
   size_t InitialHeapSize                          = 90177536                                  {product} {ergonomic}
   size_t MarkStackSize                            = 4194304                                   {product} {ergonomic}
   size_t MaxHeapSize                              = 1073741824                                {product} {command line}
   size_t MaxNewSize                               = 643825664                                 {product} {ergonomic}
   size_t MinHeapDeltaBytes                        = 1048576                                   {product} {ergonomic}
   size_t MinHeapSize                              = 8388608                                   {product} {ergonomic}
    uintx NonNMethodCodeHeapSize                   = 5832780                                {pd product} {ergonomic}
    uintx NonProfiledCodeHeapSize                  = 122912730                              {pd product} {ergonomic}
    uintx ProfiledCodeHeapSize                     = 122912730                              {pd product} {ergonomic}
    uintx ReservedCodeCacheSize                    = 251658240                              {pd product} {ergonomic}
     bool SegmentedCodeCache                       = true                                      {product} {ergonomic}
   size_t SoftMaxHeapSize                          = 1073741824                             {manageable} {ergonomic}
     bool UseCompressedOops                        = true                           {product lp64_product} {ergonomic}
     bool UseG1GC                                  = true                                      {product} {ergonomic}

Logging:
Log output configuration:
 #0: stdout all=warning uptime,level,tags foldmultilines=false
 #1: stderr all=off uptime,level,tags foldmultilines=false

Release file:
JAVA_VERSION="21.0.9"
MODULES="java.base java.compiler java.datatransfer java.xml java.prefs java.desktop java.instrument java.logging java.management java.security.sasl java.naming java.rmi java.management.rmi java.net.http java.scripting java.security.jgss java.transaction.xa java.sql java.sql.rowset java.xml.crypto java.se java.smartcardio jdk.accessibility jdk.internal.jvmstat jdk.attach jdk.charsets jdk.internal.opt jdk.zipfs jdk.compiler jdk.crypto.ec jdk.crypto.cryptoki jdk.dynalink jdk.hotspot.agent jdk.httpserver jdk.internal.ed jdk.internal.le jdk.internal.vm.ci jdk.jartool jdk.javadoc jdk.jcmd jdk.jdeps jdk.jdwp.agent jdk.jdi jdk.jfr jdk.jlink jdk.jsobject jdk.localedata jdk.management jdk.management.agent jdk.management.jfr jdk.naming.dns jdk.naming.rmi jdk.net jdk.sctp jdk.security.auth jdk.security.jgss jdk.unsupported jdk.unsupported.desktop jdk.xml.dom"
IMPLEMENTOR="JetBrains s.r.o."
JAVA_RUNTIME_VERSION="21.0.9+-14649483-b1163.86"
LIBC="gnu"
OS_ARCH="x86_64"
OS_NAME="Linux"
SOURCE=".:git:554d0c326095"

Environment Variables:
PATH=/home/elonmusk/.local/bin:/usr/local/sbin:/usr/sbin:/sbin:/usr/local/bin:/usr/bin:/bin:/usr/local/games:/usr/games:/snap/bin:/home/elonmusk/.dotnet/tools:/home/elonmusk/Android/Sdk/cmdline-tools/latest/bin:/home/elonmusk/Android/Sdk/platform-tools:/home/elonmusk/Android/Sdk/build-tools/36.0.0: /home/Desktop/flutter_dev/flutter/bin/flutter
XDG_CACHE_HOME=/home/elonmusk/.cache
XDG_CONFIG_HOME=/home/elonmusk/.config
SHELL=/bin/bash
DISPLAY=:0.0
LANG=en_US.UTF-8
TERM=xterm-256color

Active Locale:
LC_ALL=en_US.UTF-8
LC_COLLATE=en_US.UTF-8
LC_CTYPE=en_US.UTF-8
LC_MESSAGES=en_US.UTF-8
LC_MONETARY=en_US.UTF-8
LC_NUMERIC=en_US.UTF-8
LC_TIME=en_US.UTF-8

Signal Handlers:
   SIGSEGV: crash_handler in libjvm.so, mask=11100100010111111101111111111110, flags=SA_RESTART|SA_SIGINFO, unblocked
    SIGBUS: crash_handler in libjvm.so, mask=11100100010111111101111111111110, flags=SA_RESTART|SA_SIGINFO, unblocked
    SIGFPE: crash_handler in libjvm.so, mask=11100100010111111101111111111110, flags=SA_RESTART|SA_SIGINFO, unblocked
   SIGPIPE: javaSignalHandler in libjvm.so, mask=11100100010111111101111111111110, flags=SA_RESTART|SA_SIGINFO, blocked
   SIGXFSZ: javaSignalHandler in libjvm.so, mask=11100100010111111101111111111110, flags=SA_RESTART|SA_SIGINFO, blocked
    SIGILL: crash_handler in libjvm.so, mask=11100100010111111101111111111110, flags=SA_RESTART|SA_SIGINFO, unblocked
   SIGUSR2: SR_handler in libjvm.so, mask=00000000000000000000000000000000, flags=SA_RESTART|SA_SIGINFO, blocked
    SIGHUP: UserHandler in libjvm.so, mask=11100100010111111101111111111110, flags=SA_RESTART|SA_SIGINFO, blocked
    SIGINT: UserHandler in libjvm.so, mask=11100100010111111101111111111110, flags=SA_RESTART|SA_SIGINFO, blocked
   SIGTERM: UserHandler in libjvm.so, mask=11100100010111111101111111111110, flags=SA_RESTART|SA_SIGINFO, blocked
   SIGQUIT: UserHandler in libjvm.so, mask=11100100010111111101111111111110, flags=SA_RESTART|SA_SIGINFO, blocked
   SIGTRAP: crash_handler in libjvm.so, mask=11100100010111111101111111111110, flags=SA_RESTART|SA_SIGINFO, unblocked


Periodic native trim disabled

JNI global refs:
JNI global refs: 32, weak refs: 5

JNI global refs memory usage: 859, weak refs: 857

Process memory usage:
Resident Set Size: 847916K (15% of 5530548K total physical memory with 1753532K free physical memory)

OOME stack traces (most recent first):
Classloader memory used:
Loader org.gradle.internal.classloader.VisitableURLClassLoader$InstrumentingVisitableURLClassLoader: 53025K
Loader org.gradle.internal.classloader.VisitableURLClassLoader                         : 50474K
Loader bootstrap                                                                       : 33009K
Loader org.gradle.initialization.MixInLegacyTypesClassLoader                           : 16300K
Loader org.gradle.internal.classloader.VisitableURLClassLoader                         : 8849K
Loader jdk.internal.reflect.DelegatingClassLoader                                      : 836K
Loader jdk.internal.loader.ClassLoaders$PlatformClassLoader                            : 651K
Loader jdk.internal.loader.ClassLoaders$AppClassLoader                                 : 234K
Loader org.gradle.groovy.scripts.internal.DefaultScriptCompilationHandler$ScriptClassLoader: 90856B
Loader org.codehaus.groovy.runtime.callsite.CallSiteClassLoader                        : 49032B
Loader sun.reflect.misc.MethodUtil                                                     : 3024B

Classes loaded by more than one classloader:
Class Program                                                                         : loaded 5 times (x 72B)
Class com.google.common.collect.UnmodifiableListIterator                              : loaded 4 times (x 95B)
Class com.google.common.collect.Iterators$ArrayItr                                    : loaded 4 times (x 97B)
Class com.google.common.collect.UnmodifiableIterator                                  : loaded 4 times (x 80B)
Class com.google.common.collect.Iterators                                             : loaded 4 times (x 71B)
Class com.google.common.collect.Lists$StringAsImmutableList                           : loaded 4 times (x 207B)
Class com.google.common.collect.AbstractIterator                                      : loaded 4 times (x 82B)
Class com.google.common.collect.AbstractIndexedListIterator                           : loaded 4 times (x 96B)
Class com.google.common.collect.Iterators$1                                           : loaded 4 times (x 81B)
Class com.google.common.collect.Iterators$4                                           : loaded 4 times (x 82B)
Class com.google.common.collect.Iterators$5                                           : loaded 4 times (x 82B)
Class com.google.common.collect.ImmutableCollection                                   : loaded 4 times (x 125B)
Class com.google.common.collect.Lists                                                 : loaded 4 times (x 71B)
Class com.google.common.collect.Iterators$9                                           : loaded 4 times (x 81B)
Class com.google.common.base.Preconditions                                            : loaded 4 times (x 71B)
Class com.google.common.collect.PeekingIterator                                       : loaded 4 times (x 70B)
Class com.google.common.collect.ImmutableList                                         : loaded 4 times (x 206B)
Class com.google.common.collect.Iterators$MergingIterator                             : loaded 4 times (x 81B)
Class com.google.common.base.CharMatcher$IsEither                                     : loaded 3 times (x 111B)
Class com.google.common.collect.ImmutableList$1                                       : loaded 3 times (x 97B)
Class com.google.common.collect.ImmutableRangeSet                                     : loaded 3 times (x 115B)
Class com.google.common.collect.ImmutableRangeSet$AsSet                               : loaded 3 times (x 300B)
Class com.google.common.collect.ImmutableCollection$Builder                           : loaded 3 times (x 76B)
Class com.google.common.base.Joiner                                                   : loaded 3 times (x 79B)
Class com.google.common.collect.Iterators$SingletonIterator                           : loaded 3 times (x 81B)
Class com.google.common.collect.ImmutableList$Builder                                 : loaded 3 times (x 77B)
Class com.google.common.collect.ImmutableRangeSet$1                                   : loaded 3 times (x 210B)
Class com.google.common.collect.RegularImmutableAsList                                : loaded 3 times (x 217B)
Class com.google.common.collect.Range                                                 : loaded 3 times (x 87B)
Class com.google.common.base.CharMatcher$And                                          : loaded 3 times (x 112B)
Class com.google.common.base.Objects                                                  : loaded 3 times (x 71B)
Class com.google.common.collect.Multimap                                              : loaded 3 times (x 70B)
Class com.google.common.base.ExtraObjectsMethodsForWeb                                : loaded 3 times (x 71B)
Class com.google.common.collect.SingletonImmutableList                                : loaded 3 times (x 207B)
Class com.google.common.collect.ImmutableList$ReverseImmutableList                    : loaded 3 times (x 209B)
Class com.google.common.collect.SingletonImmutableSet                                 : loaded 3 times (x 146B)
Class com.google.common.collect.SortedIterable                                        : loaded 3 times (x 70B)
Class com.google.common.base.CharMatcher$ForPredicate                                 : loaded 3 times (x 112B)
Class com.google.common.base.CharMatcher$AnyOf                                        : loaded 3 times (x 112B)
Class com.google.common.collect.ImmutableSet$CachingAsList                            : loaded 3 times (x 148B)
Class com.google.common.collect.ImmutableAsList                                       : loaded 3 times (x 209B)
Class com.google.common.collect.ImmutableSortedSet                                    : loaded 3 times (x 300B)
Class com.google.common.base.CharMatcher$IsNot                                        : loaded 3 times (x 111B)
Class com.google.common.collect.RegularImmutableSortedSet                             : loaded 3 times (x 300B)
Class com.google.common.base.Function                                                 : loaded 3 times (x 70B)
Class com.google.common.collect.RegularImmutableList                                  : loaded 3 times (x 213B)
Class Build_gradle$1                                                                  : loaded 3 times (x 75B)
Class com.google.common.collect.ImmutableRangeSet$Builder                             : loaded 3 times (x 77B)
Class com.google.common.base.CharMatcher$BitSetMatcher                                : loaded 3 times (x 112B)
Class com.google.common.collect.ImmutableSet                                          : loaded 3 times (x 145B)
Class com.google.common.base.CharMatcher$Or                                           : loaded 3 times (x 112B)
Class org.gradle.internal.Cast                                                        : loaded 3 times (x 71B)
Class org.gradle.api.Action                                                           : loaded 3 times (x 70B)
Class com.google.common.base.CharMatcher$FastMatcher                                  : loaded 3 times (x 111B)
Class com.google.common.base.Predicate                                                : loaded 3 times (x 70B)
Class com.google.common.collect.AbstractRangeSet                                      : loaded 3 times (x 114B)
Class com.google.common.base.CharMatcher$NegatedFastMatcher                           : loaded 3 times (x 113B)
Class org.gradle.api.GradleException                                                  : loaded 3 times (x 82B)
Class org.gradle.internal.IoActions                                                   : loaded 3 times (x 71B)
Class com.google.common.collect.ImmutableRangeSet$ComplementRanges                    : loaded 3 times (x 207B)
Class com.google.common.collect.ImmutableSet$RegularSetBuilderImpl                    : loaded 3 times (x 77B)
Class com.google.common.base.CharMatcher$Is                                           : loaded 3 times (x 111B)
Class com.google.common.base.CharMatcher$Negated                                      : loaded 3 times (x 113B)
Class com.google.common.base.Joiner$1                                                 : loaded 3 times (x 80B)
Class com.google.common.base.CharMatcher                                              : loaded 3 times (x 111B)
Class com.google.common.collect.RangeGwtSerializationDependencies                     : loaded 3 times (x 71B)
Class com.google.common.base.Joiner$2                                                 : loaded 3 times (x 79B)
Class com.google.common.base.CharMatcher$NamedFastMatcher                             : loaded 3 times (x 112B)
Class com.google.common.base.CharMatcher$1                                            : loaded 3 times (x 113B)
Class com.google.common.collect.RangeSet                                              : loaded 3 times (x 70B)
Class com.google.common.base.CharMatcher$InRange                                      : loaded 3 times (x 111B)
Class Build_gradle                                                                    : loaded 3 times (x 130B)
Class com.google.common.collect.ImmutableSet$SetBuilderImpl                           : loaded 3 times (x 76B)
Class com.google.common.collect.ForwardingObject                                      : loaded 3 times (x 72B)
Class com.google.common.collect.ImmutableList$SubList                                 : loaded 3 times (x 209B)
Class com.google.common.collect.RegularImmutableSet                                   : loaded 3 times (x 149B)
Class com.android.builder.model.v2.ide.ViewBindingOptions                             : loaded 2 times (x 70B)
Class com.google.common.base.Equivalence$Identity                                     : loaded 2 times (x 82B)
Class com.google.common.base.PairwiseEquivalence                                      : loaded 2 times (x 83B)
Class com.google.common.collect.RegularImmutableMap$KeySet                            : loaded 2 times (x 152B)
Class com.amazon.ion.impl.bin.IonManagedBinaryWriter$UserState$1                      : loaded 2 times (x 85B)
Class org.jetbrains.plugins.gradle.tooling.serialization.internal.IdeaProjectSerializationService$ReadContext: loaded 2 times (x 72B)
Class com.android.ide.gradle.model.dependencies.DeclaredDependencies                  : loaded 2 times (x 70B)
Class kotlin.text.StringsKt__StringsKt                                                : loaded 2 times (x 71B)
Class kotlin.text.MatchGroupCollection                                                : loaded 2 times (x 70B)
Class kotlin.text.MatcherMatchResult                                                  : loaded 2 times (x 80B)
Class kotlin.sequences.FlatteningSequence                                             : loaded 2 times (x 75B)
Class kotlin.NotImplementedError                                                      : loaded 2 times (x 82B)
Class org.gradle.internal.classloader.FilteringClassLoader                            : loaded 2 times (x 105B)
Class com.google.common.collect.SortedSetMultimap                                     : loaded 2 times (x 70B)
Class com.amazon.ion.impl.bin.IonManagedBinaryWriter$UserState$2                      : loaded 2 times (x 85B)
Class com.amazon.ion.impl._Private_IonValue                                           : loaded 2 times (x 70B)
Class com.intellij.gradle.toolingExtension.impl.model.sourceSetModel.GradleSourceSetSerialisationService$Companion: loaded 2 times (x 71B)
Class kotlin.sequences.FilteringSequence$iterator$1                                   : loaded 2 times (x 79B)
Class kotlin.jvm.internal.CollectionToArray                                           : loaded 2 times (x 71B)
Class kotlin.io.FilesKt__FileTreeWalkKt                                               : loaded 2 times (x 71B)
Class kotlin.sequences.SequencesKt__SequenceBuilderKt                                 : loaded 2 times (x 71B)
Class kotlin.collections.CollectionsKt__ReversedViewsKt                               : loaded 2 times (x 71B)
Class org.gradle.internal.classloader.ClassLoaderHierarchy                            : loaded 2 times (x 70B)
Class com.google.common.collect.AbstractMapBasedMultimap$WrappedCollection            : loaded 2 times (x 124B)
Class com.android.builder.model.v2.models.VariantDependenciesAdjacencyList            : loaded 2 times (x 70B)
Class com.google.common.collect.ImmutableEnumSet                                      : loaded 2 times (x 146B)
Class com.google.common.util.concurrent.ExecutionError                                : loaded 2 times (x 82B)
Class com.amazon.ion.impl.bin.IonManagedBinaryWriter$UserState$3                      : loaded 2 times (x 85B)
Class com.amazon.ion.util.GzipStreamInterceptor                                       : loaded 2 times (x 85B)
Class com.amazon.ion.IonException                                                     : loaded 2 times (x 84B)
Class org.jetbrains.plugins.gradle.tooling.util.IntObjectMap$ObjectFactory            : loaded 2 times (x 70B)
Class org.gradle.tooling.model.build.GradleEnvironment                                : loaded 2 times (x 70B)
Class org.gradle.tooling.internal.adapter.ProtocolToModelAdapter$InvocationHandlerImpl: loaded 2 times (x 77B)
Class org.gradle.api.internal.classpath.ManifestUtil                                  : loaded 2 times (x 71B)
Class com.android.builder.model.v2.ide.AndroidArtifact                                : loaded 2 times (x 70B)
Class com.google.common.collect.RegularImmutableMap                                   : loaded 2 times (x 121B)
Class com.google.common.collect.ImmutableMap$MapViewOfValuesAsSingletonSets           : loaded 2 times (x 126B)
Class org.jetbrains.plugins.gradle.model.UnresolvedExternalDependency                 : loaded 2 times (x 70B)
Class com.amazon.ion.impl.bin.IonManagedBinaryWriter$UserState$4                      : loaded 2 times (x 85B)
Class com.amazon.ion.system.IonBinaryWriterBuilder                                    : loaded 2 times (x 99B)
Class org.jetbrains.plugins.gradle.model.AnnotationProcessingModel                    : loaded 2 times (x 70B)
Class org.jetbrains.plugins.gradle.model.GradleExtensions                             : loaded 2 times (x 70B)
Class kotlin.ranges.IntProgression$Companion                                          : loaded 2 times (x 71B)
Class org.gradle.tooling.internal.adapter.TargetTypeProvider                          : loaded 2 times (x 70B)
Class com.android.builder.model.v2.ide.AaptOptions$Namespacing                        : loaded 2 times (x 79B)
Class com.android.utils.FileUtils                                                     : loaded 2 times (x 71B)
Class [Lorg.objectweb.asm.Symbol;                                                     : loaded 2 times (x 69B)
Class org.objectweb.asm.ClassVisitor                                                  : loaded 2 times (x 88B)
Class com.intellij.util.ThrowableConsumer                                             : loaded 2 times (x 70B)
Class kotlin.sequences.TransformingSequence                                           : loaded 2 times (x 75B)
Class org.gradle.tooling.internal.adapter.MethodInvocation                            : loaded 2 times (x 85B)
Class org.gradle.internal.operations.MultipleBuildOperationFailures                   : loaded 2 times (x 95B)
Class com.google.common.base.Platform$JdkPatternCompiler                              : loaded 2 times (x 75B)
Class org.objectweb.asm.MethodTooLargeException                                       : loaded 2 times (x 83B)
Class [Lcom.google.common.cache.CacheBuilder$OneWeigher;                              : loaded 2 times (x 69B)
Class com.google.common.base.Suppliers                                                : loaded 2 times (x 71B)
Class org.jetbrains.kotlin.idea.gradleTooling.AndroidAwareGradleModelProvider$Companion: loaded 2 times (x 71B)
Class [Lcom.amazon.ion.impl.bin.IonRawBinaryWriter$StreamCloseMode;                   : loaded 2 times (x 69B)
Class com.amazon.ion.impl.lite.IonSymbolLite                                          : loaded 2 times (x 246B)
Class com.amazon.ion.impl.bin.IonManagedBinaryWriter$ImportedSymbolResolverMode$1     : loaded 2 times (x 80B)
Class com.intellij.util.containers.IntObjectHashMap$ArrayProducer                     : loaded 2 times (x 70B)
Class org.gradle.internal.classloader.DefaultClassLoaderFactory                       : loaded 2 times (x 82B)
Class com.amazon.ion.impl.bin.IonManagedBinaryWriter$ImportedSymbolResolverMode$2     : loaded 2 times (x 80B)
Class com.google.common.collect.ReverseNaturalOrdering                                : loaded 2 times (x 114B)
Class kotlin.text.MatcherMatchResult$groupValues$1                                    : loaded 2 times (x 198B)
Class kotlin.sequences.SequencesKt___SequencesKt                                      : loaded 2 times (x 71B)
Class kotlin.collections.AbstractList$Companion                                       : loaded 2 times (x 71B)
Class org.gradle.internal.classloader.ClassLoaderVisitor                              : loaded 2 times (x 76B)
Class [Lcom.google.common.collect.ImmutableMapEntry;                                  : loaded 2 times (x 69B)
Class [Lcom.android.ide.common.repository.AgpVersion$PreviewKind;                     : loaded 2 times (x 69B)
Class org.jetbrains.kotlin.idea.projectModel.KotlinTaskProperties                     : loaded 2 times (x 70B)
Class org.jetbrains.plugins.gradle.tooling.serialization.internal.IdeaProjectSerializationService: loaded 2 times (x 77B)
Class com.google.common.collect.Ordering                                              : loaded 2 times (x 114B)
Class kotlin.sequences.SequencesKt___SequencesKt$flatMap$2                            : loaded 2 times (x 125B)
Class org.gradle.api.internal.classpath.EffectiveClassPath                            : loaded 2 times (x 90B)
Class com.android.builder.model.v2.models.AndroidDsl                                  : loaded 2 times (x 70B)
Class [Lorg.apache.commons.io.StandardLineSeparator;                                  : loaded 2 times (x 69B)
Class org.apache.commons.io.output.StringBuilderWriter                                : loaded 2 times (x 100B)
Class com.google.common.collect.ListMultimap                                          : loaded 2 times (x 70B)
Class com.google.common.collect.ImmutableEnumMap                                      : loaded 2 times (x 126B)
Class com.amazon.ion.impl.lite.IonSystemLite                                          : loaded 2 times (x 275B)
Class com.amazon.ion.util.InputStreamInterceptor                                      : loaded 2 times (x 70B)
Class com.amazon.ion.impl.bin.IonRawBinaryWriter$PreallocationMode                    : loaded 2 times (x 82B)
Class com.amazon.ion.impl.bin._Private_IonRawWriter                                   : loaded 2 times (x 70B)
Class com.amazon.ion.IonWriter                                                        : loaded 2 times (x 70B)
Class kotlin.text.StringsKt__AppendableKt                                             : loaded 2 times (x 71B)
Class org.gradle.tooling.internal.gradle.DefaultProjectIdentifier                     : loaded 2 times (x 86B)
Class com.android.ide.common.gradle.Numeric                                           : loaded 2 times (x 77B)
Class com.google.common.collect.Sets$1                                                : loaded 2 times (x 139B)
Class org.objectweb.asm.AnnotationVisitor                                             : loaded 2 times (x 78B)
Class com.amazon.ion.impl._Private_RecyclingQueue$ElementFactory                      : loaded 2 times (x 70B)
Class com.amazon.ion.impl._Private_IonContainer                                       : loaded 2 times (x 70B)
Class com.intellij.gradle.toolingExtension.impl.model.buildScriptClasspathModel.GradleBuildScriptClasspathSerializationService$ReadContext: loaded 2 times (x 72B)
Class com.google.common.collect.ComparatorOrdering                                    : loaded 2 times (x 115B)
Class org.gradle.api.internal.DefaultClassPathProvider                                : loaded 2 times (x 76B)
Class com.android.builder.model.v2.models.BasicAndroidProject                         : loaded 2 times (x 70B)
Class com.google.common.collect.Sets$2                                                : loaded 2 times (x 139B)
Class com.amazon.ion.impl._Private_RecyclingStack$$Iterator                           : loaded 2 times (x 99B)
Class com.amazon.ion.impl.SharedSymbolTable                                           : loaded 2 times (x 93B)
Class com.amazon.ion.impl.bin.IonRawBinaryWriter                                      : loaded 2 times (x 169B)
Class com.amazon.ion.SymbolToken                                                      : loaded 2 times (x 70B)
Class kotlin.text.StringsKt__StringNumberConversionsJVMKt                             : loaded 2 times (x 71B)
Class com.google.common.collect.NaturalOrdering                                       : loaded 2 times (x 115B)
Class kotlin.text.MatchResult                                                         : loaded 2 times (x 70B)
Class kotlin.sequences.SequenceScope                                                  : loaded 2 times (x 73B)
Class kotlin.sequences.Sequence                                                       : loaded 2 times (x 70B)
Class org.gradle.tooling.ToolingModelContract                                         : loaded 2 times (x 70B)
Class [Lorg.gradle.api.internal.ClassPathProvider;                                    : loaded 2 times (x 69B)
Class org.gradle.api.internal.ClassPathProvider                                       : loaded 2 times (x 70B)
Class [Lorg.objectweb.asm.AnnotationVisitor;                                          : loaded 2 times (x 69B)
Class com.google.common.collect.Sets$3                                                : loaded 2 times (x 139B)
Class com.google.common.util.concurrent.AbstractFuture$SafeAtomicHelper               : loaded 2 times (x 79B)
Class com.google.common.cache.LocalCache$LocalLoadingCache                            : loaded 2 times (x 134B)
Class com.amazon.ion.impl.lite.IonBoolLite                                            : loaded 2 times (x 178B)
Class kotlin.collections.CollectionsKt___CollectionsKt$asSequence$$inlined$Sequence$1 : loaded 2 times (x 75B)
Class org.gradle.internal.service.UnknownServiceException                             : loaded 2 times (x 83B)
Class com.google.common.collect.Sets$4                                                : loaded 2 times (x 139B)
Class org.objectweb.asm.ModuleVisitor                                                 : loaded 2 times (x 81B)
Class com.google.common.cache.LocalCache$Strength$1                                   : loaded 2 times (x 81B)
Class org.jetbrains.kotlin.idea.gradleTooling.model.kapt.KaptGradleModel              : loaded 2 times (x 70B)
Class org.jetbrains.kotlin.idea.gradleTooling.KotlinDslScriptAdditionalTask           : loaded 2 times (x 70B)
Class org.jetbrains.plugins.gradle.model.ClasspathEntryModel                          : loaded 2 times (x 70B)
Class org.apache.commons.io.output.QueueOutputStream                                  : loaded 2 times (x 87B)
Class com.google.common.util.concurrent.SettableFuture                                : loaded 2 times (x 114B)
Class com.google.common.cache.LocalCache$Strength$2                                   : loaded 2 times (x 81B)
Class com.amazon.ion.IonTimestamp                                                     : loaded 2 times (x 70B)
Class com.amazon.ion.impl.bin.PooledBlockAllocatorProvider$PooledBlockAllocator       : loaded 2 times (x 81B)
Class org.jetbrains.plugins.gradle.tooling.serialization.GradleExtensionsSerializationService: loaded 2 times (x 77B)
Class org.gradle.api.JavaVersion                                                      : loaded 2 times (x 79B)
Class org.gradle.tooling.model.Dependency                                             : loaded 2 times (x 70B)
Class com.android.builder.model.v2.ide.AbstractArtifact                               : loaded 2 times (x 70B)
Class com.google.common.cache.LocalCache$Strength$3                                   : loaded 2 times (x 81B)
Class com.google.common.collect.MapDifference                                         : loaded 2 times (x 70B)
Class com.amazon.ion.IonDatagram                                                      : loaded 2 times (x 70B)
Class com.amazon.ion.impl._Private_RecyclingStack$ElementFactory                      : loaded 2 times (x 70B)
Class com.amazon.ion.impl.bin.IonManagedBinaryWriter$ImportedSymbolResolverMode$1$1   : loaded 2 times (x 78B)
Class com.amazon.ion.impl._Private_ByteTransferSink                                   : loaded 2 times (x 70B)
Class com.intellij.openapi.externalSystem.model.project.dependencies.ResolutionState  : loaded 2 times (x 79B)
Class kotlin.text.StringsKt__RegexExtensionsJVMKt                                     : loaded 2 times (x 71B)
Class com.google.common.collect.AllEqualOrdering                                      : loaded 2 times (x 114B)
Class kotlin.collections.ArraysKt___ArraysJvmKt                                       : loaded 2 times (x 71B)
Class kotlin.collections.CollectionsKt__CollectionsKt                                 : loaded 2 times (x 71B)
Class org.objectweb.asm.FieldWriter                                                   : loaded 2 times (x 78B)
Class com.google.common.cache.CacheBuilder$NullListener                               : loaded 2 times (x 82B)
Class org.jetbrains.plugins.gradle.model.ExternalLibraryDependency                    : loaded 2 times (x 70B)
Class kotlin.text.Regex$Companion                                                     : loaded 2 times (x 71B)
Class org.gradle.internal.classpath.TransformedClassPath                              : loaded 2 times (x 96B)
Class org.gradle.internal.classloader.InstrumentingClassLoader                        : loaded 2 times (x 70B)
Class com.google.common.collect.ImmutableListMultimap                                 : loaded 2 times (x 176B)
Class org.apache.commons.io.output.UnsynchronizedByteArrayOutputStream                : loaded 2 times (x 102B)
Class com.google.common.cache.CacheLoader$FunctionToCacheLoader                       : loaded 2 times (x 75B)
Class com.amazon.ion.IonValue                                                         : loaded 2 times (x 70B)
Class kotlin.jvm.internal.FunctionReference                                           : loaded 2 times (x 122B)
Class [Lkotlin.coroutines.intrinsics.CoroutineSingletons;                             : loaded 2 times (x 69B)
Class kotlin.jvm.internal.FunctionBase                                                : loaded 2 times (x 70B)
Class kotlin.enums.EnumEntriesList                                                    : loaded 2 times (x 223B)
Class com.google.common.collect.EmptyImmutableListMultimap                            : loaded 2 times (x 176B)
Class com.google.common.collect.BaseImmutableMultimap                                 : loaded 2 times (x 123B)
Class org.apache.commons.io.output.ByteArrayOutputStream                              : loaded 2 times (x 102B)
Class com.google.common.base.MoreObjects                                              : loaded 2 times (x 71B)
Class com.amazon.ion.impl.bin.IonRawBinaryWriter$ContainerType                        : loaded 2 times (x 79B)
Class com.amazon.ion.impl._Private_IonTextWriterBuilder$Mutable                       : loaded 2 times (x 102B)
Class kotlin.comparisons.ComparisonsKt___ComparisonsJvmKt                             : loaded 2 times (x 71B)
Class kotlin.collections.CollectionsKt__IteratorsJVMKt                                : loaded 2 times (x 71B)
Class com.android.builder.model.v2.ide.TestInfo$Execution                             : loaded 2 times (x 79B)
Class com.google.common.collect.Platform                                              : loaded 2 times (x 71B)
Class [Lorg.objectweb.asm.Type;                                                       : loaded 2 times (x 69B)
Class org.jetbrains.kotlin.idea.gradleTooling.KotlinSourceSetContainer                : loaded 2 times (x 70B)
Class org.jetbrains.plugins.gradle.model.IntelliJSettings                             : loaded 2 times (x 70B)
Class kotlin.Result                                                                   : loaded 2 times (x 72B)
Class org.gradle.internal.service.ServiceLocator                                      : loaded 2 times (x 70B)
Class com.google.common.base.Ascii                                                    : loaded 2 times (x 71B)
Class com.google.common.collect.SingletonImmutableBiMap                               : loaded 2 times (x 143B)
Class com.google.common.cache.LocalCache$1                                            : loaded 2 times (x 89B)
Class com.google.common.collect.AbstractMapEntry                                      : loaded 2 times (x 81B)
Class com.amazon.ion.impl.IonWriterSystem                                             : loaded 2 times (x 171B)
Class com.amazon.ion.impl.bin.Symbols$2                                               : loaded 2 times (x 107B)
Class com.amazon.ion.impl.bin._Private_IonManagedWriter                               : loaded 2 times (x 70B)
Class com.intellij.gradle.toolingExtension.util.GradleVersionUtil                     : loaded 2 times (x 71B)
Class com.android.ide.gradle.model.GradlePropertiesModel                              : loaded 2 times (x 70B)
Class kotlin.sequences.TransformingSequence$iterator$1                                : loaded 2 times (x 79B)
Class kotlin.Pair                                                                     : loaded 2 times (x 72B)
Class org.gradle.tooling.internal.adapter.ProtocolToModelAdapter$SupportedPropertyInvoker: loaded 2 times (x 76B)
Class org.gradle.tooling.model.UnsupportedMethodException                             : loaded 2 times (x 82B)
Class com.google.common.collect.AbstractSetMultimap                                   : loaded 2 times (x 174B)
Class com.android.builder.model.v2.ide.BytecodeTransformation                         : loaded 2 times (x 79B)
Class com.google.common.collect.Sets$ImprovedAbstractSet                              : loaded 2 times (x 135B)
Class com.google.common.collect.AbstractMultimap                                      : loaded 2 times (x 123B)
Class com.google.common.cache.LocalCache$2                                            : loaded 2 times (x 142B)
Class com.amazon.ion.impl.lite.IonContainerLite                                       : loaded 2 times (x 248B)
Class com.amazon.ion.IonBufferConfiguration$OversizedSymbolTableHandler               : loaded 2 times (x 70B)
Class com.amazon.ion.system.IonWriterBuilder                                          : loaded 2 times (x 74B)
Class org.jetbrains.plugins.gradle.tooling.serialization.ToolingStreamApiUtils        : loaded 2 times (x 71B)
Class com.amazon.ion.facet.Faceted                                                    : loaded 2 times (x 70B)
Class kotlin.collections.CollectionsKt__MutableCollectionsKt                          : loaded 2 times (x 71B)
Class com.android.builder.model.v2.ide.CodeShrinker                                   : loaded 2 times (x 79B)
Class com.google.common.util.concurrent.AbstractFuture$UnsafeAtomicHelper$1           : loaded 2 times (x 76B)
Class com.amazon.ion.impl.bin.utf8.Poolable                                           : loaded 2 times (x 79B)
Class com.amazon.ion.IonSymbol                                                        : loaded 2 times (x 70B)
Class org.jetbrains.plugins.gradle.tooling.serialization.AnnotationProcessingModelSerializationService$WriteContext: loaded 2 times (x 72B)
Class kotlin.io.TerminateException                                                    : loaded 2 times (x 82B)
Class kotlin.io.FilesKt__FilePathComponentsKt                                         : loaded 2 times (x 71B)
Class kotlin.reflect.KCallable                                                        : loaded 2 times (x 70B)
Class com.google.common.util.concurrent.AbstractFuture$Trusted                        : loaded 2 times (x 70B)
Class com.intellij.gradle.toolingExtension.impl.util.collectionUtil.GradleCollections : loaded 2 times (x 71B)
Class org.jetbrains.kotlin.idea.gradleTooling.KotlinGradlePluginVersion               : loaded 2 times (x 70B)
Class com.intellij.compose.ide.plugin.gradleTooling.rt.ComposeResourcesModel          : loaded 2 times (x 70B)
Class com.amazon.ion.impl.lite.IonStructLite                                          : loaded 2 times (x 298B)
Class com.amazon.ion.impl._Private_ReaderWriter                                       : loaded 2 times (x 70B)
Class com.amazon.ion.impl.bin.AbstractSymbolTable                                     : loaded 2 times (x 107B)
Class com.amazon.ion.Decimal                                                          : loaded 2 times (x 133B)
Class com.amazon.ion.impl.bin._Private_IonManagedBinaryWriterBuilder$AllocatorMode$1  : loaded 2 times (x 80B)
Class org.jetbrains.plugins.gradle.tooling.serialization.ProjectDependenciesSerializationService$WriteContext: loaded 2 times (x 72B)
Class org.jetbrains.plugins.gradle.tooling.serialization.ProjectDependenciesSerializationService: loaded 2 times (x 77B)
Class kotlin.text.CharsKt                                                             : loaded 2 times (x 71B)
Class org.gradle.tooling.model.kotlin.dsl.KotlinDslScriptModel                        : loaded 2 times (x 70B)
Class org.gradle.tooling.internal.adapter.CollectionMapper                            : loaded 2 times (x 73B)
Class org.jetbrains.kotlin.tooling.core.KotlinToolingVersion                          : loaded 2 times (x 75B)
Class [Lcom.android.builder.model.v2.ide.LibraryType;                                 : loaded 2 times (x 69B)
Class com.android.builder.model.v2.ide.LibraryType                                    : loaded 2 times (x 79B)
Class com.google.common.util.concurrent.UncheckedExecutionException                   : loaded 2 times (x 82B)
Class org.gradle.kotlin.dsl.VersionCatalogAccessorsKt                                 : loaded 2 times (x 71B)
Class com.amazon.ion.impl.lite.IonFloatLite                                           : loaded 2 times (x 186B)
Class com.amazon.ion.impl._Private_IonTextWriterBuilder                               : loaded 2 times (x 102B)
Class com.amazon.ion.impl.bin._Private_IonManagedBinaryWriterBuilder$AllocatorMode$2  : loaded 2 times (x 80B)
Class com.google.common.collect.ExplicitOrdering                                      : loaded 2 times (x 115B)
Class org.jetbrains.plugins.gradle.ExternalDependencyId                               : loaded 2 times (x 70B)
Class com.amazon.ion.impl._Private_RecyclingStack                                     : loaded 2 times (x 79B)
Class com.amazon.ion.impl._Private_IonReaderBuilder                                   : loaded 2 times (x 97B)
Class com.amazon.ion.IonMutableCatalog                                                : loaded 2 times (x 70B)
Class gnu.trove.THash                                                                 : loaded 2 times (x 81B)
Class com.intellij.gradle.toolingExtension.impl.model.buildScriptClasspathModel.GradleBuildScriptClasspathSerializationService$WriteContext: loaded 2 times (x 72B)
Class org.gradle.tooling.internal.adapter.ProtocolToModelAdapter                      : loaded 2 times (x 80B)
Class org.gradle.internal.InternalTransformer                                         : loaded 2 times (x 70B)
Class com.android.builder.model.v2.ide.AndroidGradlePluginProjectFlags$BooleanFlag    : loaded 2 times (x 79B)
Class com.google.common.collect.AbstractMapBasedMultimap$KeySet$1                     : loaded 2 times (x 82B)
Class com.android.ide.common.gradle.Separator                                         : loaded 2 times (x 79B)
Class org.objectweb.asm.ClassWriter                                                   : loaded 2 times (x 106B)
Class com.google.common.cache.CacheLoader$UnsupportedLoadingOperationException        : loaded 2 times (x 82B)
Class kotlin.collections.MapsKt__MapsJVMKt                                            : loaded 2 times (x 71B)
Class kotlin.collections.EmptyList                                                    : loaded 2 times (x 174B)
Class org.gradle.internal.time.DefaultTimer                                           : loaded 2 times (x 80B)
Class org.gradle.internal.classloader.ClasspathUtil$1                                 : loaded 2 times (x 76B)
Class org.objectweb.asm.FieldVisitor                                                  : loaded 2 times (x 77B)
Class com.google.common.collect.IndexedImmutableSet                                   : loaded 2 times (x 152B)
Class com.google.common.collect.BiMap                                                 : loaded 2 times (x 70B)
Class com.google.common.collect.ImmutableMap$1                                        : loaded 2 times (x 81B)
Class com.amazon.ion.impl.bin.PooledBlockAllocatorProvider$PooledBlockAllocator$1     : loaded 2 times (x 79B)
Class com.amazon.ion.impl.lite.IonStringLite                                          : loaded 2 times (x 212B)
Class org.gradle.tooling.internal.adapter.ProtocolToModelAdapter$ViewKey              : loaded 2 times (x 72B)
Class org.gradle.api.internal.classpath.DefaultModuleRegistry$DefaultModule           : loaded 2 times (x 86B)
Class com.android.builder.model.v2.CustomSourceDirectory                              : loaded 2 times (x 70B)
Class com.google.common.primitives.Ints                                               : loaded 2 times (x 71B)
Class com.android.ide.common.repository.AgpVersion                                    : loaded 2 times (x 75B)
Class com.amazon.ion.impl.bin.Block                                                   : loaded 2 times (x 79B)
Class com.google.common.collect.NullsFirstOrdering                                    : loaded 2 times (x 115B)
Class kotlin.ResultKt                                                                 : loaded 2 times (x 71B)
Class org.gradle.tooling.internal.adapter.ProtocolToModelAdapter$PropertyCachingMethodInvoker: loaded 2 times (x 76B)
Class com.android.builder.model.v2.models.ProjectSyncIssues                           : loaded 2 times (x 70B)
Class com.google.common.collect.ObjectArrays                                          : loaded 2 times (x 71B)
Class com.google.common.collect.Multiset                                              : loaded 2 times (x 70B)
Class com.google.common.collect.ArrayListMultimapGwtSerializationDependencies         : loaded 2 times (x 172B)
Class com.google.common.math.MathPreconditions                                        : loaded 2 times (x 71B)
Class org.jetbrains.plugins.gradle.model.ExternalTask                                 : loaded 2 times (x 70B)
Class com.amazon.ion.impl.bin.utf8.Utf8StringEncoderPool$1                            : loaded 2 times (x 76B)
Class com.amazon.ion.impl.lite.IonLoaderLite                                          : loaded 2 times (x 82B)
Class com.amazon.ion.impl.lite.IonContext                                             : loaded 2 times (x 70B)
Class com.amazon.ion.impl.IonWriterSystemText                                         : loaded 2 times (x 190B)
Class [Lcom.amazon.ion.impl.bin.IonManagedBinaryWriter$ImportedSymbolResolverMode;    : loaded 2 times (x 69B)
Class com.amazon.ion.ValueFactory                                                     : loaded 2 times (x 70B)
Class kotlin.Result$Failure                                                           : loaded 2 times (x 72B)
Class kotlin.collections.ArraysKt__ArraysKt                                           : loaded 2 times (x 71B)
Class org.gradle.internal.time.DefaultCountdownTimer                                  : loaded 2 times (x 88B)
Class org.apache.commons.io.output.NullOutputStream                                   : loaded 2 times (x 85B)
Class com.google.common.collect.ImmutableMapEntrySet                                  : loaded 2 times (x 152B)
Class com.amazon.ion.impl.bin.IonManagedBinaryWriter$SymbolResolver                   : loaded 2 times (x 70B)
Class com.amazon.ion.impl._Private_SymbolToken                                        : loaded 2 times (x 70B)
Class com.amazon.ion.impl.bin._Private_IonManagedBinaryWriterBuilder$AllocatorMode    : loaded 2 times (x 80B)
Class org.jetbrains.plugins.gradle.model.GradleTaskModel                              : loaded 2 times (x 70B)
Class org.jetbrains.plugins.gradle.tooling.util.ObjectCollector                       : loaded 2 times (x 72B)
Class kotlin.collections.SetsKt__SetsJVMKt                                            : loaded 2 times (x 71B)
Class kotlin.Function                                                                 : loaded 2 times (x 70B)
Class org.gradle.tooling.internal.adapter.ProtocolToModelAdapter$AdaptingMethodInvoker: loaded 2 times (x 76B)
Class org.gradle.tooling.internal.gradle.DefaultBuildIdentifier                       : loaded 2 times (x 79B)
Class org.gradle.api.internal.classpath.Module                                        : loaded 2 times (x 70B)
Class com.google.common.cache.Weigher                                                 : loaded 2 times (x 70B)
Class com.intellij.openapi.externalSystem.model.project.IExternalSystemSourceType     : loaded 2 times (x 70B)
Class [Lcom.amazon.ion.util.GzipStreamInterceptor;                                    : loaded 2 times (x 69B)
Class com.amazon.ion.impl._Private_IonReaderBuilder$Mutable                           : loaded 2 times (x 97B)
Class kotlin.io.FileAlreadyExistsException                                            : loaded 2 times (x 82B)
Class kotlin.internal.ProgressionUtilKt                                               : loaded 2 times (x 71B)
Class org.gradle.api.internal.classpath.UnknownModuleException                        : loaded 2 times (x 82B)
Class com.google.common.base.Stopwatch                                                : loaded 2 times (x 72B)
Class com.google.common.cache.LocalCache$Strength                                     : loaded 2 times (x 81B)
Class com.google.common.cache.Cache                                                   : loaded 2 times (x 70B)
Class com.intellij.openapi.externalSystem.model.project.dependencies.ProjectDependencies: loaded 2 times (x 70B)
Class org.jetbrains.plugins.gradle.tooling.serialization.ProjectDependenciesSerializationService$ReadContext: loaded 2 times (x 72B)
Class com.google.common.util.concurrent.AbstractFuture$Cancellation                   : loaded 2 times (x 72B)
Class com.google.common.collect.ImmutableMap$Builder                                  : loaded 2 times (x 82B)
Class com.google.common.collect.AbstractMapBasedMultimap$WrappedCollection$WrappedIterator: loaded 2 times (x 84B)
Class com.google.common.cache.RemovalListener                                         : loaded 2 times (x 70B)
Class com.amazon.ion.IonBufferConfiguration                                           : loaded 2 times (x 73B)
Class com.amazon.ion.impl.bin.Symbols                                                 : loaded 2 times (x 71B)
Class org.jetbrains.plugins.gradle.tooling.serialization.RepositoriesModelSerializationService: loaded 2 times (x 82B)
Class com.android.ide.gradle.model.artifacts.AdditionalClassifierArtifactsModel       : loaded 2 times (x 70B)
Class org.gradle.tooling.internal.gradle.GradleProjectIdentity                        : loaded 2 times (x 70B)
Class org.gradle.api.internal.DefaultClassPathRegistry                                : loaded 2 times (x 76B)
Class com.google.common.collect.ImmutableMultimap$Keys                                : loaded 2 times (x 166B)
Class com.android.builder.model.v2.ide.JavaArtifact                                   : loaded 2 times (x 70B)
Class com.google.common.primitives.IntsMethodsForWeb                                  : loaded 2 times (x 71B)
Class [Lcom.amazon.ion.impl.bin.AbstractIonWriter$WriteValueOptimization;             : loaded 2 times (x 69B)
Class org.jetbrains.plugins.gradle.tooling.serialization.RepositoriesModelSerializationService$ReadContext: loaded 2 times (x 72B)
Class kotlin.ranges.ClosedRange                                                       : loaded 2 times (x 70B)
Class org.gradle.api.internal.ClassPathRegistry                                       : loaded 2 times (x 70B)
Class org.gradle.internal.classpath.DefaultClassPath$ImmutableUniqueList              : loaded 2 times (x 199B)
Class org.apache.commons.io.IOUtils                                                   : loaded 2 times (x 71B)
Class com.amazon.ion.impl.bin.IonManagedBinaryWriter$UserState                        : loaded 2 times (x 85B)
Class com.amazon.ion.impl._Private_IonWriter                                          : loaded 2 times (x 70B)
Class com.amazon.ion.impl.bin._Private_IonManagedBinaryWriterBuilder                  : loaded 2 times (x 72B)
Class com.intellij.gradle.toolingExtension.impl.model.projectModel.GradleExternalProjectSerializationService$WriteContext: loaded 2 times (x 73B)
Class kotlin.text.StringsKt__StringsJVMKt                                             : loaded 2 times (x 71B)
Class kotlin.collections.IntIterator                                                  : loaded 2 times (x 82B)
Class com.google.common.collect.NullnessCasts                                         : loaded 2 times (x 71B)
Class com.android.builder.model.v2.dsl.SigningConfig                                  : loaded 2 times (x 70B)
Class com.android.builder.model.v2.models.AndroidProject                              : loaded 2 times (x 70B)
Class com.android.builder.model.v2.AndroidModel                                       : loaded 2 times (x 70B)
Class com.google.common.cache.CacheBuilder                                            : loaded 2 times (x 72B)
Class Settings_gradle$1                                                               : loaded 2 times (x 74B)
Class [Lcom.amazon.ion.SymbolToken;                                                   : loaded 2 times (x 69B)
Class kotlin.text.StringsKt__IndentKt                                                 : loaded 2 times (x 71B)
Class kotlin.collections.SetsKt                                                       : loaded 2 times (x 71B)
Class org.gradle.internal.classpath.ClassPath                                         : loaded 2 times (x 70B)
Class org.gradle.api.UncheckedIOException                                             : loaded 2 times (x 82B)
Class com.google.common.base.JdkPattern                                               : loaded 2 times (x 75B)
Class org.jetbrains.plugins.gradle.model.ExternalProjectDependency                    : loaded 2 times (x 70B)
Class org.jetbrains.plugins.gradle.tooling.serialization.KotlinDslScriptsModelSerializationService: loaded 2 times (x 81B)
Class kotlin.reflect.KFunction                                                        : loaded 2 times (x 70B)
Class kotlin.collections.ArrayDeque                                                   : loaded 2 times (x 207B)
Class org.objectweb.asm.SymbolTable$Entry                                             : loaded 2 times (x 74B)
Class com.google.common.util.concurrent.AbstractFuture$AtomicHelper                   : loaded 2 times (x 78B)
Class com.amazon.ion.system.IonSystemBuilder$Mutable                                  : loaded 2 times (x 75B)
Class com.amazon.ion.impl.bin.IonManagedBinaryWriter$SymbolResolverBuilder            : loaded 2 times (x 70B)
Class org.jetbrains.kotlin.idea.gradleTooling.KotlinGradleModel                       : loaded 2 times (x 70B)
Class org.jetbrains.plugins.gradle.tooling.serialization.ExternalTestsSerializationService$WriteContext: loaded 2 times (x 72B)
Class kotlin.collections.MapsKt__MapsKt                                               : loaded 2 times (x 71B)
Class com.android.builder.model.v2.ide.Variant                                        : loaded 2 times (x 70B)
Class org.objectweb.asm.Edge                                                          : loaded 2 times (x 72B)
Class com.google.common.base.Suppliers$SupplierOfInstance                             : loaded 2 times (x 79B)
Class com.amazon.ion.impl._Private_RecyclingStack$Recycler                            : loaded 2 times (x 70B)
Class com.amazon.ion.impl.bin.IonManagedBinaryWriter$LocalSymbolTableView             : loaded 2 times (x 107B)
Class com.amazon.ion.impl.bin.IonRawBinaryWriter$ThrowingRunnable                     : loaded 2 times (x 70B)
Class ijInit1_11vqlwagrmqhcgwnw0hsow9sa                                               : loaded 2 times (x 179B)
Class org.gradle.tooling.model.Model                                                  : loaded 2 times (x 70B)
Class com.android.builder.model.v2.ide.SyncIssue                                      : loaded 2 times (x 70B)
Class com.google.common.cache.LocalCache$ComputingValueReference                      : loaded 2 times (x 96B)
Class com.google.common.collect.ImmutableMap$IteratorBasedImmutableMap                : loaded 2 times (x 126B)
Class com.amazon.ion.UnknownSymbolException                                           : loaded 2 times (x 86B)
Class com.android.ide.gradle.model.composites.BuildMap                                : loaded 2 times (x 70B)
Class kotlin.text.MatchResult$Destructured                                            : loaded 2 times (x 72B)
Class kotlin.Metadata                                                                 : loaded 2 times (x 70B)
Class kotlin.UninitializedPropertyAccessException                                     : loaded 2 times (x 82B)
Class com.android.builder.model.v2.ide.Library                                        : loaded 2 times (x 70B)
Class com.android.builder.model.v2.ide.ArtifactDependenciesAdjacencyList              : loaded 2 times (x 70B)
Class com.android.builder.model.v2.models.Versions                                    : loaded 2 times (x 70B)
Class com.google.common.cache.LocalCache$Segment                                      : loaded 2 times (x 154B)
Class org.jetbrains.plugins.gradle.model.IntelliJProjectSettings                      : loaded 2 times (x 70B)
Class org.gradle.tooling.internal.adapter.ProtocolToModelAdapter$MethodInvocationCache: loaded 2 times (x 73B)
Class com.android.builder.model.v2.models.ndk.NativeModule                            : loaded 2 times (x 70B)
Class com.google.common.collect.AbstractListMultimap                                  : loaded 2 times (x 172B)
Class [Lorg.objectweb.asm.SymbolTable$Entry;                                          : loaded 2 times (x 69B)
Class com.google.common.cache.CacheLoader                                             : loaded 2 times (x 74B)
Class com.google.common.collect.ImmutableBiMap                                        : loaded 2 times (x 143B)
Class org.jetbrains.plugins.gradle.model.ExternalDependency                           : loaded 2 times (x 70B)
Class com.intellij.util.containers.IntObjectHashMap                                   : loaded 2 times (x 72B)
Class org.gradle.internal.installation.GradleInstallation$1                           : loaded 2 times (x 75B)
Class org.gradle.api.internal.classpath.ModuleRegistry                                : loaded 2 times (x 70B)
Class com.android.builder.model.v2.ide.PrivacySandboxSdkInfo                          : loaded 2 times (x 70B)
Class org.apache.commons.io.output.NullWriter                                         : loaded 2 times (x 99B)
Class com.google.common.util.concurrent.internal.InternalFutureFailureAccess          : loaded 2 times (x 72B)
Class com.android.ide.common.repository.AgpVersion$PreviewKind$Companion              : loaded 2 times (x 71B)
Class com.google.common.collect.ImmutableSet$JdkBackedSetBuilderImpl                  : loaded 2 times (x 76B)
Class com.amazon.ion.impl.bin.IonManagedBinaryWriter$SymbolState$1                    : loaded 2 times (x 80B)
Class com.amazon.ion.impl.LocalSymbolTableAsStruct$Factory                            : loaded 2 times (x 79B)
Class [Lcom.amazon.ion.IonType;                                                       : loaded 2 times (x 69B)
Class org.jetbrains.plugins.gradle.model.VersionCatalogsModel                         : loaded 2 times (x 70B)
Class com.intellij.gradle.toolingExtension.impl.model.sourceSetDependencyModel.GradleSourceSetDependencySerialisationService$SourceSetDependencyModelReadContext: loaded 2 times (x 72B)
Class com.intellij.gradle.toolingExtension.impl.model.dependencyModel.DependencyReadContext: loaded 2 times (x 72B)
Class org.gradle.tooling.internal.adapter.ObjectGraphAdapter                          : loaded 2 times (x 70B)
Class com.google.common.collect.ImmutableMultimap$Values                              : loaded 2 times (x 126B)
Class com.android.builder.model.v2.ide.Installation                                   : loaded 2 times (x 70B)
Class com.google.common.util.concurrent.AbstractFuture$UnsafeAtomicHelper             : loaded 2 times (x 78B)
Class com.google.common.cache.LocalCache$LocalManualCache$1                           : loaded 2 times (x 75B)
Class org.jetbrains.plugins.gradle.model.ProjectImportModelProvider                   : loaded 2 times (x 70B)
Class org.jetbrains.plugins.gradle.model.ExternalSourceSet                            : loaded 2 times (x 70B)
Class com.amazon.ion.impl.bin.IonManagedBinaryWriter$SymbolState$2                    : loaded 2 times (x 80B)
Class com.amazon.ion.IonNull                                                          : loaded 2 times (x 70B)
Class com.intellij.gradle.toolingExtension.impl.model.warmUp.GradleTaskWarmUpRequest  : loaded 2 times (x 70B)
Class com.android.ide.gradle.model.LegacyAndroidGradlePluginPropertiesModelParameters : loaded 2 times (x 70B)
Class com.google.common.collect.ImmutableSortedAsList                                 : loaded 2 times (x 221B)
Class kotlin.text.RegexKt                                                             : loaded 2 times (x 71B)
Class kotlin.coroutines.intrinsics.IntrinsicsKt__IntrinsicsKt                         : loaded 2 times (x 71B)
Class com.google.common.collect.Multimaps$CustomSetMultimap                           : loaded 2 times (x 178B)
Class com.android.builder.model.v2.models.ModelBuilderParameter                       : loaded 2 times (x 70B)
Class com.amazon.ion.impl.bin.IonRawBinaryWriter$ContainerInfo                        : loaded 2 times (x 74B)
Class com.amazon.ion.impl.bin.IonManagedBinaryWriter$SymbolState$3                    : loaded 2 times (x 80B)
Class com.amazon.ion.impl.bin.IonRawBinaryWriter$StreamFlushMode                      : loaded 2 times (x 79B)
Class com.amazon.ion.IonBinaryWriter                                                  : loaded 2 times (x 70B)
Class com.intellij.gradle.toolingExtension.impl.model.sourceSetArtifactIndex.GradleSourceSetArtifactBuildRequest: loaded 2 times (x 70B)
Class kotlin.io.FilesKt__UtilsKt                                                      : loaded 2 times (x 71B)
Class com.google.common.collect.Lists$TransformingRandomAccessList                    : loaded 2 times (x 199B)
Class kotlin.collections.CollectionsKt__CollectionsJVMKt                              : loaded 2 times (x 71B)
Class org.gradle.api.internal.classpath.DefaultModuleRegistry                         : loaded 2 times (x 86B)
Class com.google.common.util.concurrent.ListenableFuture                              : loaded 2 times (x 70B)
Class com.google.common.cache.ReferenceEntry                                          : loaded 2 times (x 70B)
Class com.google.common.base.Converter                                                : loaded 2 times (x 90B)
Class com.amazon.ion.impl.bin.IonManagedBinaryWriter$SymbolState$4                    : loaded 2 times (x 80B)
Class [Lcom.amazon.ion.util.InputStreamInterceptor;                                   : loaded 2 times (x 69B)
Class org.jetbrains.plugins.gradle.tooling.serialization.internal.IdeaProjectSerializationService$WriteContext$1: loaded 2 times (x 83B)
Class org.jetbrains.plugins.gradle.model.ExternalProject                              : loaded 2 times (x 70B)
Class kotlin.sequences.SequencesKt                                                    : loaded 2 times (x 71B)
Class kotlin.collections.CollectionsKt__IteratorsKt                                   : loaded 2 times (x 71B)
Class [Lcom.android.builder.model.v2.ide.CodeShrinker;                                : loaded 2 times (x 69B)
Class com.google.common.collect.AbstractMapBasedMultimap                              : loaded 2 times (x 139B)
Class com.google.common.util.concurrent.AbstractFuture                                : loaded 2 times (x 106B)
Class com.google.common.base.FunctionalEquivalence                                    : loaded 2 times (x 83B)
Class com.amazon.ion.impl.bin.utf8.Pool                                               : loaded 2 times (x 74B)
Class com.amazon.ion.impl._Private_SymtabExtendsCache                                 : loaded 2 times (x 72B)
Class org.jetbrains.plugins.gradle.tooling.serialization.internal.IdeaProjectSerializationService$WriteContext$2: loaded 2 times (x 83B)
Class kotlin.text.StringsKt                                                           : loaded 2 times (x 71B)
Class com.google.common.collect.ImmutableMultiset                                     : loaded 2 times (x 163B)
Class org.objectweb.asm.RecordComponentVisitor                                        : loaded 2 times (x 77B)
Class com.google.common.cache.CacheLoader$SupplierToCacheLoader                       : loaded 2 times (x 75B)
Class com.amazon.ion.impl._Private_IonSymbol                                          : loaded 2 times (x 70B)
Class com.amazon.ion.impl.lite.IonValueLite                                           : loaded 2 times (x 147B)
Class com.amazon.ion.IonContainer                                                     : loaded 2 times (x 70B)
Class com.amazon.ion.impl.bin.PooledBlockAllocatorProvider                            : loaded 2 times (x 73B)
Class org.jetbrains.plugins.gradle.tooling.serialization.AnnotationProcessingModelSerializationService$ReadContext: loaded 2 times (x 72B)
Class org.jetbrains.plugins.gradle.tooling.serialization.internal.IdeaProjectSerializationService$WriteContext$3: loaded 2 times (x 83B)
Class gnu.trove.TObjectHash$NULL                                                      : loaded 2 times (x 71B)
Class org.gradle.util.internal.DefaultGradleVersion$Stage                             : loaded 2 times (x 75B)
Class kotlin.coroutines.jvm.internal.RestrictedContinuationImpl                       : loaded 2 times (x 87B)
Class com.google.common.collect.Maps$EntryTransformer                                 : loaded 2 times (x 70B)
Class org.jetbrains.kotlin.idea.gradleTooling.AndroidAwareGradleModelProvider         : loaded 2 times (x 79B)
Class org.jetbrains.plugins.gradle.tooling.serialization.internal.IdeaProjectSerializationService$WriteContext$4: loaded 2 times (x 83B)
Class com.intellij.gradle.toolingExtension.impl.model.sourceSetDependencyModel.GradleSourceSetDependencySerialisationService$Companion: loaded 2 times (x 71B)
Class [Lkotlin.Pair;                                                                  : loaded 2 times (x 69B)
Class kotlin.text.StringsKt__StringNumberConversionsKt                                : loaded 2 times (x 71B)
Class kotlin.io.FilesKt__FileReadWriteKt                                              : loaded 2 times (x 71B)
Class com.google.common.collect.UsingToStringOrdering                                 : loaded 2 times (x 114B)
Class kotlin.text.MatchNamedGroupCollection                                           : loaded 2 times (x 70B)
Class kotlin.jvm.internal.markers.KMutableList                                        : loaded 2 times (x 70B)
Class org.gradle.internal.time.MonotonicClock                                         : loaded 2 times (x 77B)
Class org.gradle.internal.service.ServiceLookupException                              : loaded 2 times (x 82B)
Class com.google.common.collect.Lists$ReverseList                                     : loaded 2 times (x 200B)
Class [Lcom.google.common.cache.LocalCache$EntryFactory;                              : loaded 2 times (x 69B)
Class com.intellij.gradle.toolingExtension.util.GradleVersionSpecificsUtil            : loaded 2 times (x 71B)
Class com.amazon.ion.BufferConfiguration$Builder                                      : loaded 2 times (x 78B)
Class org.jetbrains.plugins.gradle.tooling.serialization.internal.IdeaProjectSerializationService$WriteContext$5: loaded 2 times (x 83B)
Class com.intellij.gradle.toolingExtension.impl.model.sourceSetDependencyModel.GradleSourceSetDependencySerialisationService$SourceSetDependencyModelWriteContext: loaded 2 times (x 72B)
Class kotlin.sequences.SequencesKt___SequencesKt$sortedWith$1                         : loaded 2 times (x 75B)
Class org.gradle.internal.classloader.ClassLoaderFactory                              : loaded 2 times (x 70B)
Class com.android.builder.model.v2.ide.LibraryInfo                                    : loaded 2 times (x 70B)
Class org.apache.commons.io.CloseableURLConnection                                    : loaded 2 times (x 116B)
Class com.google.common.base.CommonPattern                                            : loaded 2 times (x 74B)
Class com.google.common.cache.LocalCache$LocalManualCache                             : loaded 2 times (x 99B)
Class com.amazon.ion.impl.bin.IntList                                                 : loaded 2 times (x 77B)
Class com.amazon.ion.impl._Private_RecyclingQueue$ElementIterator                     : loaded 2 times (x 82B)
Class com.amazon.ion.impl.lite._Private_LiteDomTrampoline                             : loaded 2 times (x 71B)
Class com.amazon.ion.IonType                                                          : loaded 2 times (x 79B)
Class org.jetbrains.plugins.gradle.tooling.serialization.internal.IdeaProjectSerializationService$WriteContext$6: loaded 2 times (x 83B)
Class org.jetbrains.plugins.gradle.tooling.util.IntObjectMap                          : loaded 2 times (x 73B)
Class org.gradle.internal.service.CachingServiceLocator                               : loaded 2 times (x 82B)
Class com.google.common.collect.Streams                                               : loaded 2 times (x 71B)
Class com.google.common.collect.AbstractMapBasedMultimap$KeySet                       : loaded 2 times (x 137B)
Class com.google.common.math.IntMath                                                  : loaded 2 times (x 71B)
Class com.amazon.ion.impl.lite.ValueFactoryLite                                       : loaded 2 times (x 218B)
Class org.jetbrains.plugins.gradle.model.RepositoryModels                             : loaded 2 times (x 70B)
Class org.jetbrains.plugins.gradle.tooling.serialization.internal.IdeaProjectSerializationService$WriteContext$7: loaded 2 times (x 83B)
Class kotlin.collections.AbstractList$SubList                                         : loaded 2 times (x 198B)
Class kotlin.jvm.internal.CallableReference                                           : loaded 2 times (x 106B)
Class com.google.common.collect.ImmutableMapEntry                                     : loaded 2 times (x 85B)
Class com.amazon.ion.impl.bin.WriteBuffer                                             : loaded 2 times (x 78B)
Class com.amazon.ion.impl.bin.IonManagedBinaryWriter                                  : loaded 2 times (x 166B)
Class org.jetbrains.plugins.gradle.tooling.serialization.internal.IdeaProjectSerializationService$WriteContext$8: loaded 2 times (x 83B)
Class gnu.trove.TObjectIntProcedure                                                   : loaded 2 times (x 70B)
Class [Lorg.gradle.api.JavaVersion;                                                   : loaded 2 times (x 69B)
Class kotlin.ranges.IntRange                                                          : loaded 2 times (x 93B)
Class org.gradle.tooling.model.idea.IdeaDependencyScope                               : loaded 2 times (x 70B)
Class org.gradle.internal.time.TimeSource                                             : loaded 2 times (x 70B)
Class org.gradle.tooling.model.kotlin.dsl.KotlinDslScriptsModel                       : loaded 2 times (x 70B)
Class com.google.common.collect.ImmutableMultimap                                     : loaded 2 times (x 147B)
Class com.android.builder.model.v2.ide.TestInfo                                       : loaded 2 times (x 70B)
Class com.google.common.base.Equivalence                                              : loaded 2 times (x 82B)
Class com.google.common.collect.ImmutableMapEntry$NonTerminalImmutableMapEntry        : loaded 2 times (x 85B)
Class com.amazon.ion.impl.lite.IonBlobLite                                            : loaded 2 times (x 219B)
Class com.amazon.ion.impl.LocalSymbolTable                                            : loaded 2 times (x 121B)
Class org.jetbrains.plugins.gradle.tooling.serialization.SerializationService         : loaded 2 times (x 70B)
Class org.gradle.tooling.internal.gradle.GradleBuildIdentity                          : loaded 2 times (x 70B)
Class kotlin.enums.EnumEntries                                                        : loaded 2 times (x 70B)
Class com.android.builder.model.v2.ide.JavaCompileOptions                             : loaded 2 times (x 70B)
Class org.apache.commons.io.output.AbstractByteArrayOutputStream                      : loaded 2 times (x 102B)
Class com.google.common.collect.IndexedImmutableSet$1                                 : loaded 2 times (x 213B)
Class com.google.common.cache.CacheBuilder$OneWeigher                                 : loaded 2 times (x 82B)
Class com.amazon.ion.IonList                                                          : loaded 2 times (x 70B)
Class org.jetbrains.plugins.gradle.tooling.serialization.internal.adapter.Supplier    : loaded 2 times (x 70B)
Class org.gradle.tooling.internal.adapter.ProtocolToModelAdapter$MixInMappingAction   : loaded 2 times (x 80B)
Class org.gradle.internal.exceptions.ResolutionProvider                               : loaded 2 times (x 70B)
Class com.amazon.ion.IonSystem                                                        : loaded 2 times (x 70B)
Class com.amazon.ion.impl.bin.IonManagedBinaryWriter$ImportedSymbolContext            : loaded 2 times (x 72B)
Class kotlin.text.MatchResult$DefaultImpls                                            : loaded 2 times (x 71B)
Class org.gradle.tooling.model.idea.IdeaCompilerOutput                                : loaded 2 times (x 70B)
Class org.gradle.tooling.model.ProjectIdentifier                                      : loaded 2 times (x 70B)
Class org.gradle.internal.classloader.ClasspathUtil                                   : loaded 2 times (x 71B)
Class com.android.builder.model.v2.ide.ComponentInfo                                  : loaded 2 times (x 70B)
Class com.google.common.base.Charsets                                                 : loaded 2 times (x 71B)
Class com.google.common.util.concurrent.Uninterruptibles                              : loaded 2 times (x 71B)
Class com.android.builder.model.v2.ide.ProjectType                                    : loaded 2 times (x 79B)
Class org.jetbrains.kotlin.tooling.core.HasExtras                                     : loaded 2 times (x 70B)
Class com.intellij.gradle.toolingExtension.impl.model.sourceSetModel.GradleSourceSetSerialisationService: loaded 2 times (x 77B)
Class kotlin.io.FileSystemException                                                   : loaded 2 times (x 82B)
Class com.google.common.collect.AbstractMapBasedMultimap$WrappedSet                   : loaded 2 times (x 142B)
Class com.android.builder.model.v2.dsl.BaseConfig                                     : loaded 2 times (x 70B)
Class com.google.common.collect.Maps                                                  : loaded 2 times (x 71B)
Class com.amazon.ion.impl.lite.IonIntLite                                             : loaded 2 times (x 189B)
Class com.amazon.ion.impl._Private_IonReaderBuilder$TwoElementInputStream             : loaded 2 times (x 92B)
Class com.amazon.ion.util._Private_FastAppendable                                     : loaded 2 times (x 70B)
Class [Lcom.amazon.ion.impl.bin.IonRawBinaryWriter$PreallocationMode;                 : loaded 2 times (x 69B)
Class org.gradle.internal.time.TimeSource$1                                           : loaded 2 times (x 77B)
Class kotlin.jvm.internal.DefaultConstructorMarker                                    : loaded 2 times (x 71B)
Class org.gradle.api.specs.Spec                                                       : loaded 2 times (x 70B)
Class [Lcom.google.common.collect.ImmutableEntry;                                     : loaded 2 times (x 69B)
Class com.amazon.ion.impl.lite.IonSexpLite                                            : loaded 2 times (x 490B)
Class com.amazon.ion.impl.lite.IonListLite                                            : loaded 2 times (x 490B)
Class com.amazon.ion.IonFloat                                                         : loaded 2 times (x 70B)
Class sync_studio_tooling_d4xmr6pngf9tpxv87sornrvx9                                   : loaded 2 times (x 179B)
Class com.google.common.cache.LocalCache$LoadingValueReference                        : loaded 2 times (x 96B)
Class com.amazon.ion.impl.LocalSymbolTable$Factory                                    : loaded 2 times (x 77B)
Class com.amazon.ion.impl.bin.IonManagedBinaryWriter$ImportedSymbolResolverMode       : loaded 2 times (x 80B)
Class com.intellij.gradle.toolingExtension.impl.model.buildScriptClasspathModel.GradleBuildScriptClasspathSerializationService: loaded 2 times (x 77B)
Class com.google.common.base.Platform                                                 : loaded 2 times (x 71B)
Class org.jetbrains.plugins.gradle.model.FileCollectionDependency                     : loaded 2 times (x 70B)
Class com.amazon.ion.impl.LocalSymbolTableAsStruct                                    : loaded 2 times (x 126B)
Class com.amazon.ion.impl.lite.IonTimestampLite                                       : loaded 2 times (x 192B)
Class com.intellij.gradle.toolingExtension.impl.model.utilDummyModel.DummyModel       : loaded 2 times (x 70B)
Class kotlin.text.StringsKt__RegexExtensionsKt                                        : loaded 2 times (x 71B)
Class kotlin.collections.EmptyIterator                                                : loaded 2 times (x 89B)
Class org.gradle.internal.time.Clock                                                  : loaded 2 times (x 70B)
Class com.android.builder.model.v2.dsl.ProductFlavor                                  : loaded 2 times (x 70B)
Class [Lcom.android.builder.model.v2.ide.TestInfo$Execution;                          : loaded 2 times (x 69B)
Class [Lorg.objectweb.asm.AnnotationWriter;                                           : loaded 2 times (x 69B)
Class com.google.common.collect.Maps$8                                                : loaded 2 times (x 82B)
Class com.amazon.ion.IonString                                                        : loaded 2 times (x 70B)
Class org.jetbrains.plugins.gradle.model.GradleSourceSetDependencyModel               : loaded 2 times (x 70B)
Class kotlin.io.FilePathComponents                                                    : loaded 2 times (x 72B)
Class com.google.common.collect.CompoundOrdering                                      : loaded 2 times (x 115B)
Class kotlin.sequences.SequencesKt__SequencesJVMKt                                    : loaded 2 times (x 71B)
Class kotlin.coroutines.jvm.internal.RestrictedSuspendLambda                          : loaded 2 times (x 91B)
Class org.gradle.tooling.internal.adapter.TypeInspector                               : loaded 2 times (x 73B)
Class org.gradle.tooling.internal.adapter.ProtocolToModelAdapter$NoOpDecoration       : loaded 2 times (x 79B)
Class org.gradle.tooling.model.Element                                                : loaded 2 times (x 70B)
Class kotlin.collections.AbstractList                                                 : loaded 2 times (x 197B)
Class kotlin.collections.AbstractCollection                                           : loaded 2 times (x 117B)
Class com.google.common.collect.Lists$ReverseList$1                                   : loaded 2 times (x 99B)
Class com.google.common.collect.Sets$SetView                                          : loaded 2 times (x 138B)
Class com.google.common.cache.LocalCache$StrongValueReference                         : loaded 2 times (x 90B)
Class com.google.common.util.concurrent.AbstractFuture$SynchronizedHelper             : loaded 2 times (x 78B)
Class org.jetbrains.kotlin.tooling.core.Extras                                        : loaded 2 times (x 70B)
Class com.amazon.ion.BufferConfiguration                                              : loaded 2 times (x 73B)
Class com.amazon.ion.system.SimpleCatalog                                             : loaded 2 times (x 91B)
Class com.intellij.gradle.toolingExtension.impl.model.taskModel.GradleTaskSerialisationService: loaded 2 times (x 76B)
Class com.android.ide.gradle.model.LegacyV1AgpVersionModel                            : loaded 2 times (x 70B)
Class kotlin.text.StringsKt__StringBuilderJVMKt                                       : loaded 2 times (x 71B)
Class kotlin.text.Regex                                                               : loaded 2 times (x 72B)
Class kotlin.sequences.SequencesKt__SequenceBuilderKt$sequence$$inlined$Sequence$1    : loaded 2 times (x 75B)
Class kotlin.Triple                                                                   : loaded 2 times (x 72B)
Class org.objectweb.asm.Type                                                          : loaded 2 times (x 72B)
Class org.jetbrains.plugins.gradle.tooling.util.IntObjectMap$1                        : loaded 2 times (x 77B)
Class org.gradle.tooling.model.internal.ImmutableDomainObjectSet                      : loaded 2 times (x 155B)
Class org.gradle.internal.classloader.VisitableURLClassLoader$InstrumentingVisitableURLClassLoader: loaded 2 times (x 123B)
Class com.android.builder.model.v2.ide.AndroidGradlePluginProjectFlags                : loaded 2 times (x 70B)
Class [Lcom.android.builder.model.v2.ide.AndroidGradlePluginProjectFlags$BooleanFlag; : loaded 2 times (x 69B)
Class com.android.builder.model.v2.ide.BasicVariant                                   : loaded 2 times (x 70B)
Class org.objectweb.asm.ByteVector                                                    : loaded 2 times (x 79B)
Class [Lcom.google.common.cache.CacheBuilder$NullListener;                            : loaded 2 times (x 69B)
Class com.google.common.math.IntMath$1                                                : loaded 2 times (x 71B)
Class [Lcom.amazon.ion.impl.bin.IonRawBinaryWriter$StreamFlushMode;                   : loaded 2 times (x 69B)
Class com.amazon.ion.UnsupportedIonVersionException                                   : loaded 2 times (x 85B)
Class kotlin.comparisons.ComparisonsKt__ComparisonsKt                                 : loaded 2 times (x 71B)
Class kotlin.ranges.RangesKt__RangesKt                                                : loaded 2 times (x 71B)
Class kotlin.collections.SetsKt___SetsKt                                              : loaded 2 times (x 71B)
Class kotlin.sequences.SequencesKt__SequencesKt                                       : loaded 2 times (x 71B)
Class kotlin.coroutines.Continuation                                                  : loaded 2 times (x 70B)
Class org.gradle.internal.classloader.VisitableURLClassLoader$Spec                    : loaded 2 times (x 74B)
Class org.gradle.internal.classpath.DefaultClassPath                                  : loaded 2 times (x 90B)
Class com.android.builder.model.v2.ide.BundleInfo                                     : loaded 2 times (x 70B)
Class com.android.builder.model.v2.ide.SourceProvider                                 : loaded 2 times (x 70B)
Class org.objectweb.asm.Symbol                                                        : loaded 2 times (x 73B)
Class com.amazon.ion.impl.bin.IonManagedBinaryWriter$SymbolState                      : loaded 2 times (x 80B)
Class com.amazon.ion.IonStruct                                                        : loaded 2 times (x 70B)
Class org.jetbrains.plugins.gradle.model.GradleBuildScriptClasspathModel              : loaded 2 times (x 70B)
Class kotlin.sequences.FilteringSequence                                              : loaded 2 times (x 75B)
Class kotlin.text.CharsKt__CharJVMKt                                                  : loaded 2 times (x 71B)
Class kotlin.comparisons.ComparisonsKt                                                : loaded 2 times (x 71B)
Class kotlin.comparisons.ComparisonsKt___ComparisonsKt                                : loaded 2 times (x 71B)
Class kotlin.coroutines.jvm.internal.BaseContinuationImpl                             : loaded 2 times (x 87B)
Class kotlin.Result$Companion                                                         : loaded 2 times (x 71B)
Class org.gradle.util.internal.DefaultGradleVersion                                   : loaded 2 times (x 82B)
Class com.google.common.collect.RegularImmutableMap$Values                            : loaded 2 times (x 207B)
Class org.gradle.internal.classloader.ClassLoaderSpec                                 : loaded 2 times (x 71B)
Class org.objectweb.asm.AnnotationWriter                                              : loaded 2 times (x 79B)
Class com.google.common.cache.CacheStats                                              : loaded 2 times (x 71B)
Class com.amazon.ion.impl.IonWriterSystemTextMarkup                                   : loaded 2 times (x 192B)
Class com.amazon.ion.impl.bin.BlockAllocator                                          : loaded 2 times (x 80B)
Class kotlin.jvm.internal.FunctionReferenceImpl                                       : loaded 2 times (x 122B)
Class kotlin.collections.CollectionsKt___CollectionsJvmKt                             : loaded 2 times (x 71B)
Class com.google.common.collect.ImmutableMultisetGwtSerializationDependencies         : loaded 2 times (x 125B)
Class org.objectweb.asm.RecordComponentWriter                                         : loaded 2 times (x 78B)
Class [Lcom.android.builder.model.v2.ide.ProjectType;                                 : loaded 2 times (x 69B)
Class com.google.common.util.concurrent.AbstractFuture$Listener                       : loaded 2 times (x 72B)
Class Settings_gradle$1$1                                                             : loaded 2 times (x 74B)
Class com.amazon.ion.impl._Private_RecyclingQueue                                     : loaded 2 times (x 80B)
Class com.amazon.ion.system.IonWriterBuilderBase                                      : loaded 2 times (x 83B)
Class kotlin.TuplesKt                                                                 : loaded 2 times (x 71B)
Class kotlin.jvm.internal.markers.KMutableIterable                                    : loaded 2 times (x 70B)
Class kotlin.Unit                                                                     : loaded 2 times (x 71B)
Class kotlin.sequences.SequencesKt___SequencesJvmKt                                   : loaded 2 times (x 71B)
Class org.gradle.tooling.internal.adapter.ProtocolToModelAdapter$DefaultViewBuilder   : loaded 2 times (x 80B)
Class [Lcom.android.builder.model.v2.ide.AaptOptions$Namespacing;                     : loaded 2 times (x 69B)
Class com.android.ide.common.gradle.Version$Companion$ParseState                      : loaded 2 times (x 70B)
Class org.objectweb.asm.Attribute                                                     : loaded 2 times (x 77B)
Class com.google.common.base.Supplier                                                 : loaded 2 times (x 70B)
Class kotlin.ranges.RangesKt                                                          : loaded 2 times (x 71B)
Class org.gradle.tooling.internal.adapter.ProtocolToModelAdapter$ViewGraphDetails$1   : loaded 2 times (x 77B)
Class org.gradle.internal.classloader.VisitableURLClassLoader                         : loaded 2 times (x 117B)
Class com.google.common.util.concurrent.AbstractFuture$Waiter                         : loaded 2 times (x 72B)
Class com.android.ide.common.repository.AgpVersion$Companion                          : loaded 2 times (x 71B)
Class Settings_gradle                                                                 : loaded 2 times (x 128B)
Class com.amazon.ion.impl.bin.IonRawBinaryWriter$1                                    : loaded 2 times (x 77B)
Class [Lcom.amazon.ion.SymbolTable;                                                   : loaded 2 times (x 69B)
Class com.amazon.ion.impl.bin.IonBinaryWriterAdapter$Factory                          : loaded 2 times (x 70B)
Class com.amazon.ion.impl.BlockedBuffer$BufferedOutputStream                          : loaded 2 times (x 90B)
Class org.jetbrains.plugins.gradle.tooling.serialization.ExternalTestsSerializationService$ReadContext: loaded 2 times (x 72B)
Class kotlin.sequences.FlatteningSequence$iterator$1                                  : loaded 2 times (x 79B)
Class kotlin.jvm.functions.Function0                                                  : loaded 2 times (x 70B)
Class kotlin.collections.ArraysUtilJVM                                                : loaded 2 times (x 71B)
Class org.gradle.tooling.model.idea.IdeaDependency                                    : loaded 2 times (x 70B)
Class com.android.builder.model.v2.ide.AaptOptions                                    : loaded 2 times (x 70B)
Class [Lcom.android.builder.model.v2.ide.BytecodeTransformation;                      : loaded 2 times (x 69B)
Class com.google.common.base.Strings                                                  : loaded 2 times (x 71B)
Class com.android.ide.common.gradle.Version$Companion                                 : loaded 2 times (x 71B)
Class com.google.common.collect.Sets                                                  : loaded 2 times (x 71B)
Class org.objectweb.asm.Handler                                                       : loaded 2 times (x 72B)
Class com.google.common.base.Ticker                                                   : loaded 2 times (x 72B)
Class com.amazon.ion.impl.bin.AbstractIonWriter$WriteValueOptimization                : loaded 2 times (x 79B)
Class kotlin.collections.AbstractMutableList                                          : loaded 2 times (x 206B)
Class kotlin.jvm.functions.Function1                                                  : loaded 2 times (x 70B)
Class com.android.builder.model.v2.models.ndk.NativeModelBuilderParameter             : loaded 2 times (x 70B)
Class [Lcom.google.common.cache.LocalCache$Segment;                                   : loaded 2 times (x 69B)
Class [Lcom.google.common.cache.LocalCache$Strength;                                  : loaded 2 times (x 69B)
Class com.google.common.cache.CacheBuilder$1                                          : loaded 2 times (x 85B)
Class com.google.common.collect.ImmutableMap                                          : loaded 2 times (x 120B)
Class com.amazon.ion.impl.bin.BlockAllocatorProvider                                  : loaded 2 times (x 72B)
Class org.jetbrains.plugins.gradle.tooling.serialization.internal.IdeaProjectSerializationService$WriteContext: loaded 2 times (x 72B)
Class com.intellij.gradle.toolingExtension.impl.model.sourceSetDependencyModel.GradleSourceSetDependencySerialisationService: loaded 2 times (x 77B)
Class org.jetbrains.plugins.gradle.model.GradleSourceSetModel                         : loaded 2 times (x 70B)
Class kotlin.KotlinNothingValueException                                              : loaded 2 times (x 82B)
Class kotlin.jvm.functions.Function2                                                  : loaded 2 times (x 70B)
Class org.gradle.internal.classpath.DefaultClassPath$ImmutableUniqueList$Builder      : loaded 2 times (x 75B)
Class com.google.common.cache.LocalCache                                              : loaded 2 times (x 187B)
Class com.google.common.cache.CacheBuilder$2                                          : loaded 2 times (x 79B)
Class com.amazon.ion.impl.lite.IonSequenceLite                                        : loaded 2 times (x 432B)
Class com.amazon.ion.impl._Private_Utils$1                                            : loaded 2 times (x 89B)
Class com.amazon.ion.impl.SymbolTableAsStruct                                         : loaded 2 times (x 70B)
Class com.android.ide.gradle.model.dependencies.Coordinates                           : loaded 2 times (x 70B)
Class kotlin.collections.MapsKt___MapsJvmKt                                           : loaded 2 times (x 71B)
Class org.gradle.tooling.internal.adapter.WeakIdentityHashMap$AbsentValueProvider     : loaded 2 times (x 70B)
Class com.google.common.collect.ArrayListMultimap                                     : loaded 2 times (x 172B)
Class com.google.common.cache.CacheBuilder$3                                          : loaded 2 times (x 72B)
Class [Lcom.google.common.collect.AbstractMapEntry;                                   : loaded 2 times (x 69B)
Class com.google.common.collect.ImmutableEntry                                        : loaded 2 times (x 82B)
Class com.amazon.ion.impl.bin.AbstractIonWriter                                       : loaded 2 times (x 161B)
Class gnu.trove.TObjectHash                                                           : loaded 2 times (x 94B)
Class org.jetbrains.plugins.gradle.tooling.util.ObjectCollector$Processor             : loaded 2 times (x 70B)
Class kotlin.jvm.functions.Function4                                                  : loaded 2 times (x 70B)
Class kotlin.collections.EmptySet                                                     : loaded 2 times (x 122B)
Class kotlin.annotation.Target                                                        : loaded 2 times (x 70B)
Class kotlin.collections.CollectionsKt___CollectionsKt                                : loaded 2 times (x 71B)
Class org.gradle.internal.exceptions.NonGradleCauseExceptionsHolder                   : loaded 2 times (x 70B)
Class org.gradle.tooling.model.idea.IdeaModuleDependency                              : loaded 2 times (x 70B)
Class org.gradle.tooling.internal.adapter.ViewBuilder                                 : loaded 2 times (x 70B)
Class com.android.builder.model.v2.ide.AndroidLibraryData                             : loaded 2 times (x 70B)
Class com.android.builder.model.v2.ide.ApiVersion                                     : loaded 2 times (x 70B)
Class org.apache.commons.io.StandardLineSeparator                                     : loaded 2 times (x 79B)
Class com.android.ide.common.gradle.Version                                           : loaded 2 times (x 75B)
Class com.google.common.collect.CollectPreconditions                                  : loaded 2 times (x 71B)
Class com.amazon.ion.system.IonReaderBuilder                                          : loaded 2 times (x 95B)
Class org.jetbrains.plugins.gradle.model.AnnotationProcessingConfig                   : loaded 2 times (x 70B)
Class com.amazon.ion.IonReader                                                        : loaded 2 times (x 70B)
Class gnu.trove.Equality                                                              : loaded 2 times (x 70B)
Class kotlin.text.StringsKt___StringsJvmKt                                            : loaded 2 times (x 71B)
Class kotlin.reflect.KDeclarationContainer                                            : loaded 2 times (x 70B)
Class kotlin.annotation.Retention                                                     : loaded 2 times (x 70B)
Class com.android.builder.model.v2.models.Versions$Version                            : loaded 2 times (x 70B)
Class com.google.common.collect.SortedMapDifference                                   : loaded 2 times (x 70B)
Class com.amazon.ion.IonClob                                                          : loaded 2 times (x 70B)
Class org.jetbrains.plugins.gradle.tooling.ModelBuilderService$Parameter              : loaded 2 times (x 70B)
Class kotlin.io.FilesKt                                                               : loaded 2 times (x 71B)
Class kotlin.collections.MapsKt___MapsKt                                              : loaded 2 times (x 71B)
Class kotlin.collections.ArraysKt___ArraysKt                                          : loaded 2 times (x 71B)
Class com.google.common.cache.LocalCache$WriteThroughEntry                            : loaded 2 times (x 79B)
Class com.google.common.cache.LocalCache$HashIterator                                 : loaded 2 times (x 86B)
Class com.google.common.cache.LocalCache$EntryFactory                                 : loaded 2 times (x 83B)
Class com.amazon.ion.impl.lite.IonLobLite                                             : loaded 2 times (x 184B)
Class com.amazon.ion.impl.lite.IonTextLite                                            : loaded 2 times (x 181B)
Class com.amazon.ion.IonNumber                                                        : loaded 2 times (x 70B)
Class gnu.trove.TObjectHashingStrategy                                                : loaded 2 times (x 70B)
Class kotlin.collections.MapsKt__MapWithDefaultKt                                     : loaded 2 times (x 71B)
Class org.gradle.tooling.internal.adapter.ProtocolToModelAdapter$ReflectionMethodInvoker: loaded 2 times (x 76B)
Class [Lcom.android.ide.common.gradle.Separator;                                      : loaded 2 times (x 69B)
Class com.google.common.cache.LocalCache$AbstractReferenceEntry                       : loaded 2 times (x 107B)
Class org.jetbrains.kotlin.tooling.core.HasMutableExtras                              : loaded 2 times (x 70B)
Class [Lcom.amazon.ion.impl.bin.IonManagedBinaryWriter$UserState;                     : loaded 2 times (x 69B)
Class com.amazon.ion.impl.bin.utf8.Utf8StringEncoder                                  : loaded 2 times (x 80B)
Class com.amazon.ion.IonBool                                                          : loaded 2 times (x 70B)
Class kotlin.text.StringsKt___StringsKt                                               : loaded 2 times (x 71B)
Class com.google.common.collect.NullsLastOrdering                                     : loaded 2 times (x 115B)
Class kotlin.collections.CollectionsKt__MutableCollectionsJVMKt                       : loaded 2 times (x 71B)
Class kotlin.enums.EnumEntriesKt                                                      : loaded 2 times (x 71B)
Class com.android.builder.model.v2.models.VariantDependencies                         : loaded 2 times (x 70B)
Class org.objectweb.asm.SymbolTable                                                   : loaded 2 times (x 72B)
Class com.google.common.cache.CacheLoader$InvalidCacheLoadException                   : loaded 2 times (x 82B)
Class com.amazon.ion.IonLoader                                                        : loaded 2 times (x 70B)
Class com.intellij.gradle.toolingExtension.model.repositoryModel.ProjectRepositoriesModel: loaded 2 times (x 70B)
Class org.jetbrains.plugins.gradle.model.GradleProperty                               : loaded 2 times (x 70B)
Class gnu.trove.TObjectCanonicalHashingStrategy                                       : loaded 2 times (x 78B)
Class org.gradle.internal.classloader.SystemClassLoaderSpec                           : loaded 2 times (x 71B)
Class com.android.builder.model.v2.ide.TestedTargetVariant                            : loaded 2 times (x 70B)
Class com.google.common.cache.LocalCache$StrongEntry                                  : loaded 2 times (x 108B)
Class com.google.common.util.concurrent.AbstractFuture$TrustedFuture                  : loaded 2 times (x 114B)
Class com.google.common.cache.LoadingCache                                            : loaded 2 times (x 70B)
Class com.amazon.ion.impl._Private_Utils                                              : loaded 2 times (x 71B)
Class kotlin.ranges.IntRange$Companion                                                : loaded 2 times (x 71B)
Class kotlin.text.MatcherMatchResult$groups$1                                         : loaded 2 times (x 151B)
Class kotlin.collections.EmptyMap                                                     : loaded 2 times (x 108B)
Class kotlin.reflect.KAnnotatedElement                                                : loaded 2 times (x 70B)
Class kotlin.jvm.internal.markers.KMutableCollection                                  : loaded 2 times (x 70B)
Class kotlin.coroutines.intrinsics.IntrinsicsKt                                       : loaded 2 times (x 71B)
Class org.gradle.internal.exceptions.MultiCauseException                              : loaded 2 times (x 70B)
Class org.gradle.internal.time.CountdownTimer                                         : loaded 2 times (x 70B)
Class kotlin.jvm.internal.Intrinsics                                                  : loaded 2 times (x 71B)
Class org.objectweb.asm.MethodWriter                                                  : loaded 2 times (x 106B)
Class [Lcom.google.common.cache.Weigher;                                              : loaded 2 times (x 69B)
Class com.google.common.collect.RegularImmutableMap$BucketOverflowException           : loaded 2 times (x 82B)
Class com.intellij.gradle.toolingExtension.impl.model.projectModel.GradleExternalProjectSerializationService$ReadContext: loaded 2 times (x 73B)
Class com.intellij.gradle.toolingExtension.impl.model.dependencyModel.DependencyWriteContext: loaded 2 times (x 72B)
Class kotlin.collections.MapsKt                                                       : loaded 2 times (x 71B)
Class kotlin.coroutines.intrinsics.CoroutineSingletons                                : loaded 2 times (x 79B)
Class kotlin.collections.CollectionsKt__IterablesKt                                   : loaded 2 times (x 71B)
Class org.gradle.tooling.model.ProjectModel                                           : loaded 2 times (x 70B)
Class com.google.common.collect.ImmutableMultimap$1                                   : loaded 2 times (x 82B)
Class com.android.ide.common.gradle.Version$Companion$ParseState$EMPTY                : loaded 2 times (x 74B)
Class org.jetbrains.plugins.gradle.model.GradleConfiguration                          : loaded 2 times (x 70B)
Class com.amazon.ion.impl.bin.utf8.Utf8StringEncoderPool                              : loaded 2 times (x 74B)
Class com.amazon.ion.impl._Private_IonSystem                                          : loaded 2 times (x 70B)
Class com.amazon.ion.BufferConfiguration$OversizedValueHandler                        : loaded 2 times (x 70B)
Class kotlin.ranges.OpenEndRange                                                      : loaded 2 times (x 70B)
Class kotlin.sequences.SequenceBuilderIterator                                        : loaded 2 times (x 85B)
Class kotlin.KotlinNullPointerException                                               : loaded 2 times (x 83B)
Class com.google.common.collect.ImmutableMultimap$2                                   : loaded 2 times (x 81B)
Class com.android.ide.common.repository.AgpVersion$Companion$WhenMappings             : loaded 2 times (x 71B)
Class com.google.common.collect.RegularImmutableBiMap                                 : loaded 2 times (x 149B)
Class com.google.common.cache.LocalCache$ValueReference                               : loaded 2 times (x 70B)
Class com.amazon.ion.IonDecimal                                                       : loaded 2 times (x 70B)
Class org.jetbrains.plugins.gradle.model.tests.ExternalTestsModel                     : loaded 2 times (x 70B)
Class kotlin.ranges.RangesKt___RangesKt                                               : loaded 2 times (x 71B)
Class org.gradle.tooling.model.idea.IdeaLanguageLevel                                 : loaded 2 times (x 70B)
Class org.gradle.tooling.internal.adapter.ProtocolToModelAdapter$SafeMethodInvoker    : loaded 2 times (x 76B)
Class org.gradle.tooling.internal.adapter.WeakIdentityHashMap$WeakKey                 : loaded 2 times (x 79B)
Class org.gradle.internal.exceptions.DefaultMultiCauseException                       : loaded 2 times (x 95B)
Class com.google.common.hash.PrimitiveSink                                            : loaded 2 times (x 70B)
Class com.android.builder.model.v2.ide.ProjectInfo                                    : loaded 2 times (x 70B)
Class com.google.common.base.PatternCompiler                                          : loaded 2 times (x 70B)
Class com.google.common.util.concurrent.AbstractFuture$Failure                        : loaded 2 times (x 72B)
Class com.google.common.base.Equivalence$Equals                                       : loaded 2 times (x 82B)
Class com.google.common.collect.Hashing                                               : loaded 2 times (x 71B)
Class com.amazon.ion.impl.bin.IonRawBinaryWriter$StreamCloseMode                      : loaded 2 times (x 79B)
Class com.amazon.ion.impl._Private_IonBinaryWriterBuilder$Mutable                     : loaded 2 times (x 115B)
Class com.intellij.gradle.toolingExtension.impl.model.projectModel.GradleExternalProjectSerializationService: loaded 2 times (x 77B)
Class kotlin.text.CharsKt__CharKt                                                     : loaded 2 times (x 71B)
Class kotlin.collections.ArrayDeque$Companion                                         : loaded 2 times (x 71B)
Class kotlin.collections.ArraysKt                                                     : loaded 2 times (x 71B)
Class org.gradle.tooling.model.HierarchicalElement                                    : loaded 2 times (x 70B)
Class com.android.builder.model.v2.dsl.DependenciesInfo                               : loaded 2 times (x 70B)
Class org.objectweb.asm.Label                                                         : loaded 2 times (x 73B)
Class org.objectweb.asm.CurrentFrame                                                  : loaded 2 times (x 73B)
Class org.objectweb.asm.ClassTooLargeException                                        : loaded 2 times (x 83B)
Class com.amazon.ion.impl.bin.IonRawBinaryWriter$PatchPoint                           : loaded 2 times (x 73B)
Class com.amazon.ion.IonBlob                                                          : loaded 2 times (x 70B)
Class com.amazon.ion.IonLob                                                           : loaded 2 times (x 70B)
Class com.amazon.ion.IonSequence                                                      : loaded 2 times (x 70B)
Class org.jetbrains.plugins.gradle.tooling.serialization.ExternalTestsSerializationService: loaded 2 times (x 77B)
Class com.google.common.collect.ByFunctionOrdering                                    : loaded 2 times (x 115B)
Class kotlin.collections.SetsKt__SetsKt                                               : loaded 2 times (x 71B)
Class kotlin.coroutines.EmptyCoroutineContext                                         : loaded 2 times (x 77B)
Class org.gradle.internal.time.Time                                                   : loaded 2 times (x 71B)
Class com.android.builder.model.v2.models.ProjectGraph                                : loaded 2 times (x 70B)
Class com.google.common.collect.Maps$IteratorBasedAbstractMap                         : loaded 2 times (x 125B)
Class com.android.ide.common.gradle.Version$Companion$ParseState$NUMERIC              : loaded 2 times (x 74B)
Class org.objectweb.asm.Frame                                                         : loaded 2 times (x 73B)
Class org.objectweb.asm.MethodVisitor                                                 : loaded 2 times (x 105B)
Class com.google.common.cache.LocalCache$EntryFactory$1                               : loaded 2 times (x 83B)
Class [Lcom.google.common.cache.RemovalListener;                                      : loaded 2 times (x 69B)
Class com.android.ide.common.repository.AgpVersion$PreviewKind                        : loaded 2 times (x 79B)
Class com.amazon.ion.system.IonTextWriterBuilder                                      : loaded 2 times (x 98B)
Class com.amazon.ion.impl.bin.IonManagedBinaryWriter$ImportedSymbolResolverMode$1$1$1 : loaded 2 times (x 76B)
Class com.amazon.ion.impl._Private_LocalSymbolTableFactory                            : loaded 2 times (x 70B)
Class org.jetbrains.plugins.gradle.tooling.serialization.AnnotationProcessingModelSerializationService: loaded 2 times (x 77B)
Class kotlin.collections.ArraysKt__ArraysJVMKt                                        : loaded 2 times (x 71B)
Class com.google.common.cache.LocalCache$EntryFactory$2                               : loaded 2 times (x 83B)
Class com.amazon.ion.impl.lite.IonNullLite                                            : loaded 2 times (x 175B)
Class org.jetbrains.plugins.gradle.model.DependencyAccessorsModel                     : loaded 2 times (x 70B)
Class [Lcom.intellij.openapi.externalSystem.model.project.dependencies.ResolutionState;: loaded 2 times (x 69B)
Class gnu.trove.TObjectIntHashMap                                                     : loaded 2 times (x 109B)
Class kotlin.text.StringsKt__StringBuilderKt                                          : loaded 2 times (x 71B)
Class kotlin.jvm.internal.CallableReference$NoReceiver                                : loaded 2 times (x 71B)
Class org.gradle.api.internal.classpath.GlobalCacheRootsProvider                      : loaded 2 times (x 70B)
Class com.google.common.collect.Multimaps                                             : loaded 2 times (x 71B)
Class com.google.common.collect.CollectCollectors                                     : loaded 2 times (x 71B)
Class org.objectweb.asm.ModuleWriter                                                  : loaded 2 times (x 82B)
Class com.google.common.cache.LocalCache$EntryFactory$3                               : loaded 2 times (x 83B)
Class com.google.common.base.Ticker$1                                                 : loaded 2 times (x 72B)
Class com.google.common.collect.Maps$BiMapConverter                                   : loaded 2 times (x 90B)
Class com.google.common.collect.ImmutableMapEntrySet$RegularEntrySet                  : loaded 2 times (x 152B)
Class com.amazon.ion.impl.lite.IonClobLite                                            : loaded 2 times (x 220B)
Class com.amazon.ion.impl._Private_ValueFactory                                       : loaded 2 times (x 70B)
Class com.amazon.ion.impl.bin.IonRawBinaryWriter$PreallocationMode$1                  : loaded 2 times (x 82B)
Class [Lcom.amazon.ion.impl.bin._Private_IonManagedBinaryWriterBuilder$AllocatorMode; : loaded 2 times (x 69B)
Class org.jetbrains.kotlin.idea.gradleTooling.KotlinMPPGradleModel                    : loaded 2 times (x 70B)
Class com.intellij.gradle.toolingExtension.impl.model.dependencyDownloadPolicyModel.GradleDependencyDownloadPolicy: loaded 2 times (x 70B)
Class org.gradle.tooling.model.BuildIdentifier                                        : loaded 2 times (x 70B)
Class kotlin.NoWhenBranchMatchedException                                             : loaded 2 times (x 82B)
Class com.google.common.collect.SetMultimap                                           : loaded 2 times (x 70B)
Class com.android.builder.model.v2.ide.VectorDrawablesOptions                         : loaded 2 times (x 70B)
Class com.google.common.cache.LocalCache$EntryFactory$4                               : loaded 2 times (x 83B)
Class com.google.common.collect.ImmutableSet$Builder                                  : loaded 2 times (x 85B)
Class com.amazon.ion.IonInt                                                           : loaded 2 times (x 70B)
Class com.amazon.ion.impl.bin.IonRawBinaryWriter$PreallocationMode$2                  : loaded 2 times (x 82B)
Class org.jetbrains.kotlin.idea.gradleTooling.PrepareKotlinIdeImportTaskModel         : loaded 2 times (x 70B)
Class com.android.builder.model.v2.ide.Edge                                           : loaded 2 times (x 70B)
Class com.android.builder.model.v2.models.VariantDependenciesFlatList                 : loaded 2 times (x 70B)
Class com.google.common.cache.LocalCache$EntryFactory$5                               : loaded 2 times (x 83B)
Class com.amazon.ion.impl.bin.IonRawBinaryWriter$PreallocationMode$3                  : loaded 2 times (x 82B)
Class com.android.ide.gradle.model.GradlePluginModel                                  : loaded 2 times (x 70B)
Class com.google.common.collect.ReverseOrdering                                       : loaded 2 times (x 115B)
Class org.gradle.tooling.model.build.JavaEnvironment                                  : loaded 2 times (x 70B)
Class com.android.builder.model.v2.ide.SourceSetContainer                             : loaded 2 times (x 70B)
Class org.apache.commons.io.output.AppendableWriter                                   : loaded 2 times (x 100B)
Class com.google.common.cache.LocalCache$EntryFactory$6                               : loaded 2 times (x 83B)
Class org.jetbrains.plugins.gradle.model.GradleExtension                              : loaded 2 times (x 70B)
Class com.amazon.ion.impl.lite.IonDecimalLite                                         : loaded 2 times (x 188B)
Class com.amazon.ion.IonBufferConfiguration$Builder                                   : loaded 2 times (x 78B)
Class org.gradle.internal.time.Timer                                                  : loaded 2 times (x 70B)
Class kotlin.jvm.internal.markers.KMappedMarker                                       : loaded 2 times (x 70B)
Class org.gradle.internal.installation.CurrentGradleInstallationLocator               : loaded 2 times (x 71B)
Class com.google.common.collect.ImmutableMultimap$Builder                             : loaded 2 times (x 86B)
Class com.android.builder.model.v2.ide.LintOptions                                    : loaded 2 times (x 70B)
Class org.apache.commons.io.output.ThresholdingOutputStream                           : loaded 2 times (x 95B)
Class com.google.common.collect.Maps$KeySet                                           : loaded 2 times (x 137B)
Class com.google.common.cache.LocalCache$EntryFactory$7                               : loaded 2 times (x 83B)
Class com.google.common.collect.ImmutableSet$EmptySetBuilderImpl                      : loaded 2 times (x 76B)
Class [Lcom.amazon.ion.impl.bin.IonRawBinaryWriter$ContainerType;                     : loaded 2 times (x 69B)
Class org.gradle.tooling.internal.adapter.ProtocolToModelAdapter$ViewGraphDetails     : loaded 2 times (x 72B)
Class org.gradle.tooling.model.idea.IdeaProject                                       : loaded 2 times (x 70B)
Class org.gradle.tooling.model.DomainObjectSet                                        : loaded 2 times (x 70B)
Class org.gradle.internal.service.DefaultServiceLocator                               : loaded 2 times (x 83B)
Class com.google.common.collect.ImmutableMultimap$EntryCollection                     : loaded 2 times (x 128B)
Class com.android.builder.model.v2.ide.BasicArtifact                                  : loaded 2 times (x 70B)
Class com.google.common.cache.LocalCache$EntryFactory$8                               : loaded 2 times (x 83B)
Class com.amazon.ion.impl.bin.utf8.Utf8StringEncoder$Result                           : loaded 2 times (x 74B)
Class com.amazon.ion.impl.bin.utf8.Pool$Allocator                                     : loaded 2 times (x 70B)
Class com.amazon.ion.IonText                                                          : loaded 2 times (x 70B)
Class com.amazon.ion.impl.SymbolTokenImpl                                             : loaded 2 times (x 81B)
Class com.amazon.ion.SubstituteSymbolTableException                                   : loaded 2 times (x 84B)
Class kotlin.coroutines.jvm.internal.SuspendFunction                                  : loaded 2 times (x 70B)
Class org.gradle.util.GradleVersion                                                   : loaded 2 times (x 81B)
Class org.gradle.internal.installation.CurrentGradleInstallation                      : loaded 2 times (x 73B)
Class com.google.common.cache.CacheLoader$1                                           : loaded 2 times (x 75B)
Class com.amazon.ion.impl.bin.IonManagedBinaryWriter$ImportDescriptor                 : loaded 2 times (x 76B)
Class com.amazon.ion.SymbolTable                                                      : loaded 2 times (x 70B)
Class org.jetbrains.plugins.gradle.javaModel.JavaGradleManifestModel                  : loaded 2 times (x 70B)
Class org.jetbrains.plugins.gradle.tooling.serialization.GradleExtensionsSerializationService$WriteContext: loaded 2 times (x 72B)
Class com.intellij.gradle.toolingExtension.impl.model.taskModel.GradleTaskSerialisationService$Companion: loaded 2 times (x 71B)
Class kotlin.jvm.internal.Ref$BooleanRef                                              : loaded 2 times (x 71B)
Class kotlin.jvm.internal.StringCompanionObject                                       : loaded 2 times (x 71B)
Class kotlin.coroutines.intrinsics.IntrinsicsKt__IntrinsicsJvmKt                      : loaded 2 times (x 71B)
Class kotlin.coroutines.jvm.internal.CoroutineStackFrame                              : loaded 2 times (x 70B)
Class org.gradle.tooling.internal.adapter.ProtocolToModelAdapter$MethodInvocationCache$MethodInvocationKey: loaded 2 times (x 73B)
Class org.gradle.util.internal.GUtil                                                  : loaded 2 times (x 71B)
Class com.android.utils.StringHelper                                                  : loaded 2 times (x 71B)
Class com.google.common.util.concurrent.AbstractFuture$SetFuture                      : loaded 2 times (x 75B)
Class com.google.common.cache.AbstractCache$StatsCounter                              : loaded 2 times (x 70B)
Class [Lcom.amazon.ion.impl.bin.IonManagedBinaryWriter$SymbolState;                   : loaded 2 times (x 69B)
Class com.amazon.ion.impl._Private_IonWriterBase                                      : loaded 2 times (x 162B)
Class com.amazon.ion.system.IonSystemBuilder                                          : loaded 2 times (x 75B)
Class com.amazon.ion.IonCatalog                                                       : loaded 2 times (x 70B)
Class com.intellij.gradle.toolingExtension.impl.model.utilTurnOffDefaultTasksModel.TurnOffDefaultTasks: loaded 2 times (x 70B)
Class com.intellij.gradle.toolingExtension.impl.model.sourceSetModel.GradleSourceSetSerialisationService$SourceSetModelReadContext: loaded 2 times (x 72B)
Class kotlin.io.NoSuchFileException                                                   : loaded 2 times (x 82B)
Class kotlin.collections.CollectionsKt                                                : loaded 2 times (x 71B)
Class com.android.builder.model.v2.dsl.BuildType                                      : loaded 2 times (x 70B)
Class com.intellij.gradle.toolingExtension.impl.model.sourceSetModel.GradleSourceSetSerialisationService$SourceSetModelWriteContext: loaded 2 times (x 72B)
Class kotlin.ranges.IntProgressionIterator                                            : loaded 2 times (x 82B)
Class kotlin.coroutines.CoroutineContext                                              : loaded 2 times (x 70B)
Class kotlin.coroutines.jvm.internal.DebugProbesKt                                    : loaded 2 times (x 71B)
Class org.gradle.tooling.internal.adapter.WeakIdentityHashMap                         : loaded 2 times (x 76B)
Class org.gradle.tooling.GradleConnectionException                                    : loaded 2 times (x 83B)
Class org.gradle.tooling.internal.adapter.ProtocolToModelAdapter$1                    : loaded 2 times (x 75B)
Class org.gradle.tooling.internal.adapter.ProtocolToModelAdapter$ViewDecoration       : loaded 2 times (x 70B)
Class org.gradle.internal.installation.GradleInstallation                             : loaded 2 times (x 75B)
Class com.google.common.collect.Iterables                                             : loaded 2 times (x 71B)
Class com.amazon.ion.impl._Private_RecyclingQueue$Recycler                            : loaded 2 times (x 70B)
Class com.amazon.ion.impl.lite.ContainerlessContext                                   : loaded 2 times (x 80B)
Class org.jetbrains.plugins.gradle.tooling.serialization.GradleExtensionsSerializationService$ReadContext: loaded 2 times (x 72B)
Class com.google.common.collect.ForwardingCollection                                  : loaded 2 times (x 130B)
Class com.google.common.collect.LexicographicalOrdering                               : loaded 2 times (x 115B)
Class org.gradle.tooling.internal.adapter.MethodInvoker                               : loaded 2 times (x 70B)
Class com.android.ide.common.gradle.Part                                              : loaded 2 times (x 77B)
Class com.google.common.collect.Lists$RandomAccessReverseList                         : loaded 2 times (x 200B)
Class gnu.trove.PrimeFinder                                                           : loaded 2 times (x 71B)
Class com.amazon.ion.UnexpectedEofException                                           : loaded 2 times (x 84B)
Class com.amazon.ion.IonSexp                                                          : loaded 2 times (x 70B)
Class com.amazon.ion.ReadOnlyValueException                                           : loaded 2 times (x 84B)
Class com.amazon.ion.impl._Private_LocalSymbolTable                                   : loaded 2 times (x 70B)
Class com.amazon.ion.BufferConfiguration$DataHandler                                  : loaded 2 times (x 70B)
Class com.amazon.ion.impl._Private_IonBinaryWriterBuilder                             : loaded 2 times (x 115B)
Class org.jetbrains.plugins.gradle.tooling.serialization.RepositoriesModelSerializationService$WriteContext: loaded 2 times (x 72B)
Class com.android.ide.gradle.model.LegacyAndroidGradlePluginProperties                : loaded 2 times (x 70B)
Class kotlin.ranges.IntProgression                                                    : loaded 2 times (x 81B)
Class kotlin.jvm.KotlinReflectionNotSupportedError                                    : loaded 2 times (x 82B)
Class org.gradle.tooling.model.gradle.GradleScript                                    : loaded 2 times (x 70B)

---------------  S Y S T E M  ---------------

OS:
PRETTY_NAME="Kali GNU/Linux Rolling"
NAME="Kali GNU/Linux"
VERSION_ID="2026.1"
VERSION="2026.1"
VERSION_CODENAME=kali-rolling
ID=kali
ID_LIKE=debian
HOME_URL="https://www.kali.org/"
SUPPORT_URL="https://forums.kali.org/"
BUG_REPORT_URL="https://bugs.kali.org/"
ANSI_COLOR="1;31"
uname: Linux 6.19.11+kali-amd64 #1 SMP PREEMPT_DYNAMIC Kali 6.19.11-1kali1 (2026-04-09) x86_64
OS uptime: 0 days 0:11 hours
libc: glibc 2.42 NPTL 2.42 
rlimit (soft/hard): STACK 8192k/infinity , CORE 0k/infinity , NPROC 20770/20770 , NOFILE 524288/524288 , AS infinity/infinity , CPU infinity/infinity , DATA infinity/infinity , FSIZE infinity/infinity , MEMLOCK 8192k/8192k
load average: 3.64 3.54 2.03

/proc/meminfo:
MemTotal:        5530548 kB
MemFree:          187012 kB
MemAvailable:    1758752 kB
Buffers:          120868 kB
Cached:          1604484 kB
SwapCached:           36 kB
Active:          4403764 kB
Inactive:         516596 kB
Active(anon):    3090180 kB
Inactive(anon):   112920 kB
Active(file):    1313584 kB
Inactive(file):   403676 kB
Unevictable:         128 kB
Mlocked:             128 kB
SwapTotal:       5741564 kB
SwapFree:        5741528 kB
Zswap:                 0 kB
Zswapped:              0 kB
Dirty:              6564 kB
Writeback:             0 kB
AnonPages:       3187856 kB
Mapped:           998464 kB
Shmem:              8424 kB
KReclaimable:     132260 kB
Slab:             220860 kB
SReclaimable:     132260 kB
SUnreclaim:        88600 kB
KernelStack:       10384 kB
PageTables:        23288 kB
SecPageTables:         0 kB
NFS_Unstable:          0 kB
Bounce:                0 kB
WritebackTmp:          0 kB
CommitLimit:     8506836 kB
Committed_AS:    6400664 kB
VmallocTotal:   34359738367 kB
VmallocUsed:       66860 kB
VmallocChunk:          0 kB
Percpu:             2432 kB
HardwareCorrupted:     0 kB
AnonHugePages:   1077248 kB
ShmemHugePages:        0 kB
ShmemPmdMapped:        0 kB
FileHugePages:         0 kB
FilePmdMapped:         0 kB
Unaccepted:            0 kB
Balloon:               0 kB
HugePages_Total:       0
HugePages_Free:        0
HugePages_Rsvd:        0
HugePages_Surp:        0
Hugepagesize:       2048 kB
Hugetlb:               0 kB
DirectMap4k:      347944 kB
DirectMap2M:     4347904 kB
DirectMap1G:     1048576 kB

/sys/kernel/mm/transparent_hugepage/enabled: [always] madvise never
/sys/kernel/mm/transparent_hugepage/hpage_pmd_size: 2097152
/sys/kernel/mm/transparent_hugepage/defrag (defrag/compaction efforts parameter): always defer defer+madvise [madvise] never

Process Memory:
Virtual Size: 4817704K (peak: 4834672K)
Resident Set Size: 847940K (peak: 847940K) (anon: 812620K, file: 35288K, shmem: 32K)
Swapped out: 0K
C-Heap outstanding allocations: 132085K, retained: 84730K
glibc malloc tunables: (default)

/proc/sys/kernel/threads-max (system-wide limit on the number of threads): 41540
/proc/sys/vm/max_map_count (maximum number of memory map areas a process may have): 1048576
/proc/sys/vm/swappiness (control to define how aggressively the kernel swaps out anonymous memory): 60
/proc/sys/kernel/pid_max (system-wide limit on number of process identifiers): 4194304

container information not found.
Steal ticks since vm start: 0
Steal ticks percentage since vm start:  0.000

CPU: total 4 (initial active 4) (4 cores per cpu, 1 threads per core) family 18 model 1 stepping 0 microcode 0x3000027, cx8, cmov, fxsr, mmx, 3dnowpref, sse, sse2, sse3, sse4a, popcnt, lzcnt, tsc, tscinvbit, clflush, rdtscp
CPU Model and flags from /proc/cpuinfo:
model name	: AMD A8-3520M APU with Radeon(tm) HD Graphics
flags		: fpu vme de pse tsc msr pae mce cx8 apic sep mtrr pge mca cmov pat pse36 clflush mmx fxsr sse sse2 ht syscall nx mmxext fxsr_opt pdpe1gb rdtscp lm 3dnowext 3dnow constant_tsc rep_good nopl nonstop_tsc cpuid extd_apicid aperfmperf pni monitor cx16 popcnt lahf_lm cmp_legacy svm extapic cr8_legacy abm sse4a misalignsse 3dnowprefetch osvw ibs skinit wdt cpb hw_pstate vmmcall arat npt lbrv svm_lock nrip_save pausefilter

Online cpus: 0-3
Offline cpus: 
BIOS frequency limitation: 1600000
Frequency switch latency (ns): 0
Available cpu frequencies: 1600000 1400000 1200000 1100000 1000000 900000 800000 
Current governor: ondemand
Core performance/turbo boost: 1

Memory: 4k page, physical 5530548k(1758496k free), swap 5741564k(5741528k free)
Page Sizes: 4k

vm_info: OpenJDK 64-Bit Server VM (21.0.9+-14649483-b1163.86) for linux-amd64 JRE (21.0.9+-14649483-b1163.86), built on 2025-12-30T22:08:12Z by "builder" with clang Android (14488419, +pgo, +bolt, +lto, +mlgo, based on r584948) Clang 22.0.0 (https://android.googlesource.com/toolchain/llvm-project 2d65e4108033380e6fe8e08b1f1826cd2bfb0c99)

END.
