#
# A fatal error has been detected by the Java Runtime Environment:
#
#  SIGSEGV (0xb) at pc=0x00007fbb529cc38f, pid=47546, tid=47552
#
# JRE version: OpenJDK Runtime Environment (21.0.10+7) (build 21.0.10+7-Debian-1)
# Java VM: OpenJDK 64-Bit Server VM (21.0.10+7-Debian-1, mixed mode, sharing, tiered, compressed oops, compressed class ptrs, g1 gc, linux-amd64)
# Problematic frame:
# V  [libjvm.so+0x7cc38f]  void OopOopIterateDispatch<G1CMOopClosure>::Table::oop_oop_iterate<ObjArrayKlass, narrowOop>(G1CMOopClosure*, oopDesc*, Klass*)+0x1bf
#
# No core dump will be written. Core dumps have been disabled. To enable core dumping, try "ulimit -c unlimited" before starting Java again
#
# If you would like to submit a bug report, please visit:
#   https://bugs.debian.org/openjdk-21
#

---------------  S U M M A R Y ------------

Command Line: --add-opens=java.base/java.lang=ALL-UNNAMED --add-opens=java.base/java.lang.invoke=ALL-UNNAMED --add-opens=java.base/java.util=ALL-UNNAMED --add-opens=java.prefs/java.util.prefs=ALL-UNNAMED --add-exports=jdk.compiler/com.sun.tools.javac.api=ALL-UNNAMED --add-exports=jdk.compiler/com.sun.tools.javac.util=ALL-UNNAMED --add-opens=java.base/java.util=ALL-UNNAMED --add-opens=java.prefs/java.util.prefs=ALL-UNNAMED --add-opens=java.base/java.nio.charset=ALL-UNNAMED --add-opens=java.base/java.net=ALL-UNNAMED --add-opens=java.base/java.util.concurrent=ALL-UNNAMED --add-opens=java.base/java.util.concurrent.atomic=ALL-UNNAMED --add-opens=java.xml/javax.xml.namespace=ALL-UNNAMED --add-opens=java.base/java.time=ALL-UNNAMED -Xmx1024m -Dfile.encoding=UTF-8 -Duser.country=US -Duser.language=en -Duser.variant -javaagent:/home/elonmusk/.gradle/wrapper/dists/gradle-9.2.1-bin/2t0n5ozlw9xmuyvbp7dnzaxug/gradle-9.2.1/lib/agents/gradle-instrumentation-agent-9.2.1.jar org.gradle.launcher.daemon.bootstrap.GradleDaemon 9.2.1

Host: AMD A8-3520M APU with Radeon(tm) HD Graphics, 4 cores, 5G, Kali GNU/Linux Rolling
Time: Mon Apr 20 04:25:19 2026 CDT elapsed time: 1194.596708 seconds (0d 0h 19m 54s)

---------------  T H R E A D  ---------------

Current thread (0x00007fbb4c0620e0):  WorkerThread "G1 Conc#0"      [id=47552, stack(0x00007fbb500fe000,0x00007fbb501fe000) (1024K)]

Stack: [0x00007fbb500fe000,0x00007fbb501fe000],  sp=0x00007fbb501fcbf0,  free space=1018k
Native frames: (J=compiled Java code, j=interpreted, Vv=VM code, C=native code)
V  [libjvm.so+0x7cc38f]  void OopOopIterateDispatch<G1CMOopClosure>::Table::oop_oop_iterate<ObjArrayKlass, narrowOop>(G1CMOopClosure*, oopDesc*, Klass*)+0x1bf
V  [libjvm.so+0x804bca]  void G1CMTask::process_grey_task_entry<true>(G1TaskQueueEntry)+0xca
V  [libjvm.so+0x7fe7b8]  G1CMBitMapClosure::do_addr(HeapWordImpl**)+0x28
V  [libjvm.so+0x800c02]  G1CMTask::do_marking_step(double, bool, bool)+0x322
V  [libjvm.so+0x805e14]  G1CMConcurrentMarkingTask::work(unsigned int)+0xc4
V  [libjvm.so+0x10c01dd]  WorkerThread::run()+0x7d
V  [libjvm.so+0xfffcd0]  Thread::call_run()+0xb0
V  [libjvm.so+0xd62c25]  thread_native_entry(Thread*)+0xd5

siginfo: si_signo: 11 (SIGSEGV), si_code: 128 (SI_KERNEL), si_addr: 0x0000000000000000

Registers:
RAX=0x00007fbb4b6e6f6d, RBX=0x00007fbb53745708, RCX=0x000000006d6f6329, RDX=0x00000000ffe39c20
RSP=0x00007fbb501fcbf0, RBP=0x00007fbb501fcc50, RSI=0x00012e000774736f, RDI=0x00007fbb513f8e70
R8 =0x00000000cce7a9b4, R9 =0x00007fbb4c0632f0, R10=0x00000000cce7aa30, R11=0x00007fbb4c058650
R12=0x00007fbb501fcd20, R13=0x00007fbb537868b4, R14=0x0000000000000000, R15=0x0000000000000010
RIP=0x00007fbb529cc38f, EFLAGS=0x0000000000010202, CSGSFS=0x002b000000000033, ERR=0x0000000000000000
  TRAPNO=0x000000000000000d

XMM[0]=0x0000000000000000 0x3fc3958106240000
XMM[1]=0x0000000000000000 0x402e000000000000
XMM[2]=0x0000000000000000 0x4047c12204e36322
XMM[3]=0x0000000000000000 0x3fe0000000000000
XMM[4]=0x0000000000000000 0x3fd3333333333333
XMM[5]=0x40f4e5f620cf17fe 0x40c1694978d4fdf1
XMM[6]=0x0000000000000007 0x0000000000100000
XMM[7]=0x00007fbb500fe000 0x0000000000000004
XMM[8]=0x6f69676572206472 0x6143203036342064
XMM[9]=0x2020002020202020 0x2020200020202020
XMM[10]=0x0000000000000000 0x00007fbb5343f740
XMM[11]=0x0000000000000000 0x00007fbb5343f6c0
XMM[12]=0x0000000000000000 0x00ff00fd00fb00f9
XMM[13]=0x0000000000ff00fb 0x0000000000fe00fa
XMM[14]=0x0000000000000000 0x0000000000000000
XMM[15]=0x0000000000000000 0x0000000000000000
  MXCSR=0x00001fa2


Register to memory mapping:

RAX=0x00007fbb4b6e6f6d points into unknown readable memory: 6f 73 74
RBX=0x00007fbb53745708: <offset 0x0000000001545708> in /usr/lib/jvm/java-21-openjdk-amd64/lib/server/libjvm.so at 0x00007fbb52200000
RCX=0x000000006d6f6329 is an unknown value
RDX=0x00000000ffe39c20 is pointing into object: [B 
{0x00000000ffe39c10} - klass: {type array byte}
 - length: 13
RSP=0x00007fbb501fcbf0 points into unknown readable memory: 0x0000000000000000 | 00 00 00 00 00 00 00 00
RBP=0x00007fbb501fcc50 points into unknown readable memory: 0x00007fbb501fcc90 | 90 cc 1f 50 bb 7f 00 00
RSI=0x00012e000774736f is an unknown value
RDI=0x00007fbb513f8e70 points into unknown readable memory: 0x4000000008041050 | 50 10 04 08 00 00 00 40
R8 =0x00000000cce7a9b4 is pointing into object: [Ljava.lang.Object; 
{0x00000000cce7a940} - klass: 'java/lang/Object'[]
 - length: 56
R9 =0x00007fbb4c0632f0 points into unknown readable memory: 0x00007fbb53677678 | 78 76 67 53 bb 7f 00 00
R10=0x00000000cce7aa30 is an oop: java.lang.Class 
{0x00000000cce7aa30} - klass: 'java/lang/Class'
 - ---- fields (total size 23 words):
 - private volatile transient 'classRedefinedCount' 'I' @12  0 (0x00000000)
 - injected 'klass' 'J' @16  140440499639104 (0x00007fbada17d340)
 - injected 'array_klass' 'J' @24  0 (0x0000000000000000)
 - injected 'oop_size' 'I' @32  23 (0x00000017)
 - injected 'static_oop_field_count' 'I' @36  17 (0x00000011)
 - private volatile transient 'cachedConstructor' 'Ljava/lang/reflect/Constructor;' @40  null (0x00000000)
 - private transient 'name' 'Ljava/lang/String;' @44  "org.jetbrains.kotlin.builtins.jvm.JavaToKotlinClassMap"{0x00000000c5c1cc20} (0xc5c1cc20)
 - private transient 'module' 'Ljava/lang/Module;' @48  a 'java/lang/Module'{0x00000000cbf003a0} (0xcbf003a0)
 - private final 'classLoader' 'Ljava/lang/ClassLoader;' @52  a 'java/net/URLClassLoader'{0x00000000d0880000} (0xd0880000)
 - private transient 'classData' 'Ljava/lang/Object;' @56  null (0x00000000)
 - private transient 'packageName' 'Ljava/lang/String;' @60  "org.jetbrains.kotlin.builtins.jvm"{0x00000000c5c0dc90} (0xc5c0dc90)
 - private final 'componentType' 'Ljava/lang/Class;' @64  null (0x00000000)
 - private volatile transient 'reflectionData' 'Ljava/lang/ref/SoftReference;' @68  null (0x00000000)
 - private volatile transient 'genericInfo' 'Lsun/reflect/generics/repository/ClassRepository;' @72  null (0x00000000)
 - private volatile transient 'enumConstants' '[Ljava/lang/Object;' @76  null (0x00000000)
 - private volatile transient 'enumConstantDirectory' 'Ljava/util/Map;' @80  null (0x00000000)
 - private volatile transient 'annotationData' 'Ljava/lang/Class$AnnotationData;' @84  null (0x00000000)
 - private volatile transient 'annotationType' 'Lsun/reflect/annotation/AnnotationType;' @88  null (0x00000000)
 - transient 'classValueMap' 'Ljava/lang/ClassValue$ClassValueMap;' @92  null (0x00000000)
 - injected 'protection_domain' 'Ljava/lang/Object;' @96  a 'java/security/ProtectionDomain'{0x00000000d0880060} (0xd0880060)
 - injected 'signers_name' 'Ljava/lang/Object;' @100  null (0x00000000)
 - injected 'source_file' 'Ljava/lang/Object;' @104  null (0x00000000)
 - injected '<init_lock>' 'Ljava/lang/Object;' @108  null (0x00000000)
 - signature: Lorg/jetbrains/kotlin/builtins/jvm/JavaToKotlinClassMap;
 - ---- static fields (17):
 - public static final 'INSTANCE' 'Lorg/jetbrains/kotlin/builtins/jvm/JavaToKotlinClassMap;' @112  a 'org/jetbrains/kotlin/builtins/jvm/JavaToKotlinClassMap'{0x00000000cce8f0a8} (0xcce8f0a8)
 - private static final 'NUMBERED_FUNCTION_PREFIX' 'Ljava/lang/String;' @116  "kotlin.Function"{0x00000000cce8f070} (0xcce8f070)
 - private static final 'NUMBERED_K_FUNCTION_PREFIX' 'Ljava/lang/String;' @120  "kotlin.reflect.KFunction"{0x00000000cce8f030} (0xcce8f030)
 - private static final 'NUMBERED_SUSPEND_FUNCTION_PREFIX' 'Ljava/lang/String;' @124  "kotlin.coroutines.SuspendFunction"{0x00000000cce8efe0} (0xcce8efe0)
 - private static final 'NUMBERED_K_SUSPEND_FUNCTION_PREFIX' 'Ljava/lang/String;' @128  "kotlin.reflect.KSuspendFunction"{0x00000000cce8ef98} (0xcce8ef98)
 - private static final 'FUNCTION_N_CLASS_ID' 'Lorg/jetbrains/kotlin/name/ClassId;' @132  a 'org/jetbrains/kotlin/name/ClassId'{0x00000000cce8ee80} (0xcce8ee80)
 - private static final 'FUNCTION_N_FQ_NAME' 'Lorg/jetbrains/kotlin/name/FqName;' @136  a 'org/jetbrains/kotlin/name/FqName'{0x00000000cce8ee00} (0xcce8ee00)
 - private static final 'K_FUNCTION_CLASS_ID' 'Lorg/jetbrains/kotlin/name/ClassId;' @140  a 'org/jetbrains/kotlin/name/ClassId'{0x00000000cc06c308} (0xcc06c308)
 - private static final 'K_CLASS_CLASS_ID' 'Lorg/jetbrains/kotlin/name/ClassId;' @144  a 'org/jetbrains/kotlin/name/ClassId'{0x00000000cc06c2a0} (0xcc06c2a0)
 - private static final 'CLASS_CLASS_ID' 'Lorg/jetbrains/kotlin/name/ClassId;' @148  a 'org/jetbrains/kotlin/name/ClassId'{0x00000000cce8ecf8} (0xcce8ecf8)
 - private static final 'javaToKotlin' 'Ljava/util/HashMap;' @152  a 'java/util/HashMap'{0x00000000cce8ae28} (0xcce8ae28)
 - private static final 'kotlinToJava' 'Ljava/util/HashMap;' @156  a 'java/util/HashMap'{0x00000000cce829f0} (0xcce829f0)
 - private static final 'mutableToReadOnly' 'Ljava/util/HashMap;' @160  a 'java/util/HashMap'{0x00000000cce82440} (0xcce82440)
 - private static final 'readOnlyToMutable' 'Ljava/util/HashMap;' @164  a 'java/util/HashMap'{0x00000000cce81a98} (0xcce81a98)
 - private static final 'mutableToReadOnlyClassId' 'Ljava/util/HashMap;' @168  a 'java/util/HashMap'{0x00000000cce81918} (0xcce81918)
 - private static final 'readOnlyToMutableClassId' 'Ljava/util/HashMap;' @172  a 'java/util/HashMap'{0x00000000cce81798} (0xcce81798)
 - private static final 'mutabilityMappings' 'Ljava/util/List;' @176  a 'java/util/Arrays$ArrayList'{0x00000000cce80670} (0xcce80670)
R11=0x00007fbb4c058650 points into unknown readable memory: 0x00007fbb4c061130 | 30 11 06 4c bb 7f 00 00
R12=0x00007fbb501fcd20 points into unknown readable memory: 0x00007fbb53677388 | 88 73 67 53 bb 7f 00 00
R13=0x00007fbb537868b4: <offset 0x00000000015868b4> in /usr/lib/jvm/java-21-openjdk-amd64/lib/server/libjvm.so at 0x00007fbb52200000
R14=0x0 is null
R15=0x0000000000000010 is an unknown value

Top of Stack: (sp=0x00007fbb501fcbf0)
0x00007fbb501fcbf0:   0000000000000000 0000000000008bd8
0x00007fbb501fcc00:   00007fbad703eca0 0000000000000000
0x00007fbb501fcc10:   00007fbad7006e50 00000000cce7a8d0
0x00007fbb501fcc20:   0000000000008a51 00007fbb4c0632f0
0x00007fbb501fcc30:   00007fbb4c058660 00007fbb501fcd10
0x00007fbb501fcc40:   00007fbb501fcd20 00000000019cf528
0x00007fbb501fcc50:   00007fbb501fcc90 00007fbb52a04bca
0x00007fbb501fcc60:   0000000000000000 00007fbad7001270
0x00007fbb501fcc70:   00000000cce7a940 000000000000001e
0x00007fbb501fcc80:   00007fbb4c063428 00000000cce7a940
0x00007fbb501fcc90:   00007fbb501fccc0 00007fbb529fe7b8
0x00007fbb501fcca0:   00007fbb501fccc0 00007fbb4c063428
0x00007fbb501fccb0:   00007fbb4c058660 00000000019e0000
0x00007fbb501fccc0:   00007fbb501fcd80 00007fbb52a00c02
0x00007fbb501fccd0:   00007fbb4c058650 00000000d1536990
0x00007fbb501fcce0:   00000001d3e1ab30 0000000001f5d9e0
0x00007fbb501fccf0:   00007fbb4c0632f0 00007fbb4c063428
0x00007fbb501fcd00:   0000000000000000 000000000008253f
0x00007fbb501fcd10:   00007fbb4c058650 00007fbb4c0632f0
0x00007fbb501fcd20:   00007fbb53677388 00007fbb4c0e35e0
0x00007fbb501fcd30:   0000000000000003 00007fbb4c02f900
0x00007fbb501fcd40:   00007fbb4c0632f0 00007fbb4c062490
0x00007fbb501fcd50:   00007fbb501fcd80 00007fbb4c0632f0
0x00007fbb501fcd60:   00007fbb502fdb60 00007fbb537ae028
0x00007fbb501fcd70:   00007fbb4c062490 00007fbb53744f38
0x00007fbb501fcd80:   00007fbb501fcdf0 00007fbb52a05e14
0x00007fbb501fcd90:   00000000000003d8 00007fbb4c0628b8
0x00007fbb501fcda0:   402e860589acbc8c 0000000000000000
0x00007fbb501fcdb0:   00007fbb4c0624d0 00007fbb4c0624e0
0x00007fbb501fcdc0:   00007fbb4c062098 00007fbb4c062088
0x00007fbb501fcdd0:   00007fbb4c062e40 00007fbb4c0620e0
0x00007fbb501fcde0:   00007fbb521fe5e0 0000000000000000 

Instructions: (pc=0x00007fbb529cc38f)
0x00007fbb529cc28f:   18 02 00 00 48 8b 86 10 02 00 00 48 d3 e0 48 89
0x00007fbb529cc29f:   c1 48 89 d0 48 29 c8 41 8b 4d 00 48 d3 e8 48 8b
0x00007fbb529cc2af:   8e f8 01 00 00 89 c0 48 8b 04 c1 48 8b 40 60 48
0x00007fbb529cc2bf:   39 c2 73 5d 48 89 d1 49 2b 4b 18 41 bf 01 00 00
0x00007fbb529cc2cf:   00 45 8b 71 10 48 89 c8 41 8b 4b 28 48 c1 e8 03
0x00007fbb529cc2df:   48 d3 e8 48 89 c1 48 89 c6 49 8b 43 30 48 c1 ee
0x00007fbb529cc2ef:   06 49 d3 e7 48 8d 3c f0 48 8b 37 eb 14 0f 1f 40
0x00007fbb529cc2ff:   00 48 89 f0 f0 48 0f b1 0f 48 39 c6 74 53 48 89
0x00007fbb529cc30f:   c6 4c 89 f9 48 09 f1 48 39 ce 75 e5 0f 1f 44 00
0x00007fbb529cc31f:   00 49 83 c0 04 4d 39 d0 0f 82 23 ff ff ff 48 83
0x00007fbb529cc32f:   c4 38 5b 41 5c 41 5d 41 5e 41 5f 5d c3 0f 1f 40
0x00007fbb529cc33f:   00 b8 10 00 00 00 41 b8 18 00 00 00 e9 e8 fe ff
0x00007fbb529cc34f:   ff 48 8b 46 08 e9 b5 fe ff ff 0f 1f 80 00 00 00
0x00007fbb529cc35f:   00 80 3b 00 0f 84 a7 02 00 00 48 8d 35 30 7b d7
0x00007fbb529cc36f:   00 8b 42 08 8b 4e 08 48 d3 e0 48 03 06 8b 48 08
0x00007fbb529cc37f:   85 c9 0f 8e 40 01 00 00 f6 c1 01 74 1a 48 8b 30
0x00007fbb529cc38f:   4c 8b be 00 01 00 00 48 8d 35 b3 19 b2 ff 49 39
0x00007fbb529cc39f:   f7 0f 85 c4 02 00 00 c1 f9 03 48 63 f1 49 8b 83
0x00007fbb529cc3af:   b8 02 00 00 49 89 d3 4a 8b 3c f0 48 8b 47 18 8b
0x00007fbb529cc3bf:   88 18 02 00 00 48 8b 80 10 02 00 00 48 d3 e0 41
0x00007fbb529cc3cf:   8b 4d 00 49 29 c3 49 d3 eb 44 89 d8 23 47 60 4c
0x00007fbb529cc3df:   89 d9 48 c1 e0 04 48 03 47 40 44 8b 18 44 39 d9
0x00007fbb529cc3ef:   0f 84 6b 02 00 00 4c 8b 68 08 4d 85 ed 74 10 4c
0x00007fbb529cc3ff:   8b 77 38 4f 8d 34 de 4d 89 eb f0 4d 0f c1 1e 48
0x00007fbb529cc40f:   c7 40 08 00 00 00 00 89 08 48 83 47 58 01 48 01
0x00007fbb529cc41f:   70 08 49 8b 41 20 48 8b 88 a0 02 00 00 49 8b 81
0x00007fbb529cc42f:   90 00 00 00 48 85 c0 74 12 48 39 c2 72 16 49 3b
0x00007fbb529cc43f:   91 98 00 00 00 0f 82 d6 fe ff ff 48 39 ca 0f 83
0x00007fbb529cc44f:   cd fe ff ff 80 3b 00 0f 84 6c 01 00 00 48 8d 35
0x00007fbb529cc45f:   3d 7a d7 00 8b 42 08 8b 4e 08 48 d3 e0 48 03 06
0x00007fbb529cc46f:   83 78 0c 05 0f 85 b7 00 00 00 49 8b 81 a8 00 00
0x00007fbb529cc47f:   00 49 39 81 a0 00 00 00 73 14 49 8b 81 c0 00 00 


Stack slot to memory mapping:

stack at sp + 0 slots: 0x0 is null
stack at sp + 1 slots: 0x0000000000008bd8 is an unknown value
stack at sp + 2 slots: 0x00007fbad703eca0 is a pointer to class: 
java.lang.ref.SoftReference {0x00007fbad703eca0}
 - instance size:     5
 - klass size:        73
 - access:            public synchronized 
 - flags:             rewritten has_nonstatic_fields is_shared_boot_class has_localvariable_table 
 - state:             fully_initialized
 - name:              'java/lang/ref/SoftReference'
 - super:             'java/lang/ref/Reference'
 - sub:               'org/jetbrains/kotlin/analysis/low/level/api/fir/caches/cleanable/SoftReferenceWithCleanup'   'com/intellij/util/containers/ConcurrentSoftHashMap$SoftKey'   'com/github/benmanes/caffeine/cache/References$SoftValueReference'   'com/intellij/util/containers/ConcurrentSoftValueHashMap$MySoftReference'   (19 more klasses...)
 - arrays:            'java/lang/ref/SoftReference'[]
 - methods:           Array<T>(0x00007fbad7681500)
 - method ordering:   Array<T>(0x00007fbad7681600)
 - local interfaces:  Array<T>(0x00007fbad7619978)
 - trans. interfaces: Array<T>(0x00007fbad7619978)
 - secondary supers: Array<T>(0x00007fbad76194c8)
 - hash_slot:         35
 - bitmap:            0x0000000000000000
 - constants:         constant pool [47] {0x00007fbad7681330} for 'java/lang/ref/SoftReference' cache=0x00007fbad703ef78
 - class loader data:  loader data: 0x00007fbb4c0cd7a0 of 'bootstrap'
 - source file:       'SoftReference.java'
 - generic signature: '<T:Ljava/lang/Object;>Ljava/lang/ref/Reference<TT;>;'
 - inner classes:     Array<T>(0x00007fbad7619900)
 - nest members:     Array<T>(0x00007fbad7619900)
 - permitted subclasses:     Array<T>(0x00007fbad7619900)
 - java mirror:       a 'java/lang/Class'{0x00000000ffe821d0} = 'java/lang/ref/SoftReference'
 - vtable length      12  (start addr: 0x00007fbad703ee70)
 - itable length      2 (start addr: 0x00007fbad703eed0)
 - ---- static fields (1 words):
 - private static 'clock' 'J' @112 
 - ---- non-static fields (7 words):
 - private 'referent' 'Ljava/lang/Object;' @12 
 - volatile 'queue' 'Ljava/lang/ref/ReferenceQueue;' @16 
 - volatile 'next' 'Ljava/lang/ref/Reference;' @20 
 - private transient 'discovered' 'Ljava/lang/ref/Reference;' @24 
 - private 'timestamp' 'J' @32 
 - non-static oop maps: 16-20 
stack at sp + 3 slots: 0x0 is null
stack at sp + 4 slots: {method} {0x00007fbad7006e50} 'toString' '()Ljava/lang/String;' in 'java/lang/Class'
stack at sp + 5 slots: 0x00000000cce7a8d0 is an oop: java.lang.Class 
{0x00000000cce7a8d0} - klass: 'java/lang/Class'
 - ---- fields (total size 14 words):
 - private volatile transient 'classRedefinedCount' 'I' @12  0 (0x00000000)
 - injected 'klass' 'J' @16  140440499638600 (0x00007fbada17d148)
 - injected 'array_klass' 'J' @24  0 (0x0000000000000000)
 - injected 'oop_size' 'I' @32  14 (0x0000000e)
 - injected 'static_oop_field_count' 'I' @36  0 (0x00000000)
 - private volatile transient 'cachedConstructor' 'Ljava/lang/reflect/Constructor;' @40  null (0x00000000)
 - private transient 'name' 'Ljava/lang/String;' @44  null (0x00000000)
 - private transient 'module' 'Ljava/lang/Module;' @48  a 'java/lang/Module'{0x00000000cbf003a0} (0xcbf003a0)
 - private final 'classLoader' 'Ljava/lang/ClassLoader;' @52  a 'java/net/URLClassLoader'{0x00000000d0880000} (0xd0880000)
 - private transient 'classData' 'Ljava/lang/Object;' @56  null (0x00000000)
 - private transient 'packageName' 'Ljava/lang/String;' @60  null (0x00000000)
 - private final 'componentType' 'Ljava/lang/Class;' @64  a 'java/lang/Class'{0x00000000cce6e5f8} = 'org/jetbrains/kotlin/resolve/jvm/JvmPrimitiveType' (0xcce6e5f8)
 - private volatile transient 'reflectionData' 'Ljava/lang/ref/SoftReference;' @68  null (0x00000000)
 - private volatile transient 'genericInfo' 'Lsun/reflect/generics/repository/ClassRepository;' @72  null (0x00000000)
 - private volatile transient 'enumConstants' '[Ljava/lang/Object;' @76  null (0x00000000)
 - private volatile transient 'enumConstantDirectory' 'Ljava/util/Map;' @80  null (0x00000000)
 - private volatile transient 'annotationData' 'Ljava/lang/Class$AnnotationData;' @84  null (0x00000000)
 - private volatile transient 'annotationType' 'Lsun/reflect/annotation/AnnotationType;' @88  null (0x00000000)
 - transient 'classValueMap' 'Ljava/lang/ClassValue$ClassValueMap;' @92  null (0x00000000)
 - injected 'protection_domain' 'Ljava/lang/Object;' @96  null (0x00000000)
 - injected 'signers_name' 'Ljava/lang/Object;' @100  null (0x00000000)
 - injected 'source_file' 'Ljava/lang/Object;' @104  null (0x00000000)
 - injected '<init_lock>' 'Ljava/lang/Object;' @108  null (0x00000000)
 - signature: [Lorg/jetbrains/kotlin/resolve/jvm/JvmPrimitiveType;
stack at sp + 6 slots: 0x0000000000008a51 is an unknown value
stack at sp + 7 slots: 0x00007fbb4c0632f0 points into unknown readable memory: 0x00007fbb53677678 | 78 76 67 53 bb 7f 00 00


---------------  P R O C E S S  ---------------

Threads class SMR info:
_java_thread_list=0x00007fbab9f4ecf0, length=82, elements={
0x00007fbb4c01cc30, 0x00007fbb4c0eeb50, 0x00007fbb4c0f00d0, 0x00007fbb4c0f1860,
0x00007fbb4c0f2eb0, 0x00007fbb4c0f4460, 0x00007fbb4c0f5fb0, 0x00007fbb4c0f7680,
0x00007fbb4c1a49b0, 0x00007fbb4c201690, 0x00007fbb4d303460, 0x00007fbb4d3cdfa0,
0x00007fbb4d3fd740, 0x00007fba7c2938a0, 0x00007fba7c2d0040, 0x00007fba7c30a650,
0x00007fba7ca82480, 0x00007fba7ca856f0, 0x00007fba7cbd9350, 0x00007fba7df805e0,
0x00007fba7f1686b0, 0x00007fbb2c12b8b0, 0x00007fba7801ffc0, 0x00007fba78020a70,
0x00007fba780215d0, 0x00007fba78022340, 0x00007fba7a8a1c80, 0x00007fba9801acb0,
0x00007fba90016160, 0x00007fba90001400, 0x00007fba9000db90, 0x00007fba7401e3e0,
0x00007fba74002130, 0x00007fba74003360, 0x00007fba7400b530, 0x00007fba7400bc40,
0x00007fba740102b0, 0x00007fba74003a70, 0x00007fba74004180, 0x00007fba74009110,
0x00007fba74009c50, 0x00007fba7402dc00, 0x00007fba7402e8f0, 0x00007fba7402f6b0,
0x00007fba7400d080, 0x00007fba7400dbe0, 0x00007fba7400e9b0, 0x00007fba740233e0,
0x00007fba74027f50, 0x00007fba74028830, 0x00007fba74029620, 0x00007fbb2c803910,
0x00007fbb2c804cd0, 0x00007fbb280e4830, 0x00007fbb2c1826f0, 0x00007fbb280454c0,
0x00007fbb28090ab0, 0x00007fbb2801a7a0, 0x00007fbb2c5e7020, 0x00007fbb2c8ceff0,
0x00007fbb2c1695f0, 0x00007fbb2c5a3310, 0x00007fbb2c1725f0, 0x00007fbb2c5c4440,
0x00007fbb2c5f0c20, 0x00007fbb2c48da00, 0x00007fbb2c489960, 0x00007fbb2c0621a0,
0x00007fbb2c081300, 0x00007fbb2c0b7440, 0x00007fbb2c558d50, 0x00007fbb2c08c870,
0x00007fbb2c8c1b00, 0x00007fbab856b320, 0x00007fbab8567b50, 0x00007fbac0006ea0,
0x00007fbabc008a20, 0x00007fbab8a24fa0, 0x00007fbab9145fb0, 0x00007fbab81a0d50,
0x00007fbb1c0387b0, 0x00007fbab9f4e260
}

Java Threads: ( => current thread )
  0x00007fbb4c01cc30 JavaThread "main"                              [_thread_blocked, id=47549, stack(0x00007fbb52100000,0x00007fbb52200000) (1024K)]
  0x00007fbb4c0eeb50 JavaThread "Reference Handler"          daemon [_thread_blocked, id=47557, stack(0x00007fbb25f00000,0x00007fbb26000000) (1024K)]
  0x00007fbb4c0f00d0 JavaThread "Finalizer"                  daemon [_thread_blocked, id=47558, stack(0x00007fbb25b00000,0x00007fbb25c00000) (1024K)]
  0x00007fbb4c0f1860 JavaThread "Signal Dispatcher"          daemon [_thread_blocked, id=47559, stack(0x00007fbb259ff000,0x00007fbb25aff000) (1024K)]
  0x00007fbb4c0f2eb0 JavaThread "Service Thread"             daemon [_thread_blocked, id=47560, stack(0x00007fbb258fe000,0x00007fbb259fe000) (1024K)]
  0x00007fbb4c0f4460 JavaThread "Monitor Deflation Thread"   daemon [_thread_blocked, id=47561, stack(0x00007fbb257fd000,0x00007fbb258fd000) (1024K)]
  0x00007fbb4c0f5fb0 JavaThread "C2 CompilerThread0"         daemon [_thread_in_native, id=47562, stack(0x00007fbb256fc000,0x00007fbb257fc000) (1024K)]
  0x00007fbb4c0f7680 JavaThread "C1 CompilerThread0"         daemon [_thread_blocked, id=47563, stack(0x00007fbb255fb000,0x00007fbb256fb000) (1024K)]
  0x00007fbb4c1a49b0 JavaThread "Common-Cleaner"             daemon [_thread_blocked, id=47564, stack(0x00007fbb254fa000,0x00007fbb255fa000) (1024K)]
  0x00007fbb4c201690 JavaThread "Notification Thread"        daemon [_thread_blocked, id=47565, stack(0x00007fbb253f9000,0x00007fbb254f9000) (1024K)]
  0x00007fbb4d303460 JavaThread "Daemon health stats"               [_thread_blocked, id=47633, stack(0x00007fbb24cfe000,0x00007fbb24dfe000) (1024K)]
  0x00007fbb4d3cdfa0 JavaThread "Incoming local TCP Connector on port 33515"        [_thread_in_native, id=47642, stack(0x00007fbb24bfd000,0x00007fbb24cfd000) (1024K)]
  0x00007fbb4d3fd740 JavaThread "Daemon periodic checks"            [_thread_blocked, id=47643, stack(0x00007fbb24afc000,0x00007fbb24bfc000) (1024K)]
  0x00007fba7c2938a0 JavaThread "Cache worker for journal cache (/home/elonmusk/.gradle/caches/journal-1)"        [_thread_blocked, id=47676, stack(0x00007fbb242f4000,0x00007fbb243f4000) (1024K)]
  0x00007fba7c2d0040 JavaThread "File lock request listener"        [_thread_in_native, id=47677, stack(0x00007fbb241f3000,0x00007fbb242f3000) (1024K)]
  0x00007fba7c30a650 JavaThread "Cache worker for file hash cache (/home/elonmusk/.gradle/caches/9.2.1/fileHashes)"        [_thread_blocked, id=47678, stack(0x00007fbb240f2000,0x00007fbb241f2000) (1024K)]
  0x00007fba7ca82480 JavaThread "File watcher server"        daemon [_thread_in_vm, id=47721, stack(0x00007fbad2cfe000,0x00007fbad2dfe000) (1024K)]
  0x00007fba7ca856f0 JavaThread "File watcher consumer"      daemon [_thread_blocked, id=47722, stack(0x00007fbad2bfd000,0x00007fbad2cfd000) (1024K)]
  0x00007fba7cbd9350 JavaThread "Cache worker for file content cache (/home/elonmusk/.gradle/caches/9.2.1/fileContent)"        [_thread_blocked, id=47732, stack(0x00007fbad29fb000,0x00007fbad2afb000) (1024K)]
  0x00007fba7df805e0 JavaThread "Memory manager"                    [_thread_blocked, id=47998, stack(0x00007fbad1aec000,0x00007fbad1bec000) (1024K)]
  0x00007fba7f1686b0 JavaThread "pool-3-thread-1"                   [_thread_blocked, id=48241, stack(0x00007fbad18ea000,0x00007fbad19ea000) (1024K)]
  0x00007fbb2c12b8b0 JavaThread "Cache worker for Java compile cache (/home/elonmusk/.gradle/caches/9.2.1/javaCompile)"        [_thread_blocked, id=48581, stack(0x00007fba731f3000,0x00007fba732f3000) (1024K)]
  0x00007fba7801ffc0 JavaThread "jar transforms"                    [_thread_blocked, id=54657, stack(0x00007fbb247f9000,0x00007fbb248f9000) (1024K)]
  0x00007fba78020a70 JavaThread "jar transforms Thread 2"           [_thread_blocked, id=54658, stack(0x00007fbad14e6000,0x00007fbad15e6000) (1024K)]
  0x00007fba780215d0 JavaThread "jar transforms Thread 3"           [_thread_blocked, id=54659, stack(0x00007fbb244f6000,0x00007fbb245f6000) (1024K)]
  0x00007fba78022340 JavaThread "jar transforms Thread 4"           [_thread_blocked, id=54660, stack(0x00007fba736f8000,0x00007fba737f8000) (1024K)]
  0x00007fba7a8a1c80 JavaThread "pool-6-thread-1"                   [_thread_blocked, id=55028, stack(0x00007fba738fa000,0x00007fba739fa000) (1024K)]
  0x00007fba9801acb0 JavaThread "Daemon Thread 3"                   [_thread_blocked, id=57313, stack(0x00007fbb249fb000,0x00007fbb24afb000) (1024K)]
  0x00007fba90016160 JavaThread "Handler for socket connection from /127.0.0.1:33515 to /127.0.0.1:39756"        [_thread_in_native, id=57314, stack(0x00007fba734f6000,0x00007fba735f6000) (1024K)]
  0x00007fba90001400 JavaThread "Cancel handler"                    [_thread_blocked, id=57323, stack(0x00007fbad16e8000,0x00007fbad17e8000) (1024K)]
  0x00007fba9000db90 JavaThread "Daemon worker Thread 3"            [_thread_blocked, id=57324, stack(0x00007fba73f00000,0x00007fba74000000) (1024K)]
  0x00007fba7401e3e0 JavaThread "Asynchronous log dispatcher for DefaultDaemonConnection: socket connection from /127.0.0.1:33515 to /127.0.0.1:39756"        [_thread_blocked, id=57333, stack(0x00007fbb245f7000,0x00007fbb246f7000) (1024K)]
  0x00007fba74002130 JavaThread "Stdin handler"                     [_thread_blocked, id=57334, stack(0x00007fbb246f8000,0x00007fbb247f8000) (1024K)]
  0x00007fba74003360 JavaThread "Daemon client event forwarder"        [_thread_blocked, id=57335, stack(0x00007fba733f5000,0x00007fba734f5000) (1024K)]
  0x00007fba7400b530 JavaThread "Cache worker for file hash cache (/home/elonmusk/AndroidStudioProjects/POS/.gradle/9.2.1/fileHashes)"        [_thread_blocked, id=57401, stack(0x00007fba739fb000,0x00007fba73afb000) (1024K)]
  0x00007fba7400bc40 JavaThread "Cache worker for Build Output Cleanup Cache (/home/elonmusk/AndroidStudioProjects/POS/.gradle/buildOutputCleanup)"        [_thread_blocked, id=57410, stack(0x00007fbad0cde000,0x00007fbad0dde000) (1024K)]
  0x00007fba740102b0 JavaThread "Cache worker for checksums cache (/home/elonmusk/AndroidStudioProjects/POS/.gradle/9.2.1/checksums)"        [_thread_blocked, id=57452, stack(0x00007fba732f4000,0x00007fba733f4000) (1024K)]
  0x00007fba74003a70 JavaThread "Cache worker for cache directory md-supplier (/home/elonmusk/.gradle/caches/9.2.1/md-supplier)"        [_thread_blocked, id=57461, stack(0x00007fba73cfe000,0x00007fba73dfe000) (1024K)]
  0x00007fba74004180 JavaThread "Cache worker for cache directory md-rule (/home/elonmusk/.gradle/caches/9.2.1/md-rule)"        [_thread_blocked, id=57470, stack(0x00007fba735f7000,0x00007fba736f7000) (1024K)]
  0x00007fba74009110 JavaThread "Unconstrained build operations"        [_thread_blocked, id=57535, stack(0x00007fbad2afc000,0x00007fbad2bfc000) (1024K)]
  0x00007fba74009c50 JavaThread "Unconstrained build operations Thread 2"        [_thread_blocked, id=57544, stack(0x00007fbad19eb000,0x00007fbad1aeb000) (1024K)]
  0x00007fba7402dc00 JavaThread "Unconstrained build operations Thread 3"        [_thread_blocked, id=57634, stack(0x00007fba72def000,0x00007fba72eef000) (1024K)]
  0x00007fba7402e8f0 JavaThread "Unconstrained build operations Thread 4"        [_thread_blocked, id=57635, stack(0x00007fbb243f5000,0x00007fbb244f5000) (1024K)]
  0x00007fba7402f6b0 JavaThread "Unconstrained build operations Thread 5"        [_thread_blocked, id=57636, stack(0x00007fba72ef0000,0x00007fba72ff0000) (1024K)]
  0x00007fba7400d080 JavaThread "Unconstrained build operations Thread 6"        [_thread_blocked, id=57694, stack(0x00007fbad12e4000,0x00007fbad13e4000) (1024K)]
  0x00007fba7400dbe0 JavaThread "Unconstrained build operations Thread 7"        [_thread_blocked, id=57695, stack(0x00007fbad1ef0000,0x00007fbad1ff0000) (1024K)]
  0x00007fba7400e9b0 JavaThread "Unconstrained build operations Thread 8"        [_thread_blocked, id=57696, stack(0x00007fbad1ff1000,0x00007fbad20f1000) (1024K)]
  0x00007fba740233e0 JavaThread "build event listener"              [_thread_blocked, id=57770, stack(0x00007fbad01d3000,0x00007fbad02d3000) (1024K)]
  0x00007fba74027f50 JavaThread "pool-9-thread-1"                   [_thread_blocked, id=57875, stack(0x00007fbad20f2000,0x00007fbad21f2000) (1024K)]
  0x00007fba74028830 JavaThread "build event listener"              [_thread_blocked, id=57876, stack(0x00007fbad02d4000,0x00007fbad03d4000) (1024K)]
  0x00007fba74029620 JavaThread "included builds"                   [_thread_blocked, id=57877, stack(0x00007fbad0adc000,0x00007fbad0bdc000) (1024K)]
  0x00007fbb2c803910 JavaThread "Execution worker"                  [_thread_blocked, id=57878, stack(0x00007fbad05d7000,0x00007fbad06d7000) (1024K)]
  0x00007fbb2c804cd0 JavaThread "Execution worker Thread 2"         [_thread_blocked, id=57879, stack(0x00007fbad13e5000,0x00007fbad14e5000) (1024K)]
  0x00007fbb280e4830 JavaThread "Cache worker for execution history cache (/home/elonmusk/AndroidStudioProjects/POS/.gradle/9.2.1/executionHistory)"        [_thread_blocked, id=57880, stack(0x00007fbad06d8000,0x00007fbad07d8000) (1024K)]
  0x00007fbb2c1826f0 JavaThread "Execution worker Thread 3"         [_thread_blocked, id=57881, stack(0x00007fbad0ddf000,0x00007fbad0edf000) (1024K)]
  0x00007fbb280454c0 JavaThread "Unconstrained build operations Thread 9"        [_thread_blocked, id=57898, stack(0x00007fba72cee000,0x00007fba72dee000) (1024K)]
  0x00007fbb28090ab0 JavaThread "Unconstrained build operations Thread 10"        [_thread_blocked, id=57899, stack(0x00007fbad00d2000,0x00007fbad01d2000) (1024K)]
  0x00007fbb2801a7a0 JavaThread "Unconstrained build operations Thread 11"        [_thread_blocked, id=57900, stack(0x00007fbad0ee0000,0x00007fbad0fe0000) (1024K)]
  0x00007fbb2c5e7020 JavaThread "Unconstrained build operations Thread 12"        [_thread_blocked, id=57917, stack(0x00007fbad26f8000,0x00007fbad27f8000) (1024K)]
  0x00007fbb2c8ceff0 JavaThread "Unconstrained build operations Thread 13"        [_thread_blocked, id=57926, stack(0x00007fbad15e7000,0x00007fbad16e7000) (1024K)]
  0x00007fbb2c1695f0 JavaThread "Unconstrained build operations Thread 14"        [_thread_blocked, id=57927, stack(0x00007fbad09db000,0x00007fbad0adb000) (1024K)]
  0x00007fbb2c5a3310 JavaThread "Unconstrained build operations Thread 15"        [_thread_blocked, id=57928, stack(0x00007fbad07d9000,0x00007fbad08d9000) (1024K)]
  0x00007fbb2c1725f0 JavaThread "Unconstrained build operations Thread 16"        [_thread_blocked, id=57937, stack(0x00007fba730f2000,0x00007fba731f2000) (1024K)]
  0x00007fbb2c5c4440 JavaThread "Unconstrained build operations Thread 17"        [_thread_blocked, id=57938, stack(0x00007fbad08da000,0x00007fbad09da000) (1024K)]
  0x00007fbb2c5f0c20 JavaThread "Unconstrained build operations Thread 18"        [_thread_blocked, id=57939, stack(0x00007fbad03d5000,0x00007fbad04d5000) (1024K)]
  0x00007fbb2c48da00 JavaThread "Unconstrained build operations Thread 19"        [_thread_blocked, id=57940, stack(0x00007fbad10e2000,0x00007fbad11e2000) (1024K)]
  0x00007fbb2c489960 JavaThread "Unconstrained build operations Thread 20"        [_thread_blocked, id=57941, stack(0x00007fbb248fa000,0x00007fbb249fa000) (1024K)]
  0x00007fbb2c0621a0 JavaThread "Unconstrained build operations Thread 21"        [_thread_blocked, id=57959, stack(0x00007fbad2f00000,0x00007fbad3000000) (1024K)]
  0x00007fbb2c081300 JavaThread "Unconstrained build operations Thread 22"        [_thread_blocked, id=57960, stack(0x00007fbad2dff000,0x00007fbad2eff000) (1024K)]
  0x00007fbb2c0b7440 JavaThread "Unconstrained build operations Thread 23"        [_thread_blocked, id=57969, stack(0x00007fbad28fa000,0x00007fbad29fa000) (1024K)]
  0x00007fbb2c558d50 JavaThread "Unconstrained build operations Thread 24"        [_thread_blocked, id=57970, stack(0x00007fbad27f9000,0x00007fbad28f9000) (1024K)]
  0x00007fbb2c08c870 JavaThread "Unconstrained build operations Thread 25"        [_thread_blocked, id=57971, stack(0x00007fbad25f7000,0x00007fbad26f7000) (1024K)]
  0x00007fbb2c8c1b00 JavaThread "WorkerExecutor Queue"              [_thread_blocked, id=57972, stack(0x00007fbad24f6000,0x00007fbad25f6000) (1024K)]
  0x00007fbab856b320 JavaThread "DefaultDispatcher-worker-1" daemon [_thread_blocked, id=58021, stack(0x00007fbad23f5000,0x00007fbad24f5000) (1024K)]
  0x00007fbab8567b50 JavaThread "DefaultDispatcher-worker-2" daemon [_thread_blocked, id=58022, stack(0x00007fbad22f4000,0x00007fbad23f4000) (1024K)]
  0x00007fbac0006ea0 JavaThread "DefaultDispatcher-worker-3" daemon [_thread_blocked, id=58025, stack(0x00007fbad21f3000,0x00007fbad22f3000) (1024K)]
  0x00007fbabc008a20 JavaThread "DefaultDispatcher-worker-4" daemon [_thread_blocked, id=58032, stack(0x00007fbad1def000,0x00007fbad1eef000) (1024K)]
  0x00007fbab8a24fa0 JavaThread "Periodic tasks thread"      daemon [_thread_blocked, id=58129, stack(0x00007fbad1cee000,0x00007fbad1dee000) (1024K)]
  0x00007fbab9145fb0 JavaThread "ApplicationImpl pooled thread 1"        [_thread_blocked, id=58130, stack(0x00007fbad1bed000,0x00007fbad1ced000) (1024K)]
  0x00007fbab81a0d50 JavaThread "ForkJoinPool.commonPool-worker-1" daemon [_thread_blocked, id=58159, stack(0x00007fbad17e9000,0x00007fbad18e9000) (1024K)]
  0x00007fbb1c0387b0 JavaThread "ForkJoinPool.commonPool-worker-2" daemon [_thread_blocked, id=58192, stack(0x00007fbad0fe1000,0x00007fbad10e1000) (1024K)]
  0x00007fbab9f4e260 JavaThread "ForkJoinPool.commonPool-worker-3" daemon [_thread_blocked, id=58193, stack(0x00007fbad0bdd000,0x00007fbad0cdd000) (1024K)]
Total: 82

Other Threads:
  0x00007fbb4c0e58a0 VMThread "VM Thread"                           [id=47556, stack(0x00007fbb340fa000,0x00007fbb341fa000) (1024K)]
  0x00007fbb4c0d3f80 WatcherThread "VM Periodic Task Thread"        [id=47555, stack(0x00007fbb341fb000,0x00007fbb342fb000) (1024K)]
  0x00007fbb4c057b20 WorkerThread "GC Thread#0"                     [id=47550, stack(0x00007fbb50300000,0x00007fbb50400000) (1024K)]
  0x00007fbacc0068e0 WorkerThread "GC Thread#1"                     [id=47574, stack(0x00007fbb252f8000,0x00007fbb253f8000) (1024K)]
  0x00007fbacc00d9c0 WorkerThread "GC Thread#2"                     [id=47623, stack(0x00007fbb24f00000,0x00007fbb25000000) (1024K)]
  0x00007fbacc00e090 WorkerThread "GC Thread#3"                     [id=47624, stack(0x00007fbb24dff000,0x00007fbb24eff000) (1024K)]
  0x00007fbb4c061130 ConcurrentGCThread "G1 Main Marker"            [id=47551, stack(0x00007fbb501ff000,0x00007fbb502ff000) (1024K)]
=>0x00007fbb4c0620e0 WorkerThread "G1 Conc#0"                       [id=47552, stack(0x00007fbb500fe000,0x00007fbb501fe000) (1024K)]
  0x00007fbb4c0c1d00 ConcurrentGCThread "G1 Refine#0"               [id=47553, stack(0x00007fbb343fd000,0x00007fbb344fd000) (1024K)]
  0x00007fbb4c0c2cd0 ConcurrentGCThread "G1 Service"                [id=47554, stack(0x00007fbb342fc000,0x00007fbb343fc000) (1024K)]
Total: 10

Threads with active compile tasks:
C2 CompilerThread0  1194695 40130       4       com.intellij.psi.impl.compiled.ClsJavaCodeReferenceElementImpl::<init> (172 bytes)
Total: 1

VM state: not at safepoint (normal execution)

VM Mutex/Monitor currently owned by a thread: None

Heap address: 0x00000000c0000000, size: 1024 MB, Compressed Oops mode: 32-bit

CDS archive(s) mapped at: [0x00007fbad7000000-0x00007fbad7c9c000-0x00007fbad7c9c000), size 13221888, SharedBaseAddress: 0x00007fbad7000000, ArchiveRelocationMode: 1.
Compressed class space mapped at: 0x00007fbad8000000-0x00007fbb18000000, reserved size: 1073741824
Narrow klass base: 0x00007fbad7000000, Narrow klass shift: 0, Narrow klass range: 0x100000000

GC Precious Log:
 CardTable entry size: 512
 Card Set container configuration: InlinePtr #cards 5 size 8 Array Of Cards #cards 12 size 40 Howl #buckets 4 coarsen threshold 1843 Howl Bitmap #cards 512 size 80 coarsen threshold 460 Card regions per heap region 1 cards per card region 2048
 CPUs: 4 total, 4 available
 Memory: 5403M
 Large Page Support: Disabled
 NUMA Support: Disabled
 Compressed Oops: Enabled (32-bit)
 Heap Region Size: 1M
 Heap Min Capacity: 8M
 Heap Initial Capacity: 86M
 Heap Max Capacity: 1G
 Pre-touch: Disabled
 Parallel Workers: 4
 Concurrent Workers: 1
 Concurrent Refinement Workers: 4
 Periodic GC: Disabled

Heap:
 garbage-first heap   total 605184K, used 351744K [0x00000000c0000000, 0x0000000100000000)
  region size 1024K, 25 young (25600K), 15 survivors (15360K)
 Metaspace       used 293281K, committed 295296K, reserved 1310720K
  class space    used 36033K, committed 36992K, reserved 1048576K

Heap Regions: E=young(eden), S=young(survivor), O=old, HS=humongous(starts), HC=humongous(continues), CS=collection set, F=free, TAMS=top-at-mark-start, PB=parsable bottom
|   0|0x00000000c0000000, 0x00000000c0100000, 0x00000000c0100000|100%|HS|  |TAMS 0x00000000c0100000| PB 0x00000000c0000000| Complete 
|   1|0x00000000c0100000, 0x00000000c0200000, 0x00000000c0200000|100%|HC|  |TAMS 0x00000000c0200000| PB 0x00000000c0100000| Complete 
|   2|0x00000000c0200000, 0x00000000c0300000, 0x00000000c0300000|100%|HC|  |TAMS 0x00000000c0300000| PB 0x00000000c0200000| Complete 
|   3|0x00000000c0300000, 0x00000000c0400000, 0x00000000c0400000|100%|HC|  |TAMS 0x00000000c0400000| PB 0x00000000c0300000| Complete 
|   4|0x00000000c0400000, 0x00000000c0500000, 0x00000000c0500000|100%| O|  |TAMS 0x00000000c0500000| PB 0x00000000c0400000| Untracked 
|   5|0x00000000c0500000, 0x00000000c0600000, 0x00000000c0600000|100%| O|  |TAMS 0x00000000c0600000| PB 0x00000000c0500000| Untracked 
|   6|0x00000000c0600000, 0x00000000c0700000, 0x00000000c0700000|100%| O|  |TAMS 0x00000000c0700000| PB 0x00000000c0600000| Untracked 
|   7|0x00000000c0700000, 0x00000000c0800000, 0x00000000c0800000|100%|HS|  |TAMS 0x00000000c0800000| PB 0x00000000c0700000| Complete 
|   8|0x00000000c0800000, 0x00000000c0900000, 0x00000000c0900000|100%| O|  |TAMS 0x00000000c0900000| PB 0x00000000c0800000| Untracked 
|   9|0x00000000c0900000, 0x00000000c0a00000, 0x00000000c0a00000|100%| O|  |TAMS 0x00000000c0a00000| PB 0x00000000c0900000| Untracked 
|  10|0x00000000c0a00000, 0x00000000c0b00000, 0x00000000c0b00000|100%| O|  |TAMS 0x00000000c0b00000| PB 0x00000000c0a00000| Untracked 
|  11|0x00000000c0b00000, 0x00000000c0c00000, 0x00000000c0c00000|100%| O|  |TAMS 0x00000000c0c00000| PB 0x00000000c0b00000| Untracked 
|  12|0x00000000c0c00000, 0x00000000c0d00000, 0x00000000c0d00000|100%| O|  |TAMS 0x00000000c0d00000| PB 0x00000000c0c00000| Untracked 
|  13|0x00000000c0d00000, 0x00000000c0e00000, 0x00000000c0e00000|100%| O|  |TAMS 0x00000000c0e00000| PB 0x00000000c0d00000| Untracked 
|  14|0x00000000c0e00000, 0x00000000c0f00000, 0x00000000c0f00000|100%| O|  |TAMS 0x00000000c0f00000| PB 0x00000000c0e00000| Untracked 
|  15|0x00000000c0f00000, 0x00000000c1000000, 0x00000000c1000000|100%| O|  |TAMS 0x00000000c1000000| PB 0x00000000c0f00000| Untracked 
|  16|0x00000000c1000000, 0x00000000c1100000, 0x00000000c1100000|100%| O|  |TAMS 0x00000000c1100000| PB 0x00000000c1000000| Untracked 
|  17|0x00000000c1100000, 0x00000000c1200000, 0x00000000c1200000|100%| O|  |TAMS 0x00000000c1200000| PB 0x00000000c1100000| Untracked 
|  18|0x00000000c1200000, 0x00000000c1300000, 0x00000000c1300000|100%| O|  |TAMS 0x00000000c1300000| PB 0x00000000c1200000| Untracked 
|  19|0x00000000c1300000, 0x00000000c1400000, 0x00000000c1400000|100%| O|  |TAMS 0x00000000c1400000| PB 0x00000000c1300000| Untracked 
|  20|0x00000000c1400000, 0x00000000c1500000, 0x00000000c1500000|100%| O|  |TAMS 0x00000000c1500000| PB 0x00000000c1400000| Untracked 
|  21|0x00000000c1500000, 0x00000000c1600000, 0x00000000c1600000|100%| O|  |TAMS 0x00000000c1600000| PB 0x00000000c1500000| Untracked 
|  22|0x00000000c1600000, 0x00000000c1700000, 0x00000000c1700000|100%| O|  |TAMS 0x00000000c1700000| PB 0x00000000c1600000| Untracked 
|  23|0x00000000c1700000, 0x00000000c1800000, 0x00000000c1800000|100%| O|  |TAMS 0x00000000c1800000| PB 0x00000000c1700000| Untracked 
|  24|0x00000000c1800000, 0x00000000c1900000, 0x00000000c1900000|100%| O|  |TAMS 0x00000000c1900000| PB 0x00000000c1800000| Untracked 
|  25|0x00000000c1900000, 0x00000000c1a00000, 0x00000000c1a00000|100%| O|  |TAMS 0x00000000c1a00000| PB 0x00000000c1900000| Untracked 
|  26|0x00000000c1a00000, 0x00000000c1b00000, 0x00000000c1b00000|100%| O|  |TAMS 0x00000000c1b00000| PB 0x00000000c1a00000| Untracked 
|  27|0x00000000c1b00000, 0x00000000c1c00000, 0x00000000c1c00000|100%| O|  |TAMS 0x00000000c1c00000| PB 0x00000000c1b00000| Untracked 
|  28|0x00000000c1c00000, 0x00000000c1d00000, 0x00000000c1d00000|100%| O|  |TAMS 0x00000000c1d00000| PB 0x00000000c1c00000| Untracked 
|  29|0x00000000c1d00000, 0x00000000c1e00000, 0x00000000c1e00000|100%| O|  |TAMS 0x00000000c1e00000| PB 0x00000000c1d00000| Untracked 
|  30|0x00000000c1e00000, 0x00000000c1f00000, 0x00000000c1f00000|100%| O|  |TAMS 0x00000000c1f00000| PB 0x00000000c1e00000| Untracked 
|  31|0x00000000c1f00000, 0x00000000c2000000, 0x00000000c2000000|100%| O|  |TAMS 0x00000000c2000000| PB 0x00000000c1f00000| Untracked 
|  32|0x00000000c2000000, 0x00000000c2100000, 0x00000000c2100000|100%| O|  |TAMS 0x00000000c2100000| PB 0x00000000c2000000| Untracked 
|  33|0x00000000c2100000, 0x00000000c2200000, 0x00000000c2200000|100%| O|  |TAMS 0x00000000c2200000| PB 0x00000000c2100000| Untracked 
|  34|0x00000000c2200000, 0x00000000c2300000, 0x00000000c2300000|100%| O|  |TAMS 0x00000000c2300000| PB 0x00000000c2200000| Untracked 
|  35|0x00000000c2300000, 0x00000000c2400000, 0x00000000c2400000|100%| O|  |TAMS 0x00000000c2400000| PB 0x00000000c2300000| Untracked 
|  36|0x00000000c2400000, 0x00000000c2500000, 0x00000000c2500000|100%| O|  |TAMS 0x00000000c2500000| PB 0x00000000c2400000| Untracked 
|  37|0x00000000c2500000, 0x00000000c2600000, 0x00000000c2600000|100%| O|  |TAMS 0x00000000c2600000| PB 0x00000000c2500000| Untracked 
|  38|0x00000000c2600000, 0x00000000c2700000, 0x00000000c2700000|100%| O|  |TAMS 0x00000000c2700000| PB 0x00000000c2600000| Untracked 
|  39|0x00000000c2700000, 0x00000000c2800000, 0x00000000c2800000|100%| O|  |TAMS 0x00000000c2800000| PB 0x00000000c2700000| Untracked 
|  40|0x00000000c2800000, 0x00000000c2900000, 0x00000000c2900000|100%| O|  |TAMS 0x00000000c2900000| PB 0x00000000c2800000| Untracked 
|  41|0x00000000c2900000, 0x00000000c2a00000, 0x00000000c2a00000|100%| O|  |TAMS 0x00000000c2a00000| PB 0x00000000c2900000| Untracked 
|  42|0x00000000c2a00000, 0x00000000c2b00000, 0x00000000c2b00000|100%| O|  |TAMS 0x00000000c2b00000| PB 0x00000000c2a00000| Untracked 
|  43|0x00000000c2b00000, 0x00000000c2c00000, 0x00000000c2c00000|100%| O|  |TAMS 0x00000000c2c00000| PB 0x00000000c2b00000| Untracked 
|  44|0x00000000c2c00000, 0x00000000c2d00000, 0x00000000c2d00000|100%| O|  |TAMS 0x00000000c2d00000| PB 0x00000000c2c00000| Untracked 
|  45|0x00000000c2d00000, 0x00000000c2e00000, 0x00000000c2e00000|100%|HS|  |TAMS 0x00000000c2e00000| PB 0x00000000c2d00000| Complete 
|  46|0x00000000c2e00000, 0x00000000c2f00000, 0x00000000c2f00000|100%|HS|  |TAMS 0x00000000c2f00000| PB 0x00000000c2e00000| Complete 
|  47|0x00000000c2f00000, 0x00000000c3000000, 0x00000000c3000000|100%|HS|  |TAMS 0x00000000c3000000| PB 0x00000000c2f00000| Complete 
|  48|0x00000000c3000000, 0x00000000c3100000, 0x00000000c3100000|100%|HC|  |TAMS 0x00000000c3100000| PB 0x00000000c3000000| Complete 
|  49|0x00000000c3100000, 0x00000000c3200000, 0x00000000c3200000|100%|HS|  |TAMS 0x00000000c3200000| PB 0x00000000c3100000| Complete 
|  50|0x00000000c3200000, 0x00000000c3300000, 0x00000000c3300000|100%|HC|  |TAMS 0x00000000c3300000| PB 0x00000000c3200000| Complete 
|  51|0x00000000c3300000, 0x00000000c3400000, 0x00000000c3400000|100%|HS|  |TAMS 0x00000000c3400000| PB 0x00000000c3300000| Complete 
|  52|0x00000000c3400000, 0x00000000c3500000, 0x00000000c3500000|100%|HS|  |TAMS 0x00000000c3500000| PB 0x00000000c3400000| Complete 
|  53|0x00000000c3500000, 0x00000000c3600000, 0x00000000c3600000|100%| O|  |TAMS 0x00000000c3600000| PB 0x00000000c3500000| Untracked 
|  54|0x00000000c3600000, 0x00000000c3700000, 0x00000000c3700000|100%|HS|  |TAMS 0x00000000c3700000| PB 0x00000000c3600000| Complete 
|  55|0x00000000c3700000, 0x00000000c3800000, 0x00000000c3800000|100%|HS|  |TAMS 0x00000000c3800000| PB 0x00000000c3700000| Complete 
|  56|0x00000000c3800000, 0x00000000c3900000, 0x00000000c3900000|100%| O|  |TAMS 0x00000000c3900000| PB 0x00000000c3800000| Untracked 
|  57|0x00000000c3900000, 0x00000000c3a00000, 0x00000000c3a00000|100%| O|  |TAMS 0x00000000c3a00000| PB 0x00000000c3900000| Untracked 
|  58|0x00000000c3a00000, 0x00000000c3b00000, 0x00000000c3b00000|100%| O|  |TAMS 0x00000000c3b00000| PB 0x00000000c3a00000| Untracked 
|  59|0x00000000c3b00000, 0x00000000c3c00000, 0x00000000c3c00000|100%| O|  |TAMS 0x00000000c3c00000| PB 0x00000000c3b00000| Untracked 
|  60|0x00000000c3c00000, 0x00000000c3d00000, 0x00000000c3d00000|100%| O|  |TAMS 0x00000000c3d00000| PB 0x00000000c3c00000| Untracked 
|  61|0x00000000c3d00000, 0x00000000c3e00000, 0x00000000c3e00000|100%|HS|  |TAMS 0x00000000c3e00000| PB 0x00000000c3d00000| Complete 
|  62|0x00000000c3e00000, 0x00000000c3f00000, 0x00000000c3f00000|100%| O|  |TAMS 0x00000000c3f00000| PB 0x00000000c3e00000| Untracked 
|  63|0x00000000c3f00000, 0x00000000c4000000, 0x00000000c4000000|100%| O|  |TAMS 0x00000000c4000000| PB 0x00000000c3f00000| Untracked 
|  64|0x00000000c4000000, 0x00000000c4100000, 0x00000000c4100000|100%| O|  |TAMS 0x00000000c4100000| PB 0x00000000c4000000| Untracked 
|  65|0x00000000c4100000, 0x00000000c4200000, 0x00000000c4200000|100%| O|  |TAMS 0x00000000c4200000| PB 0x00000000c4100000| Untracked 
|  66|0x00000000c4200000, 0x00000000c4300000, 0x00000000c4300000|100%| O|  |TAMS 0x00000000c4300000| PB 0x00000000c4200000| Untracked 
|  67|0x00000000c4300000, 0x00000000c4400000, 0x00000000c4400000|100%| O|  |TAMS 0x00000000c4400000| PB 0x00000000c4300000| Untracked 
|  68|0x00000000c4400000, 0x00000000c4500000, 0x00000000c4500000|100%| O|  |TAMS 0x00000000c4500000| PB 0x00000000c4400000| Untracked 
|  69|0x00000000c4500000, 0x00000000c4600000, 0x00000000c4600000|100%| O|  |TAMS 0x00000000c4600000| PB 0x00000000c4500000| Untracked 
|  70|0x00000000c4600000, 0x00000000c4700000, 0x00000000c4700000|100%| O|  |TAMS 0x00000000c4700000| PB 0x00000000c4600000| Untracked 
|  71|0x00000000c4700000, 0x00000000c4800000, 0x00000000c4800000|100%| O|  |TAMS 0x00000000c4800000| PB 0x00000000c4700000| Untracked 
|  72|0x00000000c4800000, 0x00000000c4900000, 0x00000000c4900000|100%| O|  |TAMS 0x00000000c4900000| PB 0x00000000c4800000| Untracked 
|  73|0x00000000c4900000, 0x00000000c4a00000, 0x00000000c4a00000|100%| O|  |TAMS 0x00000000c4a00000| PB 0x00000000c4900000| Untracked 
|  74|0x00000000c4a00000, 0x00000000c4b00000, 0x00000000c4b00000|100%| O|  |TAMS 0x00000000c4b00000| PB 0x00000000c4a00000| Untracked 
|  75|0x00000000c4b00000, 0x00000000c4c00000, 0x00000000c4c00000|100%| O|  |TAMS 0x00000000c4c00000| PB 0x00000000c4b00000| Untracked 
|  76|0x00000000c4c00000, 0x00000000c4d00000, 0x00000000c4d00000|100%| O|  |TAMS 0x00000000c4d00000| PB 0x00000000c4c00000| Untracked 
|  77|0x00000000c4d00000, 0x00000000c4e00000, 0x00000000c4e00000|100%|HS|  |TAMS 0x00000000c4e00000| PB 0x00000000c4d00000| Complete 
|  78|0x00000000c4e00000, 0x00000000c4f00000, 0x00000000c4f00000|100%| O|  |TAMS 0x00000000c4f00000| PB 0x00000000c4e00000| Untracked 
|  79|0x00000000c4f00000, 0x00000000c5000000, 0x00000000c5000000|100%| O|  |TAMS 0x00000000c5000000| PB 0x00000000c4f00000| Untracked 
|  80|0x00000000c5000000, 0x00000000c5100000, 0x00000000c5100000|100%| O|  |TAMS 0x00000000c5100000| PB 0x00000000c5000000| Untracked 
|  81|0x00000000c5100000, 0x00000000c5200000, 0x00000000c5200000|100%| O|  |TAMS 0x00000000c5200000| PB 0x00000000c5100000| Untracked 
|  82|0x00000000c5200000, 0x00000000c5300000, 0x00000000c5300000|100%| O|  |TAMS 0x00000000c5300000| PB 0x00000000c5200000| Untracked 
|  83|0x00000000c5300000, 0x00000000c5400000, 0x00000000c5400000|100%| O|  |TAMS 0x00000000c5400000| PB 0x00000000c5300000| Untracked 
|  84|0x00000000c5400000, 0x00000000c5500000, 0x00000000c5500000|100%| O|  |TAMS 0x00000000c5500000| PB 0x00000000c5400000| Untracked 
|  85|0x00000000c5500000, 0x00000000c5600000, 0x00000000c5600000|100%| O|  |TAMS 0x00000000c5600000| PB 0x00000000c5500000| Untracked 
|  86|0x00000000c5600000, 0x00000000c5700000, 0x00000000c5700000|100%| O|  |TAMS 0x00000000c5700000| PB 0x00000000c5600000| Untracked 
|  87|0x00000000c5700000, 0x00000000c5800000, 0x00000000c5800000|100%| O|  |TAMS 0x00000000c5800000| PB 0x00000000c5700000| Untracked 
|  88|0x00000000c5800000, 0x00000000c5900000, 0x00000000c5900000|100%| O|  |TAMS 0x00000000c5900000| PB 0x00000000c5800000| Untracked 
|  89|0x00000000c5900000, 0x00000000c5a00000, 0x00000000c5a00000|100%| O|  |TAMS 0x00000000c5a00000| PB 0x00000000c5900000| Untracked 
|  90|0x00000000c5a00000, 0x00000000c5b00000, 0x00000000c5b00000|100%|HS|  |TAMS 0x00000000c5b00000| PB 0x00000000c5a00000| Complete 
|  91|0x00000000c5b00000, 0x00000000c5c00000, 0x00000000c5c00000|100%|HS|  |TAMS 0x00000000c5c00000| PB 0x00000000c5b00000| Complete 
|  92|0x00000000c5c00000, 0x00000000c5d00000, 0x00000000c5d00000|100%| O|  |TAMS 0x00000000c5d00000| PB 0x00000000c5c00000| Untracked 
|  93|0x00000000c5d00000, 0x00000000c5e00000, 0x00000000c5e00000|100%| O|  |TAMS 0x00000000c5e00000| PB 0x00000000c5d00000| Untracked 
|  94|0x00000000c5e00000, 0x00000000c5f00000, 0x00000000c5f00000|100%| O|  |TAMS 0x00000000c5f00000| PB 0x00000000c5e00000| Untracked 
|  95|0x00000000c5f00000, 0x00000000c6000000, 0x00000000c6000000|100%| O|  |TAMS 0x00000000c6000000| PB 0x00000000c5f00000| Untracked 
|  96|0x00000000c6000000, 0x00000000c6100000, 0x00000000c6100000|100%| O|  |TAMS 0x00000000c6100000| PB 0x00000000c6000000| Untracked 
|  97|0x00000000c6100000, 0x00000000c6200000, 0x00000000c6200000|100%| O|  |TAMS 0x00000000c6200000| PB 0x00000000c6100000| Untracked 
|  98|0x00000000c6200000, 0x00000000c6300000, 0x00000000c6300000|100%| O|  |TAMS 0x00000000c6300000| PB 0x00000000c6200000| Untracked 
|  99|0x00000000c6300000, 0x00000000c6400000, 0x00000000c6400000|100%| O|  |TAMS 0x00000000c6400000| PB 0x00000000c6300000| Untracked 
| 100|0x00000000c6400000, 0x00000000c6500000, 0x00000000c6500000|100%| O|  |TAMS 0x00000000c6500000| PB 0x00000000c6400000| Untracked 
| 101|0x00000000c6500000, 0x00000000c6600000, 0x00000000c6600000|100%| O|  |TAMS 0x00000000c6600000| PB 0x00000000c6500000| Untracked 
| 102|0x00000000c6600000, 0x00000000c6700000, 0x00000000c6700000|100%| O|  |TAMS 0x00000000c6700000| PB 0x00000000c6600000| Untracked 
| 103|0x00000000c6700000, 0x00000000c6800000, 0x00000000c6800000|100%| O|  |TAMS 0x00000000c6800000| PB 0x00000000c6700000| Untracked 
| 104|0x00000000c6800000, 0x00000000c6900000, 0x00000000c6900000|100%| O|  |TAMS 0x00000000c6900000| PB 0x00000000c6800000| Untracked 
| 105|0x00000000c6900000, 0x00000000c6a00000, 0x00000000c6a00000|100%| O|  |TAMS 0x00000000c6a00000| PB 0x00000000c6900000| Untracked 
| 106|0x00000000c6a00000, 0x00000000c6b00000, 0x00000000c6b00000|100%| O|  |TAMS 0x00000000c6b00000| PB 0x00000000c6a00000| Untracked 
| 107|0x00000000c6b00000, 0x00000000c6c00000, 0x00000000c6c00000|100%| O|  |TAMS 0x00000000c6c00000| PB 0x00000000c6b00000| Untracked 
| 108|0x00000000c6c00000, 0x00000000c6d00000, 0x00000000c6d00000|100%| O|  |TAMS 0x00000000c6d00000| PB 0x00000000c6c00000| Untracked 
| 109|0x00000000c6d00000, 0x00000000c6e00000, 0x00000000c6e00000|100%| O|  |TAMS 0x00000000c6d00000| PB 0x00000000c6d00000| Untracked 
| 110|0x00000000c6e00000, 0x00000000c6f00000, 0x00000000c6f00000|100%| O|  |TAMS 0x00000000c6f00000| PB 0x00000000c6e00000| Untracked 
| 111|0x00000000c6f00000, 0x00000000c7000000, 0x00000000c7000000|100%| O|  |TAMS 0x00000000c7000000| PB 0x00000000c6f00000| Untracked 
| 112|0x00000000c7000000, 0x00000000c7100000, 0x00000000c7100000|100%| O|  |TAMS 0x00000000c7100000| PB 0x00000000c7000000| Untracked 
| 113|0x00000000c7100000, 0x00000000c7200000, 0x00000000c7200000|100%| O|  |TAMS 0x00000000c7200000| PB 0x00000000c7100000| Untracked 
| 114|0x00000000c7200000, 0x00000000c7300000, 0x00000000c7300000|100%| O|  |TAMS 0x00000000c7300000| PB 0x00000000c7200000| Untracked 
| 115|0x00000000c7300000, 0x00000000c7400000, 0x00000000c7400000|100%| O|  |TAMS 0x00000000c7400000| PB 0x00000000c7300000| Untracked 
| 116|0x00000000c7400000, 0x00000000c7500000, 0x00000000c7500000|100%|HS|  |TAMS 0x00000000c7500000| PB 0x00000000c7400000| Complete 
| 117|0x00000000c7500000, 0x00000000c7600000, 0x00000000c7600000|100%| O|  |TAMS 0x00000000c7600000| PB 0x00000000c7500000| Untracked 
| 118|0x00000000c7600000, 0x00000000c7700000, 0x00000000c7700000|100%| O|  |TAMS 0x00000000c7700000| PB 0x00000000c7600000| Untracked 
| 119|0x00000000c7700000, 0x00000000c7800000, 0x00000000c7800000|100%| O|  |TAMS 0x00000000c7800000| PB 0x00000000c7700000| Untracked 
| 120|0x00000000c7800000, 0x00000000c7900000, 0x00000000c7900000|100%| O|  |TAMS 0x00000000c7900000| PB 0x00000000c7800000| Untracked 
| 121|0x00000000c7900000, 0x00000000c7a00000, 0x00000000c7a00000|100%| O|  |TAMS 0x00000000c7a00000| PB 0x00000000c7900000| Untracked 
| 122|0x00000000c7a00000, 0x00000000c7b00000, 0x00000000c7b00000|100%| O|  |TAMS 0x00000000c7b00000| PB 0x00000000c7a00000| Untracked 
| 123|0x00000000c7b00000, 0x00000000c7c00000, 0x00000000c7c00000|100%| O|  |TAMS 0x00000000c7c00000| PB 0x00000000c7b00000| Untracked 
| 124|0x00000000c7c00000, 0x00000000c7d00000, 0x00000000c7d00000|100%| O|  |TAMS 0x00000000c7d00000| PB 0x00000000c7c00000| Untracked 
| 125|0x00000000c7d00000, 0x00000000c7e00000, 0x00000000c7e00000|100%| O|  |TAMS 0x00000000c7e00000| PB 0x00000000c7d00000| Untracked 
| 126|0x00000000c7e00000, 0x00000000c7f00000, 0x00000000c7f00000|100%| O|  |TAMS 0x00000000c7f00000| PB 0x00000000c7e00000| Untracked 
| 127|0x00000000c7f00000, 0x00000000c8000000, 0x00000000c8000000|100%| O|  |TAMS 0x00000000c8000000| PB 0x00000000c7f00000| Untracked 
| 128|0x00000000c8000000, 0x00000000c8100000, 0x00000000c8100000|100%| O|  |TAMS 0x00000000c8100000| PB 0x00000000c8000000| Untracked 
| 129|0x00000000c8100000, 0x00000000c8200000, 0x00000000c8200000|100%| O|  |TAMS 0x00000000c8200000| PB 0x00000000c8100000| Untracked 
| 130|0x00000000c8200000, 0x00000000c8300000, 0x00000000c8300000|100%| O|  |TAMS 0x00000000c8300000| PB 0x00000000c8200000| Untracked 
| 131|0x00000000c8300000, 0x00000000c8400000, 0x00000000c8400000|100%| O|  |TAMS 0x00000000c8400000| PB 0x00000000c8300000| Untracked 
| 132|0x00000000c8400000, 0x00000000c8500000, 0x00000000c8500000|100%| O|  |TAMS 0x00000000c8500000| PB 0x00000000c8400000| Untracked 
| 133|0x00000000c8500000, 0x00000000c8600000, 0x00000000c8600000|100%| O|  |TAMS 0x00000000c8600000| PB 0x00000000c8500000| Untracked 
| 134|0x00000000c8600000, 0x00000000c8700000, 0x00000000c8700000|100%| O|  |TAMS 0x00000000c8600000| PB 0x00000000c8600000| Untracked 
| 135|0x00000000c8700000, 0x00000000c8800000, 0x00000000c8800000|100%| O|  |TAMS 0x00000000c8800000| PB 0x00000000c8700000| Untracked 
| 136|0x00000000c8800000, 0x00000000c8900000, 0x00000000c8900000|100%| O|  |TAMS 0x00000000c8900000| PB 0x00000000c8800000| Untracked 
| 137|0x00000000c8900000, 0x00000000c8a00000, 0x00000000c8a00000|100%| O|  |TAMS 0x00000000c8a00000| PB 0x00000000c8900000| Untracked 
| 138|0x00000000c8a00000, 0x00000000c8b00000, 0x00000000c8b00000|100%| O|  |TAMS 0x00000000c8b00000| PB 0x00000000c8a00000| Untracked 
| 139|0x00000000c8b00000, 0x00000000c8c00000, 0x00000000c8c00000|100%| O|  |TAMS 0x00000000c8c00000| PB 0x00000000c8b00000| Untracked 
| 140|0x00000000c8c00000, 0x00000000c8d00000, 0x00000000c8d00000|100%| O|  |TAMS 0x00000000c8d00000| PB 0x00000000c8c00000| Untracked 
| 141|0x00000000c8d00000, 0x00000000c8e00000, 0x00000000c8e00000|100%| O|  |TAMS 0x00000000c8e00000| PB 0x00000000c8d00000| Untracked 
| 142|0x00000000c8e00000, 0x00000000c8f00000, 0x00000000c8f00000|100%|HS|  |TAMS 0x00000000c8f00000| PB 0x00000000c8e00000| Complete 
| 143|0x00000000c8f00000, 0x00000000c9000000, 0x00000000c9000000|100%|HC|  |TAMS 0x00000000c9000000| PB 0x00000000c8f00000| Complete 
| 144|0x00000000c9000000, 0x00000000c9100000, 0x00000000c9100000|100%|HC|  |TAMS 0x00000000c9100000| PB 0x00000000c9000000| Complete 
| 145|0x00000000c9100000, 0x00000000c9200000, 0x00000000c9200000|100%|HC|  |TAMS 0x00000000c9200000| PB 0x00000000c9100000| Complete 
| 146|0x00000000c9200000, 0x00000000c9300000, 0x00000000c9300000|100%|HC|  |TAMS 0x00000000c9300000| PB 0x00000000c9200000| Complete 
| 147|0x00000000c9300000, 0x00000000c9400000, 0x00000000c9400000|100%|HC|  |TAMS 0x00000000c9400000| PB 0x00000000c9300000| Complete 
| 148|0x00000000c9400000, 0x00000000c9500000, 0x00000000c9500000|100%|HS|  |TAMS 0x00000000c9500000| PB 0x00000000c9400000| Complete 
| 149|0x00000000c9500000, 0x00000000c9600000, 0x00000000c9600000|100%|HC|  |TAMS 0x00000000c9600000| PB 0x00000000c9500000| Complete 
| 150|0x00000000c9600000, 0x00000000c9700000, 0x00000000c9700000|100%| O|  |TAMS 0x00000000c9700000| PB 0x00000000c9600000| Untracked 
| 151|0x00000000c9700000, 0x00000000c9800000, 0x00000000c9800000|100%| O|  |TAMS 0x00000000c9800000| PB 0x00000000c9700000| Untracked 
| 152|0x00000000c9800000, 0x00000000c9900000, 0x00000000c9900000|100%| O|  |TAMS 0x00000000c9900000| PB 0x00000000c9800000| Untracked 
| 153|0x00000000c9900000, 0x00000000c9a00000, 0x00000000c9a00000|100%| O|  |TAMS 0x00000000c9a00000| PB 0x00000000c9900000| Untracked 
| 154|0x00000000c9a00000, 0x00000000c9b00000, 0x00000000c9b00000|100%| O|  |TAMS 0x00000000c9b00000| PB 0x00000000c9a00000| Untracked 
| 155|0x00000000c9b00000, 0x00000000c9c00000, 0x00000000c9c00000|100%| O|  |TAMS 0x00000000c9c00000| PB 0x00000000c9b00000| Untracked 
| 156|0x00000000c9c00000, 0x00000000c9d00000, 0x00000000c9d00000|100%| O|  |TAMS 0x00000000c9d00000| PB 0x00000000c9c00000| Untracked 
| 157|0x00000000c9d00000, 0x00000000c9e00000, 0x00000000c9e00000|100%|HS|  |TAMS 0x00000000c9e00000| PB 0x00000000c9d00000| Complete 
| 158|0x00000000c9e00000, 0x00000000c9f00000, 0x00000000c9f00000|100%| O|  |TAMS 0x00000000c9f00000| PB 0x00000000c9e00000| Untracked 
| 159|0x00000000c9f00000, 0x00000000ca000000, 0x00000000ca000000|100%| O|  |TAMS 0x00000000ca000000| PB 0x00000000c9f00000| Untracked 
| 160|0x00000000ca000000, 0x00000000ca100000, 0x00000000ca100000|100%| O|  |TAMS 0x00000000ca100000| PB 0x00000000ca000000| Untracked 
| 161|0x00000000ca100000, 0x00000000ca200000, 0x00000000ca200000|100%| O|  |TAMS 0x00000000ca200000| PB 0x00000000ca100000| Untracked 
| 162|0x00000000ca200000, 0x00000000ca300000, 0x00000000ca300000|100%|HS|  |TAMS 0x00000000ca300000| PB 0x00000000ca200000| Complete 
| 163|0x00000000ca300000, 0x00000000ca400000, 0x00000000ca400000|100%|HC|  |TAMS 0x00000000ca400000| PB 0x00000000ca300000| Complete 
| 164|0x00000000ca400000, 0x00000000ca500000, 0x00000000ca500000|100%|HC|  |TAMS 0x00000000ca500000| PB 0x00000000ca400000| Complete 
| 165|0x00000000ca500000, 0x00000000ca600000, 0x00000000ca600000|100%|HC|  |TAMS 0x00000000ca600000| PB 0x00000000ca500000| Complete 
| 166|0x00000000ca600000, 0x00000000ca700000, 0x00000000ca700000|100%|HC|  |TAMS 0x00000000ca700000| PB 0x00000000ca600000| Complete 
| 167|0x00000000ca700000, 0x00000000ca800000, 0x00000000ca800000|100%|HC|  |TAMS 0x00000000ca800000| PB 0x00000000ca700000| Complete 
| 168|0x00000000ca800000, 0x00000000ca900000, 0x00000000ca900000|100%|HS|  |TAMS 0x00000000ca900000| PB 0x00000000ca800000| Complete 
| 169|0x00000000ca900000, 0x00000000caa00000, 0x00000000caa00000|100%|HC|  |TAMS 0x00000000caa00000| PB 0x00000000ca900000| Complete 
| 170|0x00000000caa00000, 0x00000000cab00000, 0x00000000cab00000|100%|HS|  |TAMS 0x00000000cab00000| PB 0x00000000caa00000| Complete 
| 171|0x00000000cab00000, 0x00000000cac00000, 0x00000000cac00000|100%|HC|  |TAMS 0x00000000cac00000| PB 0x00000000cab00000| Complete 
| 172|0x00000000cac00000, 0x00000000cad00000, 0x00000000cad00000|100%| O|  |TAMS 0x00000000cad00000| PB 0x00000000cac00000| Untracked 
| 173|0x00000000cad00000, 0x00000000cae00000, 0x00000000cae00000|100%| O|  |TAMS 0x00000000cae00000| PB 0x00000000cad00000| Untracked 
| 174|0x00000000cae00000, 0x00000000caf00000, 0x00000000caf00000|100%| O|  |TAMS 0x00000000caf00000| PB 0x00000000cae00000| Untracked 
| 175|0x00000000caf00000, 0x00000000cb000000, 0x00000000cb000000|100%| O|  |TAMS 0x00000000cb000000| PB 0x00000000caf00000| Untracked 
| 176|0x00000000cb000000, 0x00000000cb100000, 0x00000000cb100000|100%| O|  |TAMS 0x00000000cb100000| PB 0x00000000cb000000| Untracked 
| 177|0x00000000cb100000, 0x00000000cb200000, 0x00000000cb200000|100%| O|  |TAMS 0x00000000cb200000| PB 0x00000000cb100000| Untracked 
| 178|0x00000000cb200000, 0x00000000cb300000, 0x00000000cb300000|100%| O|  |TAMS 0x00000000cb300000| PB 0x00000000cb200000| Untracked 
| 179|0x00000000cb300000, 0x00000000cb400000, 0x00000000cb400000|100%| O|  |TAMS 0x00000000cb400000| PB 0x00000000cb300000| Untracked 
| 180|0x00000000cb400000, 0x00000000cb500000, 0x00000000cb500000|100%| O|  |TAMS 0x00000000cb500000| PB 0x00000000cb400000| Untracked 
| 181|0x00000000cb500000, 0x00000000cb600000, 0x00000000cb600000|100%| O|  |TAMS 0x00000000cb600000| PB 0x00000000cb500000| Untracked 
| 182|0x00000000cb600000, 0x00000000cb700000, 0x00000000cb700000|100%| O|  |TAMS 0x00000000cb700000| PB 0x00000000cb600000| Untracked 
| 183|0x00000000cb700000, 0x00000000cb800000, 0x00000000cb800000|100%| O|  |TAMS 0x00000000cb800000| PB 0x00000000cb700000| Untracked 
| 184|0x00000000cb800000, 0x00000000cb900000, 0x00000000cb900000|100%| O|  |TAMS 0x00000000cb900000| PB 0x00000000cb800000| Untracked 
| 185|0x00000000cb900000, 0x00000000cba00000, 0x00000000cba00000|100%| O|  |TAMS 0x00000000cba00000| PB 0x00000000cb900000| Untracked 
| 186|0x00000000cba00000, 0x00000000cbb00000, 0x00000000cbb00000|100%| O|  |TAMS 0x00000000cbb00000| PB 0x00000000cba00000| Untracked 
| 187|0x00000000cbb00000, 0x00000000cbc00000, 0x00000000cbc00000|100%| O|  |TAMS 0x00000000cbc00000| PB 0x00000000cbb00000| Untracked 
| 188|0x00000000cbc00000, 0x00000000cbd00000, 0x00000000cbd00000|100%|HS|  |TAMS 0x00000000cbd00000| PB 0x00000000cbc00000| Complete 
| 189|0x00000000cbd00000, 0x00000000cbe00000, 0x00000000cbe00000|100%|HC|  |TAMS 0x00000000cbe00000| PB 0x00000000cbd00000| Complete 
| 190|0x00000000cbe00000, 0x00000000cbf00000, 0x00000000cbf00000|100%| O|  |TAMS 0x00000000cbf00000| PB 0x00000000cbe00000| Untracked 
| 191|0x00000000cbf00000, 0x00000000cc000000, 0x00000000cc000000|100%| O|  |TAMS 0x00000000cc000000| PB 0x00000000cbf00000| Untracked 
| 192|0x00000000cc000000, 0x00000000cc100000, 0x00000000cc100000|100%| O|  |TAMS 0x00000000cc100000| PB 0x00000000cc000000| Untracked 
| 193|0x00000000cc100000, 0x00000000cc200000, 0x00000000cc200000|100%| O|  |TAMS 0x00000000cc200000| PB 0x00000000cc100000| Untracked 
| 194|0x00000000cc200000, 0x00000000cc300000, 0x00000000cc300000|100%| O|  |TAMS 0x00000000cc300000| PB 0x00000000cc200000| Untracked 
| 195|0x00000000cc300000, 0x00000000cc400000, 0x00000000cc400000|100%| O|  |TAMS 0x00000000cc400000| PB 0x00000000cc300000| Untracked 
| 196|0x00000000cc400000, 0x00000000cc500000, 0x00000000cc500000|100%| O|  |TAMS 0x00000000cc500000| PB 0x00000000cc400000| Untracked 
| 197|0x00000000cc500000, 0x00000000cc600000, 0x00000000cc600000|100%| O|  |TAMS 0x00000000cc500000| PB 0x00000000cc500000| Untracked 
| 198|0x00000000cc600000, 0x00000000cc700000, 0x00000000cc700000|100%| O|  |TAMS 0x00000000cc700000| PB 0x00000000cc600000| Untracked 
| 199|0x00000000cc700000, 0x00000000cc800000, 0x00000000cc800000|100%| O|  |TAMS 0x00000000cc800000| PB 0x00000000cc700000| Untracked 
| 200|0x00000000cc800000, 0x00000000cc900000, 0x00000000cc900000|100%| O|  |TAMS 0x00000000cc900000| PB 0x00000000cc800000| Untracked 
| 201|0x00000000cc900000, 0x00000000cca00000, 0x00000000cca00000|100%| O|  |TAMS 0x00000000cca00000| PB 0x00000000cc900000| Untracked 
| 202|0x00000000cca00000, 0x00000000ccb00000, 0x00000000ccb00000|100%| O|  |TAMS 0x00000000ccb00000| PB 0x00000000cca00000| Untracked 
| 203|0x00000000ccb00000, 0x00000000ccc00000, 0x00000000ccc00000|100%| O|  |TAMS 0x00000000ccc00000| PB 0x00000000ccb00000| Untracked 
| 204|0x00000000ccc00000, 0x00000000ccd00000, 0x00000000ccd00000|100%| O|  |TAMS 0x00000000ccd00000| PB 0x00000000ccc00000| Untracked 
| 205|0x00000000ccd00000, 0x00000000cce00000, 0x00000000cce00000|100%| O|  |TAMS 0x00000000cce00000| PB 0x00000000ccd00000| Untracked 
| 206|0x00000000cce00000, 0x00000000ccf00000, 0x00000000ccf00000|100%| O|  |TAMS 0x00000000ccf00000| PB 0x00000000cce00000| Untracked 
| 207|0x00000000ccf00000, 0x00000000cd000000, 0x00000000cd000000|100%| O|  |TAMS 0x00000000cd000000| PB 0x00000000ccf00000| Untracked 
| 208|0x00000000cd000000, 0x00000000cd100000, 0x00000000cd100000|100%| O|  |TAMS 0x00000000cd100000| PB 0x00000000cd000000| Untracked 
| 209|0x00000000cd100000, 0x00000000cd200000, 0x00000000cd200000|100%| O|  |TAMS 0x00000000cd200000| PB 0x00000000cd100000| Untracked 
| 210|0x00000000cd200000, 0x00000000cd300000, 0x00000000cd300000|100%| O|  |TAMS 0x00000000cd300000| PB 0x00000000cd200000| Untracked 
| 211|0x00000000cd300000, 0x00000000cd400000, 0x00000000cd400000|100%| O|  |TAMS 0x00000000cd400000| PB 0x00000000cd300000| Untracked 
| 212|0x00000000cd400000, 0x00000000cd500000, 0x00000000cd500000|100%| O|  |TAMS 0x00000000cd500000| PB 0x00000000cd400000| Untracked 
| 213|0x00000000cd500000, 0x00000000cd600000, 0x00000000cd600000|100%| O|  |TAMS 0x00000000cd600000| PB 0x00000000cd500000| Untracked 
| 214|0x00000000cd600000, 0x00000000cd700000, 0x00000000cd700000|100%| O|  |TAMS 0x00000000cd700000| PB 0x00000000cd600000| Untracked 
| 215|0x00000000cd700000, 0x00000000cd800000, 0x00000000cd800000|100%| O|  |TAMS 0x00000000cd800000| PB 0x00000000cd700000| Untracked 
| 216|0x00000000cd800000, 0x00000000cd900000, 0x00000000cd900000|100%| O|  |TAMS 0x00000000cd900000| PB 0x00000000cd800000| Untracked 
| 217|0x00000000cd900000, 0x00000000cda00000, 0x00000000cda00000|100%| O|  |TAMS 0x00000000cda00000| PB 0x00000000cd900000| Untracked 
| 218|0x00000000cda00000, 0x00000000cdb00000, 0x00000000cdb00000|100%| O|  |TAMS 0x00000000cdb00000| PB 0x00000000cda00000| Untracked 
| 219|0x00000000cdb00000, 0x00000000cdc00000, 0x00000000cdc00000|100%| O|  |TAMS 0x00000000cdb00000| PB 0x00000000cdb00000| Untracked 
| 220|0x00000000cdc00000, 0x00000000cdd00000, 0x00000000cdd00000|100%| O|  |TAMS 0x00000000cdd00000| PB 0x00000000cdc00000| Untracked 
| 221|0x00000000cdd00000, 0x00000000cde00000, 0x00000000cde00000|100%| O|  |TAMS 0x00000000cde00000| PB 0x00000000cdd00000| Untracked 
| 222|0x00000000cde00000, 0x00000000cdf00000, 0x00000000cdf00000|100%| O|  |TAMS 0x00000000cdf00000| PB 0x00000000cde00000| Untracked 
| 223|0x00000000cdf00000, 0x00000000ce000000, 0x00000000ce000000|100%| O|  |TAMS 0x00000000ce000000| PB 0x00000000cdf00000| Untracked 
| 224|0x00000000ce000000, 0x00000000ce100000, 0x00000000ce100000|100%| O|  |TAMS 0x00000000ce100000| PB 0x00000000ce000000| Untracked 
| 225|0x00000000ce100000, 0x00000000ce200000, 0x00000000ce200000|100%| O|  |TAMS 0x00000000ce200000| PB 0x00000000ce100000| Untracked 
| 226|0x00000000ce200000, 0x00000000ce300000, 0x00000000ce300000|100%| O|  |TAMS 0x00000000ce300000| PB 0x00000000ce200000| Untracked 
| 227|0x00000000ce300000, 0x00000000ce400000, 0x00000000ce400000|100%| O|  |TAMS 0x00000000ce400000| PB 0x00000000ce300000| Untracked 
| 228|0x00000000ce400000, 0x00000000ce500000, 0x00000000ce500000|100%| O|  |TAMS 0x00000000ce500000| PB 0x00000000ce400000| Untracked 
| 229|0x00000000ce500000, 0x00000000ce600000, 0x00000000ce600000|100%| O|  |TAMS 0x00000000ce600000| PB 0x00000000ce500000| Untracked 
| 230|0x00000000ce600000, 0x00000000ce700000, 0x00000000ce700000|100%| O|  |TAMS 0x00000000ce700000| PB 0x00000000ce600000| Untracked 
| 231|0x00000000ce700000, 0x00000000ce800000, 0x00000000ce800000|100%| O|  |TAMS 0x00000000ce800000| PB 0x00000000ce700000| Untracked 
| 232|0x00000000ce800000, 0x00000000ce900000, 0x00000000ce900000|100%| O|  |TAMS 0x00000000ce900000| PB 0x00000000ce800000| Untracked 
| 233|0x00000000ce900000, 0x00000000cea00000, 0x00000000cea00000|100%|HS|  |TAMS 0x00000000cea00000| PB 0x00000000ce900000| Complete 
| 234|0x00000000cea00000, 0x00000000ceb00000, 0x00000000ceb00000|100%|HC|  |TAMS 0x00000000ceb00000| PB 0x00000000cea00000| Complete 
| 235|0x00000000ceb00000, 0x00000000cec00000, 0x00000000cec00000|100%|HC|  |TAMS 0x00000000cec00000| PB 0x00000000ceb00000| Complete 
| 236|0x00000000cec00000, 0x00000000ced00000, 0x00000000ced00000|100%|HS|  |TAMS 0x00000000ced00000| PB 0x00000000cec00000| Complete 
| 237|0x00000000ced00000, 0x00000000cee00000, 0x00000000cee00000|100%|HC|  |TAMS 0x00000000cee00000| PB 0x00000000ced00000| Complete 
| 238|0x00000000cee00000, 0x00000000cef00000, 0x00000000cef00000|100%|HC|  |TAMS 0x00000000cef00000| PB 0x00000000cee00000| Complete 
| 239|0x00000000cef00000, 0x00000000cf000000, 0x00000000cf000000|100%| O|  |TAMS 0x00000000cf000000| PB 0x00000000cef00000| Untracked 
| 240|0x00000000cf000000, 0x00000000cf100000, 0x00000000cf100000|100%| O|  |TAMS 0x00000000cf100000| PB 0x00000000cf000000| Untracked 
| 241|0x00000000cf100000, 0x00000000cf200000, 0x00000000cf200000|100%| O|  |TAMS 0x00000000cf200000| PB 0x00000000cf100000| Untracked 
| 242|0x00000000cf200000, 0x00000000cf300000, 0x00000000cf300000|100%| O|  |TAMS 0x00000000cf300000| PB 0x00000000cf200000| Untracked 
| 243|0x00000000cf300000, 0x00000000cf400000, 0x00000000cf400000|100%| O|  |TAMS 0x00000000cf400000| PB 0x00000000cf300000| Untracked 
| 244|0x00000000cf400000, 0x00000000cf500000, 0x00000000cf500000|100%| O|  |TAMS 0x00000000cf500000| PB 0x00000000cf400000| Untracked 
| 245|0x00000000cf500000, 0x00000000cf600000, 0x00000000cf600000|100%| O|  |TAMS 0x00000000cf600000| PB 0x00000000cf500000| Untracked 
| 246|0x00000000cf600000, 0x00000000cf700000, 0x00000000cf700000|100%| O|  |TAMS 0x00000000cf700000| PB 0x00000000cf600000| Untracked 
| 247|0x00000000cf700000, 0x00000000cf800000, 0x00000000cf800000|100%| O|  |TAMS 0x00000000cf800000| PB 0x00000000cf700000| Untracked 
| 248|0x00000000cf800000, 0x00000000cf900000, 0x00000000cf900000|100%| O|  |TAMS 0x00000000cf900000| PB 0x00000000cf800000| Untracked 
| 249|0x00000000cf900000, 0x00000000cfa00000, 0x00000000cfa00000|100%| O|  |TAMS 0x00000000cfa00000| PB 0x00000000cf900000| Untracked 
| 250|0x00000000cfa00000, 0x00000000cfb00000, 0x00000000cfb00000|100%| O|  |TAMS 0x00000000cfb00000| PB 0x00000000cfa00000| Untracked 
| 251|0x00000000cfb00000, 0x00000000cfc00000, 0x00000000cfc00000|100%| O|  |TAMS 0x00000000cfc00000| PB 0x00000000cfb00000| Untracked 
| 252|0x00000000cfc00000, 0x00000000cfd00000, 0x00000000cfd00000|100%| O|  |TAMS 0x00000000cfd00000| PB 0x00000000cfc00000| Untracked 
| 253|0x00000000cfd00000, 0x00000000cfe00000, 0x00000000cfe00000|100%| O|  |TAMS 0x00000000cfe00000| PB 0x00000000cfd00000| Untracked 
| 254|0x00000000cfe00000, 0x00000000cff00000, 0x00000000cff00000|100%| O|  |TAMS 0x00000000cff00000| PB 0x00000000cfe00000| Untracked 
| 255|0x00000000cff00000, 0x00000000d0000000, 0x00000000d0000000|100%| O|  |TAMS 0x00000000d0000000| PB 0x00000000cff00000| Untracked 
| 256|0x00000000d0000000, 0x00000000d0100000, 0x00000000d0100000|100%| O|  |TAMS 0x00000000d0100000| PB 0x00000000d0000000| Untracked 
| 257|0x00000000d0100000, 0x00000000d0200000, 0x00000000d0200000|100%| O|  |TAMS 0x00000000d0200000| PB 0x00000000d0100000| Untracked 
| 258|0x00000000d0200000, 0x00000000d0300000, 0x00000000d0300000|100%| O|  |TAMS 0x00000000d0300000| PB 0x00000000d0200000| Untracked 
| 259|0x00000000d0300000, 0x00000000d0400000, 0x00000000d0400000|100%| O|  |TAMS 0x00000000d0400000| PB 0x00000000d0300000| Untracked 
| 260|0x00000000d0400000, 0x00000000d0500000, 0x00000000d0500000|100%| O|  |TAMS 0x00000000d0500000| PB 0x00000000d0400000| Untracked 
| 261|0x00000000d0500000, 0x00000000d0600000, 0x00000000d0600000|100%| O|  |TAMS 0x00000000d0600000| PB 0x00000000d0500000| Untracked 
| 262|0x00000000d0600000, 0x00000000d0700000, 0x00000000d0700000|100%| O|  |TAMS 0x00000000d0700000| PB 0x00000000d0600000| Untracked 
| 263|0x00000000d0700000, 0x00000000d0800000, 0x00000000d0800000|100%| O|  |TAMS 0x00000000d0800000| PB 0x00000000d0700000| Untracked 
| 264|0x00000000d0800000, 0x00000000d0900000, 0x00000000d0900000|100%| O|  |TAMS 0x00000000d0900000| PB 0x00000000d0800000| Untracked 
| 265|0x00000000d0900000, 0x00000000d0a00000, 0x00000000d0a00000|100%| O|  |TAMS 0x00000000d0a00000| PB 0x00000000d0900000| Untracked 
| 266|0x00000000d0a00000, 0x00000000d0b00000, 0x00000000d0b00000|100%| O|  |TAMS 0x00000000d0b00000| PB 0x00000000d0a00000| Untracked 
| 267|0x00000000d0b00000, 0x00000000d0c00000, 0x00000000d0c00000|100%| O|  |TAMS 0x00000000d0c00000| PB 0x00000000d0b00000| Untracked 
| 268|0x00000000d0c00000, 0x00000000d0d00000, 0x00000000d0d00000|100%| O|  |TAMS 0x00000000d0d00000| PB 0x00000000d0c00000| Untracked 
| 269|0x00000000d0d00000, 0x00000000d0e00000, 0x00000000d0e00000|100%| O|  |TAMS 0x00000000d0e00000| PB 0x00000000d0d00000| Untracked 
| 270|0x00000000d0e00000, 0x00000000d0f00000, 0x00000000d0f00000|100%| O|  |TAMS 0x00000000d0f00000| PB 0x00000000d0e00000| Untracked 
| 271|0x00000000d0f00000, 0x00000000d1000000, 0x00000000d1000000|100%| O|  |TAMS 0x00000000d1000000| PB 0x00000000d0f00000| Untracked 
| 272|0x00000000d1000000, 0x00000000d1100000, 0x00000000d1100000|100%| O|  |TAMS 0x00000000d1100000| PB 0x00000000d1000000| Untracked 
| 273|0x00000000d1100000, 0x00000000d1200000, 0x00000000d1200000|100%| O|  |TAMS 0x00000000d1200000| PB 0x00000000d1100000| Untracked 
| 274|0x00000000d1200000, 0x00000000d1300000, 0x00000000d1300000|100%| O|  |TAMS 0x00000000d1300000| PB 0x00000000d1200000| Untracked 
| 275|0x00000000d1300000, 0x00000000d1400000, 0x00000000d1400000|100%| O|  |TAMS 0x00000000d1400000| PB 0x00000000d1300000| Untracked 
| 276|0x00000000d1400000, 0x00000000d1500000, 0x00000000d1500000|100%| O|  |TAMS 0x00000000d1500000| PB 0x00000000d1400000| Untracked 
| 277|0x00000000d1500000, 0x00000000d1600000, 0x00000000d1600000|100%| O|  |TAMS 0x00000000d1600000| PB 0x00000000d1500000| Untracked 
| 278|0x00000000d1600000, 0x00000000d1700000, 0x00000000d1700000|100%| O|  |TAMS 0x00000000d1700000| PB 0x00000000d1600000| Untracked 
| 279|0x00000000d1700000, 0x00000000d1800000, 0x00000000d1800000|100%| O|  |TAMS 0x00000000d1800000| PB 0x00000000d1700000| Untracked 
| 280|0x00000000d1800000, 0x00000000d1900000, 0x00000000d1900000|100%| O|  |TAMS 0x00000000d1900000| PB 0x00000000d1800000| Untracked 
| 281|0x00000000d1900000, 0x00000000d1a00000, 0x00000000d1a00000|100%| O|  |TAMS 0x00000000d1a00000| PB 0x00000000d1900000| Untracked 
| 282|0x00000000d1a00000, 0x00000000d1b00000, 0x00000000d1b00000|100%| O|  |TAMS 0x00000000d1b00000| PB 0x00000000d1a00000| Untracked 
| 283|0x00000000d1b00000, 0x00000000d1c00000, 0x00000000d1c00000|100%| O|  |TAMS 0x00000000d1c00000| PB 0x00000000d1b00000| Untracked 
| 284|0x00000000d1c00000, 0x00000000d1d00000, 0x00000000d1d00000|100%| O|  |TAMS 0x00000000d1d00000| PB 0x00000000d1c00000| Untracked 
| 285|0x00000000d1d00000, 0x00000000d1e00000, 0x00000000d1e00000|100%| O|  |TAMS 0x00000000d1e00000| PB 0x00000000d1d00000| Untracked 
| 286|0x00000000d1e00000, 0x00000000d1f00000, 0x00000000d1f00000|100%| O|  |TAMS 0x00000000d1f00000| PB 0x00000000d1e00000| Untracked 
| 287|0x00000000d1f00000, 0x00000000d2000000, 0x00000000d2000000|100%| O|  |TAMS 0x00000000d2000000| PB 0x00000000d1f00000| Untracked 
| 288|0x00000000d2000000, 0x00000000d2100000, 0x00000000d2100000|100%| O|  |TAMS 0x00000000d2100000| PB 0x00000000d2000000| Untracked 
| 289|0x00000000d2100000, 0x00000000d2200000, 0x00000000d2200000|100%| O|  |TAMS 0x00000000d2200000| PB 0x00000000d2100000| Untracked 
| 290|0x00000000d2200000, 0x00000000d2300000, 0x00000000d2300000|100%| O|  |TAMS 0x00000000d2300000| PB 0x00000000d2200000| Untracked 
| 291|0x00000000d2300000, 0x00000000d2400000, 0x00000000d2400000|100%| O|  |TAMS 0x00000000d2400000| PB 0x00000000d2300000| Untracked 
| 292|0x00000000d2400000, 0x00000000d2500000, 0x00000000d2500000|100%| O|  |TAMS 0x00000000d2500000| PB 0x00000000d2400000| Untracked 
| 293|0x00000000d2500000, 0x00000000d2600000, 0x00000000d2600000|100%| O|  |TAMS 0x00000000d2600000| PB 0x00000000d2500000| Untracked 
| 294|0x00000000d2600000, 0x00000000d2700000, 0x00000000d2700000|100%| O|  |TAMS 0x00000000d2700000| PB 0x00000000d2600000| Untracked 
| 295|0x00000000d2700000, 0x00000000d2800000, 0x00000000d2800000|100%| O|  |TAMS 0x00000000d2800000| PB 0x00000000d2700000| Untracked 
| 296|0x00000000d2800000, 0x00000000d2900000, 0x00000000d2900000|100%| O|  |TAMS 0x00000000d2900000| PB 0x00000000d2800000| Untracked 
| 297|0x00000000d2900000, 0x00000000d2a00000, 0x00000000d2a00000|100%| O|  |TAMS 0x00000000d2a00000| PB 0x00000000d2900000| Untracked 
| 298|0x00000000d2a00000, 0x00000000d2b00000, 0x00000000d2b00000|100%| O|  |TAMS 0x00000000d2b00000| PB 0x00000000d2a00000| Untracked 
| 299|0x00000000d2b00000, 0x00000000d2c00000, 0x00000000d2c00000|100%| O|  |TAMS 0x00000000d2c00000| PB 0x00000000d2b00000| Untracked 
| 300|0x00000000d2c00000, 0x00000000d2d00000, 0x00000000d2d00000|100%| O|  |TAMS 0x00000000d2d00000| PB 0x00000000d2c00000| Untracked 
| 301|0x00000000d2d00000, 0x00000000d2e00000, 0x00000000d2e00000|100%| O|  |TAMS 0x00000000d2d80000| PB 0x00000000d2d00000| Untracked 
| 302|0x00000000d2e00000, 0x00000000d2f00000, 0x00000000d2f00000|100%| O|  |TAMS 0x00000000d2e00000| PB 0x00000000d2e00000| Untracked 
| 303|0x00000000d2f00000, 0x00000000d3000000, 0x00000000d3000000|100%| O|  |TAMS 0x00000000d2f00000| PB 0x00000000d2f00000| Untracked 
| 304|0x00000000d3000000, 0x00000000d3100000, 0x00000000d3100000|100%| O|  |TAMS 0x00000000d3000000| PB 0x00000000d3000000| Untracked 
| 305|0x00000000d3100000, 0x00000000d3200000, 0x00000000d3200000|100%| O|  |TAMS 0x00000000d3100000| PB 0x00000000d3100000| Untracked 
| 306|0x00000000d3200000, 0x00000000d3300000, 0x00000000d3300000|100%| O|  |TAMS 0x00000000d3200000| PB 0x00000000d3200000| Untracked 
| 307|0x00000000d3300000, 0x00000000d3400000, 0x00000000d3400000|100%| O|  |TAMS 0x00000000d3300000| PB 0x00000000d3300000| Untracked 
| 308|0x00000000d3400000, 0x00000000d3500000, 0x00000000d3500000|100%| O|  |TAMS 0x00000000d3400000| PB 0x00000000d3400000| Untracked 
| 309|0x00000000d3500000, 0x00000000d3600000, 0x00000000d3600000|100%| O|  |TAMS 0x00000000d3500000| PB 0x00000000d3500000| Untracked 
| 310|0x00000000d3600000, 0x00000000d3700000, 0x00000000d3700000|100%| O|  |TAMS 0x00000000d3600000| PB 0x00000000d3600000| Untracked 
| 311|0x00000000d3700000, 0x00000000d3800000, 0x00000000d3800000|100%|HS|  |TAMS 0x00000000d3800000| PB 0x00000000d3700000| Complete 
| 312|0x00000000d3800000, 0x00000000d3900000, 0x00000000d3900000|100%|HC|  |TAMS 0x00000000d3900000| PB 0x00000000d3800000| Complete 
| 313|0x00000000d3900000, 0x00000000d3a00000, 0x00000000d3a00000|100%| O|  |TAMS 0x00000000d3900000| PB 0x00000000d3900000| Untracked 
| 314|0x00000000d3a00000, 0x00000000d3b00000, 0x00000000d3b00000|100%| O|  |TAMS 0x00000000d3a00000| PB 0x00000000d3a00000| Untracked 
| 315|0x00000000d3b00000, 0x00000000d3c00000, 0x00000000d3c00000|100%| O|  |TAMS 0x00000000d3b00000| PB 0x00000000d3b00000| Untracked 
| 316|0x00000000d3c00000, 0x00000000d3d00000, 0x00000000d3d00000|100%| O|  |TAMS 0x00000000d3c00000| PB 0x00000000d3c00000| Untracked 
| 317|0x00000000d3d00000, 0x00000000d3e00000, 0x00000000d3e00000|100%| O|  |TAMS 0x00000000d3d00000| PB 0x00000000d3d00000| Untracked 
| 318|0x00000000d3e00000, 0x00000000d3e80000, 0x00000000d3f00000| 50%| O|  |TAMS 0x00000000d3e00000| PB 0x00000000d3e00000| Untracked 
| 319|0x00000000d3f00000, 0x00000000d3f00000, 0x00000000d4000000|  0%| F|  |TAMS 0x00000000d3f00000| PB 0x00000000d3f00000| Untracked 
| 320|0x00000000d4000000, 0x00000000d4000000, 0x00000000d4100000|  0%| F|  |TAMS 0x00000000d4000000| PB 0x00000000d4000000| Untracked 
| 321|0x00000000d4100000, 0x00000000d4100000, 0x00000000d4200000|  0%| F|  |TAMS 0x00000000d4100000| PB 0x00000000d4100000| Untracked 
| 322|0x00000000d4200000, 0x00000000d4200000, 0x00000000d4300000|  0%| F|  |TAMS 0x00000000d4200000| PB 0x00000000d4200000| Untracked 
| 323|0x00000000d4300000, 0x00000000d4300000, 0x00000000d4400000|  0%| F|  |TAMS 0x00000000d4300000| PB 0x00000000d4300000| Untracked 
| 324|0x00000000d4400000, 0x00000000d4400000, 0x00000000d4500000|  0%| F|  |TAMS 0x00000000d4400000| PB 0x00000000d4400000| Untracked 
| 325|0x00000000d4500000, 0x00000000d4500000, 0x00000000d4600000|  0%| F|  |TAMS 0x00000000d4500000| PB 0x00000000d4500000| Untracked 
| 326|0x00000000d4600000, 0x00000000d4600000, 0x00000000d4700000|  0%| F|  |TAMS 0x00000000d4600000| PB 0x00000000d4600000| Untracked 
| 327|0x00000000d4700000, 0x00000000d4700000, 0x00000000d4800000|  0%| F|  |TAMS 0x00000000d4700000| PB 0x00000000d4700000| Untracked 
| 328|0x00000000d4800000, 0x00000000d4800000, 0x00000000d4900000|  0%| F|  |TAMS 0x00000000d4800000| PB 0x00000000d4800000| Untracked 
| 329|0x00000000d4900000, 0x00000000d4900000, 0x00000000d4a00000|  0%| F|  |TAMS 0x00000000d4900000| PB 0x00000000d4900000| Untracked 
| 330|0x00000000d4a00000, 0x00000000d4a00000, 0x00000000d4b00000|  0%| F|  |TAMS 0x00000000d4a00000| PB 0x00000000d4a00000| Untracked 
| 331|0x00000000d4b00000, 0x00000000d4b00000, 0x00000000d4c00000|  0%| F|  |TAMS 0x00000000d4b00000| PB 0x00000000d4b00000| Untracked 
| 332|0x00000000d4c00000, 0x00000000d4c00000, 0x00000000d4d00000|  0%| F|  |TAMS 0x00000000d4c00000| PB 0x00000000d4c00000| Untracked 
| 333|0x00000000d4d00000, 0x00000000d4d00000, 0x00000000d4e00000|  0%| F|  |TAMS 0x00000000d4d00000| PB 0x00000000d4d00000| Untracked 
| 334|0x00000000d4e00000, 0x00000000d4e00000, 0x00000000d4f00000|  0%| F|  |TAMS 0x00000000d4e00000| PB 0x00000000d4e00000| Untracked 
| 335|0x00000000d4f00000, 0x00000000d4f00000, 0x00000000d5000000|  0%| F|  |TAMS 0x00000000d4f00000| PB 0x00000000d4f00000| Untracked 
| 336|0x00000000d5000000, 0x00000000d5000000, 0x00000000d5100000|  0%| F|  |TAMS 0x00000000d5000000| PB 0x00000000d5000000| Untracked 
| 337|0x00000000d5100000, 0x00000000d5100000, 0x00000000d5200000|  0%| F|  |TAMS 0x00000000d5100000| PB 0x00000000d5100000| Untracked 
| 338|0x00000000d5200000, 0x00000000d5200000, 0x00000000d5300000|  0%| F|  |TAMS 0x00000000d5200000| PB 0x00000000d5200000| Untracked 
| 339|0x00000000d5300000, 0x00000000d5300000, 0x00000000d5400000|  0%| F|  |TAMS 0x00000000d5300000| PB 0x00000000d5300000| Untracked 
| 340|0x00000000d5400000, 0x00000000d5400000, 0x00000000d5500000|  0%| F|  |TAMS 0x00000000d5400000| PB 0x00000000d5400000| Untracked 
| 341|0x00000000d5500000, 0x00000000d5500000, 0x00000000d5600000|  0%| F|  |TAMS 0x00000000d5500000| PB 0x00000000d5500000| Untracked 
| 342|0x00000000d5600000, 0x00000000d5600000, 0x00000000d5700000|  0%| F|  |TAMS 0x00000000d5600000| PB 0x00000000d5600000| Untracked 
| 343|0x00000000d5700000, 0x00000000d5700000, 0x00000000d5800000|  0%| F|  |TAMS 0x00000000d5700000| PB 0x00000000d5700000| Untracked 
| 344|0x00000000d5800000, 0x00000000d5800000, 0x00000000d5900000|  0%| F|  |TAMS 0x00000000d5800000| PB 0x00000000d5800000| Untracked 
| 345|0x00000000d5900000, 0x00000000d5900000, 0x00000000d5a00000|  0%| F|  |TAMS 0x00000000d5900000| PB 0x00000000d5900000| Untracked 
| 346|0x00000000d5a00000, 0x00000000d5a00000, 0x00000000d5b00000|  0%| F|  |TAMS 0x00000000d5a00000| PB 0x00000000d5a00000| Untracked 
| 347|0x00000000d5b00000, 0x00000000d5b00000, 0x00000000d5c00000|  0%| F|  |TAMS 0x00000000d5b00000| PB 0x00000000d5b00000| Untracked 
| 348|0x00000000d5c00000, 0x00000000d5c00000, 0x00000000d5d00000|  0%| F|  |TAMS 0x00000000d5c00000| PB 0x00000000d5c00000| Untracked 
| 349|0x00000000d5d00000, 0x00000000d5d00000, 0x00000000d5e00000|  0%| F|  |TAMS 0x00000000d5d00000| PB 0x00000000d5d00000| Untracked 
| 350|0x00000000d5e00000, 0x00000000d5e00000, 0x00000000d5f00000|  0%| F|  |TAMS 0x00000000d5e00000| PB 0x00000000d5e00000| Untracked 
| 351|0x00000000d5f00000, 0x00000000d5f00000, 0x00000000d6000000|  0%| F|  |TAMS 0x00000000d5f00000| PB 0x00000000d5f00000| Untracked 
| 352|0x00000000d6000000, 0x00000000d6000000, 0x00000000d6100000|  0%| F|  |TAMS 0x00000000d6000000| PB 0x00000000d6000000| Untracked 
| 353|0x00000000d6100000, 0x00000000d6100000, 0x00000000d6200000|  0%| F|  |TAMS 0x00000000d6100000| PB 0x00000000d6100000| Untracked 
| 354|0x00000000d6200000, 0x00000000d6200000, 0x00000000d6300000|  0%| F|  |TAMS 0x00000000d6200000| PB 0x00000000d6200000| Untracked 
| 355|0x00000000d6300000, 0x00000000d6300000, 0x00000000d6400000|  0%| F|  |TAMS 0x00000000d6300000| PB 0x00000000d6300000| Untracked 
| 356|0x00000000d6400000, 0x00000000d6400000, 0x00000000d6500000|  0%| F|  |TAMS 0x00000000d6400000| PB 0x00000000d6400000| Untracked 
| 357|0x00000000d6500000, 0x00000000d6500000, 0x00000000d6600000|  0%| F|  |TAMS 0x00000000d6500000| PB 0x00000000d6500000| Untracked 
| 358|0x00000000d6600000, 0x00000000d6600000, 0x00000000d6700000|  0%| F|  |TAMS 0x00000000d6600000| PB 0x00000000d6600000| Untracked 
| 359|0x00000000d6700000, 0x00000000d6700000, 0x00000000d6800000|  0%| F|  |TAMS 0x00000000d6700000| PB 0x00000000d6700000| Untracked 
| 360|0x00000000d6800000, 0x00000000d6800000, 0x00000000d6900000|  0%| F|  |TAMS 0x00000000d6800000| PB 0x00000000d6800000| Untracked 
| 361|0x00000000d6900000, 0x00000000d6900000, 0x00000000d6a00000|  0%| F|  |TAMS 0x00000000d6900000| PB 0x00000000d6900000| Untracked 
| 362|0x00000000d6a00000, 0x00000000d6a00000, 0x00000000d6b00000|  0%| F|  |TAMS 0x00000000d6a00000| PB 0x00000000d6a00000| Untracked 
| 363|0x00000000d6b00000, 0x00000000d6b00000, 0x00000000d6c00000|  0%| F|  |TAMS 0x00000000d6b00000| PB 0x00000000d6b00000| Untracked 
| 364|0x00000000d6c00000, 0x00000000d6c00000, 0x00000000d6d00000|  0%| F|  |TAMS 0x00000000d6c00000| PB 0x00000000d6c00000| Untracked 
| 365|0x00000000d6d00000, 0x00000000d6d00000, 0x00000000d6e00000|  0%| F|  |TAMS 0x00000000d6d00000| PB 0x00000000d6d00000| Untracked 
| 366|0x00000000d6e00000, 0x00000000d6e00000, 0x00000000d6f00000|  0%| F|  |TAMS 0x00000000d6e00000| PB 0x00000000d6e00000| Untracked 
| 367|0x00000000d6f00000, 0x00000000d6f00000, 0x00000000d7000000|  0%| F|  |TAMS 0x00000000d6f00000| PB 0x00000000d6f00000| Untracked 
| 368|0x00000000d7000000, 0x00000000d7000000, 0x00000000d7100000|  0%| F|  |TAMS 0x00000000d7000000| PB 0x00000000d7000000| Untracked 
| 369|0x00000000d7100000, 0x00000000d7100000, 0x00000000d7200000|  0%| F|  |TAMS 0x00000000d7100000| PB 0x00000000d7100000| Untracked 
| 370|0x00000000d7200000, 0x00000000d7200000, 0x00000000d7300000|  0%| F|  |TAMS 0x00000000d7200000| PB 0x00000000d7200000| Untracked 
| 371|0x00000000d7300000, 0x00000000d7300000, 0x00000000d7400000|  0%| F|  |TAMS 0x00000000d7300000| PB 0x00000000d7300000| Untracked 
| 372|0x00000000d7400000, 0x00000000d7400000, 0x00000000d7500000|  0%| F|  |TAMS 0x00000000d7400000| PB 0x00000000d7400000| Untracked 
| 373|0x00000000d7500000, 0x00000000d7500000, 0x00000000d7600000|  0%| F|  |TAMS 0x00000000d7500000| PB 0x00000000d7500000| Untracked 
| 374|0x00000000d7600000, 0x00000000d7600000, 0x00000000d7700000|  0%| F|  |TAMS 0x00000000d7600000| PB 0x00000000d7600000| Untracked 
| 375|0x00000000d7700000, 0x00000000d7700000, 0x00000000d7800000|  0%| F|  |TAMS 0x00000000d7700000| PB 0x00000000d7700000| Untracked 
| 376|0x00000000d7800000, 0x00000000d7800000, 0x00000000d7900000|  0%| F|  |TAMS 0x00000000d7800000| PB 0x00000000d7800000| Untracked 
| 377|0x00000000d7900000, 0x00000000d7900000, 0x00000000d7a00000|  0%| F|  |TAMS 0x00000000d7900000| PB 0x00000000d7900000| Untracked 
| 378|0x00000000d7a00000, 0x00000000d7a00000, 0x00000000d7b00000|  0%| F|  |TAMS 0x00000000d7a00000| PB 0x00000000d7a00000| Untracked 
| 379|0x00000000d7b00000, 0x00000000d7b00000, 0x00000000d7c00000|  0%| F|  |TAMS 0x00000000d7b00000| PB 0x00000000d7b00000| Untracked 
| 380|0x00000000d7c00000, 0x00000000d7c00000, 0x00000000d7d00000|  0%| F|  |TAMS 0x00000000d7c00000| PB 0x00000000d7c00000| Untracked 
| 381|0x00000000d7d00000, 0x00000000d7d00000, 0x00000000d7e00000|  0%| F|  |TAMS 0x00000000d7d00000| PB 0x00000000d7d00000| Untracked 
| 382|0x00000000d7e00000, 0x00000000d7e00000, 0x00000000d7f00000|  0%| F|  |TAMS 0x00000000d7e00000| PB 0x00000000d7e00000| Untracked 
| 383|0x00000000d7f00000, 0x00000000d7f00000, 0x00000000d8000000|  0%| F|  |TAMS 0x00000000d7f00000| PB 0x00000000d7f00000| Untracked 
| 384|0x00000000d8000000, 0x00000000d8000000, 0x00000000d8100000|  0%| F|  |TAMS 0x00000000d8000000| PB 0x00000000d8000000| Untracked 
| 385|0x00000000d8100000, 0x00000000d8100000, 0x00000000d8200000|  0%| F|  |TAMS 0x00000000d8100000| PB 0x00000000d8100000| Untracked 
| 386|0x00000000d8200000, 0x00000000d8200000, 0x00000000d8300000|  0%| F|  |TAMS 0x00000000d8200000| PB 0x00000000d8200000| Untracked 
| 387|0x00000000d8300000, 0x00000000d8300000, 0x00000000d8400000|  0%| F|  |TAMS 0x00000000d8300000| PB 0x00000000d8300000| Untracked 
| 388|0x00000000d8400000, 0x00000000d8400000, 0x00000000d8500000|  0%| F|  |TAMS 0x00000000d8400000| PB 0x00000000d8400000| Untracked 
| 389|0x00000000d8500000, 0x00000000d8500000, 0x00000000d8600000|  0%| F|  |TAMS 0x00000000d8500000| PB 0x00000000d8500000| Untracked 
| 390|0x00000000d8600000, 0x00000000d8600000, 0x00000000d8700000|  0%| F|  |TAMS 0x00000000d8600000| PB 0x00000000d8600000| Untracked 
| 391|0x00000000d8700000, 0x00000000d8700000, 0x00000000d8800000|  0%| F|  |TAMS 0x00000000d8700000| PB 0x00000000d8700000| Untracked 
| 392|0x00000000d8800000, 0x00000000d8800000, 0x00000000d8900000|  0%| F|  |TAMS 0x00000000d8800000| PB 0x00000000d8800000| Untracked 
| 393|0x00000000d8900000, 0x00000000d8900000, 0x00000000d8a00000|  0%| F|  |TAMS 0x00000000d8900000| PB 0x00000000d8900000| Untracked 
| 394|0x00000000d8a00000, 0x00000000d8a00000, 0x00000000d8b00000|  0%| F|  |TAMS 0x00000000d8a00000| PB 0x00000000d8a00000| Untracked 
| 395|0x00000000d8b00000, 0x00000000d8b00000, 0x00000000d8c00000|  0%| F|  |TAMS 0x00000000d8b00000| PB 0x00000000d8b00000| Untracked 
| 396|0x00000000d8c00000, 0x00000000d8c00000, 0x00000000d8d00000|  0%| F|  |TAMS 0x00000000d8c00000| PB 0x00000000d8c00000| Untracked 
| 397|0x00000000d8d00000, 0x00000000d8d00000, 0x00000000d8e00000|  0%| F|  |TAMS 0x00000000d8d00000| PB 0x00000000d8d00000| Untracked 
| 398|0x00000000d8e00000, 0x00000000d8e00000, 0x00000000d8f00000|  0%| F|  |TAMS 0x00000000d8e00000| PB 0x00000000d8e00000| Untracked 
| 399|0x00000000d8f00000, 0x00000000d8f00000, 0x00000000d9000000|  0%| F|  |TAMS 0x00000000d8f00000| PB 0x00000000d8f00000| Untracked 
| 400|0x00000000d9000000, 0x00000000d9000000, 0x00000000d9100000|  0%| F|  |TAMS 0x00000000d9000000| PB 0x00000000d9000000| Untracked 
| 401|0x00000000d9100000, 0x00000000d9100000, 0x00000000d9200000|  0%| F|  |TAMS 0x00000000d9100000| PB 0x00000000d9100000| Untracked 
| 402|0x00000000d9200000, 0x00000000d9200000, 0x00000000d9300000|  0%| F|  |TAMS 0x00000000d9200000| PB 0x00000000d9200000| Untracked 
| 403|0x00000000d9300000, 0x00000000d9300000, 0x00000000d9400000|  0%| F|  |TAMS 0x00000000d9300000| PB 0x00000000d9300000| Untracked 
| 404|0x00000000d9400000, 0x00000000d9400000, 0x00000000d9500000|  0%| F|  |TAMS 0x00000000d9400000| PB 0x00000000d9400000| Untracked 
| 405|0x00000000d9500000, 0x00000000d9500000, 0x00000000d9600000|  0%| F|  |TAMS 0x00000000d9500000| PB 0x00000000d9500000| Untracked 
| 406|0x00000000d9600000, 0x00000000d9600000, 0x00000000d9700000|  0%| F|  |TAMS 0x00000000d9600000| PB 0x00000000d9600000| Untracked 
| 407|0x00000000d9700000, 0x00000000d9700000, 0x00000000d9800000|  0%| F|  |TAMS 0x00000000d9700000| PB 0x00000000d9700000| Untracked 
| 408|0x00000000d9800000, 0x00000000d9800000, 0x00000000d9900000|  0%| F|  |TAMS 0x00000000d9800000| PB 0x00000000d9800000| Untracked 
| 409|0x00000000d9900000, 0x00000000d9900000, 0x00000000d9a00000|  0%| F|  |TAMS 0x00000000d9900000| PB 0x00000000d9900000| Untracked 
| 410|0x00000000d9a00000, 0x00000000d9a00000, 0x00000000d9b00000|  0%| F|  |TAMS 0x00000000d9a00000| PB 0x00000000d9a00000| Untracked 
| 411|0x00000000d9b00000, 0x00000000d9b00000, 0x00000000d9c00000|  0%| F|  |TAMS 0x00000000d9b00000| PB 0x00000000d9b00000| Untracked 
| 412|0x00000000d9c00000, 0x00000000d9c00000, 0x00000000d9d00000|  0%| F|  |TAMS 0x00000000d9c00000| PB 0x00000000d9c00000| Untracked 
| 413|0x00000000d9d00000, 0x00000000d9d00000, 0x00000000d9e00000|  0%| F|  |TAMS 0x00000000d9d00000| PB 0x00000000d9d00000| Untracked 
| 414|0x00000000d9e00000, 0x00000000d9e00000, 0x00000000d9f00000|  0%| F|  |TAMS 0x00000000d9e00000| PB 0x00000000d9e00000| Untracked 
| 415|0x00000000d9f00000, 0x00000000d9f00000, 0x00000000da000000|  0%| F|  |TAMS 0x00000000d9f00000| PB 0x00000000d9f00000| Untracked 
| 416|0x00000000da000000, 0x00000000da000000, 0x00000000da100000|  0%| F|  |TAMS 0x00000000da000000| PB 0x00000000da000000| Untracked 
| 417|0x00000000da100000, 0x00000000da100000, 0x00000000da200000|  0%| F|  |TAMS 0x00000000da100000| PB 0x00000000da100000| Untracked 
| 418|0x00000000da200000, 0x00000000da200000, 0x00000000da300000|  0%| F|  |TAMS 0x00000000da200000| PB 0x00000000da200000| Untracked 
| 419|0x00000000da300000, 0x00000000da300000, 0x00000000da400000|  0%| F|  |TAMS 0x00000000da300000| PB 0x00000000da300000| Untracked 
| 420|0x00000000da400000, 0x00000000da400000, 0x00000000da500000|  0%| F|  |TAMS 0x00000000da400000| PB 0x00000000da400000| Untracked 
| 421|0x00000000da500000, 0x00000000da500000, 0x00000000da600000|  0%| F|  |TAMS 0x00000000da500000| PB 0x00000000da500000| Untracked 
| 422|0x00000000da600000, 0x00000000da600000, 0x00000000da700000|  0%| F|  |TAMS 0x00000000da600000| PB 0x00000000da600000| Untracked 
| 423|0x00000000da700000, 0x00000000da700000, 0x00000000da800000|  0%| F|  |TAMS 0x00000000da700000| PB 0x00000000da700000| Untracked 
| 424|0x00000000da800000, 0x00000000da800000, 0x00000000da900000|  0%| F|  |TAMS 0x00000000da800000| PB 0x00000000da800000| Untracked 
| 425|0x00000000da900000, 0x00000000da900000, 0x00000000daa00000|  0%| F|  |TAMS 0x00000000da900000| PB 0x00000000da900000| Untracked 
| 426|0x00000000daa00000, 0x00000000daa00000, 0x00000000dab00000|  0%| F|  |TAMS 0x00000000daa00000| PB 0x00000000daa00000| Untracked 
| 427|0x00000000dab00000, 0x00000000dab00000, 0x00000000dac00000|  0%| F|  |TAMS 0x00000000dab00000| PB 0x00000000dab00000| Untracked 
| 428|0x00000000dac00000, 0x00000000dac00000, 0x00000000dad00000|  0%| F|  |TAMS 0x00000000dac00000| PB 0x00000000dac00000| Untracked 
| 429|0x00000000dad00000, 0x00000000dad00000, 0x00000000dae00000|  0%| F|  |TAMS 0x00000000dad00000| PB 0x00000000dad00000| Untracked 
| 430|0x00000000dae00000, 0x00000000dae00000, 0x00000000daf00000|  0%| F|  |TAMS 0x00000000dae00000| PB 0x00000000dae00000| Untracked 
| 431|0x00000000daf00000, 0x00000000daf00000, 0x00000000db000000|  0%| F|  |TAMS 0x00000000daf00000| PB 0x00000000daf00000| Untracked 
| 432|0x00000000db000000, 0x00000000db000000, 0x00000000db100000|  0%| F|  |TAMS 0x00000000db000000| PB 0x00000000db000000| Untracked 
| 433|0x00000000db100000, 0x00000000db100000, 0x00000000db200000|  0%| F|  |TAMS 0x00000000db100000| PB 0x00000000db100000| Untracked 
| 434|0x00000000db200000, 0x00000000db200000, 0x00000000db300000|  0%| F|  |TAMS 0x00000000db200000| PB 0x00000000db200000| Untracked 
| 435|0x00000000db300000, 0x00000000db300000, 0x00000000db400000|  0%| F|  |TAMS 0x00000000db300000| PB 0x00000000db300000| Untracked 
| 436|0x00000000db400000, 0x00000000db400000, 0x00000000db500000|  0%| F|  |TAMS 0x00000000db400000| PB 0x00000000db400000| Untracked 
| 437|0x00000000db500000, 0x00000000db500000, 0x00000000db600000|  0%| F|  |TAMS 0x00000000db500000| PB 0x00000000db500000| Untracked 
| 438|0x00000000db600000, 0x00000000db600000, 0x00000000db700000|  0%| F|  |TAMS 0x00000000db600000| PB 0x00000000db600000| Untracked 
| 439|0x00000000db700000, 0x00000000db700000, 0x00000000db800000|  0%| F|  |TAMS 0x00000000db700000| PB 0x00000000db700000| Untracked 
| 440|0x00000000db800000, 0x00000000db800000, 0x00000000db900000|  0%| F|  |TAMS 0x00000000db800000| PB 0x00000000db800000| Untracked 
| 441|0x00000000db900000, 0x00000000db900000, 0x00000000dba00000|  0%| F|  |TAMS 0x00000000db900000| PB 0x00000000db900000| Untracked 
| 442|0x00000000dba00000, 0x00000000dba00000, 0x00000000dbb00000|  0%| F|  |TAMS 0x00000000dba00000| PB 0x00000000dba00000| Untracked 
| 443|0x00000000dbb00000, 0x00000000dbb00000, 0x00000000dbc00000|  0%| F|  |TAMS 0x00000000dbb00000| PB 0x00000000dbb00000| Untracked 
| 444|0x00000000dbc00000, 0x00000000dbc00000, 0x00000000dbd00000|  0%| F|  |TAMS 0x00000000dbc00000| PB 0x00000000dbc00000| Untracked 
| 445|0x00000000dbd00000, 0x00000000dbd00000, 0x00000000dbe00000|  0%| F|  |TAMS 0x00000000dbd00000| PB 0x00000000dbd00000| Untracked 
| 446|0x00000000dbe00000, 0x00000000dbe00000, 0x00000000dbf00000|  0%| F|  |TAMS 0x00000000dbe00000| PB 0x00000000dbe00000| Untracked 
| 447|0x00000000dbf00000, 0x00000000dbf00000, 0x00000000dc000000|  0%| F|  |TAMS 0x00000000dbf00000| PB 0x00000000dbf00000| Untracked 
| 448|0x00000000dc000000, 0x00000000dc000000, 0x00000000dc100000|  0%| F|  |TAMS 0x00000000dc000000| PB 0x00000000dc000000| Untracked 
| 449|0x00000000dc100000, 0x00000000dc100000, 0x00000000dc200000|  0%| F|  |TAMS 0x00000000dc100000| PB 0x00000000dc100000| Untracked 
| 450|0x00000000dc200000, 0x00000000dc200000, 0x00000000dc300000|  0%| F|  |TAMS 0x00000000dc200000| PB 0x00000000dc200000| Untracked 
| 451|0x00000000dc300000, 0x00000000dc300000, 0x00000000dc400000|  0%| F|  |TAMS 0x00000000dc300000| PB 0x00000000dc300000| Untracked 
| 452|0x00000000dc400000, 0x00000000dc400000, 0x00000000dc500000|  0%| F|  |TAMS 0x00000000dc400000| PB 0x00000000dc400000| Untracked 
| 453|0x00000000dc500000, 0x00000000dc500000, 0x00000000dc600000|  0%| F|  |TAMS 0x00000000dc500000| PB 0x00000000dc500000| Untracked 
| 454|0x00000000dc600000, 0x00000000dc600000, 0x00000000dc700000|  0%| F|  |TAMS 0x00000000dc600000| PB 0x00000000dc600000| Untracked 
| 455|0x00000000dc700000, 0x00000000dc700000, 0x00000000dc800000|  0%| F|  |TAMS 0x00000000dc700000| PB 0x00000000dc700000| Untracked 
| 456|0x00000000dc800000, 0x00000000dc800000, 0x00000000dc900000|  0%| F|  |TAMS 0x00000000dc800000| PB 0x00000000dc800000| Untracked 
| 457|0x00000000dc900000, 0x00000000dc900000, 0x00000000dca00000|  0%| F|  |TAMS 0x00000000dc900000| PB 0x00000000dc900000| Untracked 
| 458|0x00000000dca00000, 0x00000000dca00000, 0x00000000dcb00000|  0%| F|  |TAMS 0x00000000dca00000| PB 0x00000000dca00000| Untracked 
| 459|0x00000000dcb00000, 0x00000000dcb00000, 0x00000000dcc00000|  0%| F|  |TAMS 0x00000000dcb00000| PB 0x00000000dcb00000| Untracked 
| 460|0x00000000dcc00000, 0x00000000dcc00000, 0x00000000dcd00000|  0%| F|  |TAMS 0x00000000dcc00000| PB 0x00000000dcc00000| Untracked 
| 461|0x00000000dcd00000, 0x00000000dcd00000, 0x00000000dce00000|  0%| F|  |TAMS 0x00000000dcd00000| PB 0x00000000dcd00000| Untracked 
| 462|0x00000000dce00000, 0x00000000dce00000, 0x00000000dcf00000|  0%| F|  |TAMS 0x00000000dce00000| PB 0x00000000dce00000| Untracked 
| 463|0x00000000dcf00000, 0x00000000dcf00000, 0x00000000dd000000|  0%| F|  |TAMS 0x00000000dcf00000| PB 0x00000000dcf00000| Untracked 
| 464|0x00000000dd000000, 0x00000000dd000000, 0x00000000dd100000|  0%| F|  |TAMS 0x00000000dd000000| PB 0x00000000dd000000| Untracked 
| 465|0x00000000dd100000, 0x00000000dd100000, 0x00000000dd200000|  0%| F|  |TAMS 0x00000000dd100000| PB 0x00000000dd100000| Untracked 
| 466|0x00000000dd200000, 0x00000000dd300000, 0x00000000dd300000|100%| S|CS|TAMS 0x00000000dd200000| PB 0x00000000dd200000| Complete 
| 467|0x00000000dd300000, 0x00000000dd400000, 0x00000000dd400000|100%| S|CS|TAMS 0x00000000dd300000| PB 0x00000000dd300000| Complete 
| 468|0x00000000dd400000, 0x00000000dd500000, 0x00000000dd500000|100%| S|CS|TAMS 0x00000000dd400000| PB 0x00000000dd400000| Complete 
| 469|0x00000000dd500000, 0x00000000dd600000, 0x00000000dd600000|100%| S|CS|TAMS 0x00000000dd500000| PB 0x00000000dd500000| Complete 
| 470|0x00000000dd600000, 0x00000000dd700000, 0x00000000dd700000|100%| S|CS|TAMS 0x00000000dd600000| PB 0x00000000dd600000| Complete 
| 471|0x00000000dd700000, 0x00000000dd800000, 0x00000000dd800000|100%| S|CS|TAMS 0x00000000dd700000| PB 0x00000000dd700000| Complete 
| 472|0x00000000dd800000, 0x00000000dd900000, 0x00000000dd900000|100%| S|CS|TAMS 0x00000000dd800000| PB 0x00000000dd800000| Complete 
| 473|0x00000000dd900000, 0x00000000dd900000, 0x00000000dda00000|  0%| F|  |TAMS 0x00000000dd900000| PB 0x00000000dd900000| Untracked 
| 474|0x00000000dda00000, 0x00000000dda00000, 0x00000000ddb00000|  0%| F|  |TAMS 0x00000000dda00000| PB 0x00000000dda00000| Untracked 
| 475|0x00000000ddb00000, 0x00000000ddb00000, 0x00000000ddc00000|  0%| F|  |TAMS 0x00000000ddb00000| PB 0x00000000ddb00000| Untracked 
| 476|0x00000000ddc00000, 0x00000000ddc00000, 0x00000000ddd00000|  0%| F|  |TAMS 0x00000000ddc00000| PB 0x00000000ddc00000| Untracked 
| 477|0x00000000ddd00000, 0x00000000ddd00000, 0x00000000dde00000|  0%| F|  |TAMS 0x00000000ddd00000| PB 0x00000000ddd00000| Untracked 
| 478|0x00000000dde00000, 0x00000000dde00000, 0x00000000ddf00000|  0%| F|  |TAMS 0x00000000dde00000| PB 0x00000000dde00000| Untracked 
| 479|0x00000000ddf00000, 0x00000000ddf00000, 0x00000000de000000|  0%| F|  |TAMS 0x00000000ddf00000| PB 0x00000000ddf00000| Untracked 
| 480|0x00000000de000000, 0x00000000de000000, 0x00000000de100000|  0%| F|  |TAMS 0x00000000de000000| PB 0x00000000de000000| Untracked 
| 481|0x00000000de100000, 0x00000000de100000, 0x00000000de200000|  0%| F|  |TAMS 0x00000000de100000| PB 0x00000000de100000| Untracked 
| 482|0x00000000de200000, 0x00000000de200000, 0x00000000de300000|  0%| F|  |TAMS 0x00000000de200000| PB 0x00000000de200000| Untracked 
| 483|0x00000000de300000, 0x00000000de300000, 0x00000000de400000|  0%| F|  |TAMS 0x00000000de300000| PB 0x00000000de300000| Untracked 
| 484|0x00000000de400000, 0x00000000de400000, 0x00000000de500000|  0%| F|  |TAMS 0x00000000de400000| PB 0x00000000de400000| Untracked 
| 485|0x00000000de500000, 0x00000000de500000, 0x00000000de600000|  0%| F|  |TAMS 0x00000000de500000| PB 0x00000000de500000| Untracked 
| 486|0x00000000de600000, 0x00000000de600000, 0x00000000de700000|  0%| F|  |TAMS 0x00000000de600000| PB 0x00000000de600000| Untracked 
| 487|0x00000000de700000, 0x00000000de700000, 0x00000000de800000|  0%| F|  |TAMS 0x00000000de700000| PB 0x00000000de700000| Untracked 
| 488|0x00000000de800000, 0x00000000de900000, 0x00000000de900000|100%| S|CS|TAMS 0x00000000de800000| PB 0x00000000de800000| Complete 
| 489|0x00000000de900000, 0x00000000dea00000, 0x00000000dea00000|100%| S|CS|TAMS 0x00000000de900000| PB 0x00000000de900000| Complete 
| 490|0x00000000dea00000, 0x00000000deb00000, 0x00000000deb00000|100%| S|CS|TAMS 0x00000000dea00000| PB 0x00000000dea00000| Complete 
| 491|0x00000000deb00000, 0x00000000dec00000, 0x00000000dec00000|100%| S|CS|TAMS 0x00000000deb00000| PB 0x00000000deb00000| Complete 
| 492|0x00000000dec00000, 0x00000000ded00000, 0x00000000ded00000|100%| S|CS|TAMS 0x00000000dec00000| PB 0x00000000dec00000| Complete 
| 493|0x00000000ded00000, 0x00000000dee00000, 0x00000000dee00000|100%| S|CS|TAMS 0x00000000ded00000| PB 0x00000000ded00000| Complete 
| 494|0x00000000dee00000, 0x00000000def00000, 0x00000000def00000|100%| S|CS|TAMS 0x00000000dee00000| PB 0x00000000dee00000| Complete 
| 495|0x00000000def00000, 0x00000000df000000, 0x00000000df000000|100%| S|CS|TAMS 0x00000000def00000| PB 0x00000000def00000| Complete 
| 496|0x00000000df000000, 0x00000000df000000, 0x00000000df100000|  0%| F|  |TAMS 0x00000000df000000| PB 0x00000000df000000| Untracked 
| 497|0x00000000df100000, 0x00000000df100000, 0x00000000df200000|  0%| F|  |TAMS 0x00000000df100000| PB 0x00000000df100000| Untracked 
| 498|0x00000000df200000, 0x00000000df200000, 0x00000000df300000|  0%| F|  |TAMS 0x00000000df200000| PB 0x00000000df200000| Untracked 
| 499|0x00000000df300000, 0x00000000df300000, 0x00000000df400000|  0%| F|  |TAMS 0x00000000df300000| PB 0x00000000df300000| Untracked 
| 500|0x00000000df400000, 0x00000000df400000, 0x00000000df500000|  0%| F|  |TAMS 0x00000000df400000| PB 0x00000000df400000| Untracked 
| 501|0x00000000df500000, 0x00000000df500000, 0x00000000df600000|  0%| F|  |TAMS 0x00000000df500000| PB 0x00000000df500000| Untracked 
| 502|0x00000000df600000, 0x00000000df600000, 0x00000000df700000|  0%| F|  |TAMS 0x00000000df600000| PB 0x00000000df600000| Untracked 
| 503|0x00000000df700000, 0x00000000df700000, 0x00000000df800000|  0%| F|  |TAMS 0x00000000df700000| PB 0x00000000df700000| Untracked 
| 504|0x00000000df800000, 0x00000000df800000, 0x00000000df900000|  0%| F|  |TAMS 0x00000000df800000| PB 0x00000000df800000| Untracked 
| 505|0x00000000df900000, 0x00000000df900000, 0x00000000dfa00000|  0%| F|  |TAMS 0x00000000df900000| PB 0x00000000df900000| Untracked 
| 506|0x00000000dfa00000, 0x00000000dfa00000, 0x00000000dfb00000|  0%| F|  |TAMS 0x00000000dfa00000| PB 0x00000000dfa00000| Untracked 
| 507|0x00000000dfb00000, 0x00000000dfb00000, 0x00000000dfc00000|  0%| F|  |TAMS 0x00000000dfb00000| PB 0x00000000dfb00000| Untracked 
| 508|0x00000000dfc00000, 0x00000000dfc00000, 0x00000000dfd00000|  0%| F|  |TAMS 0x00000000dfc00000| PB 0x00000000dfc00000| Untracked 
| 509|0x00000000dfd00000, 0x00000000dfd00000, 0x00000000dfe00000|  0%| F|  |TAMS 0x00000000dfd00000| PB 0x00000000dfd00000| Untracked 
| 510|0x00000000dfe00000, 0x00000000dfe00000, 0x00000000dff00000|  0%| F|  |TAMS 0x00000000dfe00000| PB 0x00000000dfe00000| Untracked 
| 511|0x00000000dff00000, 0x00000000dff00000, 0x00000000e0000000|  0%| F|  |TAMS 0x00000000dff00000| PB 0x00000000dff00000| Untracked 
| 512|0x00000000e0000000, 0x00000000e0000000, 0x00000000e0100000|  0%| F|  |TAMS 0x00000000e0000000| PB 0x00000000e0000000| Untracked 
| 513|0x00000000e0100000, 0x00000000e0100000, 0x00000000e0200000|  0%| F|  |TAMS 0x00000000e0100000| PB 0x00000000e0100000| Untracked 
| 514|0x00000000e0200000, 0x00000000e0200000, 0x00000000e0300000|  0%| F|  |TAMS 0x00000000e0200000| PB 0x00000000e0200000| Untracked 
| 515|0x00000000e0300000, 0x00000000e0300000, 0x00000000e0400000|  0%| F|  |TAMS 0x00000000e0300000| PB 0x00000000e0300000| Untracked 
| 516|0x00000000e0400000, 0x00000000e0400000, 0x00000000e0500000|  0%| F|  |TAMS 0x00000000e0400000| PB 0x00000000e0400000| Untracked 
| 517|0x00000000e0500000, 0x00000000e0500000, 0x00000000e0600000|  0%| F|  |TAMS 0x00000000e0500000| PB 0x00000000e0500000| Untracked 
| 518|0x00000000e0600000, 0x00000000e0600000, 0x00000000e0700000|  0%| F|  |TAMS 0x00000000e0600000| PB 0x00000000e0600000| Untracked 
| 519|0x00000000e0700000, 0x00000000e0700000, 0x00000000e0800000|  0%| F|  |TAMS 0x00000000e0700000| PB 0x00000000e0700000| Untracked 
| 520|0x00000000e0800000, 0x00000000e0800000, 0x00000000e0900000|  0%| F|  |TAMS 0x00000000e0800000| PB 0x00000000e0800000| Untracked 
| 521|0x00000000e0900000, 0x00000000e0900000, 0x00000000e0a00000|  0%| F|  |TAMS 0x00000000e0900000| PB 0x00000000e0900000| Untracked 
| 522|0x00000000e0a00000, 0x00000000e0a00000, 0x00000000e0b00000|  0%| F|  |TAMS 0x00000000e0a00000| PB 0x00000000e0a00000| Untracked 
| 523|0x00000000e0b00000, 0x00000000e0b00000, 0x00000000e0c00000|  0%| F|  |TAMS 0x00000000e0b00000| PB 0x00000000e0b00000| Untracked 
| 524|0x00000000e0c00000, 0x00000000e0c00000, 0x00000000e0d00000|  0%| F|  |TAMS 0x00000000e0c00000| PB 0x00000000e0c00000| Untracked 
| 525|0x00000000e0d00000, 0x00000000e0d00000, 0x00000000e0e00000|  0%| F|  |TAMS 0x00000000e0d00000| PB 0x00000000e0d00000| Untracked 
| 526|0x00000000e0e00000, 0x00000000e0e00000, 0x00000000e0f00000|  0%| F|  |TAMS 0x00000000e0e00000| PB 0x00000000e0e00000| Untracked 
| 527|0x00000000e0f00000, 0x00000000e0f00000, 0x00000000e1000000|  0%| F|  |TAMS 0x00000000e0f00000| PB 0x00000000e0f00000| Untracked 
| 528|0x00000000e1000000, 0x00000000e1000000, 0x00000000e1100000|  0%| F|  |TAMS 0x00000000e1000000| PB 0x00000000e1000000| Untracked 
| 529|0x00000000e1100000, 0x00000000e1100000, 0x00000000e1200000|  0%| F|  |TAMS 0x00000000e1100000| PB 0x00000000e1100000| Untracked 
| 530|0x00000000e1200000, 0x00000000e1200000, 0x00000000e1300000|  0%| F|  |TAMS 0x00000000e1200000| PB 0x00000000e1200000| Untracked 
| 531|0x00000000e1300000, 0x00000000e1300000, 0x00000000e1400000|  0%| F|  |TAMS 0x00000000e1300000| PB 0x00000000e1300000| Untracked 
| 532|0x00000000e1400000, 0x00000000e1400000, 0x00000000e1500000|  0%| F|  |TAMS 0x00000000e1400000| PB 0x00000000e1400000| Untracked 
| 533|0x00000000e1500000, 0x00000000e1500000, 0x00000000e1600000|  0%| F|  |TAMS 0x00000000e1500000| PB 0x00000000e1500000| Untracked 
| 534|0x00000000e1600000, 0x00000000e1600000, 0x00000000e1700000|  0%| F|  |TAMS 0x00000000e1600000| PB 0x00000000e1600000| Untracked 
| 535|0x00000000e1700000, 0x00000000e1700000, 0x00000000e1800000|  0%| F|  |TAMS 0x00000000e1700000| PB 0x00000000e1700000| Untracked 
| 536|0x00000000e1800000, 0x00000000e1800000, 0x00000000e1900000|  0%| F|  |TAMS 0x00000000e1800000| PB 0x00000000e1800000| Untracked 
| 537|0x00000000e1900000, 0x00000000e1900000, 0x00000000e1a00000|  0%| F|  |TAMS 0x00000000e1900000| PB 0x00000000e1900000| Untracked 
| 538|0x00000000e1a00000, 0x00000000e1a00000, 0x00000000e1b00000|  0%| F|  |TAMS 0x00000000e1a00000| PB 0x00000000e1a00000| Untracked 
| 539|0x00000000e1b00000, 0x00000000e1b00000, 0x00000000e1c00000|  0%| F|  |TAMS 0x00000000e1b00000| PB 0x00000000e1b00000| Untracked 
| 540|0x00000000e1c00000, 0x00000000e1c00000, 0x00000000e1d00000|  0%| F|  |TAMS 0x00000000e1c00000| PB 0x00000000e1c00000| Untracked 
| 541|0x00000000e1d00000, 0x00000000e1d00000, 0x00000000e1e00000|  0%| F|  |TAMS 0x00000000e1d00000| PB 0x00000000e1d00000| Untracked 
| 542|0x00000000e1e00000, 0x00000000e1e00000, 0x00000000e1f00000|  0%| F|  |TAMS 0x00000000e1e00000| PB 0x00000000e1e00000| Untracked 
| 543|0x00000000e1f00000, 0x00000000e1f00000, 0x00000000e2000000|  0%| F|  |TAMS 0x00000000e1f00000| PB 0x00000000e1f00000| Untracked 
| 544|0x00000000e2000000, 0x00000000e2000000, 0x00000000e2100000|  0%| F|  |TAMS 0x00000000e2000000| PB 0x00000000e2000000| Untracked 
| 545|0x00000000e2100000, 0x00000000e2100000, 0x00000000e2200000|  0%| F|  |TAMS 0x00000000e2100000| PB 0x00000000e2100000| Untracked 
| 546|0x00000000e2200000, 0x00000000e2200000, 0x00000000e2300000|  0%| F|  |TAMS 0x00000000e2200000| PB 0x00000000e2200000| Untracked 
| 547|0x00000000e2300000, 0x00000000e2300000, 0x00000000e2400000|  0%| F|  |TAMS 0x00000000e2300000| PB 0x00000000e2300000| Untracked 
| 548|0x00000000e2400000, 0x00000000e2400000, 0x00000000e2500000|  0%| F|  |TAMS 0x00000000e2400000| PB 0x00000000e2400000| Untracked 
| 549|0x00000000e2500000, 0x00000000e2500000, 0x00000000e2600000|  0%| F|  |TAMS 0x00000000e2500000| PB 0x00000000e2500000| Untracked 
| 550|0x00000000e2600000, 0x00000000e2600000, 0x00000000e2700000|  0%| F|  |TAMS 0x00000000e2600000| PB 0x00000000e2600000| Untracked 
| 551|0x00000000e2700000, 0x00000000e2700000, 0x00000000e2800000|  0%| F|  |TAMS 0x00000000e2700000| PB 0x00000000e2700000| Untracked 
| 552|0x00000000e2800000, 0x00000000e2800000, 0x00000000e2900000|  0%| F|  |TAMS 0x00000000e2800000| PB 0x00000000e2800000| Untracked 
| 553|0x00000000e2900000, 0x00000000e2900000, 0x00000000e2a00000|  0%| F|  |TAMS 0x00000000e2900000| PB 0x00000000e2900000| Untracked 
| 554|0x00000000e2a00000, 0x00000000e2a00000, 0x00000000e2b00000|  0%| F|  |TAMS 0x00000000e2a00000| PB 0x00000000e2a00000| Untracked 
| 555|0x00000000e2b00000, 0x00000000e2b00000, 0x00000000e2c00000|  0%| F|  |TAMS 0x00000000e2b00000| PB 0x00000000e2b00000| Untracked 
| 556|0x00000000e2c00000, 0x00000000e2c00000, 0x00000000e2d00000|  0%| F|  |TAMS 0x00000000e2c00000| PB 0x00000000e2c00000| Untracked 
| 557|0x00000000e2d00000, 0x00000000e2d00000, 0x00000000e2e00000|  0%| F|  |TAMS 0x00000000e2d00000| PB 0x00000000e2d00000| Untracked 
| 558|0x00000000e2e00000, 0x00000000e2e00000, 0x00000000e2f00000|  0%| F|  |TAMS 0x00000000e2e00000| PB 0x00000000e2e00000| Untracked 
| 559|0x00000000e2f00000, 0x00000000e2f00000, 0x00000000e3000000|  0%| F|  |TAMS 0x00000000e2f00000| PB 0x00000000e2f00000| Untracked 
| 560|0x00000000e3000000, 0x00000000e3000000, 0x00000000e3100000|  0%| F|  |TAMS 0x00000000e3000000| PB 0x00000000e3000000| Untracked 
| 561|0x00000000e3100000, 0x00000000e3100000, 0x00000000e3200000|  0%| F|  |TAMS 0x00000000e3100000| PB 0x00000000e3100000| Untracked 
| 562|0x00000000e3200000, 0x00000000e3200000, 0x00000000e3300000|  0%| F|  |TAMS 0x00000000e3200000| PB 0x00000000e3200000| Untracked 
| 563|0x00000000e3300000, 0x00000000e3300000, 0x00000000e3400000|  0%| F|  |TAMS 0x00000000e3300000| PB 0x00000000e3300000| Untracked 
| 564|0x00000000e3400000, 0x00000000e3400000, 0x00000000e3500000|  0%| F|  |TAMS 0x00000000e3400000| PB 0x00000000e3400000| Untracked 
| 565|0x00000000e3500000, 0x00000000e3500000, 0x00000000e3600000|  0%| F|  |TAMS 0x00000000e3500000| PB 0x00000000e3500000| Untracked 
| 566|0x00000000e3600000, 0x00000000e3600000, 0x00000000e3700000|  0%| F|  |TAMS 0x00000000e3600000| PB 0x00000000e3600000| Untracked 
| 567|0x00000000e3700000, 0x00000000e3700000, 0x00000000e3800000|  0%| F|  |TAMS 0x00000000e3700000| PB 0x00000000e3700000| Untracked 
| 568|0x00000000e3800000, 0x00000000e3800000, 0x00000000e3900000|  0%| F|  |TAMS 0x00000000e3800000| PB 0x00000000e3800000| Untracked 
| 569|0x00000000e3900000, 0x00000000e3900000, 0x00000000e3a00000|  0%| F|  |TAMS 0x00000000e3900000| PB 0x00000000e3900000| Untracked 
|1003|0x00000000feb00000, 0x00000000feb00000, 0x00000000fec00000|  0%| F|  |TAMS 0x00000000feb00000| PB 0x00000000feb00000| Untracked 
|1004|0x00000000fec00000, 0x00000000fec00000, 0x00000000fed00000|  0%| F|  |TAMS 0x00000000fec00000| PB 0x00000000fec00000| Untracked 
|1005|0x00000000fed00000, 0x00000000fed00000, 0x00000000fee00000|  0%| F|  |TAMS 0x00000000fed00000| PB 0x00000000fed00000| Untracked 
|1006|0x00000000fee00000, 0x00000000fee00000, 0x00000000fef00000|  0%| F|  |TAMS 0x00000000fee00000| PB 0x00000000fee00000| Untracked 
|1007|0x00000000fef00000, 0x00000000fef00000, 0x00000000ff000000|  0%| F|  |TAMS 0x00000000fef00000| PB 0x00000000fef00000| Untracked 
|1008|0x00000000ff000000, 0x00000000ff000000, 0x00000000ff100000|  0%| F|  |TAMS 0x00000000ff000000| PB 0x00000000ff000000| Untracked 
|1009|0x00000000ff100000, 0x00000000ff100000, 0x00000000ff200000|  0%| F|  |TAMS 0x00000000ff100000| PB 0x00000000ff100000| Untracked 
|1010|0x00000000ff200000, 0x00000000ff200000, 0x00000000ff300000|  0%| F|  |TAMS 0x00000000ff200000| PB 0x00000000ff200000| Untracked 
|1011|0x00000000ff300000, 0x00000000ff300000, 0x00000000ff400000|  0%| F|  |TAMS 0x00000000ff300000| PB 0x00000000ff300000| Untracked 
|1012|0x00000000ff400000, 0x00000000ff4035f8, 0x00000000ff500000|  1%| E|  |TAMS 0x00000000ff400000| PB 0x00000000ff400000| Complete 
|1013|0x00000000ff500000, 0x00000000ff600000, 0x00000000ff600000|100%| E|CS|TAMS 0x00000000ff500000| PB 0x00000000ff500000| Complete 
|1014|0x00000000ff600000, 0x00000000ff700000, 0x00000000ff700000|100%| E|CS|TAMS 0x00000000ff600000| PB 0x00000000ff600000| Complete 
|1015|0x00000000ff700000, 0x00000000ff800000, 0x00000000ff800000|100%| E|CS|TAMS 0x00000000ff700000| PB 0x00000000ff700000| Complete 
|1016|0x00000000ff800000, 0x00000000ff900000, 0x00000000ff900000|100%| E|CS|TAMS 0x00000000ff800000| PB 0x00000000ff800000| Complete 
|1017|0x00000000ff900000, 0x00000000ffa00000, 0x00000000ffa00000|100%| E|CS|TAMS 0x00000000ff900000| PB 0x00000000ff900000| Complete 
|1018|0x00000000ffa00000, 0x00000000ffb00000, 0x00000000ffb00000|100%| E|CS|TAMS 0x00000000ffa00000| PB 0x00000000ffa00000| Complete 
|1019|0x00000000ffb00000, 0x00000000ffc00000, 0x00000000ffc00000|100%| E|CS|TAMS 0x00000000ffb00000| PB 0x00000000ffb00000| Complete 
|1020|0x00000000ffc00000, 0x00000000ffd00000, 0x00000000ffd00000|100%| E|CS|TAMS 0x00000000ffc00000| PB 0x00000000ffc00000| Complete 
|1021|0x00000000ffd00000, 0x00000000ffe00000, 0x00000000ffe00000|100%| E|CS|TAMS 0x00000000ffd00000| PB 0x00000000ffd00000| Complete 
|1022|0x00000000ffe00000, 0x00000000fff00000, 0x00000000fff00000|100%| O|  |TAMS 0x00000000fff00000| PB 0x00000000ffe00000| Untracked 
|1023|0x00000000fff00000, 0x0000000100000000, 0x0000000100000000|100%| E|CS|TAMS 0x00000000fff00000| PB 0x00000000fff00000| Complete 

Card table byte_map: [0x00007fbb51400000,0x00007fbb51600000] _byte_map_base: 0x00007fbb50e00000

Marking Bits: (CMBitMap*) 0x00007fbb4c058660
 Bits: [0x00007fbb50400000, 0x00007fbb51400000)

Polling page: 0x00007fbb53bb4000

Metaspace:

Usage:
  Non-class:    251.22 MB used.
      Class:     35.19 MB used.
       Both:    286.41 MB used.

Virtual space:
  Non-class space:      256.00 MB reserved,     252.25 MB ( 99%) committed,  4 nodes.
      Class space:        1.00 GB reserved,      36.12 MB (  4%) committed,  1 nodes.
             Both:        1.25 GB reserved,     288.38 MB ( 23%) committed. 

Chunk freelists:
   Non-Class:  3.52 MB
       Class:  11.92 MB
        Both:  15.44 MB

MaxMetaspaceSize: unlimited
CompressedClassSpaceSize: 1.00 GB
Initial GC threshold: 21.00 MB
Current GC threshold: 375.56 MB
CDS: on
 - commit_granule_bytes: 65536.
 - commit_granule_words: 8192.
 - virtual_space_node_default_size: 8388608.
 - enlarge_chunks_in_place: 1.
 - use_allocation_guard: 0.


Internal statistics:

num_allocs_failed_limit: 6.
num_arena_births: 5918.
num_arena_deaths: 2676.
num_vsnodes_births: 5.
num_vsnodes_deaths: 0.
num_space_committed: 4612.
num_space_uncommitted: 2.
num_chunks_returned_to_freelist: 3060.
num_chunks_taken_from_freelist: 19108.
num_chunk_merges: 1062.
num_chunk_splits: 12729.
num_chunks_enlarged: 9458.
num_inconsistent_stats: 0.

CodeHeap 'non-profiled nmethods': size=120032Kb used=14344Kb max_used=14344Kb free=105687Kb
 bounds [0x00007fbb3c2c8000, 0x00007fbb3d0d8000, 0x00007fbb43800000]
CodeHeap 'profiled nmethods': size=120028Kb used=45968Kb max_used=45968Kb free=74059Kb
 bounds [0x00007fbb34800000, 0x00007fbb374f0000, 0x00007fbb3bd37000]
CodeHeap 'non-nmethods': size=5700Kb used=2805Kb max_used=2854Kb free=2894Kb
 bounds [0x00007fbb3bd37000, 0x00007fbb3c017000, 0x00007fbb3c2c8000]
CodeCache: size=245760Kb, used=63117Kb, max_used=63166Kb, free=182640Kb
 total_blobs=22875, nmethods=21501, adapters=1277, full_count=0
Compilation: enabled, stopped_count=0, restarted_count=0

Compilation events (20 events):
Event: 1194.110 Thread 0x00007fbb4c0f7680 40258       3       org.jetbrains.kotlin.fir.declarations.FirHiddenDeprecationProvider::isDeprecationLevelHidden (118 bytes)
Event: 1194.116 Thread 0x00007fbb4c0f7680 nmethod 40258 0x00007fbb374b6e90 code [0x00007fbb374b7260, 0x00007fbb374b8c50]
Event: 1194.116 Thread 0x00007fbb4c0f7680 40264       3       org.jetbrains.kotlin.analysis.low.level.api.fir.transformers.TypeStateKeepers$CALLABLE_DECLARATION$1$invoke-uMZr1TU$$inlined$add-impl$1::postProcess (1 bytes)
Event: 1194.116 Thread 0x00007fbb4c0f7680 nmethod 40264 0x00007fbb374b9410 code [0x00007fbb374b95a0, 0x00007fbb374b96a0]
Event: 1194.116 Thread 0x00007fbb4c0f7680 40259       3       org.jetbrains.kotlin.fir.resolve.providers.impl.FirTypeCandidateCollector$TypeCandidate::<init> (39 bytes)
Event: 1194.120 Thread 0x00007fbb4c0f7680 nmethod 40259 0x00007fbb374b9710 code [0x00007fbb374b99c0, 0x00007fbb374ba628]
Event: 1194.120 Thread 0x00007fbb4c0f7680 40265       1       org.jetbrains.kotlin.fir.declarations.impl.FirEnumEntryImpl::getSymbol (5 bytes)
Event: 1194.120 Thread 0x00007fbb4c0f7680 nmethod 40265 0x00007fbb3d0c9b10 code [0x00007fbb3d0c9ca0, 0x00007fbb3d0c9d60]
Event: 1194.122 Thread 0x00007fbb4c0f7680 40267       3       org.jetbrains.kotlin.analysis.low.level.api.fir.util.FirCheckResolvedUtilsKt::checkAnnotationTypeIsResolved (818 bytes)
Event: 1194.146 Thread 0x00007fbb4c0f7680 nmethod 40267 0x00007fbb374baa90 code [0x00007fbb374bbaa0, 0x00007fbb374c5098]
Event: 1194.146 Thread 0x00007fbb4c0f7680 40269       3       org.jetbrains.kotlin.fir.resolve.transformers.FirStatusResolver::computeMustUseReturnValue (233 bytes)
Event: 1194.156 Thread 0x00007fbb4c0f7680 nmethod 40269 0x00007fbb374c8810 code [0x00007fbb374c9180, 0x00007fbb374cdf40]
Event: 1194.156 Thread 0x00007fbb4c0f7680 40268       3       org.jetbrains.kotlin.fir.resolve.transformers.FirStatusResolver::resolveStatus (776 bytes)
Event: 1194.171 Thread 0x00007fbb4c0f7680 nmethod 40268 0x00007fbb374cf910 code [0x00007fbb374d03c0, 0x00007fbb374d78a0]
Event: 1194.171 Thread 0x00007fbb4c0f7680 40270       3       org.jetbrains.kotlin.resolve.calls.inference.model.NewConstraintSystemImpl::prepareTransaction (312 bytes)
Event: 1194.173 Thread 0x00007fbb4c0f7680 nmethod 40270 0x00007fbb374d9d10 code [0x00007fbb374da0a0, 0x00007fbb374db790]
Event: 1194.173 Thread 0x00007fbb4c0f7680 40260       3       org.jetbrains.kotlin.fir.resolve.providers.impl.FirTypeCandidateCollector$TypeCandidate::hashCode (8 bytes)
Event: 1194.174 Thread 0x00007fbb4c0f7680 nmethod 40260 0x00007fbb374dc110 code [0x00007fbb374dc2c0, 0x00007fbb374dc4a0]
Event: 1194.174 Thread 0x00007fbb4c0f7680 40256       3       org.jetbrains.kotlin.fir.declarations.impl.FirPropertyAccessorImpl::setStatus (12 bytes)
Event: 1194.175 Thread 0x00007fbb4c0f7680 nmethod 40256 0x00007fbb374dc590 code [0x00007fbb374dc7a0, 0x00007fbb374dcd98]

GC Heap History (20 events):
Event: 1158.765 GC heap before
{Heap before GC invocations=103 (full 0):
 garbage-first heap   total 605184K, used 276480K [0x00000000c0000000, 0x0000000100000000)
  region size 1024K, 29 young (29696K), 3 survivors (3072K)
 Metaspace       used 221664K, committed 223616K, reserved 1245184K
  class space    used 27797K, committed 28736K, reserved 1048576K
}
Event: 1158.831 GC heap after
{Heap after GC invocations=104 (full 0):
 garbage-first heap   total 605184K, used 252294K [0x00000000c0000000, 0x0000000100000000)
  region size 1024K, 2 young (2048K), 2 survivors (2048K)
 Metaspace       used 221664K, committed 223616K, reserved 1245184K
  class space    used 27797K, committed 28736K, reserved 1048576K
}
Event: 1160.562 GC heap before
{Heap before GC invocations=104 (full 0):
 garbage-first heap   total 605184K, used 274822K [0x00000000c0000000, 0x0000000100000000)
  region size 1024K, 26 young (26624K), 2 survivors (2048K)
 Metaspace       used 226842K, committed 228736K, reserved 1310720K
  class space    used 28287K, committed 29184K, reserved 1048576K
}
Event: 1160.572 GC heap after
{Heap after GC invocations=105 (full 0):
 garbage-first heap   total 605184K, used 253820K [0x00000000c0000000, 0x0000000100000000)
  region size 1024K, 3 young (3072K), 3 survivors (3072K)
 Metaspace       used 226842K, committed 228736K, reserved 1310720K
  class space    used 28287K, committed 29184K, reserved 1048576K
}
Event: 1167.421 GC heap before
{Heap before GC invocations=106 (full 0):
 garbage-first heap   total 605184K, used 515964K [0x00000000c0000000, 0x0000000100000000)
  region size 1024K, 257 young (263168K), 3 survivors (3072K)
 Metaspace       used 238251K, committed 240128K, reserved 1310720K
  class space    used 29938K, committed 30848K, reserved 1048576K
}
Event: 1167.462 GC heap after
{Heap after GC invocations=107 (full 0):
 garbage-first heap   total 605184K, used 277405K [0x00000000c0000000, 0x0000000100000000)
  region size 1024K, 27 young (27648K), 27 survivors (27648K)
 Metaspace       used 238251K, committed 240128K, reserved 1310720K
  class space    used 29938K, committed 30848K, reserved 1048576K
}
Event: 1167.468 GC heap before
{Heap before GC invocations=107 (full 0):
 garbage-first heap   total 605184K, used 279453K [0x00000000c0000000, 0x0000000100000000)
  region size 1024K, 29 young (29696K), 27 survivors (27648K)
 Metaspace       used 238251K, committed 240128K, reserved 1310720K
  class space    used 29938K, committed 30848K, reserved 1048576K
}
Event: 1167.523 GC heap after
{Heap after GC invocations=108 (full 0):
 garbage-first heap   total 605184K, used 275456K [0x00000000c0000000, 0x0000000100000000)
  region size 1024K, 2 young (2048K), 2 survivors (2048K)
 Metaspace       used 238251K, committed 240128K, reserved 1310720K
  class space    used 29938K, committed 30848K, reserved 1048576K
}
Event: 1169.379 GC heap before
{Heap before GC invocations=108 (full 0):
 garbage-first heap   total 605184K, used 344064K [0x00000000c0000000, 0x0000000100000000)
  region size 1024K, 69 young (70656K), 2 survivors (2048K)
 Metaspace       used 243607K, committed 245440K, reserved 1310720K
  class space    used 30589K, committed 31488K, reserved 1048576K
}
Event: 1169.396 GC heap after
{Heap after GC invocations=109 (full 0):
 garbage-first heap   total 605184K, used 280058K [0x00000000c0000000, 0x0000000100000000)
  region size 1024K, 7 young (7168K), 7 survivors (7168K)
 Metaspace       used 243607K, committed 245440K, reserved 1310720K
  class space    used 30589K, committed 31488K, reserved 1048576K
}
Event: 1173.380 GC heap before
{Heap before GC invocations=109 (full 0):
 garbage-first heap   total 605184K, used 335354K [0x00000000c0000000, 0x0000000100000000)
  region size 1024K, 62 young (63488K), 7 survivors (7168K)
 Metaspace       used 250879K, committed 252864K, reserved 1310720K
  class space    used 31365K, committed 32320K, reserved 1048576K
}
Event: 1173.430 GC heap after
{Heap after GC invocations=110 (full 0):
 garbage-first heap   total 605184K, used 288563K [0x00000000c0000000, 0x0000000100000000)
  region size 1024K, 8 young (8192K), 8 survivors (8192K)
 Metaspace       used 250879K, committed 252864K, reserved 1310720K
  class space    used 31365K, committed 32320K, reserved 1048576K
}
Event: 1174.915 GC heap before
{Heap before GC invocations=110 (full 0):
 garbage-first heap   total 605184K, used 312115K [0x00000000c0000000, 0x0000000100000000)
  region size 1024K, 29 young (29696K), 8 survivors (8192K)
 Metaspace       used 253736K, committed 255744K, reserved 1310720K
  class space    used 31665K, committed 32640K, reserved 1048576K
}
Event: 1174.950 GC heap after
{Heap after GC invocations=111 (full 0):
 garbage-first heap   total 605184K, used 288829K [0x00000000c0000000, 0x0000000100000000)
  region size 1024K, 2 young (2048K), 2 survivors (2048K)
 Metaspace       used 253736K, committed 255744K, reserved 1310720K
  class space    used 31665K, committed 32640K, reserved 1048576K
}
Event: 1182.712 GC heap before
{Heap before GC invocations=111 (full 0):
 garbage-first heap   total 605184K, used 443453K [0x00000000c0000000, 0x0000000100000000)
  region size 1024K, 152 young (155648K), 2 survivors (2048K)
 Metaspace       used 277663K, committed 279616K, reserved 1310720K
  class space    used 34382K, committed 35328K, reserved 1048576K
}
Event: 1182.753 GC heap after
{Heap after GC invocations=112 (full 0):
 garbage-first heap   total 605184K, used 302799K [0x00000000c0000000, 0x0000000100000000)
  region size 1024K, 15 young (15360K), 15 survivors (15360K)
 Metaspace       used 277663K, committed 279616K, reserved 1310720K
  class space    used 34382K, committed 35328K, reserved 1048576K
}
Event: 1187.496 GC heap before
{Heap before GC invocations=112 (full 0):
 garbage-first heap   total 605184K, used 407247K [0x00000000c0000000, 0x0000000100000000)
  region size 1024K, 117 young (119808K), 15 survivors (15360K)
 Metaspace       used 287232K, committed 289216K, reserved 1310720K
  class space    used 35545K, committed 36480K, reserved 1048576K
}
Event: 1187.577 GC heap after
{Heap after GC invocations=113 (full 0):
 garbage-first heap   total 605184K, used 323072K [0x00000000c0000000, 0x0000000100000000)
  region size 1024K, 15 young (15360K), 15 survivors (15360K)
 Metaspace       used 287232K, committed 289216K, reserved 1310720K
  class space    used 35545K, committed 36480K, reserved 1048576K
}
Event: 1193.430 GC heap before
{Heap before GC invocations=113 (full 0):
 garbage-first heap   total 605184K, used 418304K [0x00000000c0000000, 0x0000000100000000)
  region size 1024K, 109 young (111616K), 15 survivors (15360K)
 Metaspace       used 292902K, committed 294912K, reserved 1310720K
  class space    used 36010K, committed 36928K, reserved 1048576K
}
Event: 1193.528 GC heap after
{Heap after GC invocations=114 (full 0):
 garbage-first heap   total 605184K, used 342528K [0x00000000c0000000, 0x0000000100000000)
  region size 1024K, 15 young (15360K), 15 survivors (15360K)
 Metaspace       used 292902K, committed 294912K, reserved 1310720K
  class space    used 36010K, committed 36928K, reserved 1048576K
}

Dll operation events (16 events):
Event: 0.087 Loaded shared library /usr/lib/jvm/java-21-openjdk-amd64/lib/libjava.so
Event: 0.174 Loaded shared library /usr/lib/jvm/java-21-openjdk-amd64/lib/libjsvml.so
Event: 0.289 Loaded shared library /usr/lib/jvm/java-21-openjdk-amd64/lib/libzip.so
Event: 0.309 Loaded shared library /usr/lib/jvm/java-21-openjdk-amd64/lib/libinstrument.so
Event: 0.343 Loaded shared library /usr/lib/jvm/java-21-openjdk-amd64/lib/libnio.so
Event: 0.364 Loaded shared library /usr/lib/jvm/java-21-openjdk-amd64/lib/libzip.so
Event: 1.401 Loaded shared library /usr/lib/jvm/java-21-openjdk-amd64/lib/libjimage.so
Event: 2.800 Loaded shared library /usr/lib/jvm/java-21-openjdk-amd64/lib/libverify.so
Event: 2.959 Loaded shared library /usr/lib/jvm/java-21-openjdk-amd64/lib/libnet.so
Event: 2.982 Loaded shared library /home/elonmusk/.gradle/native/660c5614fbf4a5f2a75b1949f50a0caf5cd603558e7d8a26e50b933a0cfb79d1/linux-amd64/libnative-platform.so
Event: 3.099 Loaded shared library /home/elonmusk/.gradle/native/0.2.8/x86_64-linux-gnu/libgradle-fileevents.so
Event: 7.759 Loaded shared library /usr/lib/jvm/java-21-openjdk-amd64/lib/libmanagement.so
Event: 7.820 Loaded shared library /usr/lib/jvm/java-21-openjdk-amd64/lib/libmanagement_ext.so
Event: 8.586 Loaded shared library /usr/lib/jvm/java-21-openjdk-amd64/lib/libextnet.so
Event: 1178.404 Loaded shared library /usr/lib/jvm/java-21-openjdk-amd64/lib/libawt.so
Event: 1178.476 Loaded shared library /usr/lib/jvm/java-21-openjdk-amd64/lib/libawt_headless.so

Deoptimization events (20 events):
Event: 1193.381 Thread 0x00007fbb2c8c1b00 DEOPT PACKING pc=0x00007fbb3d0a97ec sp=0x00007fbad25eb4c0
Event: 1193.382 Thread 0x00007fbb2c8c1b00 DEOPT UNPACKING pc=0x00007fbb3bd8af93 sp=0x00007fbad25eb3f0 mode 2
Event: 1193.382 Thread 0x00007fbb2c8c1b00 Uncommon trap: trap_request=0xffffffd6 fr.pc=0x00007fbb3d0a97ec relative=0x000000000000128c
Event: 1193.382 Thread 0x00007fbb2c8c1b00 Uncommon trap: reason=array_check action=maybe_recompile pc=0x00007fbb3d0a97ec method=com.intellij.psi.stubs.StubBase.fillFilteredChildren(Lcom/intellij/psi/tree/IElementType;[Lcom/intellij/psi/PsiElement;Ljava/util/List;)V @ 56 c2
Event: 1193.382 Thread 0x00007fbb2c8c1b00 DEOPT PACKING pc=0x00007fbb3d0a97ec sp=0x00007fbad25eb4c0
Event: 1193.382 Thread 0x00007fbb2c8c1b00 DEOPT UNPACKING pc=0x00007fbb3bd8af93 sp=0x00007fbad25eb3f0 mode 2
Event: 1193.617 Thread 0x00007fbb2c8c1b00 DEOPT PACKING pc=0x00007fbb3654a66d sp=0x00007fbad25e9ec0
Event: 1193.617 Thread 0x00007fbb2c8c1b00 DEOPT UNPACKING pc=0x00007fbb3bd8b710 sp=0x00007fbad25e9370 mode 0
Event: 1193.619 Thread 0x00007fbb2c8c1b00 Uncommon trap: trap_request=0xffffff45 fr.pc=0x00007fbb3d040004 relative=0x0000000000005964
Event: 1193.619 Thread 0x00007fbb2c8c1b00 Uncommon trap: reason=unstable_if action=reinterpret pc=0x00007fbb3d040004 method=org.jetbrains.kotlin.metadata.ProtoBuf$Function.<init>(Lorg/jetbrains/kotlin/protobuf/CodedInputStream;Lorg/jetbrains/kotlin/protobuf/ExtensionRegistryLite;)V @ 978 c2
Event: 1193.619 Thread 0x00007fbb2c8c1b00 DEOPT PACKING pc=0x00007fbb3d040004 sp=0x00007fbad25e9ed0
Event: 1193.619 Thread 0x00007fbb2c8c1b00 DEOPT UNPACKING pc=0x00007fbb3bd8af93 sp=0x00007fbad25e9e78 mode 2
Event: 1194.074 Thread 0x00007fbb2c8c1b00 Uncommon trap: trap_request=0xffffffde fr.pc=0x00007fbb3d055854 relative=0x0000000000003bf4
Event: 1194.074 Thread 0x00007fbb2c8c1b00 Uncommon trap: reason=class_check action=maybe_recompile pc=0x00007fbb3d055854 method=org.jetbrains.org.objectweb.asm.ClassReader.readElementValue(Lorg/jetbrains/org/objectweb/asm/AnnotationVisitor;ILjava/lang/String;[C)I @ 466 c2
Event: 1194.074 Thread 0x00007fbb2c8c1b00 DEOPT PACKING pc=0x00007fbb3d055854 sp=0x00007fbad25e7440
Event: 1194.074 Thread 0x00007fbb2c8c1b00 DEOPT UNPACKING pc=0x00007fbb3bd8af93 sp=0x00007fbad25e73d0 mode 2
Event: 1194.084 Thread 0x00007fbb2c8c1b00 Uncommon trap: trap_request=0xffffffde fr.pc=0x00007fbb3d055854 relative=0x0000000000003bf4
Event: 1194.084 Thread 0x00007fbb2c8c1b00 Uncommon trap: reason=class_check action=maybe_recompile pc=0x00007fbb3d055854 method=org.jetbrains.org.objectweb.asm.ClassReader.readElementValue(Lorg/jetbrains/org/objectweb/asm/AnnotationVisitor;ILjava/lang/String;[C)I @ 466 c2
Event: 1194.084 Thread 0x00007fbb2c8c1b00 DEOPT PACKING pc=0x00007fbb3d055854 sp=0x00007fbad25e68c0
Event: 1194.084 Thread 0x00007fbb2c8c1b00 DEOPT UNPACKING pc=0x00007fbb3bd8af93 sp=0x00007fbad25e6850 mode 2

Classes loaded (20 events):
Event: 1178.573 Loading class sun/awt/AppContext$6
Event: 1178.573 Loading class jdk/internal/access/JavaAWTAccess
Event: 1178.573 Loading class jdk/internal/access/JavaAWTAccess done
Event: 1178.573 Loading class sun/awt/AppContext$6 done
Event: 1178.573 Loading class sun/awt/AppContext$3
Event: 1178.573 Loading class sun/awt/AppContext$3 done
Event: 1178.573 Loading class sun/awt/AppContext$2
Event: 1178.573 Loading class sun/awt/AppContext$2 done
Event: 1178.573 Loading class sun/awt/AppContext$State
Event: 1178.573 Loading class sun/awt/AppContext$State done
Event: 1178.573 Loading class sun/awt/AppContext$1
Event: 1178.573 Loading class sun/awt/AppContext$1 done
Event: 1178.573 Loading class java/awt/Queue
Event: 1178.574 Loading class java/awt/Queue done
Event: 1178.574 Loading class sun/awt/MostRecentKeyValue
Event: 1178.574 Loading class sun/awt/MostRecentKeyValue done
Event: 1178.574 Loading class sun/awt/PostEventQueue
Event: 1178.574 Loading class sun/awt/PostEventQueue done
Event: 1182.348 Loading class java/util/stream/SortedOps$RefSortingSink
Event: 1182.348 Loading class java/util/stream/SortedOps$RefSortingSink done

Classes unloaded (20 events):
Event: 1139.300 Thread 0x00007fbb4c0e58a0 Unloading class 0x00007fbad8bbac20 'Build_gradle$1$$Lambda+0x00007fbad8bbac20'
Event: 1139.300 Thread 0x00007fbb4c0e58a0 Unloading class 0x00007fbad8bbaa00 'Build_gradle$1$$Lambda+0x00007fbad8bbaa00'
Event: 1139.300 Thread 0x00007fbb4c0e58a0 Unloading class 0x00007fbad8bba7f8 'org/gradle/kotlin/dsl/Accessors7un1k8mtklqdc1zhu0wdlzdjiKt'
Event: 1139.300 Thread 0x00007fbb4c0e58a0 Unloading class 0x00007fbad8bba5d0 'Build_gradle$1'
Event: 1139.300 Thread 0x00007fbb4c0e58a0 Unloading class 0x00007fbad8bba210 'Build_gradle'
Event: 1139.300 Thread 0x00007fbb4c0e58a0 Unloading class 0x00007fbad8bba000 'Program'
Event: 1139.300 Thread 0x00007fbb4c0e58a0 Unloading class 0x00007fbad88cd400 'java/lang/invoke/LambdaForm$MH+0x00007fbad88cd400'
Event: 1139.300 Thread 0x00007fbb4c0e58a0 Unloading class 0x00007fbad88ccc00 'java/lang/invoke/LambdaForm$MH+0x00007fbad88ccc00'
Event: 1139.300 Thread 0x00007fbb4c0e58a0 Unloading class 0x00007fbad88cc400 'java/lang/invoke/LambdaForm$MH+0x00007fbad88cc400'
Event: 1139.300 Thread 0x00007fbb4c0e58a0 Unloading class 0x00007fbad8788000 'java/lang/invoke/LambdaForm$MH+0x00007fbad8788000'
Event: 1139.300 Thread 0x00007fbb4c0e58a0 Unloading class 0x00007fbad8545000 'java/lang/invoke/LambdaForm$MH+0x00007fbad8545000'
Event: 1139.300 Thread 0x00007fbb4c0e58a0 Unloading class 0x00007fbad84f8000 'java/lang/invoke/LambdaForm$MH+0x00007fbad84f8000'
Event: 1139.300 Thread 0x00007fbb4c0e58a0 Unloading class 0x00007fbad8450800 'java/lang/invoke/LambdaForm$MH+0x00007fbad8450800'
Event: 1139.305 Thread 0x00007fbb4c0e58a0 Unloading class 0x00007fbad83d0800 'java/lang/invoke/LambdaForm$MH+0x00007fbad83d0800'
Event: 1139.305 Thread 0x00007fbb4c0e58a0 Unloading class 0x00007fbad832d400 'java/lang/invoke/LambdaForm$MH+0x00007fbad832d400'
Event: 1139.305 Thread 0x00007fbb4c0e58a0 Unloading class 0x00007fbad81c4800 'java/lang/invoke/LambdaForm$MH+0x00007fbad81c4800'
Event: 1139.313 Thread 0x00007fbb4c0e58a0 Unloading class 0x00007fbad81a1000 'java/lang/invoke/LambdaForm$MH+0x00007fbad81a1000'
Event: 1139.313 Thread 0x00007fbb4c0e58a0 Unloading class 0x00007fbad8038000 'java/lang/invoke/LambdaForm$MH+0x00007fbad8038000'
Event: 1139.313 Thread 0x00007fbb4c0e58a0 Unloading class 0x00007fbad8001400 'java/lang/invoke/LambdaForm$MH+0x00007fbad8001400'
Event: 1161.247 Thread 0x00007fbb4c0e58a0 Unloading class 0x00007fbad8986800 'java/lang/invoke/LambdaForm$MH+0x00007fbad8986800'

Classes redefined (0 events):
No events

Internal exceptions (20 events):
Event: 1172.858 Thread 0x00007fbb2c8c1b00 Exception <a 'java/lang/NoSuchMethodError'{0x00000000e1e39cd8}: 'java.lang.Object java.lang.invoke.DirectMethodHandle$Holder.invokeStaticInit(java.lang.Object, long)'> (0x00000000e1e39cd8) 
thrown [./src/hotspot/share/interpreter/linkResolver.cpp, line 772]
Event: 1172.874 Thread 0x00007fbb2c8c1b00 Implicit null exception at 0x00007fbb3cc89dca to 0x00007fbb3cc8ae98
Event: 1174.310 Thread 0x00007fba7df805e0 Exception <a 'java/io/IOException'{0x00000000fec003f0}> (0x00000000fec003f0) 
thrown [./src/hotspot/share/prims/jni.cpp, line 520]
Event: 1175.503 Thread 0x00007fbb2c8c1b00 Exception <a 'java/lang/NoSuchMethodError'{0x00000000ff8ba9e8}: 'java.lang.Object java.lang.invoke.DirectMethodHandle$Holder.invokeStatic(java.lang.Object, java.lang.Object, int, java.lang.Object, java.lang.Object, java.lang.Object, java.lang.Object)'> (0x00000000ff8ba9e8) 
thrown [./src/hotspot/share/interpreter/linkResolver.cpp, line 772]
Event: 1178.225 Thread 0x00007fbb2c8c1b00 Exception <a 'java/lang/NoSuchMethodError'{0x00000000e16b6ad8}: 'void java.lang.invoke.DirectMethodHandle$Holder.invokeStatic(java.lang.Object, java.lang.Object, java.lang.Object, long)'> (0x00000000e16b6ad8) 
thrown [./src/hotspot/share/interpreter/linkResolver.cpp, line 772]
Event: 1178.225 Thread 0x00007fbb2c8c1b00 Exception <a 'java/lang/NoSuchMethodError'{0x00000000e16baba0}: 'long java.lang.invoke.DirectMethodHandle$Holder.invokeStatic(java.lang.Object, int)'> (0x00000000e16baba0) 
thrown [./src/hotspot/share/interpreter/linkResolver.cpp, line 772]
Event: 1178.226 Thread 0x00007fbb2c8c1b00 Exception <a 'java/lang/NoSuchMethodError'{0x00000000e16c1d78}: 'void java.lang.invoke.DelegatingMethodHandle$Holder.reinvoke_L(java.lang.Object, java.lang.Object, java.lang.Object, long)'> (0x00000000e16c1d78) 
thrown [./src/hotspot/share/interpreter/linkResolver.cpp, line 772]
Event: 1178.333 Thread 0x00007fbb2c8c1b00 Exception <a 'java/lang/ClassNotFoundException'{0x00000000e11bc2c8}: sun/awt/resources/spi/awtProvider> (0x00000000e11bc2c8) 
thrown [./src/hotspot/share/classfile/systemDictionary.cpp, line 312]
Event: 1178.478 Thread 0x00007fbb2c8c1b00 Exception <a 'java/io/FileNotFoundException'{0x00000000e11c6048}> (0x00000000e11c6048) 
thrown [./src/hotspot/share/prims/jni.cpp, line 520]
Event: 1179.308 Thread 0x00007fba7df805e0 Exception <a 'java/io/IOException'{0x00000000dfe003f0}> (0x00000000dfe003f0) 
thrown [./src/hotspot/share/prims/jni.cpp, line 520]
Event: 1179.490 Thread 0x00007fbb2c8c1b00 Exception <a 'java/lang/NoSuchMethodError'{0x00000000df6b6fa8}: 'java.lang.Object java.lang.invoke.DirectMethodHandle$Holder.invokeStatic(java.lang.Object, java.lang.Object, java.lang.Object, int, java.lang.Object, java.lang.Object, java.lang.Object)'> (0x00000000df6b6fa8) 
thrown [./src/hotspot/share/interpreter/linkResolver.cpp, line 772]
Event: 1180.082 Thread 0x00007fbb2c8c1b00 Exception <a 'java/lang/NoSuchMethodError'{0x00000000de6254b0}: 'void java.lang.invoke.DirectMethodHandle$Holder.invokeSpecial(java.lang.Object, java.lang.Object, int, java.lang.Object)'> (0x00000000de6254b0) 
thrown [./src/hotspot/share/interpreter/linkResolver.cpp, line 772]
Event: 1181.082 Thread 0x00007fbb2c8c1b00 Exception <a 'java/lang/IncompatibleClassChangeError'{0x00000000dd4ded18}: Found class java.lang.Object, but interface was expected> (0x00000000dd4ded18) 
thrown [./src/hotspot/share/interpreter/linkResolver.cpp, line 840]
Event: 1184.308 Thread 0x00007fba7df805e0 Exception <a 'java/io/IOException'{0x00000000e21803f0}> (0x00000000e21803f0) 
thrown [./src/hotspot/share/prims/jni.cpp, line 520]
Event: 1184.945 Thread 0x00007fbb2c8c1b00 Implicit null exception at 0x00007fbb3c5cea5a to 0x00007fbb3c5ceb84
Event: 1189.308 Thread 0x00007fba7df805e0 Exception <a 'java/io/IOException'{0x00000000feb003f0}> (0x00000000feb003f0) 
thrown [./src/hotspot/share/prims/jni.cpp, line 520]
Event: 1190.143 Thread 0x00007fbb2c8c1b00 Exception <a 'java/lang/NoSuchMethodError'{0x00000000e290cc70}: 'int java.lang.invoke.DirectMethodHandle$Holder.invokeStatic(java.lang.Object, java.lang.Object, java.lang.Object, java.lang.Object, java.lang.Object, int, java.lang.Object)'> (0x00000000e290cc70) 
thrown [./src/hotspot/share/interpreter/linkResolver.cpp, line 772]
Event: 1190.144 Thread 0x00007fbb2c8c1b00 Exception <a 'java/lang/NoSuchMethodError'{0x00000000e29151e0}: 'java.lang.Object java.lang.invoke.DirectMethodHandle$Holder.newInvokeSpecial(java.lang.Object, java.lang.Object, java.lang.Object, java.lang.Object, java.lang.Object, int)'> (0x00000000e29151e0) 
thrown [./src/hotspot/share/interpreter/linkResolver.cpp, line 772]
Event: 1190.145 Thread 0x00007fbb2c8c1b00 Exception <a 'java/lang/NoSuchMethodError'{0x00000000e2919eb8}: 'java.lang.Object java.lang.invoke.DirectMethodHandle$Holder.invokeSpecial(java.lang.Object, java.lang.Object, java.lang.Object, java.lang.Object, java.lang.Object, java.lang.Object, int)'> (0x00000000e2919eb8) 
thrown [./src/hotspot/share/interpreter/linkResolver.cpp, line 772]
Event: 1190.145 Thread 0x00007fbb2c8c1b00 Exception <a 'java/lang/NoSuchMethodError'{0x00000000e291e218}: 'java.lang.Object java.lang.invoke.Invokers$Holder.linkToTargetMethod(java.lang.Object, java.lang.Object, java.lang.Object, java.lang.Object, int, java.lang.Object)'> (0x00000000e291e218) 
thrown [./src/hotspot/share/interpreter/linkResolver.cpp, line 772]

ZGC Phase Switch (0 events):
No events

VM Operations (20 events):
Event: 1191.523 Executing non-safepoint VM operation: HandshakeAllThreads (Deoptimize) done
Event: 1191.568 Executing non-safepoint VM operation: HandshakeAllThreads (Deoptimize)
Event: 1191.568 Executing non-safepoint VM operation: HandshakeAllThreads (Deoptimize) done
Event: 1191.756 Executing non-safepoint VM operation: HandshakeAllThreads (Deoptimize)
Event: 1191.756 Executing non-safepoint VM operation: HandshakeAllThreads (Deoptimize) done
Event: 1191.761 Executing safepoint VM operation: ICBufferFull
Event: 1191.761 Executing safepoint VM operation: ICBufferFull done
Event: 1192.288 Executing safepoint VM operation: ICBufferFull
Event: 1192.289 Executing safepoint VM operation: ICBufferFull done
Event: 1192.767 Executing safepoint VM operation: ICBufferFull
Event: 1192.767 Executing safepoint VM operation: ICBufferFull done
Event: 1193.243 Executing safepoint VM operation: ICBufferFull
Event: 1193.243 Executing safepoint VM operation: ICBufferFull done
Event: 1193.430 Executing safepoint VM operation: G1TryInitiateConcMark (CodeCache GC Threshold)
Event: 1193.534 Executing safepoint VM operation: G1TryInitiateConcMark (CodeCache GC Threshold) done
Event: 1193.937 Executing non-safepoint VM operation: HandshakeAllThreads (Deoptimize)
Event: 1193.938 Executing non-safepoint VM operation: HandshakeAllThreads (Deoptimize) done
Event: 1193.949 Executing non-safepoint VM operation: HandshakeAllThreads (Deoptimize)
Event: 1193.950 Executing non-safepoint VM operation: HandshakeAllThreads (Deoptimize) done
Event: 1194.139 Executing safepoint VM operation: ICBufferFull

Memory protections (20 events):
Event: 1153.103 Protecting memory [0x00007fba730f2000,0x00007fba730f6000] with protection modes 0
Event: 1153.104 Protecting memory [0x00007fbad08da000,0x00007fbad08de000] with protection modes 0
Event: 1153.105 Protecting memory [0x00007fbad03d5000,0x00007fbad03d9000] with protection modes 0
Event: 1153.354 Protecting memory [0x00007fbad10e2000,0x00007fbad10e6000] with protection modes 0
Event: 1153.427 Protecting memory [0x00007fbb248fa000,0x00007fbb248fe000] with protection modes 0
Event: 1155.479 Protecting memory [0x00007fbad2f00000,0x00007fbad2f04000] with protection modes 0
Event: 1155.479 Protecting memory [0x00007fbad2dff000,0x00007fbad2e03000] with protection modes 0
Event: 1155.764 Protecting memory [0x00007fbad28fa000,0x00007fbad28fe000] with protection modes 0
Event: 1155.765 Protecting memory [0x00007fbad27f9000,0x00007fbad27fd000] with protection modes 0
Event: 1155.766 Protecting memory [0x00007fbad25f7000,0x00007fbad25fb000] with protection modes 0
Event: 1156.256 Protecting memory [0x00007fbad24f6000,0x00007fbad24fa000] with protection modes 0
Event: 1162.533 Protecting memory [0x00007fbad23f5000,0x00007fbad23f9000] with protection modes 0
Event: 1162.534 Protecting memory [0x00007fbad22f4000,0x00007fbad22f8000] with protection modes 0
Event: 1162.636 Protecting memory [0x00007fbad21f3000,0x00007fbad21f7000] with protection modes 0
Event: 1162.670 Protecting memory [0x00007fbad1def000,0x00007fbad1df3000] with protection modes 0
Event: 1175.490 Protecting memory [0x00007fbad1cee000,0x00007fbad1cf2000] with protection modes 0
Event: 1175.507 Protecting memory [0x00007fbad1bed000,0x00007fbad1bf1000] with protection modes 0
Event: 1177.830 Protecting memory [0x00007fbad17e9000,0x00007fbad17ed000] with protection modes 0
Event: 1181.701 Protecting memory [0x00007fbad0fe1000,0x00007fbad0fe5000] with protection modes 0
Event: 1181.741 Protecting memory [0x00007fbad0bdd000,0x00007fbad0be1000] with protection modes 0

Nmethod flushes (20 events):
Event: 1161.350 Thread 0x00007fbb4c0e58a0 flushing  nmethod 0x00007fbb36aac390
Event: 1161.350 Thread 0x00007fbb4c0e58a0 flushing  nmethod 0x00007fbb36aad610
Event: 1161.350 Thread 0x00007fbb4c0e58a0 flushing  nmethod 0x00007fbb36aad990
Event: 1161.350 Thread 0x00007fbb4c0e58a0 flushing  nmethod 0x00007fbb36ab1910
Event: 1161.350 Thread 0x00007fbb4c0e58a0 flushing  nmethod 0x00007fbb36ab1d90
Event: 1161.350 Thread 0x00007fbb4c0e58a0 flushing  nmethod 0x00007fbb36ab3c10
Event: 1161.350 Thread 0x00007fbb4c0e58a0 flushing  nmethod 0x00007fbb36ab9290
Event: 1161.350 Thread 0x00007fbb4c0e58a0 flushing  nmethod 0x00007fbb36ab9a10
Event: 1161.350 Thread 0x00007fbb4c0e58a0 flushing  nmethod 0x00007fbb36ac4310
Event: 1161.350 Thread 0x00007fbb4c0e58a0 flushing  nmethod 0x00007fbb36acb910
Event: 1161.350 Thread 0x00007fbb4c0e58a0 flushing  nmethod 0x00007fbb36aee910
Event: 1161.350 Thread 0x00007fbb4c0e58a0 flushing  nmethod 0x00007fbb36af3810
Event: 1161.350 Thread 0x00007fbb4c0e58a0 flushing  nmethod 0x00007fbb36b06290
Event: 1161.350 Thread 0x00007fbb4c0e58a0 flushing  nmethod 0x00007fbb36b08e90
Event: 1161.350 Thread 0x00007fbb4c0e58a0 flushing  nmethod 0x00007fbb36b25590
Event: 1161.350 Thread 0x00007fbb4c0e58a0 flushing  nmethod 0x00007fbb36b26b90
Event: 1161.350 Thread 0x00007fbb4c0e58a0 flushing  nmethod 0x00007fbb36b34690
Event: 1161.350 Thread 0x00007fbb4c0e58a0 flushing  nmethod 0x00007fbb36b44910
Event: 1161.350 Thread 0x00007fbb4c0e58a0 flushing osr nmethod 0x00007fbb36b47a90
Event: 1161.350 Thread 0x00007fbb4c0e58a0 flushing  nmethod 0x00007fbb36b51590

Events (20 events):
Event: 1153.103 Thread 0x00007fba74029620 Thread added: 0x00007fbb2c1725f0
Event: 1153.104 Thread 0x00007fba74029620 Thread added: 0x00007fbb2c5c4440
Event: 1153.105 Thread 0x00007fba74029620 Thread added: 0x00007fbb2c5f0c20
Event: 1153.353 Thread 0x00007fba74029620 Thread added: 0x00007fbb2c48da00
Event: 1153.427 Thread 0x00007fba74029620 Thread added: 0x00007fbb2c489960
Event: 1155.479 Thread 0x00007fba74029620 Thread added: 0x00007fbb2c0621a0
Event: 1155.479 Thread 0x00007fba74029620 Thread added: 0x00007fbb2c081300
Event: 1155.764 Thread 0x00007fba74029620 Thread added: 0x00007fbb2c0b7440
Event: 1155.765 Thread 0x00007fba74029620 Thread added: 0x00007fbb2c558d50
Event: 1155.766 Thread 0x00007fba74029620 Thread added: 0x00007fbb2c08c870
Event: 1156.256 Thread 0x00007fba74029620 Thread added: 0x00007fbb2c8c1b00
Event: 1162.533 Thread 0x00007fbb2c8c1b00 Thread added: 0x00007fbab856b320
Event: 1162.534 Thread 0x00007fbb2c8c1b00 Thread added: 0x00007fbab8567b50
Event: 1162.630 Thread 0x00007fbab8567b50 Thread added: 0x00007fbac0006ea0
Event: 1162.669 Thread 0x00007fbac0006ea0 Thread added: 0x00007fbabc008a20
Event: 1175.490 Thread 0x00007fbb2c8c1b00 Thread added: 0x00007fbab8a24fa0
Event: 1175.507 Thread 0x00007fbb2c8c1b00 Thread added: 0x00007fbab9145fb0
Event: 1177.830 Thread 0x00007fbb2c8c1b00 Thread added: 0x00007fbab81a0d50
Event: 1181.700 Thread 0x00007fbab81a0d50 Thread added: 0x00007fbb1c0387b0
Event: 1181.741 Thread 0x00007fbb2c8c1b00 Thread added: 0x00007fbab9f4e260


Dynamic libraries:
c0000000-e3a00000 rw-p 00000000 00:00 0 
e3a00000-feb00000 ---p 00000000 00:00 0 
feb00000-ffe00000 rw-p 00000000 00:00 0 
ffe00000-fff0d000 rw-p 00cdb000 08:01 4333429                            /usr/lib/jvm/java-21-openjdk-amd64/lib/server/classes.jsa
fff0d000-100000000 rw-p 00000000 00:00 0 
55a0ed6e1000-55a0ed6e2000 r--p 00000000 08:01 4326129                    /usr/lib/jvm/java-21-openjdk-amd64/bin/java
55a0ed6e2000-55a0ed6e3000 r-xp 00001000 08:01 4326129                    /usr/lib/jvm/java-21-openjdk-amd64/bin/java
55a0ed6e3000-55a0ed6e4000 r--p 00002000 08:01 4326129                    /usr/lib/jvm/java-21-openjdk-amd64/bin/java
55a0ed6e4000-55a0ed6e5000 r--p 00002000 08:01 4326129                    /usr/lib/jvm/java-21-openjdk-amd64/bin/java
55a0ed6e5000-55a0ed6e6000 rw-p 00003000 08:01 4326129                    /usr/lib/jvm/java-21-openjdk-amd64/bin/java
55a0ffcc4000-55a0ffd51000 rw-p 00000000 00:00 0                          [heap]
7fba4e000000-7fba50900000 rw-p 00000000 00:00 0 
7fba50900000-7fba50a00000 rw-p 00000000 00:00 0 
7fba50a00000-7fba52000000 rw-p 00000000 00:00 0 
7fba5b000000-7fba5d1c0000 rw-p 00000000 00:00 0 
7fba5d1c0000-7fba5d200000 ---p 00000000 00:00 0 
7fba5d200000-7fba5ec80000 rw-p 00000000 00:00 0 
7fba5ec80000-7fba5f000000 ---p 00000000 00:00 0 
7fba5f800000-7fba67e3e000 r--s 00000000 08:01 4333428                    /usr/lib/jvm/java-21-openjdk-amd64/lib/modules
7fba68000000-7fba68300000 rw-p 00000000 00:00 0 
7fba68300000-7fba68400000 rw-p 00000000 00:00 0 
7fba68400000-7fba69340000 rw-p 00000000 00:00 0 
7fba69340000-7fba69380000 rw-p 00000000 00:00 0 
7fba69380000-7fba697a0000 rw-p 00000000 00:00 0 
7fba697a0000-7fba69bc0000 rw-p 00000000 00:00 0 
7fba69bc0000-7fba69c00000 rw-p 00000000 00:00 0 
7fba69c00000-7fba6a300000 rw-p 00000000 00:00 0 
7fba6a300000-7fba6a400000 rw-p 00000000 00:00 0 
7fba6a400000-7fba6ad80000 rw-p 00000000 00:00 0 
7fba6ad80000-7fba6ae00000 rw-p 00000000 00:00 0 
7fba6ae00000-7fba6c000000 rw-p 00000000 00:00 0 
7fba6c000000-7fba6c069000 rw-p 00000000 00:00 0 
7fba6c069000-7fba70000000 ---p 00000000 00:00 0 
7fba72a0b000-7fba72ced000 rw-p 00000000 00:00 0 
7fba72ced000-7fba72cee000 rw-p 00000000 00:00 0 
7fba72cee000-7fba72cf2000 ---p 00000000 00:00 0 
7fba72cf2000-7fba72def000 rw-p 00000000 00:00 0 
7fba72def000-7fba72df3000 ---p 00000000 00:00 0 
7fba72df3000-7fba72ef0000 rw-p 00000000 00:00 0 
7fba72ef0000-7fba72ef4000 ---p 00000000 00:00 0 
7fba72ef4000-7fba72ff0000 rw-p 00000000 00:00 0 
7fba730f1000-7fba730f2000 rw-p 00000000 00:00 0 
7fba730f2000-7fba730f6000 ---p 00000000 00:00 0 
7fba730f6000-7fba731f3000 rw-p 00000000 00:00 0 
7fba731f3000-7fba731f7000 ---p 00000000 00:00 0 
7fba731f7000-7fba732f4000 rw-p 00000000 00:00 0 
7fba732f4000-7fba732f8000 ---p 00000000 00:00 0 
7fba732f8000-7fba733f5000 rw-p 00000000 00:00 0 
7fba733f5000-7fba733f9000 ---p 00000000 00:00 0 
7fba733f9000-7fba734f6000 rw-p 00000000 00:00 0 
7fba734f6000-7fba734fa000 ---p 00000000 00:00 0 
7fba734fa000-7fba735f7000 rw-p 00000000 00:00 0 
7fba735f7000-7fba735fb000 ---p 00000000 00:00 0 
7fba735fb000-7fba736f8000 rw-p 00000000 00:00 0 
7fba736f8000-7fba736fc000 ---p 00000000 00:00 0 
7fba736fc000-7fba737f8000 rw-p 00000000 00:00 0 
7fba738f9000-7fba738fa000 rw-p 00000000 00:00 0 
7fba738fa000-7fba738fe000 ---p 00000000 00:00 0 
7fba738fe000-7fba739fb000 rw-p 00000000 00:00 0 
7fba739fb000-7fba739ff000 ---p 00000000 00:00 0 
7fba739ff000-7fba73afb000 rw-p 00000000 00:00 0 
7fba73cfd000-7fba73cfe000 rw-p 00000000 00:00 0 
7fba73cfe000-7fba73d02000 ---p 00000000 00:00 0 
7fba73d02000-7fba73dfe000 rw-p 00000000 00:00 0 
7fba73eff000-7fba73f00000 rw-p 00000000 00:00 0 
7fba73f00000-7fba73f04000 ---p 00000000 00:00 0 
7fba73f04000-7fba74000000 rw-p 00000000 00:00 0 
7fba74000000-7fba74053000 rw-p 00000000 00:00 0 
7fba74053000-7fba78000000 ---p 00000000 00:00 0 
7fba78000000-7fba7ac0f000 rw-p 00000000 00:00 0 
7fba7ac0f000-7fba7c000000 ---p 00000000 00:00 0 
7fba7c000000-7fba7f390000 rw-p 00000000 00:00 0 
7fba7f390000-7fba80000000 ---p 00000000 00:00 0 
7fba80000000-7fba802f3000 rw-p 00000000 00:00 0 
7fba802f3000-7fba84000000 ---p 00000000 00:00 0 
7fba84000000-7fba8403a000 rw-p 00000000 00:00 0 
7fba8403a000-7fba88000000 ---p 00000000 00:00 0 
7fba88000000-7fba88021000 rw-p 00000000 00:00 0 
7fba88021000-7fba8c000000 ---p 00000000 00:00 0 
7fba8c000000-7fba8c021000 rw-p 00000000 00:00 0 
7fba8c021000-7fba90000000 ---p 00000000 00:00 0 
7fba90000000-7fba90030000 rw-p 00000000 00:00 0 
7fba90030000-7fba94000000 ---p 00000000 00:00 0 
7fba94000000-7fba940a9000 rw-p 00000000 00:00 0 
7fba940a9000-7fba98000000 ---p 00000000 00:00 0 
7fba98000000-7fba98053000 rw-p 00000000 00:00 0 
7fba98053000-7fba9c000000 ---p 00000000 00:00 0 
7fba9c000000-7fba9c051000 rw-p 00000000 00:00 0 
7fba9c051000-7fbaa0000000 ---p 00000000 00:00 0 
7fbaa0000000-7fbaa005a000 rw-p 00000000 00:00 0 
7fbaa005a000-7fbaa4000000 ---p 00000000 00:00 0 
7fbaa4000000-7fbaa4185000 rw-p 00000000 00:00 0 
7fbaa4185000-7fbaa8000000 ---p 00000000 00:00 0 
7fbaa8000000-7fbaa8059000 rw-p 00000000 00:00 0 
7fbaa8059000-7fbaac000000 ---p 00000000 00:00 0 
7fbaac000000-7fbaad10a000 rw-p 00000000 00:00 0 
7fbaad10a000-7fbab0000000 ---p 00000000 00:00 0 
7fbab0000000-7fbab0036000 rw-p 00000000 00:00 0 
7fbab0036000-7fbab4000000 ---p 00000000 00:00 0 
7fbab4000000-7fbab405c000 rw-p 00000000 00:00 0 
7fbab405c000-7fbab8000000 ---p 00000000 00:00 0 
7fbab8000000-7fbabb9e6000 rw-p 00000000 00:00 0 
7fbabb9e6000-7fbabc000000 ---p 00000000 00:00 0 
7fbabc000000-7fbabc053000 rw-p 00000000 00:00 0 
7fbabc053000-7fbac0000000 ---p 00000000 00:00 0 
7fbac0000000-7fbac019e000 rw-p 00000000 00:00 0 
7fbac019e000-7fbac4000000 ---p 00000000 00:00 0 
7fbac4000000-7fbac402a000 rw-p 00000000 00:00 0 
7fbac402a000-7fbac8000000 ---p 00000000 00:00 0 
7fbac8000000-7fbac8021000 rw-p 00000000 00:00 0 
7fbac8021000-7fbacc000000 ---p 00000000 00:00 0 
7fbacc000000-7fbacc1ca000 rw-p 00000000 00:00 0 
7fbacc1ca000-7fbad0000000 ---p 00000000 00:00 0 
7fbad00d1000-7fbad00d2000 rw-p 00000000 00:00 0 
7fbad00d2000-7fbad00d6000 ---p 00000000 00:00 0 
7fbad00d6000-7fbad01d3000 rw-p 00000000 00:00 0 
7fbad01d3000-7fbad01d7000 ---p 00000000 00:00 0 
7fbad01d7000-7fbad02d4000 rw-p 00000000 00:00 0 
7fbad02d4000-7fbad02d8000 ---p 00000000 00:00 0 
7fbad02d8000-7fbad03d5000 rw-p 00000000 00:00 0 
7fbad03d5000-7fbad03d9000 ---p 00000000 00:00 0 
7fbad03d9000-7fbad04d5000 rw-p 00000000 00:00 0 
7fbad05d6000-7fbad05d7000 rw-p 00000000 00:00 0 
7fbad05d7000-7fbad05db000 ---p 00000000 00:00 0 
7fbad05db000-7fbad06d8000 rw-p 00000000 00:00 0 
7fbad06d8000-7fbad06dc000 ---p 00000000 00:00 0 
7fbad06dc000-7fbad07d9000 rw-p 00000000 00:00 0 
7fbad07d9000-7fbad07dd000 ---p 00000000 00:00 0 
7fbad07dd000-7fbad08da000 rw-p 00000000 00:00 0 
7fbad08da000-7fbad08de000 ---p 00000000 00:00 0 
7fbad08de000-7fbad09db000 rw-p 00000000 00:00 0 
7fbad09db000-7fbad09df000 ---p 00000000 00:00 0 
7fbad09df000-7fbad0adc000 rw-p 00000000 00:00 0 
7fbad0adc000-7fbad0ae0000 ---p 00000000 00:00 0 
7fbad0ae0000-7fbad0bdd000 rw-p 00000000 00:00 0 
7fbad0bdd000-7fbad0be1000 ---p 00000000 00:00 0 
7fbad0be1000-7fbad0cde000 rw-p 00000000 00:00 0 
7fbad0cde000-7fbad0ce2000 ---p 00000000 00:00 0 
7fbad0ce2000-7fbad0ddf000 rw-p 00000000 00:00 0 
7fbad0ddf000-7fbad0de3000 ---p 00000000 00:00 0 
7fbad0de3000-7fbad0ee0000 rw-p 00000000 00:00 0 
7fbad0ee0000-7fbad0ee4000 ---p 00000000 00:00 0 
7fbad0ee4000-7fbad0fe1000 rw-p 00000000 00:00 0 
7fbad0fe1000-7fbad0fe5000 ---p 00000000 00:00 0 
7fbad0fe5000-7fbad10e2000 rw-p 00000000 00:00 0 
7fbad10e2000-7fbad10e6000 ---p 00000000 00:00 0 
7fbad10e6000-7fbad11e2000 rw-p 00000000 00:00 0 
7fbad11ea000-7fbad1208000 r--p 00000000 08:01 4326309                    /usr/lib/jvm/java-21-openjdk-amd64/lib/libawt.so
7fbad1208000-7fbad12a5000 r-xp 0001e000 08:01 4326309                    /usr/lib/jvm/java-21-openjdk-amd64/lib/libawt.so
7fbad12a5000-7fbad12b2000 r--p 000bb000 08:01 4326309                    /usr/lib/jvm/java-21-openjdk-amd64/lib/libawt.so
7fbad12b2000-7fbad12b3000 r--p 000c7000 08:01 4326309                    /usr/lib/jvm/java-21-openjdk-amd64/lib/libawt.so
7fbad12b3000-7fbad12be000 rw-p 000c8000 08:01 4326309                    /usr/lib/jvm/java-21-openjdk-amd64/lib/libawt.so
7fbad12be000-7fbad12e3000 rw-p 00000000 00:00 0 
7fbad12e3000-7fbad12e4000 rw-p 00000000 00:00 0 
7fbad12e4000-7fbad12e8000 ---p 00000000 00:00 0 
7fbad12e8000-7fbad13e5000 rw-p 00000000 00:00 0 
7fbad13e5000-7fbad13e9000 ---p 00000000 00:00 0 
7fbad13e9000-7fbad14e6000 rw-p 00000000 00:00 0 
7fbad14e6000-7fbad14ea000 ---p 00000000 00:00 0 
7fbad14ea000-7fbad15e7000 rw-p 00000000 00:00 0 
7fbad15e7000-7fbad15eb000 ---p 00000000 00:00 0 
7fbad15eb000-7fbad16e8000 rw-p 00000000 00:00 0 
7fbad16e8000-7fbad16ec000 ---p 00000000 00:00 0 
7fbad16ec000-7fbad17e9000 rw-p 00000000 00:00 0 
7fbad17e9000-7fbad17ed000 ---p 00000000 00:00 0 
7fbad17ed000-7fbad18ea000 rw-p 00000000 00:00 0 
7fbad18ea000-7fbad18ee000 ---p 00000000 00:00 0 
7fbad18ee000-7fbad19eb000 rw-p 00000000 00:00 0 
7fbad19eb000-7fbad19ef000 ---p 00000000 00:00 0 
7fbad19ef000-7fbad1aec000 rw-p 00000000 00:00 0 
7fbad1aec000-7fbad1af0000 ---p 00000000 00:00 0 
7fbad1af0000-7fbad1bed000 rw-p 00000000 00:00 0 
7fbad1bed000-7fbad1bf1000 ---p 00000000 00:00 0 
7fbad1bf1000-7fbad1cee000 rw-p 00000000 00:00 0 
7fbad1cee000-7fbad1cf2000 ---p 00000000 00:00 0 
7fbad1cf2000-7fbad1def000 rw-p 00000000 00:00 0 
7fbad1def000-7fbad1df3000 ---p 00000000 00:00 0 
7fbad1df3000-7fbad1ef0000 rw-p 00000000 00:00 0 
7fbad1ef0000-7fbad1ef4000 ---p 00000000 00:00 0 
7fbad1ef4000-7fbad1ff1000 rw-p 00000000 00:00 0 
7fbad1ff1000-7fbad1ff5000 ---p 00000000 00:00 0 
7fbad1ff5000-7fbad20f2000 rw-p 00000000 00:00 0 
7fbad20f2000-7fbad20f6000 ---p 00000000 00:00 0 
7fbad20f6000-7fbad21f3000 rw-p 00000000 00:00 0 
7fbad21f3000-7fbad21f7000 ---p 00000000 00:00 0 
7fbad21f7000-7fbad22f4000 rw-p 00000000 00:00 0 
7fbad22f4000-7fbad22f8000 ---p 00000000 00:00 0 
7fbad22f8000-7fbad23f5000 rw-p 00000000 00:00 0 
7fbad23f5000-7fbad23f9000 ---p 00000000 00:00 0 
7fbad23f9000-7fbad24f6000 rw-p 00000000 00:00 0 
7fbad24f6000-7fbad24fa000 ---p 00000000 00:00 0 
7fbad24fa000-7fbad25f7000 rw-p 00000000 00:00 0 
7fbad25f7000-7fbad25fb000 ---p 00000000 00:00 0 
7fbad25fb000-7fbad26f8000 rw-p 00000000 00:00 0 
7fbad26f8000-7fbad26fc000 ---p 00000000 00:00 0 
7fbad26fc000-7fbad27f9000 rw-p 00000000 00:00 0 
7fbad27f9000-7fbad27fd000 ---p 00000000 00:00 0 
7fbad27fd000-7fbad28fa000 rw-p 00000000 00:00 0 
7fbad28fa000-7fbad28fe000 ---p 00000000 00:00 0 
7fbad28fe000-7fbad29fb000 rw-p 00000000 00:00 0 
7fbad29fb000-7fbad29ff000 ---p 00000000 00:00 0 
7fbad29ff000-7fbad2afc000 rw-p 00000000 00:00 0 
7fbad2afc000-7fbad2b00000 ---p 00000000 00:00 0 
7fbad2b00000-7fbad2bfd000 rw-p 00000000 00:00 0 
7fbad2bfd000-7fbad2c01000 ---p 00000000 00:00 0 
7fbad2c01000-7fbad2cfe000 rw-p 00000000 00:00 0 
7fbad2cfe000-7fbad2d02000 ---p 00000000 00:00 0 
7fbad2d02000-7fbad2dff000 rw-p 00000000 00:00 0 
7fbad2dff000-7fbad2e03000 ---p 00000000 00:00 0 
7fbad2e03000-7fbad2eff000 rw-p 00000000 00:00 0 
7fbad2eff000-7fbad2f00000 rw-p 00000000 00:00 0 
7fbad2f00000-7fbad2f04000 ---p 00000000 00:00 0 
7fbad2f04000-7fbad3000000 rw-p 00000000 00:00 0 
7fbad3000000-7fbad3400000 rw-p 00000000 00:00 0 
7fbad3400000-7fbad3900000 rw-p 00000000 00:00 0 
7fbad3900000-7fbad3a00000 rw-p 00000000 00:00 0 
7fbad3a00000-7fbad3f00000 rw-p 00000000 00:00 0 
7fbad3f00000-7fbad4000000 rw-p 00000000 00:00 0 
7fbad4000000-7fbad4e00000 rw-p 00000000 00:00 0 
7fbad4e00000-7fbad5500000 rw-p 00000000 00:00 0 
7fbad5500000-7fbad5600000 rw-p 00000000 00:00 0 
7fbad5600000-7fbad6300000 rw-p 00000000 00:00 0 
7fbad6300000-7fbad6400000 rw-p 00000000 00:00 0 
7fbad6400000-7fbad6800000 rw-p 00000000 00:00 0 
7fbad6800000-7fbad6d00000 rw-p 00000000 00:00 0 
7fbad6d00000-7fbad6e00000 rw-p 00000000 00:00 0 
7fbad6e00000-7fbad7000000 rw-p 00000000 00:00 0 
7fbad7000000-7fbad7c9c000 rw-p 00001000 08:01 4333429                    /usr/lib/jvm/java-21-openjdk-amd64/lib/server/classes.jsa
7fbad7c9c000-7fbad8000000 ---p 00000000 00:00 0 
7fbad8000000-7fbad8040000 rw-p 00000000 00:00 0 
7fbad8040000-7fbad8080000 rw-p 00000000 00:00 0 
7fbad8080000-7fbad8140000 rw-p 00000000 00:00 0 
7fbad8140000-7fbad8180000 rw-p 00000000 00:00 0 
7fbad8180000-7fbad8560000 rw-p 00000000 00:00 0 
7fbad8560000-7fbad8580000 rw-p 00000000 00:00 0 
7fbad8580000-7fbad8a00000 rw-p 00000000 00:00 0 
7fbad8a00000-7fbad8b00000 rw-p 00000000 00:00 0 
7fbad8b00000-7fbad9040000 rw-p 00000000 00:00 0 
7fbad9040000-7fbad9080000 rw-p 00000000 00:00 0 
7fbad9080000-7fbada420000 rw-p 00000000 00:00 0 
7fbada420000-7fbb18000000 ---p 00000000 00:00 0 
7fbb18000000-7fbb1807d000 rw-p 00000000 00:00 0 
7fbb1807d000-7fbb1c000000 ---p 00000000 00:00 0 
7fbb1c000000-7fbb1c062000 rw-p 00000000 00:00 0 
7fbb1c062000-7fbb20000000 ---p 00000000 00:00 0 
7fbb20000000-7fbb2013f000 rw-p 00000000 00:00 0 
7fbb2013f000-7fbb24000000 ---p 00000000 00:00 0 
7fbb240f1000-7fbb240f2000 rw-p 00000000 00:00 0 
7fbb240f2000-7fbb240f6000 ---p 00000000 00:00 0 
7fbb240f6000-7fbb241f3000 rw-p 00000000 00:00 0 
7fbb241f3000-7fbb241f7000 ---p 00000000 00:00 0 
7fbb241f7000-7fbb242f4000 rw-p 00000000 00:00 0 
7fbb242f4000-7fbb242f8000 ---p 00000000 00:00 0 
7fbb242f8000-7fbb243f5000 rw-p 00000000 00:00 0 
7fbb243f5000-7fbb243f9000 ---p 00000000 00:00 0 
7fbb243f9000-7fbb244f6000 rw-p 00000000 00:00 0 
7fbb244f6000-7fbb244fa000 ---p 00000000 00:00 0 
7fbb244fa000-7fbb245f7000 rw-p 00000000 00:00 0 
7fbb245f7000-7fbb245fb000 ---p 00000000 00:00 0 
7fbb245fb000-7fbb246f8000 rw-p 00000000 00:00 0 
7fbb246f8000-7fbb246fc000 ---p 00000000 00:00 0 
7fbb246fc000-7fbb247f9000 rw-p 00000000 00:00 0 
7fbb247f9000-7fbb247fd000 ---p 00000000 00:00 0 
7fbb247fd000-7fbb248fa000 rw-p 00000000 00:00 0 
7fbb248fa000-7fbb248fe000 ---p 00000000 00:00 0 
7fbb248fe000-7fbb249fb000 rw-p 00000000 00:00 0 
7fbb249fb000-7fbb249ff000 ---p 00000000 00:00 0 
7fbb249ff000-7fbb24afc000 rw-p 00000000 00:00 0 
7fbb24afc000-7fbb24b00000 ---p 00000000 00:00 0 
7fbb24b00000-7fbb24bfd000 rw-p 00000000 00:00 0 
7fbb24bfd000-7fbb24c01000 ---p 00000000 00:00 0 
7fbb24c01000-7fbb24cfe000 rw-p 00000000 00:00 0 
7fbb24cfe000-7fbb24d02000 ---p 00000000 00:00 0 
7fbb24d02000-7fbb25000000 rw-p 00000000 00:00 0 
7fbb25000000-7fbb25005000 r-xp 00000000 08:01 12453595                   /home/elonmusk/.gradle/native/660c5614fbf4a5f2a75b1949f50a0caf5cd603558e7d8a26e50b933a0cfb79d1/linux-amd64/libnative-platform.so
7fbb25005000-7fbb25205000 ---p 00005000 08:01 12453595                   /home/elonmusk/.gradle/native/660c5614fbf4a5f2a75b1949f50a0caf5cd603558e7d8a26e50b933a0cfb79d1/linux-amd64/libnative-platform.so
7fbb25205000-7fbb25206000 r--p 00005000 08:01 12453595                   /home/elonmusk/.gradle/native/660c5614fbf4a5f2a75b1949f50a0caf5cd603558e7d8a26e50b933a0cfb79d1/linux-amd64/libnative-platform.so
7fbb25206000-7fbb25207000 rw-p 00006000 08:01 12453595                   /home/elonmusk/.gradle/native/660c5614fbf4a5f2a75b1949f50a0caf5cd603558e7d8a26e50b933a0cfb79d1/linux-amd64/libnative-platform.so
7fbb252f7000-7fbb253f9000 rw-p 00000000 00:00 0 
7fbb253f9000-7fbb253fd000 ---p 00000000 00:00 0 
7fbb253fd000-7fbb254fa000 rw-p 00000000 00:00 0 
7fbb254fa000-7fbb254fe000 ---p 00000000 00:00 0 
7fbb254fe000-7fbb255fb000 rw-p 00000000 00:00 0 
7fbb255fb000-7fbb255ff000 ---p 00000000 00:00 0 
7fbb255ff000-7fbb256fc000 rw-p 00000000 00:00 0 
7fbb256fc000-7fbb25700000 ---p 00000000 00:00 0 
7fbb25700000-7fbb257fd000 rw-p 00000000 00:00 0 
7fbb257fd000-7fbb25801000 ---p 00000000 00:00 0 
7fbb25801000-7fbb258fe000 rw-p 00000000 00:00 0 
7fbb258fe000-7fbb25902000 ---p 00000000 00:00 0 
7fbb25902000-7fbb259ff000 rw-p 00000000 00:00 0 
7fbb259ff000-7fbb25a03000 ---p 00000000 00:00 0 
7fbb25a03000-7fbb25b00000 rw-p 00000000 00:00 0 
7fbb25b00000-7fbb25b04000 ---p 00000000 00:00 0 
7fbb25b04000-7fbb25c00000 rw-p 00000000 00:00 0 
7fbb25c00000-7fbb25eec000 r--p 00000000 08:01 4063620                    /usr/lib/locale/locale-archive
7fbb25eff000-7fbb25f00000 rw-p 00000000 00:00 0 
7fbb25f00000-7fbb25f04000 ---p 00000000 00:00 0 
7fbb25f04000-7fbb26000000 rw-p 00000000 00:00 0 
7fbb26000000-7fbb28105000 rw-p 00000000 00:00 0 
7fbb28105000-7fbb2c000000 ---p 00000000 00:00 0 
7fbb2c000000-7fbb2c8da000 rw-p 00000000 00:00 0 
7fbb2c8da000-7fbb30000000 ---p 00000000 00:00 0 
7fbb30000000-7fbb300b2000 rw-p 00000000 00:00 0 
7fbb300b2000-7fbb34000000 ---p 00000000 00:00 0 
7fbb34028000-7fbb3402d000 r--p 00000000 08:01 4333412                    /usr/lib/jvm/java-21-openjdk-amd64/lib/libjsvml.so
7fbb3402d000-7fbb3406e000 r-xp 00005000 08:01 4333412                    /usr/lib/jvm/java-21-openjdk-amd64/lib/libjsvml.so
7fbb3406e000-7fbb340f7000 r--p 00046000 08:01 4333412                    /usr/lib/jvm/java-21-openjdk-amd64/lib/libjsvml.so
7fbb340f7000-7fbb340f8000 r--p 000ce000 08:01 4333412                    /usr/lib/jvm/java-21-openjdk-amd64/lib/libjsvml.so
7fbb340f8000-7fbb340f9000 rw-p 000cf000 08:01 4333412                    /usr/lib/jvm/java-21-openjdk-amd64/lib/libjsvml.so
7fbb340f9000-7fbb344fd000 rw-p 00000000 00:00 0 
7fbb344fd000-7fbb34800000 rw-p 00000000 00:00 0 
7fbb34800000-7fbb374f0000 rwxp 00000000 00:00 0 
7fbb374f0000-7fbb3bd37000 ---p 00000000 00:00 0 
7fbb3bd37000-7fbb3c017000 rwxp 00000000 00:00 0 
7fbb3c017000-7fbb3c2c8000 ---p 00000000 00:00 0 
7fbb3c2c8000-7fbb3d0d8000 rwxp 00000000 00:00 0 
7fbb3d0d8000-7fbb43800000 ---p 00000000 00:00 0 
7fbb43800000-7fbb4be3e000 r--s 00000000 08:01 4333428                    /usr/lib/jvm/java-21-openjdk-amd64/lib/modules
7fbb4be6f000-7fbb4beab000 r--p 00000000 08:01 12453612                   /home/elonmusk/.gradle/native/0.2.8/x86_64-linux-gnu/libgradle-fileevents.so
7fbb4beab000-7fbb4bef3000 r-xp 0003b000 08:01 12453612                   /home/elonmusk/.gradle/native/0.2.8/x86_64-linux-gnu/libgradle-fileevents.so
7fbb4bef3000-7fbb4befc000 r--p 00082000 08:01 12453612                   /home/elonmusk/.gradle/native/0.2.8/x86_64-linux-gnu/libgradle-fileevents.so
7fbb4befc000-7fbb4befd000 rw-p 0008a000 08:01 12453612                   /home/elonmusk/.gradle/native/0.2.8/x86_64-linux-gnu/libgradle-fileevents.so
7fbb4befd000-7fbb4d452000 rw-p 00000000 00:00 0 
7fbb4d452000-7fbb50000000 ---p 00000000 00:00 0 
7fbb50015000-7fbb5001c000 r--s 00000000 08:01 4070936                    /usr/lib/x86_64-linux-gnu/gconv/gconv-modules.cache
7fbb5001c000-7fbb5001d000 r--p 00000000 08:01 4326535                    /usr/lib/jvm/java-21-openjdk-amd64/lib/libextnet.so
7fbb5001d000-7fbb5001e000 r-xp 00001000 08:01 4326535                    /usr/lib/jvm/java-21-openjdk-amd64/lib/libextnet.so
7fbb5001e000-7fbb5001f000 r--p 00002000 08:01 4326535                    /usr/lib/jvm/java-21-openjdk-amd64/lib/libextnet.so
7fbb5001f000-7fbb50020000 r--p 00002000 08:01 4326535                    /usr/lib/jvm/java-21-openjdk-amd64/lib/libextnet.so
7fbb50020000-7fbb50021000 rw-p 00003000 08:01 4326535                    /usr/lib/jvm/java-21-openjdk-amd64/lib/libextnet.so
7fbb50021000-7fbb500fd000 rw-p 00000000 00:00 0 
7fbb500fd000-7fbb50400000 rw-p 00000000 00:00 0 
7fbb50400000-7fbb50ce8000 rw-p 00000000 00:00 0 
7fbb50ce8000-7fbb513ac000 ---p 00000000 00:00 0 
7fbb513ac000-7fbb5151d000 rw-p 00000000 00:00 0 
7fbb5151d000-7fbb515f5000 ---p 00000000 00:00 0 
7fbb515f5000-7fbb5171d000 rw-p 00000000 00:00 0 
7fbb5171d000-7fbb517f5000 ---p 00000000 00:00 0 
7fbb517f5000-7fbb51800000 rw-p 00000000 00:00 0 
7fbb51801000-7fbb51803000 r--p 00000000 08:01 4333417                    /usr/lib/jvm/java-21-openjdk-amd64/lib/libmanagement_ext.so
7fbb51803000-7fbb51806000 r-xp 00002000 08:01 4333417                    /usr/lib/jvm/java-21-openjdk-amd64/lib/libmanagement_ext.so
7fbb51806000-7fbb51807000 r--p 00005000 08:01 4333417                    /usr/lib/jvm/java-21-openjdk-amd64/lib/libmanagement_ext.so
7fbb51807000-7fbb51808000 r--p 00006000 08:01 4333417                    /usr/lib/jvm/java-21-openjdk-amd64/lib/libmanagement_ext.so
7fbb51808000-7fbb51809000 rw-p 00007000 08:01 4333417                    /usr/lib/jvm/java-21-openjdk-amd64/lib/libmanagement_ext.so
7fbb51809000-7fbb5180d000 r--p 00000000 08:01 4333426                    /usr/lib/jvm/java-21-openjdk-amd64/lib/libverify.so
7fbb5180d000-7fbb51814000 r-xp 00004000 08:01 4333426                    /usr/lib/jvm/java-21-openjdk-amd64/lib/libverify.so
7fbb51814000-7fbb51816000 r--p 0000b000 08:01 4333426                    /usr/lib/jvm/java-21-openjdk-amd64/lib/libverify.so
7fbb51816000-7fbb51818000 r--p 0000c000 08:01 4333426                    /usr/lib/jvm/java-21-openjdk-amd64/lib/libverify.so
7fbb51818000-7fbb51819000 rw-p 0000e000 08:01 4333426                    /usr/lib/jvm/java-21-openjdk-amd64/lib/libverify.so
7fbb51819000-7fbb5181b000 r--p 00000000 08:01 4333419                    /usr/lib/jvm/java-21-openjdk-amd64/lib/libnet.so
7fbb5181b000-7fbb51822000 r-xp 00002000 08:01 4333419                    /usr/lib/jvm/java-21-openjdk-amd64/lib/libnet.so
7fbb51822000-7fbb51824000 r--p 00009000 08:01 4333419                    /usr/lib/jvm/java-21-openjdk-amd64/lib/libnet.so
7fbb51824000-7fbb51825000 r--p 0000a000 08:01 4333419                    /usr/lib/jvm/java-21-openjdk-amd64/lib/libnet.so
7fbb51825000-7fbb51826000 rw-p 0000b000 08:01 4333419                    /usr/lib/jvm/java-21-openjdk-amd64/lib/libnet.so
7fbb51826000-7fbb51c47000 rw-p 00000000 00:00 0 
7fbb51c47000-7fbb51d15000 ---p 00000000 00:00 0 
7fbb51d15000-7fbb51d6f000 rw-p 00000000 00:00 0 
7fbb51d6f000-7fbb51e00000 ---p 00000000 00:00 0 
7fbb51e00000-7fbb51ea2000 r--p 00000000 08:01 4071148                    /usr/lib/x86_64-linux-gnu/libstdc++.so.6.0.34
7fbb51ea2000-7fbb51fd2000 r-xp 000a2000 08:01 4071148                    /usr/lib/x86_64-linux-gnu/libstdc++.so.6.0.34
7fbb51fd2000-7fbb52060000 r--p 001d2000 08:01 4071148                    /usr/lib/x86_64-linux-gnu/libstdc++.so.6.0.34
7fbb52060000-7fbb5206f000 r--p 0025f000 08:01 4071148                    /usr/lib/x86_64-linux-gnu/libstdc++.so.6.0.34
7fbb5206f000-7fbb52072000 rw-p 0026e000 08:01 4071148                    /usr/lib/x86_64-linux-gnu/libstdc++.so.6.0.34
7fbb52072000-7fbb52076000 rw-p 00000000 00:00 0 
7fbb52076000-7fbb52078000 r--p 00000000 08:01 4333415                    /usr/lib/jvm/java-21-openjdk-amd64/lib/libmanagement.so
7fbb52078000-7fbb52079000 r-xp 00002000 08:01 4333415                    /usr/lib/jvm/java-21-openjdk-amd64/lib/libmanagement.so
7fbb52079000-7fbb5207a000 r--p 00003000 08:01 4333415                    /usr/lib/jvm/java-21-openjdk-amd64/lib/libmanagement.so
7fbb5207a000-7fbb5207b000 r--p 00003000 08:01 4333415                    /usr/lib/jvm/java-21-openjdk-amd64/lib/libmanagement.so
7fbb5207b000-7fbb5207c000 rw-p 00004000 08:01 4333415                    /usr/lib/jvm/java-21-openjdk-amd64/lib/libmanagement.so
7fbb5207c000-7fbb52083000 r--p 00000000 08:01 4333420                    /usr/lib/jvm/java-21-openjdk-amd64/lib/libnio.so
7fbb52083000-7fbb5208c000 r-xp 00007000 08:01 4333420                    /usr/lib/jvm/java-21-openjdk-amd64/lib/libnio.so
7fbb5208c000-7fbb52090000 r--p 00010000 08:01 4333420                    /usr/lib/jvm/java-21-openjdk-amd64/lib/libnio.so
7fbb52090000-7fbb52091000 r--p 00014000 08:01 4333420                    /usr/lib/jvm/java-21-openjdk-amd64/lib/libnio.so
7fbb52091000-7fbb52092000 rw-p 00015000 08:01 4333420                    /usr/lib/jvm/java-21-openjdk-amd64/lib/libnio.so
7fbb52092000-7fbb52094000 r--p 00000000 08:01 4333427                    /usr/lib/jvm/java-21-openjdk-amd64/lib/libzip.so
7fbb52094000-7fbb52098000 r-xp 00002000 08:01 4333427                    /usr/lib/jvm/java-21-openjdk-amd64/lib/libzip.so
7fbb52098000-7fbb5209a000 r--p 00006000 08:01 4333427                    /usr/lib/jvm/java-21-openjdk-amd64/lib/libzip.so
7fbb5209a000-7fbb5209b000 r--p 00007000 08:01 4333427                    /usr/lib/jvm/java-21-openjdk-amd64/lib/libzip.so
7fbb5209b000-7fbb5209c000 rw-p 00008000 08:01 4333427                    /usr/lib/jvm/java-21-openjdk-amd64/lib/libzip.so
7fbb520d2000-7fbb520d5000 r--p 00000000 08:01 4326311                    /usr/lib/jvm/java-21-openjdk-amd64/lib/libawt_headless.so
7fbb520d5000-7fbb520d9000 r-xp 00003000 08:01 4326311                    /usr/lib/jvm/java-21-openjdk-amd64/lib/libawt_headless.so
7fbb520d9000-7fbb520db000 r--p 00007000 08:01 4326311                    /usr/lib/jvm/java-21-openjdk-amd64/lib/libawt_headless.so
7fbb520db000-7fbb520dc000 r--p 00008000 08:01 4326311                    /usr/lib/jvm/java-21-openjdk-amd64/lib/libawt_headless.so
7fbb520dc000-7fbb520dd000 rw-p 00009000 08:01 4326311                    /usr/lib/jvm/java-21-openjdk-amd64/lib/libawt_headless.so
7fbb520dd000-7fbb52100000 rw-p 00000000 00:00 0 
7fbb52100000-7fbb52104000 ---p 00000000 00:00 0 
7fbb52104000-7fbb52200000 rw-p 00000000 00:00 0 
7fbb52200000-7fbb524aa000 r--p 00000000 08:01 4333432                    /usr/lib/jvm/java-21-openjdk-amd64/lib/server/libjvm.so
7fbb524aa000-7fbb53396000 r-xp 002aa000 08:01 4333432                    /usr/lib/jvm/java-21-openjdk-amd64/lib/server/libjvm.so
7fbb53396000-7fbb53669000 r--p 01196000 08:01 4333432                    /usr/lib/jvm/java-21-openjdk-amd64/lib/server/libjvm.so
7fbb53669000-7fbb5373f000 r--p 01469000 08:01 4333432                    /usr/lib/jvm/java-21-openjdk-amd64/lib/server/libjvm.so
7fbb5373f000-7fbb5376f000 rw-p 0153f000 08:01 4333432                    /usr/lib/jvm/java-21-openjdk-amd64/lib/server/libjvm.so
7fbb5376f000-7fbb537d5000 rw-p 00000000 00:00 0 
7fbb537d8000-7fbb537d9000 r--p 00000000 08:01 4070942                    /usr/lib/x86_64-linux-gnu/libdl.so.2
7fbb537d9000-7fbb537da000 r-xp 00001000 08:01 4070942                    /usr/lib/x86_64-linux-gnu/libdl.so.2
7fbb537da000-7fbb537db000 r--p 00002000 08:01 4070942                    /usr/lib/x86_64-linux-gnu/libdl.so.2
7fbb537db000-7fbb537dc000 r--p 00002000 08:01 4070942                    /usr/lib/x86_64-linux-gnu/libdl.so.2
7fbb537dc000-7fbb537dd000 rw-p 00003000 08:01 4070942                    /usr/lib/x86_64-linux-gnu/libdl.so.2
7fbb537dd000-7fbb537ea000 r--p 00000000 08:01 4333405                    /usr/lib/jvm/java-21-openjdk-amd64/lib/libjava.so
7fbb537ea000-7fbb537f8000 r-xp 0000d000 08:01 4333405                    /usr/lib/jvm/java-21-openjdk-amd64/lib/libjava.so
7fbb537f8000-7fbb537fd000 r--p 0001b000 08:01 4333405                    /usr/lib/jvm/java-21-openjdk-amd64/lib/libjava.so
7fbb537fd000-7fbb537fe000 r--p 00020000 08:01 4333405                    /usr/lib/jvm/java-21-openjdk-amd64/lib/libjava.so
7fbb537fe000-7fbb537ff000 rw-p 00021000 08:01 4333405                    /usr/lib/jvm/java-21-openjdk-amd64/lib/libjava.so
7fbb537ff000-7fbb53800000 rw-p 00000000 00:00 0 
7fbb53800000-7fbb53828000 r--p 00000000 08:01 4070940                    /usr/lib/x86_64-linux-gnu/libc.so.6
7fbb53828000-7fbb5398d000 r-xp 00028000 08:01 4070940                    /usr/lib/x86_64-linux-gnu/libc.so.6
7fbb5398d000-7fbb53a11000 r--p 0018d000 08:01 4070940                    /usr/lib/x86_64-linux-gnu/libc.so.6
7fbb53a11000-7fbb53a15000 r--p 00210000 08:01 4070940                    /usr/lib/x86_64-linux-gnu/libc.so.6
7fbb53a15000-7fbb53a17000 rw-p 00214000 08:01 4070940                    /usr/lib/x86_64-linux-gnu/libc.so.6
7fbb53a17000-7fbb53a24000 rw-p 00000000 00:00 0 
7fbb53a26000-7fbb53a27000 r--p 00000000 08:01 4070952                    /usr/lib/x86_64-linux-gnu/libpthread.so.0
7fbb53a27000-7fbb53a28000 r-xp 00001000 08:01 4070952                    /usr/lib/x86_64-linux-gnu/libpthread.so.0
7fbb53a28000-7fbb53a29000 r--p 00002000 08:01 4070952                    /usr/lib/x86_64-linux-gnu/libpthread.so.0
7fbb53a29000-7fbb53a2a000 r--p 00002000 08:01 4070952                    /usr/lib/x86_64-linux-gnu/libpthread.so.0
7fbb53a2a000-7fbb53a2b000 rw-p 00003000 08:01 4070952                    /usr/lib/x86_64-linux-gnu/libpthread.so.0
7fbb53a2b000-7fbb53a31000 rw-p 00000000 00:00 0 
7fbb53a31000-7fbb53a37000 ---p 00000000 00:00 0 
7fbb53a37000-7fbb53a3b000 r--p 00000000 08:01 4063817                    /usr/lib/x86_64-linux-gnu/libgcc_s.so.1
7fbb53a3b000-7fbb53a5e000 r-xp 00004000 08:01 4063817                    /usr/lib/x86_64-linux-gnu/libgcc_s.so.1
7fbb53a5e000-7fbb53a62000 r--p 00027000 08:01 4063817                    /usr/lib/x86_64-linux-gnu/libgcc_s.so.1
7fbb53a62000-7fbb53a63000 r--p 0002a000 08:01 4063817                    /usr/lib/x86_64-linux-gnu/libgcc_s.so.1
7fbb53a63000-7fbb53a64000 rw-p 0002b000 08:01 4063817                    /usr/lib/x86_64-linux-gnu/libgcc_s.so.1
7fbb53a64000-7fbb53a75000 r--p 00000000 08:01 4070943                    /usr/lib/x86_64-linux-gnu/libm.so.6
7fbb53a75000-7fbb53af7000 r-xp 00011000 08:01 4070943                    /usr/lib/x86_64-linux-gnu/libm.so.6
7fbb53af7000-7fbb53b68000 r--p 00093000 08:01 4070943                    /usr/lib/x86_64-linux-gnu/libm.so.6
7fbb53b68000-7fbb53b69000 r--p 00103000 08:01 4070943                    /usr/lib/x86_64-linux-gnu/libm.so.6
7fbb53b69000-7fbb53b6a000 rw-p 00104000 08:01 4070943                    /usr/lib/x86_64-linux-gnu/libm.so.6
7fbb53b6a000-7fbb53b6c000 rw-p 00000000 00:00 0 
7fbb53b6c000-7fbb53b6e000 r--p 00000000 08:01 4333409                    /usr/lib/jvm/java-21-openjdk-amd64/lib/libjli.so
7fbb53b6e000-7fbb53b78000 r-xp 00002000 08:01 4333409                    /usr/lib/jvm/java-21-openjdk-amd64/lib/libjli.so
7fbb53b78000-7fbb53b7b000 r--p 0000c000 08:01 4333409                    /usr/lib/jvm/java-21-openjdk-amd64/lib/libjli.so
7fbb53b7b000-7fbb53b7c000 r--p 0000f000 08:01 4333409                    /usr/lib/jvm/java-21-openjdk-amd64/lib/libjli.so
7fbb53b7c000-7fbb53b7d000 rw-p 00010000 08:01 4333409                    /usr/lib/jvm/java-21-openjdk-amd64/lib/libjli.so
7fbb53b7d000-7fbb53b80000 r--p 00000000 08:01 4063610                    /usr/lib/x86_64-linux-gnu/libz.so.1.3.1
7fbb53b80000-7fbb53b94000 r-xp 00003000 08:01 4063610                    /usr/lib/x86_64-linux-gnu/libz.so.1.3.1
7fbb53b94000-7fbb53b9b000 r--p 00017000 08:01 4063610                    /usr/lib/x86_64-linux-gnu/libz.so.1.3.1
7fbb53b9b000-7fbb53b9c000 r--p 0001d000 08:01 4063610                    /usr/lib/x86_64-linux-gnu/libz.so.1.3.1
7fbb53b9c000-7fbb53b9d000 rw-p 0001e000 08:01 4063610                    /usr/lib/x86_64-linux-gnu/libz.so.1.3.1
7fbb53ba0000-7fbb53ba8000 rw-s 00000000 00:27 67                         /tmp/hsperfdata_elonmusk/47546
7fbb53ba8000-7fbb53ba9000 r--p 00000000 08:01 4326543                    /usr/lib/jvm/java-21-openjdk-amd64/lib/libinstrument.so
7fbb53ba9000-7fbb53baf000 r-xp 00001000 08:01 4326543                    /usr/lib/jvm/java-21-openjdk-amd64/lib/libinstrument.so
7fbb53baf000-7fbb53bb2000 r--p 00007000 08:01 4326543                    /usr/lib/jvm/java-21-openjdk-amd64/lib/libinstrument.so
7fbb53bb2000-7fbb53bb3000 r--p 00009000 08:01 4326543                    /usr/lib/jvm/java-21-openjdk-amd64/lib/libinstrument.so
7fbb53bb3000-7fbb53bb4000 rw-p 0000a000 08:01 4326543                    /usr/lib/jvm/java-21-openjdk-amd64/lib/libinstrument.so
7fbb53bb4000-7fbb53bb5000 ---p 00000000 00:00 0 
7fbb53bb5000-7fbb53bb6000 r--p 00000000 00:00 0 
7fbb53bb6000-7fbb53bb7000 ---p 00000000 00:00 0 
7fbb53bb7000-7fbb53bb9000 r--p 00000000 08:01 4333408                    /usr/lib/jvm/java-21-openjdk-amd64/lib/libjimage.so
7fbb53bb9000-7fbb53bbc000 r-xp 00002000 08:01 4333408                    /usr/lib/jvm/java-21-openjdk-amd64/lib/libjimage.so
7fbb53bbc000-7fbb53bbd000 r--p 00005000 08:01 4333408                    /usr/lib/jvm/java-21-openjdk-amd64/lib/libjimage.so
7fbb53bbd000-7fbb53bbe000 r--p 00006000 08:01 4333408                    /usr/lib/jvm/java-21-openjdk-amd64/lib/libjimage.so
7fbb53bbe000-7fbb53bbf000 rw-p 00007000 08:01 4333408                    /usr/lib/jvm/java-21-openjdk-amd64/lib/libjimage.so
7fbb53bbf000-7fbb53bc1000 rw-p 00000000 00:00 0 
7fbb53bc1000-7fbb53bc5000 r--p 00000000 00:00 0                          [vvar]
7fbb53bc5000-7fbb53bc7000 r--p 00000000 00:00 0                          [vvar_vclock]
7fbb53bc7000-7fbb53bc9000 r-xp 00000000 00:00 0                          [vdso]
7fbb53bc9000-7fbb53bca000 r--p 00000000 08:01 4070937                    /usr/lib/x86_64-linux-gnu/ld-linux-x86-64.so.2
7fbb53bca000-7fbb53bf2000 r-xp 00001000 08:01 4070937                    /usr/lib/x86_64-linux-gnu/ld-linux-x86-64.so.2
7fbb53bf2000-7fbb53c02000 r--p 00029000 08:01 4070937                    /usr/lib/x86_64-linux-gnu/ld-linux-x86-64.so.2
7fbb53c02000-7fbb53c04000 r--p 00039000 08:01 4070937                    /usr/lib/x86_64-linux-gnu/ld-linux-x86-64.so.2
7fbb53c04000-7fbb53c05000 rw-p 0003b000 08:01 4070937                    /usr/lib/x86_64-linux-gnu/ld-linux-x86-64.so.2
7fbb53c05000-7fbb53c06000 rw-p 00000000 00:00 0 
7ffd23c0b000-7ffd23c2d000 rw-p 00000000 00:00 0                          [stack]
Total number of mappings: 464

JVMTI agents:
/home/elonmusk/.gradle/wrapper/dists/gradle-9.2.1-bin/2t0n5ozlw9xmuyvbp7dnzaxug/gradle-9.2.1/lib/agents/gradle-instrumentation-agent-9.2.1.jar path:none, loaded, initialized, instrumentlib options:none


VM Arguments:
jvm_args: --add-opens=java.base/java.lang=ALL-UNNAMED --add-opens=java.base/java.lang.invoke=ALL-UNNAMED --add-opens=java.base/java.util=ALL-UNNAMED --add-opens=java.prefs/java.util.prefs=ALL-UNNAMED --add-exports=jdk.compiler/com.sun.tools.javac.api=ALL-UNNAMED --add-exports=jdk.compiler/com.sun.tools.javac.util=ALL-UNNAMED --add-opens=java.base/java.util=ALL-UNNAMED --add-opens=java.prefs/java.util.prefs=ALL-UNNAMED --add-opens=java.base/java.nio.charset=ALL-UNNAMED --add-opens=java.base/java.net=ALL-UNNAMED --add-opens=java.base/java.util.concurrent=ALL-UNNAMED --add-opens=java.base/java.util.concurrent.atomic=ALL-UNNAMED --add-opens=java.xml/javax.xml.namespace=ALL-UNNAMED --add-opens=java.base/java.time=ALL-UNNAMED -Xmx1024m -Dfile.encoding=UTF-8 -Duser.country=US -Duser.language=en -Duser.variant -javaagent:/home/elonmusk/.gradle/wrapper/dists/gradle-9.2.1-bin/2t0n5ozlw9xmuyvbp7dnzaxug/gradle-9.2.1/lib/agents/gradle-instrumentation-agent-9.2.1.jar 
java_command: org.gradle.launcher.daemon.bootstrap.GradleDaemon 9.2.1
java_class_path (initial): /home/elonmusk/.gradle/wrapper/dists/gradle-9.2.1-bin/2t0n5ozlw9xmuyvbp7dnzaxug/gradle-9.2.1/lib/gradle-daemon-main-9.2.1.jar
Launcher Type: SUN_STANDARD

[Global flags]
     intx CICompilerCount                          = 3                                         {product} {ergonomic}
     uint ConcGCThreads                            = 1                                         {product} {ergonomic}
     uint G1ConcRefinementThreads                  = 4                                         {product} {ergonomic}
   size_t G1HeapRegionSize                         = 1048576                                   {product} {ergonomic}
    uintx GCDrainStackTargetSize                   = 64                                        {product} {ergonomic}
   size_t InitialHeapSize                          = 90177536                                  {product} {ergonomic}
   size_t MarkStackSize                            = 4194304                                   {product} {ergonomic}
   size_t MaxHeapSize                              = 1073741824                                {product} {command line}
   size_t MaxNewSize                               = 643825664                                 {product} {ergonomic}
   size_t MinHeapDeltaBytes                        = 1048576                                   {product} {ergonomic}
   size_t MinHeapSize                              = 8388608                                   {product} {ergonomic}
    uintx NonNMethodCodeHeapSize                   = 5832780                                {pd product} {ergonomic}
    uintx NonProfiledCodeHeapSize                  = 122912730                              {pd product} {ergonomic}
    uintx ProfiledCodeHeapSize                     = 122912730                              {pd product} {ergonomic}
    uintx ReservedCodeCacheSize                    = 251658240                              {pd product} {ergonomic}
     bool SegmentedCodeCache                       = true                                      {product} {ergonomic}
   size_t SoftMaxHeapSize                          = 1073741824                             {manageable} {ergonomic}
     bool UseCompressedOops                        = true                           {product lp64_product} {ergonomic}
     bool UseG1GC                                  = true                                      {product} {ergonomic}

Logging:
Log output configuration:
 #0: stdout all=warning uptime,level,tags foldmultilines=false
 #1: stderr all=off uptime,level,tags foldmultilines=false

Release file:
IMPLEMENTOR="Debian"
JAVA_RUNTIME_VERSION="21.0.10+7-Debian-1"
JAVA_VERSION="21.0.10"
JAVA_VERSION_DATE="2026-01-20"
LIBC="gnu"
MODULES="java.base java.compiler java.datatransfer java.xml java.prefs java.desktop java.instrument java.logging java.management java.security.sasl java.naming java.rmi java.management.rmi java.net.http java.scripting java.security.jgss java.transaction.xa java.sql java.sql.rowset java.xml.crypto java.se java.smartcardio jdk.accessibility jdk.internal.jvmstat jdk.attach jdk.charsets jdk.internal.opt jdk.zipfs jdk.compiler jdk.crypto.ec jdk.crypto.cryptoki jdk.dynalink jdk.internal.ed jdk.editpad jdk.hotspot.agent jdk.httpserver jdk.incubator.vector jdk.internal.le jdk.internal.vm.ci jdk.internal.vm.compiler jdk.internal.vm.compiler.management jdk.jartool jdk.javadoc jdk.jcmd jdk.management jdk.management.agent jdk.jconsole jdk.jdeps jdk.jdwp.agent jdk.jdi jdk.jfr jdk.jlink jdk.jpackage jdk.jshell jdk.jsobject jdk.jstatd jdk.localedata jdk.management.jfr jdk.naming.dns jdk.naming.rmi jdk.net jdk.nio.mapmode jdk.random jdk.sctp jdk.security.auth jdk.security.jgss jdk.unsupported jdk.unsupported.desktop jdk.xml.dom"
OS_ARCH="x86_64"
OS_NAME="Linux"
SOURCE=""

Environment Variables:
PATH=/home/elonmusk/.local/bin:/usr/local/sbin:/usr/sbin:/sbin:/usr/local/bin:/usr/bin:/bin:/usr/local/games:/usr/games:/snap/bin:/home/elonmusk/.dotnet/tools:/home/elonmusk/Android/Sdk/cmdline-tools/latest/bin:/home/elonmusk/Android/Sdk/platform-tools:/home/elonmusk/Android/Sdk/build-tools/36.0.0
XDG_CACHE_HOME=/home/elonmusk/.cache
XDG_CONFIG_HOME=/home/elonmusk/.config
SHELL=/bin/bash
DISPLAY=:0.0
LANG=en_US.UTF-8
TERM=xterm-256color

Active Locale:
LC_ALL=en_US.UTF-8
LC_COLLATE=en_US.UTF-8
LC_CTYPE=en_US.UTF-8
LC_MESSAGES=en_US.UTF-8
LC_MONETARY=en_US.UTF-8
LC_NUMERIC=en_US.UTF-8
LC_TIME=en_US.UTF-8

Signal Handlers:
   SIGSEGV: crash_handler in libjvm.so, mask=11100100010111111101111111111110, flags=SA_RESTART|SA_SIGINFO, unblocked
    SIGBUS: crash_handler in libjvm.so, mask=11100100010111111101111111111110, flags=SA_RESTART|SA_SIGINFO, unblocked
    SIGFPE: crash_handler in libjvm.so, mask=11100100010111111101111111111110, flags=SA_RESTART|SA_SIGINFO, unblocked
   SIGPIPE: javaSignalHandler in libjvm.so, mask=11100100010111111101111111111110, flags=SA_RESTART|SA_SIGINFO, blocked
   SIGXFSZ: javaSignalHandler in libjvm.so, mask=11100100010111111101111111111110, flags=SA_RESTART|SA_SIGINFO, blocked
    SIGILL: crash_handler in libjvm.so, mask=11100100010111111101111111111110, flags=SA_RESTART|SA_SIGINFO, unblocked
   SIGUSR2: SR_handler in libjvm.so, mask=00000000000000000000000000000000, flags=SA_RESTART|SA_SIGINFO, blocked
    SIGHUP: UserHandler in libjvm.so, mask=11100100010111111101111111111110, flags=SA_RESTART|SA_SIGINFO, blocked
    SIGINT: UserHandler in libjvm.so, mask=11100100010111111101111111111110, flags=SA_RESTART|SA_SIGINFO, blocked
   SIGTERM: UserHandler in libjvm.so, mask=11100100010111111101111111111110, flags=SA_RESTART|SA_SIGINFO, blocked
   SIGQUIT: UserHandler in libjvm.so, mask=11100100010111111101111111111110, flags=SA_RESTART|SA_SIGINFO, blocked
   SIGTRAP: crash_handler in libjvm.so, mask=11100100010111111101111111111110, flags=SA_RESTART|SA_SIGINFO, unblocked


Periodic native trim disabled

---------------  S Y S T E M  ---------------

OS:
PRETTY_NAME="Kali GNU/Linux Rolling"
NAME="Kali GNU/Linux"
VERSION_ID="2025.4"
VERSION="2025.4"
VERSION_CODENAME=kali-rolling
ID=kali
ID_LIKE=debian
HOME_URL="https://www.kali.org/"
SUPPORT_URL="https://forums.kali.org/"
BUG_REPORT_URL="https://bugs.kali.org/"
ANSI_COLOR="1;31"
uname: Linux 6.18.5+kali-amd64 #1 SMP PREEMPT_DYNAMIC Kali 6.18.5-1kali1 (2026-01-19) x86_64
OS uptime: 0 days 1:59 hours
libc: glibc 2.42 NPTL 2.42 
rlimit (soft/hard): STACK 8192k/infinity , CORE 0k/infinity , NPROC 20788/20788 , NOFILE 524288/524288 , AS infinity/infinity , CPU infinity/infinity , DATA infinity/infinity , FSIZE infinity/infinity , MEMLOCK 8192k/8192k
load average: 4.57 4.56 3.16

/proc/meminfo:
MemTotal:        5533004 kB
MemFree:          181632 kB
MemAvailable:    1198596 kB
Buffers:           15984 kB
Cached:          1065708 kB
SwapCached:       142524 kB
Active:          1188332 kB
Inactive:        3681552 kB
Active(anon):     998928 kB
Inactive(anon):  2795768 kB
Active(file):     189404 kB
Inactive(file):   885784 kB
Unevictable:         128 kB
Mlocked:             128 kB
SwapTotal:       5741564 kB
SwapFree:        5167356 kB
Zswap:                 0 kB
Zswapped:              0 kB
Dirty:               744 kB
Writeback:             0 kB
AnonPages:       3777112 kB
Mapped:           503892 kB
Shmem:              6700 kB
KReclaimable:     238016 kB
Slab:             332260 kB
SReclaimable:     238016 kB
SUnreclaim:        94244 kB
KernelStack:        9936 kB
PageTables:        25428 kB
SecPageTables:         0 kB
NFS_Unstable:          0 kB
Bounce:                0 kB
WritebackTmp:          0 kB
CommitLimit:     8508064 kB
Committed_AS:    7188180 kB
VmallocTotal:   34359738367 kB
VmallocUsed:       65852 kB
VmallocChunk:          0 kB
Percpu:             2192 kB
HardwareCorrupted:     0 kB
AnonHugePages:    753664 kB
ShmemHugePages:        0 kB
ShmemPmdMapped:        0 kB
FileHugePages:         0 kB
FilePmdMapped:         0 kB
Unaccepted:            0 kB
Balloon:               0 kB
HugePages_Total:       0
HugePages_Free:        0
HugePages_Rsvd:        0
HugePages_Surp:        0
Hugepagesize:       2048 kB
Hugetlb:               0 kB
DirectMap4k:      407336 kB
DirectMap2M:     5337088 kB
DirectMap1G:           0 kB

/sys/kernel/mm/transparent_hugepage/enabled: [always] madvise never
/sys/kernel/mm/transparent_hugepage/hpage_pmd_size: 2097152
/sys/kernel/mm/transparent_hugepage/defrag (defrag/compaction efforts parameter): always defer defer+madvise [madvise] never

Process Memory:
Virtual Size: 5127604K (peak: 5302464K)
Resident Set Size: 1225316K (peak: 1225316K) (anon: 1193400K, file: 31892K, shmem: 24K)
Swapped out: 14828K
C-Heap outstanding allocations: 206580K, retained: 27255K
glibc malloc tunables: (default)

/proc/sys/kernel/threads-max (system-wide limit on the number of threads): 41577
/proc/sys/vm/max_map_count (maximum number of memory map areas a process may have): 1048576
/proc/sys/vm/swappiness (control to define how aggressively the kernel swaps out anonymous memory): 60
/proc/sys/kernel/pid_max (system-wide limit on number of process identifiers): 4194304

container information not found.
Steal ticks since vm start: 0
Steal ticks percentage since vm start:  0.000

CPU: total 4 (initial active 4) (4 cores per cpu, 1 threads per core) family 18 model 1 stepping 0 microcode 0x3000027, cx8, cmov, fxsr, mmx, 3dnowpref, sse, sse2, sse3, sse4a, popcnt, lzcnt, tsc, tscinvbit, clflush, rdtscp
CPU Model and flags from /proc/cpuinfo:
model name	: AMD A8-3520M APU with Radeon(tm) HD Graphics
flags		: fpu vme de pse tsc msr pae mce cx8 apic sep mtrr pge mca cmov pat pse36 clflush mmx fxsr sse sse2 ht syscall nx mmxext fxsr_opt pdpe1gb rdtscp lm 3dnowext 3dnow constant_tsc rep_good nopl nonstop_tsc cpuid extd_apicid aperfmperf pni monitor cx16 popcnt lahf_lm cmp_legacy svm extapic cr8_legacy abm sse4a misalignsse 3dnowprefetch osvw ibs skinit wdt cpb hw_pstate vmmcall arat npt lbrv svm_lock nrip_save pausefilter

Online cpus: 0-3
Offline cpus: 
BIOS frequency limitation: 1600000
Frequency switch latency (ns): 0
Available cpu frequencies: 1600000 1400000 1200000 1100000 1000000 900000 800000 
Current governor: ondemand
Core performance/turbo boost: 1

Memory: 4k page, physical 5533004k(1198540k free), swap 5741564k(5167356k free)
Page Sizes: 4k

vm_info: OpenJDK 64-Bit Server VM (21.0.10+7-Debian-1) for linux-amd64 JRE (21.0.10+7-Debian-1), built on 2026-01-21T21:57:02Z by "sbuild" with gcc 15.2.0

END.
