#
# A fatal error has been detected by the Java Runtime Environment:
#
#  SIGSEGV (0xb) at pc=0x00007efdd7be0c1d, pid=17181, tid=17204
#
# JRE version: OpenJDK Runtime Environment (21.0.10) (build 21.0.10+-14961533-b1163.108)
# Java VM: OpenJDK 64-Bit Server VM (21.0.10+-14961533-b1163.108, mixed mode, tiered, compressed oops, compressed class ptrs, g1 gc, linux-amd64)
# Problematic frame:
# V  [libjvm.so+0x9e0c1d]  void G1ParScanThreadState::do_oop_evac<narrowOop>(narrowOop*)+0x9d
#
# No core dump will be written. Core dumps have been disabled. To enable core dumping, try "ulimit -c unlimited" before starting Java again
#
# If you would like to submit a bug report, please visit:
#   https://youtrack.jetbrains.com/issues/JBR
#

---------------  S U M M A R Y ------------

Command Line: --add-opens=java.base/java.lang=ALL-UNNAMED --add-opens=java.base/java.lang.invoke=ALL-UNNAMED --add-opens=java.base/java.util=ALL-UNNAMED --add-opens=java.prefs/java.util.prefs=ALL-UNNAMED --add-exports=jdk.compiler/com.sun.tools.javac.api=ALL-UNNAMED --add-exports=jdk.compiler/com.sun.tools.javac.util=ALL-UNNAMED --add-opens=java.base/java.util=ALL-UNNAMED --add-opens=java.prefs/java.util.prefs=ALL-UNNAMED --add-opens=java.base/java.nio.charset=ALL-UNNAMED --add-opens=java.base/java.net=ALL-UNNAMED --add-opens=java.base/java.util.concurrent.atomic=ALL-UNNAMED --add-opens=java.xml/javax.xml.namespace=ALL-UNNAMED -Xmx1024m -Dfile.encoding=UTF-8 -Duser.country=US -Duser.language=en -Duser.variant -javaagent:/home/elonmusk/.gradle/wrapper/dists/gradle-8.13-bin/5xuhj0ry160q40clulazy9h7d/gradle-8.13/lib/agents/gradle-instrumentation-agent-8.13.jar -Dawt.toolkit.name=XToolkit org.gradle.launcher.daemon.bootstrap.GradleDaemon 8.13

Host: AMD A8-3520M APU with Radeon(tm) HD Graphics, 4 cores, 5G, Kali GNU/Linux Rolling
Time: Fri Jul 10 06:11:56 2026 CDT elapsed time: 61.987862 seconds (0d 0h 1m 1s)

---------------  T H R E A D  ---------------

Current thread (0x00007efd9400baa0):  WorkerThread "GC Thread#2"    [id=17204, stack(0x00007efdbd6fa000,0x00007efdbd7fa000) (1024K)]

Stack: [0x00007efdbd6fa000,0x00007efdbd7fa000],  sp=0x00007efdbd7f89a0,  free space=1018k
Native frames: (J=compiled Java code, j=interpreted, Vv=VM code, C=native code)
V  [libjvm.so+0x9e0c1d]  void G1ParScanThreadState::do_oop_evac<narrowOop>(narrowOop*)+0x9d
V  [libjvm.so+0x9ddd0b]  G1ParScanThreadState::trim_queue_to_threshold(unsigned int)+0x9b
V  [libjvm.so+0x9f820f]  void G1ParCopyClosure<(G1Barrier)1, false>::do_oop_work<oopDesc*>(oopDesc**)+0x27f
V  [libjvm.so+0x843d7b]  ClassLoaderData::oops_do(OopClosure*, int, bool)+0x9b
V  [libjvm.so+0x9dc8fc]  G1CLDScanClosure::do_cld(ClassLoaderData*)+0x3c
V  [libjvm.so+0x847383]  ClassLoaderDataGraph::roots_cld_do(CLDClosure*, CLDClosure*)+0x43
V  [libjvm.so+0x9fa1de]  G1RootProcessor::process_java_roots(G1RootClosures*, G1GCPhaseTimes*, unsigned int)+0xbe
V  [libjvm.so+0x9fa08f]  G1RootProcessor::evacuate_roots(G1ParScanThreadState*, unsigned int)+0x5f
V  [libjvm.so+0xa07e6e]  G1EvacuateRegionsTask::scan_roots(G1ParScanThreadState*, unsigned int)+0x1e
V  [libjvm.so+0xa07d71]  G1EvacuateRegionsBaseTask::work(unsigned int)+0x81
V  [libjvm.so+0x10cfa54]  WorkerThread::run()+0x84
V  [libjvm.so+0x101a33e]  Thread::call_run()+0xae
V  [libjvm.so+0xe66c54]  thread_native_entry(Thread*)+0x114

siginfo: si_signo: 11 (SIGSEGV), si_code: 1 (SEGV_MAPERR), si_addr: 0x000000064b2f9d60

Registers:
RAX=0x0000000000000001, RBX=0x0000000000000001, RCX=0x0000000000000003, RDX=0x00007efdd83b6e80
RSP=0x00007efdbd7f89a0, RBP=0x00007efdbd7f8a10, RSI=0x00007efdd0041370, RDI=0x000000064b2f9d58
R8 =0x00007efd7001afd0, R9 =0x00007efdd83b6e70, R10=0x0000000000000000, R11=0x00007efdd879b000
R12=0x0000000000000000, R13=0x00000000c9668b5c, R14=0x0000000000000000, R15=0x00000000c8895690
RIP=0x00007efdd7be0c1d, EFLAGS=0x0000000000010202, CSGSFS=0x002b000000000033, ERR=0x0000000000000004
  TRAPNO=0x000000000000000e

XMM[0]=0x000000102000d02a 0x0000000000000009
XMM[1]=0xc889f4f0c889f560 0x0000000000000000
XMM[2]=0x0000000000000000 0x0000000000000000
XMM[3]=0x0000000000000000 0x00000000c889f478
XMM[4]=0x0000000000000000 0x0000000000000000
XMM[5]=0x0000000000000000 0x00000000c889f478
XMM[6]=0x0000000000000000 0x0000000000000000
XMM[7]=0xc889f4f0c889f560 0x0000000000000000
XMM[8]=0x0000000000000000 0x00000000c88a3d88
XMM[9]=0x4700000747000006 0x4700000547000004
XMM[10]=0x4700000347000002 0x4700000147000000
XMM[11]=0x4700000747000006 0x4700000547000004
XMM[12]=0x4700000347000002 0x4700000147000000
XMM[13]=0x0000000000000000 0x0000000000000000
XMM[14]=0x0000000000000000 0x0000000000000000
XMM[15]=0x0000000000000000 0x0000000000000000
  MXCSR=0x00001fa3


Register to memory mapping:

RAX=0x0000000000000001 is an unknown value
RBX=0x0000000000000001 is an unknown value
RCX=0x0000000000000003 is an unknown value
RDX=0x00007efdd83b6e80: <offset 0x00000000011b6e80> in /home/elonmusk/Desktop/android_studio/android-studio/jbr/lib/server/libjvm.so at 0x00007efdd7200000
RSP=0x00007efdbd7f89a0 points into unknown readable memory: 0x00000000000020e9 | e9 20 00 00 00 00 00 00
RBP=0x00007efdbd7f8a10 points into unknown readable memory: 0x00007efdbd7f8a50 | 50 8a 7f bd fd 7e 00 00
RSI=0x00007efdd0041370 points into unknown readable memory: 0x00007efdd8398198 | 98 81 39 d8 fd 7e 00 00
RDI=0x000000064b2f9d58 is an unknown value
R8 =0x00007efd7001afd0 points into unknown readable memory: 0x00007efdd8399880 | 80 98 39 d8 fd 7e 00 00
R9 =0x00007efdd83b6e70: <offset 0x00000000011b6e70> in /home/elonmusk/Desktop/android_studio/android-studio/jbr/lib/server/libjvm.so at 0x00007efdd7200000
R10=0x0 is null
R11=0x00007efdd879b000 points into unknown readable memory: 0x00000001000ac9a8 | a8 c9 0a 00 01 00 00 00
R12=0x0 is null
R13=
[error occurred during error reporting (printing register info), id 0xb, SIGSEGV (0xb) at pc=0x00007efdd7b9ad90]
R14=0x0 is null
R15=
[error occurred during error reporting (printing register info, attempt 2), id 0xb, SIGSEGV (0xb) at pc=0x00007efdd7b9ad90]

Top of Stack: (sp=0x00007efdbd7f89a0)
0x00007efdbd7f89a0:   00000000000020e9 00007efdb4048be0
0x00007efdbd7f89b0:   00000001c965dfb0 00000001001fb358
0x00007efdbd7f89c0:   0000000000000002 0000000000000009
0x00007efdbd7f89d0:   00000000c9668b5c 00007efd7001afd0
0x00007efdbd7f89e0:   000100d400000076 0000000000000040
0x00007efdbd7f89f0:   00007efdd0049df0 0000000000000001
0x00007efdbd7f8a00:   00007efd7001afd0 ffffffff00000000
0x00007efdbd7f8a10:   00007efdbd7f8a50 00007efdd7bddd0b
0x00007efdbd7f8a20:   0000000e6daff925 00007efd7001afd0
0x00007efdbd7f8a30:   000000000000000c 0000000000000001
0x00007efdbd7f8a40:   0000000e6daff925 0000000000000000
0x00007efdbd7f8a50:   00007efdbd7f8a90 00007efdd7bf820f
0x00007efdbd7f8a60:   00007efdd8399ca8 00007efd68006058
0x00007efdbd7f8a70:   000000000000000c 0000000000000001
0x00007efdbd7f8a80:   00007efd46cc8ac0 00007efd46cc8a20
0x00007efdbd7f8a90:   00007efdbd7f8ac0 00007efdd7a43d7b
0x00007efdbd7f8aa0:   00007efd680060b8 00007efdd4a59008
0x00007efdbd7f8ab0:   00007efd680060b8 00007efdd00dce70
0x00007efdbd7f8ac0:   00007efdbd7f8af0 00007efdd7bdc8fc
0x00007efdbd7f8ad0:   00007efd680060b8 00007efdd4a59008
0x00007efdbd7f8ae0:   00007efd680060b8 00007efdd00dce70
0x00007efdbd7f8af0:   00007efdbd7f8b20 00007efdd7a47383
0x00007efdbd7f8b00:   00007efd680060b8 00007efd68006020
0x00007efdbd7f8b10:   00007efdbd7f8b30 00007efd680060b8
0x00007efdbd7f8b20:   00007efdbd7f8bc0 00007efdd7bfa1de
0x00007efdbd7f8b30:   00007efdd8399298 0000000e6c892a19
0x00007efdbd7f8b40:   0000000000000000 00007efd00000005
0x00007efdbd7f8b50:   00007efd94000ee0 00007efd00000001
0x00007efdbd7f8b60:   0000000000000000 0000000000000000
0x00007efdbd7f8b70:   00007efdbd000000 00007efdd82274cb
0x00007efdbd7f8b80:   00007efdd83992b8 00007efdbd7f8c00
0x00007efdbd7f8b90:   00000001bd7f8bc0 00007efdd4a59000 

Instructions: (pc=0x00007efdd7be0c1d)
0x00007efdd7be0b1d:   01 00 00 74 19 48 8d 7b 18 48 01 f0 49 89 f6 48
0x00007efdd7be0b2d:   89 c6 e8 7c 78 00 00 4c 89 b3 b8 01 00 00 48 83
0x00007efdd7be0b3d:   c4 08 5b 41 5c 41 5d 41 5e 41 5f 5d c3 cc cc cc
0x00007efdd7be0b4d:   cc cc cc 55 48 89 e5 b8 01 00 00 00 5d c3 cc cc
0x00007efdd7be0b5d:   cc cc cc 55 48 89 e5 0f 57 c0 0f 11 47 14 0f 11
0x00007efdd7be0b6d:   47 08 5d c3 cc cc cc cc cc cc cc cc cc cc cc cc
0x00007efdd7be0b7d:   cc cc cc 55 48 89 e5 41 57 41 56 41 55 41 54 53
0x00007efdd7be0b8d:   48 83 ec 48 49 89 f5 49 89 f8 44 8b 3e 48 8d 05
0x00007efdd7be0b9d:   cf 62 7d 00 48 8b 10 8b 40 08 89 c1 49 d3 e7 49
0x00007efdd7be0bad:   01 d7 48 8b 77 08 0f b6 8e b8 05 00 00 4c 89 ff
0x00007efdd7be0bbd:   48 d3 ef 48 8b 8e a8 05 00 00 0f b7 1c 79 66 85
0x00007efdd7be0bcd:   db 0f 88 80 06 00 00 4d 8b 27 45 89 e6 41 83 e6
0x00007efdd7be0bdd:   03 49 83 fe 03 75 0c 49 83 e4 fc 4c 89 e3 e9 c5
0x00007efdd7be0bed:   05 00 00 48 8d 05 79 68 7d 00 0f b6 00 3c 01 4c
0x00007efdd7be0bfd:   89 6d c0 75 17 41 8b 7f 08 48 8d 15 73 62 7d 00
0x00007efdd7be0c0d:   0f b6 4a 08 48 d3 e7 48 03 3a eb 04 49 8b 7f 08
0x00007efdd7be0c1d:   44 8b 6f 08 45 85 ed 4c 89 45 c8 48 89 7d a8 7e
0x00007efdd7be0c2d:   0c 41 f6 c5 01 75 0b 41 c1 ed 03 eb 51 45 85 ed
0x00007efdd7be0c3d:   78 15 48 8b 07 4c 89 fe ff 90 00 01 00 00 4c 8b
0x00007efdd7be0c4d:   45 c8 49 89 c5 eb 37 34 01 0f b6 c0 49 63 44 87
0x00007efdd7be0c5d:   0c 44 89 e9 48 d3 e0 41 c1 ed 10 41 0f b6 cd 48
0x00007efdd7be0c6d:   01 c1 48 8d 05 e2 65 7d 00 48 63 00 48 01 c1 48
0x00007efdd7be0c7d:   ff c9 f7 d8 4c 63 e8 49 21 cd 49 c1 ed 03 4c 89
0x00007efdd7be0c8d:   65 b8 0f b7 c3 89 45 a4 3d ff 00 00 00 77 50 48
0x00007efdd7be0c9d:   8d 05 89 6f 7d 00 31 c9 41 83 fe 02 0f 94 c1 31
0x00007efdd7be0cad:   d2 41 f6 c4 01 0f 94 c2 83 38 02 0f 44 d1 4d 89
0x00007efdd7be0cbd:   e6 80 fa 01 75 10 48 8d 7d b8 e8 d4 16 3f 00 4c
0x00007efdd7be0ccd:   8b 45 c8 49 89 c6 41 c1 ee 03 41 83 e6 0f 45 3b
0x00007efdd7be0cdd:   b0 80 01 00 00 b8 00 01 00 00 0f 42 c3 eb 07 66
0x00007efdd7be0ced:   b8 00 01 45 31 f6 66 89 45 d6 49 8b 50 08 48 8b
0x00007efdd7be0cfd:   b2 10 02 00 00 0f b6 8a 18 02 00 00 48 d3 e6 4c
0x00007efdd7be0d0d:   89 ff 48 29 f7 48 8d 0d 3f 92 80 00 0f b6 09 48 


Stack slot to memory mapping:

stack at sp + 0 slots: 0x00000000000020e9 is an unknown value
stack at sp + 1 slots: 0x00007efdb4048be0 points into unknown readable memory: 0x00000000c8800000 | 00 00 80 c8 00 00 00 00
stack at sp + 2 slots: 0x00000001c965dfb0 is an unknown value
stack at sp + 3 slots: 0x00000001001fb358 is a pointer to class: 
java.security.Provider$UString {0x00000001001fb358}
 - instance size:     3
 - klass size:        72
 - access:            synchronized 
 - flags:             rewritten has_nonstatic_fields 
 - state:             fully_initialized
 - name:              'java/security/Provider$UString'
 - super:             'java/lang/Object'
 - sub:               
 - arrays:            null
 - methods:           Array<T>(0x00007efd9cfdb328)
 - method ordering:   Array<T>(0x00007efd9c000018)
 - local interfaces:  Array<T>(0x00007efd9c000058)
 - trans. interfaces: Array<T>(0x00007efd9c000058)
 - secondary supers: Array<T>(0x00007efd9c000048)
 - hash_slot:         31
 - bitmap:            0x0000000000000000
 - constants:         constant pool [56] {0x00007efd9cfdb0f0} for 'java/security/Provider$UString' cache=0x00007efd9cfdb690
 - class loader data:  loader data: 0x00007efdd00dce70 of 'bootstrap'
 - inner classes:     Array<T>(0x00007efd9cfdb650)
 - nest members:     Array<T>(0x00007efd9c000028)
 - permitted subclasses:     Array<T>(0x00007efd9c000028)
 - java mirror:       a 'java/lang/Class'{0x00000000c121d648} = 'java/security/Provider$UString'
 - vtable length      5  (start addr: 0x00000001001fb558)
 - itable length      2 (start addr: 0x00000001001fb580)
 - ---- static fields (0 words):
 - ---- non-static fields (2 words):
 - final 'string' 'Ljava/lang/String;' @12 
 - final 'lowerString' 'Ljava/lang/String;' @16 
 - non-static oop maps: 12-16 
stack at sp + 4 slots: 0x0000000000000002 is an unknown value
stack at sp + 5 slots: 0x0000000000000009 is an unknown value
stack at sp + 6 slots: 
[error occurred during error reporting (inspecting top of stack), id 0xb, SIGSEGV (0xb) at pc=0x00007efdd7b9ad90]
stack at sp + 7 slots: 0x00007efd7001afd0 points into unknown readable memory: 0x00007efdd8399880 | 80 98 39 d8 fd 7e 00 00


---------------  P R O C E S S  ---------------

Threads class SMR info:
_java_thread_list=0x00007efd476c1c10, length=67, elements={
0x00007efdd002e5e0, 0x00007efdd01ad680, 0x00007efdd01b9bc0, 0x00007efdd01bac50,
0x00007efdd01bc4e0, 0x00007efdd01bdb30, 0x00007efdd01c7310, 0x00007efdd01c8880,
0x00007efdd01c9f40, 0x00007efdd02f3690, 0x00007efdd14b29b0, 0x00007efdd15c6300,
0x00007efdd15f5350, 0x00007efd5c01ad60, 0x00007efd580087b0, 0x00007efd5800be80,
0x00007efd58010930, 0x00007efd44007250, 0x00007efd4400b9e0, 0x00007efd44010180,
0x00007efd4422e600, 0x00007efd4423a8e0, 0x00007efd44289990, 0x00007efd443b9820,
0x00007efd445db510, 0x00007efd44ff1040, 0x00007efd449eecb0, 0x00007efd44ac1320,
0x00007efd44ac1ee0, 0x00007efd44b98610, 0x00007efd44b993f0, 0x00007efd45384cc0,
0x00007efd44fc0be0, 0x00007efd451621c0, 0x00007efd445fec00, 0x00007efd453a0850,
0x00007efd453a3010, 0x00007efd453b4940, 0x00007efd453b1c80, 0x00007efd453c80c0,
0x00007efd453c9bc0, 0x00007efd453cab80, 0x00007efd453cc100, 0x00007efd453cd300,
0x00007efd453ce700, 0x00007efd45531710, 0x00007efd45534650, 0x00007efd45535120,
0x00007efd45e25ce0, 0x00007efd45e27440, 0x00007efd45e28500, 0x00007efd45e2c640,
0x00007efd45e2dd10, 0x00007efd45e191d0, 0x00007efd45e2fca0, 0x00007efd45e30900,
0x00007efd45e31a50, 0x00007efd461b93b0, 0x00007efd468789f0, 0x00007efd475980f0,
0x00007efd4763e6f0, 0x00007efd8400a680, 0x00007efd8400b480, 0x00007efd8401cdf0,
0x00007efd9001cb10, 0x00007efd46c64080, 0x00007efd476c1130
}

Java Threads: ( => current thread )
  0x00007efdd002e5e0 JavaThread "main"                              [_thread_blocked, id=17184, stack(0x00007efdd7100000,0x00007efdd7200000) (1024K)]
  0x00007efdd01ad680 JavaThread "Common-Cleaner"             daemon [_thread_blocked, id=17193, stack(0x00007efdd4500000,0x00007efdd4600000) (1024K)]
  0x00007efdd01b9bc0 JavaThread "Reference Handler"          daemon [_thread_blocked, id=17194, stack(0x00007efdd43ff000,0x00007efdd44ff000) (1024K)]
  0x00007efdd01bac50 JavaThread "Finalizer"                  daemon [_thread_blocked, id=17195, stack(0x00007efdd42fe000,0x00007efdd43fe000) (1024K)]
  0x00007efdd01bc4e0 JavaThread "Signal Dispatcher"          daemon [_thread_blocked, id=17196, stack(0x00007efdd41fd000,0x00007efdd42fd000) (1024K)]
  0x00007efdd01bdb30 JavaThread "Service Thread"             daemon [_thread_blocked, id=17197, stack(0x00007efdd40fc000,0x00007efdd41fc000) (1024K)]
  0x00007efdd01c7310 JavaThread "Monitor Deflation Thread"   daemon [_thread_blocked, id=17198, stack(0x00007efdbdd00000,0x00007efdbde00000) (1024K)]
  0x00007efdd01c8880 JavaThread "C2 CompilerThread0"         daemon [_thread_blocked, id=17199, stack(0x00007efdbdbff000,0x00007efdbdcff000) (1024K)]
  0x00007efdd01c9f40 JavaThread "C1 CompilerThread0"         daemon [_thread_blocked, id=17200, stack(0x00007efdbdafe000,0x00007efdbdbfe000) (1024K)]
  0x00007efdd02f3690 JavaThread "Notification Thread"        daemon [_thread_blocked, id=17201, stack(0x00007efdbd9fd000,0x00007efdbdafd000) (1024K)]
  0x00007efdd14b29b0 JavaThread "Daemon health stats"               [_thread_blocked, id=17247, stack(0x00007efdbd8fc000,0x00007efdbd9fc000) (1024K)]
  0x00007efdd15c6300 JavaThread "Incoming local TCP Connector on port 34375"        [_thread_in_native, id=17248, stack(0x00007efdbd1ff000,0x00007efdbd2ff000) (1024K)]
  0x00007efdd15f5350 JavaThread "Daemon periodic checks"            [_thread_blocked, id=17258, stack(0x00007efdbcffd000,0x00007efdbd0fd000) (1024K)]
  0x00007efd5c01ad60 JavaThread "Daemon"                            [_thread_blocked, id=17259, stack(0x00007efdbcefc000,0x00007efdbcffc000) (1024K)]
  0x00007efd580087b0 JavaThread "Handler for socket connection from /127.0.0.1:34375 to /127.0.0.1:53308"        [_thread_in_native, id=17260, stack(0x00007efdbcdfb000,0x00007efdbcefb000) (1024K)]
  0x00007efd5800be80 JavaThread "Cancel handler"                    [_thread_blocked, id=17261, stack(0x00007efdbccfa000,0x00007efdbcdfa000) (1024K)]
  0x00007efd58010930 JavaThread "Daemon worker"                     [_thread_blocked, id=17262, stack(0x00007efdbcbf9000,0x00007efdbccf9000) (1024K)]
  0x00007efd44007250 JavaThread "Asynchronous log dispatcher for DefaultDaemonConnection: socket connection from /127.0.0.1:34375 to /127.0.0.1:53308"        [_thread_blocked, id=17263, stack(0x00007efdbcaf8000,0x00007efdbcbf8000) (1024K)]
  0x00007efd4400b9e0 JavaThread "Stdin handler"                     [_thread_blocked, id=17264, stack(0x00007efdbc9f7000,0x00007efdbcaf7000) (1024K)]
  0x00007efd44010180 JavaThread "Daemon client event forwarder"        [_thread_blocked, id=17265, stack(0x00007efdbc8f6000,0x00007efdbc9f6000) (1024K)]
  0x00007efd4422e600 JavaThread "Cache worker for journal cache (/home/elonmusk/.gradle/caches/journal-1)"        [_thread_blocked, id=17274, stack(0x00007efdbd0fe000,0x00007efdbd1fe000) (1024K)]
  0x00007efd4423a8e0 JavaThread "File lock request listener"        [_thread_in_native, id=17275, stack(0x00007efdbc7f5000,0x00007efdbc8f5000) (1024K)]
  0x00007efd44289990 JavaThread "Cache worker for file hash cache (/home/elonmusk/.gradle/caches/8.13/fileHashes)"        [_thread_blocked, id=17277, stack(0x00007efdbc5f3000,0x00007efdbc6f3000) (1024K)]
  0x00007efd443b9820 JavaThread "Cache worker for file hash cache (/home/elonmusk/AndroidStudioProjects/POS/.gradle/8.13/fileHashes)"        [_thread_blocked, id=17304, stack(0x00007efdbc4f2000,0x00007efdbc5f2000) (1024K)]
  0x00007efd445db510 JavaThread "Cache worker for Build Output Cleanup Cache (/home/elonmusk/AndroidStudioProjects/POS/.gradle/buildOutputCleanup)"        [_thread_blocked, id=17305, stack(0x00007efdbc3f1000,0x00007efdbc4f1000) (1024K)]
  0x00007efd44ff1040 JavaThread "File watcher server"        daemon [_thread_in_native, id=17314, stack(0x00007efdbc2f0000,0x00007efdbc3f0000) (1024K)]
  0x00007efd449eecb0 JavaThread "File watcher consumer"      daemon [_thread_blocked, id=17315, stack(0x00007efdbc1ef000,0x00007efdbc2ef000) (1024K)]
  0x00007efd44ac1320 JavaThread "jar transforms"                    [_thread_blocked, id=17316, stack(0x00007efdbc0ee000,0x00007efdbc1ee000) (1024K)]
  0x00007efd44ac1ee0 JavaThread "jar transforms Thread 2"           [_thread_blocked, id=17317, stack(0x00007efdadf00000,0x00007efdae000000) (1024K)]
  0x00007efd44b98610 JavaThread "jar transforms Thread 3"           [_thread_blocked, id=17318, stack(0x00007efdaddff000,0x00007efdadeff000) (1024K)]
  0x00007efd44b993f0 JavaThread "jar transforms Thread 4"           [_thread_blocked, id=17319, stack(0x00007efdadcfe000,0x00007efdaddfe000) (1024K)]
  0x00007efd45384cc0 JavaThread "Cache worker for checksums cache (/home/elonmusk/AndroidStudioProjects/POS/.gradle/8.13/checksums)"        [_thread_blocked, id=17361, stack(0x00007efdadbfd000,0x00007efdadcfd000) (1024K)]
  0x00007efd44fc0be0 JavaThread "Cache worker for file content cache (/home/elonmusk/.gradle/caches/8.13/fileContent)"        [_thread_blocked, id=17362, stack(0x00007efdadafc000,0x00007efdadbfc000) (1024K)]
  0x00007efd451621c0 JavaThread "Cache worker for cache directory md-supplier (/home/elonmusk/.gradle/caches/8.13/md-supplier)"        [_thread_blocked, id=17372, stack(0x00007efdad9fb000,0x00007efdadafb000) (1024K)]
  0x00007efd445fec00 JavaThread "Cache worker for cache directory md-rule (/home/elonmusk/.gradle/caches/8.13/md-rule)"        [_thread_blocked, id=17373, stack(0x00007efdad8fa000,0x00007efdad9fa000) (1024K)]
  0x00007efd453a0850 JavaThread "Unconstrained build operations"        [_thread_blocked, id=17390, stack(0x00007efdad7f9000,0x00007efdad8f9000) (1024K)]
  0x00007efd453a3010 JavaThread "Unconstrained build operations Thread 2"        [_thread_blocked, id=17391, stack(0x00007efdad6f8000,0x00007efdad7f8000) (1024K)]
  0x00007efd453b4940 JavaThread "Unconstrained build operations Thread 3"        [_thread_blocked, id=17392, stack(0x00007efdad5f7000,0x00007efdad6f7000) (1024K)]
  0x00007efd453b1c80 JavaThread "Unconstrained build operations Thread 4"        [_thread_blocked, id=17393, stack(0x00007efdad4f6000,0x00007efdad5f6000) (1024K)]
  0x00007efd453c80c0 JavaThread "Unconstrained build operations Thread 5"        [_thread_blocked, id=17395, stack(0x00007efdad3f5000,0x00007efdad4f5000) (1024K)]
  0x00007efd453c9bc0 JavaThread "Unconstrained build operations Thread 6"        [_thread_blocked, id=17396, stack(0x00007efdad2f4000,0x00007efdad3f4000) (1024K)]
  0x00007efd453cab80 JavaThread "Unconstrained build operations Thread 7"        [_thread_blocked, id=17397, stack(0x00007efdad1f3000,0x00007efdad2f3000) (1024K)]
  0x00007efd453cc100 JavaThread "Unconstrained build operations Thread 8"        [_thread_blocked, id=17405, stack(0x00007efdad0f2000,0x00007efdad1f2000) (1024K)]
  0x00007efd453cd300 JavaThread "Unconstrained build operations Thread 9"        [_thread_blocked, id=17406, stack(0x00007efdacff1000,0x00007efdad0f1000) (1024K)]
  0x00007efd453ce700 JavaThread "Unconstrained build operations Thread 10"        [_thread_blocked, id=17407, stack(0x00007efdacef0000,0x00007efdacff0000) (1024K)]
  0x00007efd45531710 JavaThread "Unconstrained build operations Thread 11"        [_thread_blocked, id=17431, stack(0x00007efdbc6f4000,0x00007efdbc7f4000) (1024K)]
  0x00007efd45534650 JavaThread "Unconstrained build operations Thread 12"        [_thread_blocked, id=17435, stack(0x00007efdacdef000,0x00007efdaceef000) (1024K)]
  0x00007efd45535120 JavaThread "Unconstrained build operations Thread 13"        [_thread_blocked, id=17436, stack(0x00007efdaccee000,0x00007efdacdee000) (1024K)]
  0x00007efd45e25ce0 JavaThread "Unconstrained build operations Thread 14"        [_thread_blocked, id=17472, stack(0x00007efdacaec000,0x00007efdacbec000) (1024K)]
  0x00007efd45e27440 JavaThread "Unconstrained build operations Thread 15"        [_thread_blocked, id=17473, stack(0x00007efdac9eb000,0x00007efdacaeb000) (1024K)]
  0x00007efd45e28500 JavaThread "Unconstrained build operations Thread 16"        [_thread_blocked, id=17474, stack(0x00007efdac8ea000,0x00007efdac9ea000) (1024K)]
  0x00007efd45e2c640 JavaThread "Unconstrained build operations Thread 17"        [_thread_blocked, id=17483, stack(0x00007efdac7e9000,0x00007efdac8e9000) (1024K)]
  0x00007efd45e2dd10 JavaThread "Unconstrained build operations Thread 18"        [_thread_blocked, id=17484, stack(0x00007efdac6e8000,0x00007efdac7e8000) (1024K)]
  0x00007efd45e191d0 JavaThread "Unconstrained build operations Thread 19"        [_thread_blocked, id=17485, stack(0x00007efdac5e7000,0x00007efdac6e7000) (1024K)]
  0x00007efd45e2fca0 JavaThread "Unconstrained build operations Thread 20"        [_thread_blocked, id=17486, stack(0x00007efdac4e6000,0x00007efdac5e6000) (1024K)]
  0x00007efd45e30900 JavaThread "Unconstrained build operations Thread 21"        [_thread_blocked, id=17487, stack(0x00007efdac3e5000,0x00007efdac4e5000) (1024K)]
  0x00007efd45e31a50 JavaThread "Unconstrained build operations Thread 22"        [_thread_blocked, id=17488, stack(0x00007efdac2e4000,0x00007efdac3e4000) (1024K)]
  0x00007efd461b93b0 JavaThread "build event listener"              [_thread_blocked, id=17546, stack(0x00007efdac1e3000,0x00007efdac2e3000) (1024K)]
  0x00007efd468789f0 JavaThread "Memory manager"                    [_thread_blocked, id=17628, stack(0x00007efdacbed000,0x00007efdacced000) (1024K)]
  0x00007efd475980f0 JavaThread "pool-3-thread-1"                   [_thread_blocked, id=17703, stack(0x00007efd37f00000,0x00007efd38000000) (1024K)]
  0x00007efd4763e6f0 JavaThread "included builds"                   [_thread_blocked, id=17713, stack(0x00007efdac0e2000,0x00007efdac1e2000) (1024K)]
  0x00007efd8400a680 JavaThread "Execution worker"                  [_thread_blocked, id=17714, stack(0x00007efd37dff000,0x00007efd37eff000) (1024K)]
  0x00007efd8400b480 JavaThread "Execution worker Thread 2"         [_thread_blocked, id=17715, stack(0x00007efd37cfe000,0x00007efd37dfe000) (1024K)]
  0x00007efd8401cdf0 JavaThread "Execution worker Thread 3"         [_thread_blocked, id=17716, stack(0x00007efd37bfd000,0x00007efd37cfd000) (1024K)]
  0x00007efd9001cb10 JavaThread "Cache worker for execution history cache (/home/elonmusk/AndroidStudioProjects/POS/.gradle/8.13/executionHistory)"        [_thread_blocked, id=17717, stack(0x00007efd37afc000,0x00007efd37bfc000) (1024K)]
  0x00007efd46c64080 JavaThread "idea-tooling-model-converter"        [_thread_blocked, id=17719, stack(0x00007efd379fb000,0x00007efd37afb000) (1024K)]
  0x00007efd476c1130 JavaThread "Unconstrained build operations Thread 23"        [_thread_blocked, id=17760, stack(0x00007efd378fa000,0x00007efd379fa000) (1024K)]
Total: 67

Other Threads:
  0x00007efdd00ee690 VMThread "VM Thread"                           [id=17192, stack(0x00007efdd495b000,0x00007efdd4a5b000) (1024K)]
  0x00007efdd00e3430 WatcherThread "VM Periodic Task Thread"        [id=17190, stack(0x00007efdd4a5c000,0x00007efdd4b5c000) (1024K)]
  0x00007efdd0069590 WorkerThread "GC Thread#0"                     [id=17185, stack(0x00007efdd5500000,0x00007efdd5600000) (1024K)]
  0x00007efd940068e0 WorkerThread "GC Thread#1"                     [id=17203, stack(0x00007efdbd7fb000,0x00007efdbd8fb000) (1024K)]
=>0x00007efd9400baa0 WorkerThread "GC Thread#2"                     [id=17204, stack(0x00007efdbd6fa000,0x00007efdbd7fa000) (1024K)]
  0x00007efd9400ae00 WorkerThread "GC Thread#3"                     [id=17222, stack(0x00007efdbd300000,0x00007efdbd400000) (1024K)]
  0x00007efdd0072b90 ConcurrentGCThread "G1 Main Marker"            [id=17186, stack(0x00007efdd53ff000,0x00007efdd54ff000) (1024K)]
  0x00007efdd0073b30 WorkerThread "G1 Conc#0"                       [id=17187, stack(0x00007efdd52fe000,0x00007efdd53fe000) (1024K)]
  0x00007efdd00d3740 ConcurrentGCThread "G1 Refine#0"               [id=17188, stack(0x00007efdd4df9000,0x00007efdd4ef9000) (1024K)]
  0x00007efdd00d4700 ConcurrentGCThread "G1 Service"                [id=17189, stack(0x00007efdd4cf8000,0x00007efdd4df8000) (1024K)]
Total: 10

Threads with active compile tasks:
C2 CompilerThread0  61999 13270   !   4       org.gradle.cache.internal.DefaultCacheCoordinator::getFileLock (98 bytes)
Total: 1

VM state: at safepoint (normal execution)

VM Mutex/Monitor currently owned by a thread:  ([mutex/lock_event])
[0x00007efdd8406008] Threads_lock - owner thread: 0x00007efdd00ee690
[0x00007efdd8406108] Heap_lock - owner thread: 0x00007efd44289990

Heap address: 0x00000000c0000000, size: 1024 MB, Compressed Oops mode: 32-bit

CDS archive(s) not mapped
Compressed class space mapped at: 0x0000000100000000-0x0000000140000000, reserved size: 1073741824
Narrow klass base: 0x0000000000000000, Narrow klass shift: 3, Narrow klass range: 0x140000000

GC Precious Log:
 CardTable entry size: 512
 Card Set container configuration: InlinePtr #cards 5 size 8 Array Of Cards #cards 12 size 40 Howl #buckets 4 coarsen threshold 1843 Howl Bitmap #cards 512 size 80 coarsen threshold 460 Card regions per heap region 1 cards per card region 2048
 CPUs: 4 total, 4 available
 Memory: 5400M
 Large Page Support: Disabled
 NUMA Support: Disabled
 Compressed Oops: Enabled (32-bit)
 Heap Region Size: 1M
 Heap Min Capacity: 8M
 Heap Initial Capacity: 86M
 Heap Max Capacity: 1G
 Pre-touch: Disabled
 Parallel Workers: 4
 Concurrent Workers: 1
 Concurrent Refinement Workers: 4
 Periodic GC: Disabled

Heap:
 garbage-first heap   total 235520K, used 210075K [0x00000000c0000000, 0x0000000100000000)
  region size 1024K, 78 young (79872K), 10 survivors (10240K)
 Metaspace       used 130530K, committed 132800K, reserved 1179648K
  class space    used 18092K, committed 19200K, reserved 1048576K

Heap Regions: E=young(eden), S=young(survivor), O=old, HS=humongous(starts), HC=humongous(continues), CS=collection set, F=free, TAMS=top-at-mark-start, PB=parsable bottom
|   0|0x00000000c0000000, 0x00000000c0100000, 0x00000000c0100000|100%|HS|  |TAMS 0x00000000c0000000| PB 0x00000000c0000000| Complete 
|   1|0x00000000c0100000, 0x00000000c0200000, 0x00000000c0200000|100%|HC|  |TAMS 0x00000000c0100000| PB 0x00000000c0100000| Complete 
|   2|0x00000000c0200000, 0x00000000c0300000, 0x00000000c0300000|100%|HC|  |TAMS 0x00000000c0200000| PB 0x00000000c0200000| Complete 
|   3|0x00000000c0300000, 0x00000000c0400000, 0x00000000c0400000|100%| O|  |TAMS 0x00000000c0300000| PB 0x00000000c0300000| Untracked 
|   4|0x00000000c0400000, 0x00000000c0500000, 0x00000000c0500000|100%| O|  |TAMS 0x00000000c0400000| PB 0x00000000c0400000| Untracked 
|   5|0x00000000c0500000, 0x00000000c0600000, 0x00000000c0600000|100%| O|  |TAMS 0x00000000c0500000| PB 0x00000000c0500000| Untracked 
|   6|0x00000000c0600000, 0x00000000c0700000, 0x00000000c0700000|100%| O|  |TAMS 0x00000000c0600000| PB 0x00000000c0600000| Untracked 
|   7|0x00000000c0700000, 0x00000000c0800000, 0x00000000c0800000|100%|HS|  |TAMS 0x00000000c0700000| PB 0x00000000c0700000| Complete 
|   8|0x00000000c0800000, 0x00000000c0900000, 0x00000000c0900000|100%| O|  |TAMS 0x00000000c0800000| PB 0x00000000c0800000| Untracked 
|   9|0x00000000c0900000, 0x00000000c0a00000, 0x00000000c0a00000|100%| O|  |TAMS 0x00000000c0900000| PB 0x00000000c0900000| Untracked 
|  10|0x00000000c0a00000, 0x00000000c0b00000, 0x00000000c0b00000|100%| O|  |TAMS 0x00000000c0a00000| PB 0x00000000c0a00000| Untracked 
|  11|0x00000000c0b00000, 0x00000000c0c00000, 0x00000000c0c00000|100%| O|  |TAMS 0x00000000c0b00000| PB 0x00000000c0b00000| Untracked 
|  12|0x00000000c0c00000, 0x00000000c0d00000, 0x00000000c0d00000|100%|HS|  |TAMS 0x00000000c0c00000| PB 0x00000000c0c00000| Complete 
|  13|0x00000000c0d00000, 0x00000000c0e00000, 0x00000000c0e00000|100%| O|  |TAMS 0x00000000c0d00000| PB 0x00000000c0d00000| Untracked 
|  14|0x00000000c0e00000, 0x00000000c0f00000, 0x00000000c0f00000|100%| O|  |TAMS 0x00000000c0e00000| PB 0x00000000c0e00000| Untracked 
|  15|0x00000000c0f00000, 0x00000000c1000000, 0x00000000c1000000|100%| O|  |TAMS 0x00000000c0f00000| PB 0x00000000c0f00000| Untracked 
|  16|0x00000000c1000000, 0x00000000c1100000, 0x00000000c1100000|100%| O|  |TAMS 0x00000000c1000000| PB 0x00000000c1000000| Untracked 
|  17|0x00000000c1100000, 0x00000000c1200000, 0x00000000c1200000|100%| O|  |TAMS 0x00000000c1100000| PB 0x00000000c1100000| Untracked 
|  18|0x00000000c1200000, 0x00000000c1300000, 0x00000000c1300000|100%| O|  |TAMS 0x00000000c1200000| PB 0x00000000c1200000| Untracked 
|  19|0x00000000c1300000, 0x00000000c1400000, 0x00000000c1400000|100%| O|  |TAMS 0x00000000c1300000| PB 0x00000000c1300000| Untracked 
|  20|0x00000000c1400000, 0x00000000c1500000, 0x00000000c1500000|100%| O|  |TAMS 0x00000000c1400000| PB 0x00000000c1400000| Untracked 
|  21|0x00000000c1500000, 0x00000000c1600000, 0x00000000c1600000|100%|HS|  |TAMS 0x00000000c1500000| PB 0x00000000c1500000| Complete 
|  22|0x00000000c1600000, 0x00000000c1700000, 0x00000000c1700000|100%|HC|  |TAMS 0x00000000c1600000| PB 0x00000000c1600000| Complete 
|  23|0x00000000c1700000, 0x00000000c1800000, 0x00000000c1800000|100%|HC|  |TAMS 0x00000000c1700000| PB 0x00000000c1700000| Complete 
|  24|0x00000000c1800000, 0x00000000c1900000, 0x00000000c1900000|100%|HC|  |TAMS 0x00000000c1800000| PB 0x00000000c1800000| Complete 
|  25|0x00000000c1900000, 0x00000000c1a00000, 0x00000000c1a00000|100%|HC|  |TAMS 0x00000000c1900000| PB 0x00000000c1900000| Complete 
|  26|0x00000000c1a00000, 0x00000000c1b00000, 0x00000000c1b00000|100%|HC|  |TAMS 0x00000000c1a00000| PB 0x00000000c1a00000| Complete 
|  27|0x00000000c1b00000, 0x00000000c1c00000, 0x00000000c1c00000|100%|HS|  |TAMS 0x00000000c1b00000| PB 0x00000000c1b00000| Complete 
|  28|0x00000000c1c00000, 0x00000000c1d00000, 0x00000000c1d00000|100%|HS|  |TAMS 0x00000000c1c00000| PB 0x00000000c1c00000| Complete 
|  29|0x00000000c1d00000, 0x00000000c1e00000, 0x00000000c1e00000|100%|HS|  |TAMS 0x00000000c1d00000| PB 0x00000000c1d00000| Complete 
|  30|0x00000000c1e00000, 0x00000000c1f00000, 0x00000000c1f00000|100%| O|  |TAMS 0x00000000c1e00000| PB 0x00000000c1e00000| Untracked 
|  31|0x00000000c1f00000, 0x00000000c2000000, 0x00000000c2000000|100%| O|  |TAMS 0x00000000c1f00000| PB 0x00000000c1f00000| Untracked 
|  32|0x00000000c2000000, 0x00000000c2100000, 0x00000000c2100000|100%| O|  |TAMS 0x00000000c2000000| PB 0x00000000c2000000| Untracked 
|  33|0x00000000c2100000, 0x00000000c2200000, 0x00000000c2200000|100%| O|  |TAMS 0x00000000c2100000| PB 0x00000000c2100000| Untracked 
|  34|0x00000000c2200000, 0x00000000c2300000, 0x00000000c2300000|100%| O|  |TAMS 0x00000000c2200000| PB 0x00000000c2200000| Untracked 
|  35|0x00000000c2300000, 0x00000000c2400000, 0x00000000c2400000|100%| O|  |TAMS 0x00000000c2300000| PB 0x00000000c2300000| Untracked 
|  36|0x00000000c2400000, 0x00000000c2500000, 0x00000000c2500000|100%| O|  |TAMS 0x00000000c2400000| PB 0x00000000c2400000| Untracked 
|  37|0x00000000c2500000, 0x00000000c2600000, 0x00000000c2600000|100%|HS|  |TAMS 0x00000000c2500000| PB 0x00000000c2500000| Complete 
|  38|0x00000000c2600000, 0x00000000c2700000, 0x00000000c2700000|100%|HC|  |TAMS 0x00000000c2600000| PB 0x00000000c2600000| Complete 
|  39|0x00000000c2700000, 0x00000000c2800000, 0x00000000c2800000|100%|HC|  |TAMS 0x00000000c2700000| PB 0x00000000c2700000| Complete 
|  40|0x00000000c2800000, 0x00000000c2900000, 0x00000000c2900000|100%|HC|  |TAMS 0x00000000c2800000| PB 0x00000000c2800000| Complete 
|  41|0x00000000c2900000, 0x00000000c2a00000, 0x00000000c2a00000|100%|HC|  |TAMS 0x00000000c2900000| PB 0x00000000c2900000| Complete 
|  42|0x00000000c2a00000, 0x00000000c2b00000, 0x00000000c2b00000|100%|HC|  |TAMS 0x00000000c2a00000| PB 0x00000000c2a00000| Complete 
|  43|0x00000000c2b00000, 0x00000000c2c00000, 0x00000000c2c00000|100%| O|  |TAMS 0x00000000c2b00000| PB 0x00000000c2b00000| Untracked 
|  44|0x00000000c2c00000, 0x00000000c2d00000, 0x00000000c2d00000|100%| O|  |TAMS 0x00000000c2c00000| PB 0x00000000c2c00000| Untracked 
|  45|0x00000000c2d00000, 0x00000000c2e00000, 0x00000000c2e00000|100%| O|  |TAMS 0x00000000c2d00000| PB 0x00000000c2d00000| Untracked 
|  46|0x00000000c2e00000, 0x00000000c2f00000, 0x00000000c2f00000|100%| O|  |TAMS 0x00000000c2e00000| PB 0x00000000c2e00000| Untracked 
|  47|0x00000000c2f00000, 0x00000000c3000000, 0x00000000c3000000|100%| O|  |TAMS 0x00000000c2f00000| PB 0x00000000c2f00000| Untracked 
|  48|0x00000000c3000000, 0x00000000c3100000, 0x00000000c3100000|100%| O|  |TAMS 0x00000000c3000000| PB 0x00000000c3000000| Untracked 
|  49|0x00000000c3100000, 0x00000000c3200000, 0x00000000c3200000|100%|HS|  |TAMS 0x00000000c3100000| PB 0x00000000c3100000| Complete 
|  50|0x00000000c3200000, 0x00000000c3300000, 0x00000000c3300000|100%| O|  |TAMS 0x00000000c3200000| PB 0x00000000c3200000| Untracked 
|  51|0x00000000c3300000, 0x00000000c3400000, 0x00000000c3400000|100%| O|  |TAMS 0x00000000c3300000| PB 0x00000000c3300000| Untracked 
|  52|0x00000000c3400000, 0x00000000c3500000, 0x00000000c3500000|100%| O|  |TAMS 0x00000000c3400000| PB 0x00000000c3400000| Untracked 
|  53|0x00000000c3500000, 0x00000000c3600000, 0x00000000c3600000|100%| O|  |TAMS 0x00000000c3500000| PB 0x00000000c3500000| Untracked 
|  54|0x00000000c3600000, 0x00000000c3700000, 0x00000000c3700000|100%| O|  |TAMS 0x00000000c3600000| PB 0x00000000c3600000| Untracked 
|  55|0x00000000c3700000, 0x00000000c3800000, 0x00000000c3800000|100%| O|  |TAMS 0x00000000c3700000| PB 0x00000000c3700000| Untracked 
|  56|0x00000000c3800000, 0x00000000c3900000, 0x00000000c3900000|100%| O|  |TAMS 0x00000000c3800000| PB 0x00000000c3800000| Untracked 
|  57|0x00000000c3900000, 0x00000000c3a00000, 0x00000000c3a00000|100%| O|  |TAMS 0x00000000c3900000| PB 0x00000000c3900000| Untracked 
|  58|0x00000000c3a00000, 0x00000000c3b00000, 0x00000000c3b00000|100%| O|  |TAMS 0x00000000c3a00000| PB 0x00000000c3a00000| Untracked 
|  59|0x00000000c3b00000, 0x00000000c3c00000, 0x00000000c3c00000|100%|HS|  |TAMS 0x00000000c3b00000| PB 0x00000000c3b00000| Complete 
|  60|0x00000000c3c00000, 0x00000000c3d00000, 0x00000000c3d00000|100%| O|  |TAMS 0x00000000c3c00000| PB 0x00000000c3c00000| Untracked 
|  61|0x00000000c3d00000, 0x00000000c3e00000, 0x00000000c3e00000|100%| O|  |TAMS 0x00000000c3d00000| PB 0x00000000c3d00000| Untracked 
|  62|0x00000000c3e00000, 0x00000000c3f00000, 0x00000000c3f00000|100%| O|  |TAMS 0x00000000c3e00000| PB 0x00000000c3e00000| Untracked 
|  63|0x00000000c3f00000, 0x00000000c4000000, 0x00000000c4000000|100%| O|  |TAMS 0x00000000c3f00000| PB 0x00000000c3f00000| Untracked 
|  64|0x00000000c4000000, 0x00000000c4100000, 0x00000000c4100000|100%| O|  |TAMS 0x00000000c4000000| PB 0x00000000c4000000| Untracked 
|  65|0x00000000c4100000, 0x00000000c4200000, 0x00000000c4200000|100%| O|  |TAMS 0x00000000c4100000| PB 0x00000000c4100000| Untracked 
|  66|0x00000000c4200000, 0x00000000c4300000, 0x00000000c4300000|100%| O|  |TAMS 0x00000000c4200000| PB 0x00000000c4200000| Untracked 
|  67|0x00000000c4300000, 0x00000000c4400000, 0x00000000c4400000|100%| O|  |TAMS 0x00000000c4300000| PB 0x00000000c4300000| Untracked 
|  68|0x00000000c4400000, 0x00000000c4500000, 0x00000000c4500000|100%| O|  |TAMS 0x00000000c4400000| PB 0x00000000c4400000| Untracked 
|  69|0x00000000c4500000, 0x00000000c4600000, 0x00000000c4600000|100%| O|  |TAMS 0x00000000c4500000| PB 0x00000000c4500000| Untracked 
|  70|0x00000000c4600000, 0x00000000c4700000, 0x00000000c4700000|100%|HS|  |TAMS 0x00000000c4600000| PB 0x00000000c4600000| Complete 
|  71|0x00000000c4700000, 0x00000000c4800000, 0x00000000c4800000|100%| O|  |TAMS 0x00000000c4700000| PB 0x00000000c4700000| Untracked 
|  72|0x00000000c4800000, 0x00000000c4900000, 0x00000000c4900000|100%| O|  |TAMS 0x00000000c4800000| PB 0x00000000c4800000| Untracked 
|  73|0x00000000c4900000, 0x00000000c4a00000, 0x00000000c4a00000|100%| O|  |TAMS 0x00000000c4900000| PB 0x00000000c4900000| Untracked 
|  74|0x00000000c4a00000, 0x00000000c4b00000, 0x00000000c4b00000|100%|HS|  |TAMS 0x00000000c4a00000| PB 0x00000000c4a00000| Complete 
|  75|0x00000000c4b00000, 0x00000000c4c00000, 0x00000000c4c00000|100%|HS|  |TAMS 0x00000000c4b00000| PB 0x00000000c4b00000| Complete 
|  76|0x00000000c4c00000, 0x00000000c4d00000, 0x00000000c4d00000|100%|HS|  |TAMS 0x00000000c4c00000| PB 0x00000000c4c00000| Complete 
|  77|0x00000000c4d00000, 0x00000000c4e00000, 0x00000000c4e00000|100%|HC|  |TAMS 0x00000000c4d00000| PB 0x00000000c4d00000| Complete 
|  78|0x00000000c4e00000, 0x00000000c4f00000, 0x00000000c4f00000|100%|HS|  |TAMS 0x00000000c4e00000| PB 0x00000000c4e00000| Complete 
|  79|0x00000000c4f00000, 0x00000000c5000000, 0x00000000c5000000|100%|HC|  |TAMS 0x00000000c4f00000| PB 0x00000000c4f00000| Complete 
|  80|0x00000000c5000000, 0x00000000c5100000, 0x00000000c5100000|100%|HS|  |TAMS 0x00000000c5000000| PB 0x00000000c5000000| Complete 
|  81|0x00000000c5100000, 0x00000000c5200000, 0x00000000c5200000|100%|HS|  |TAMS 0x00000000c5100000| PB 0x00000000c5100000| Complete 
|  82|0x00000000c5200000, 0x00000000c5300000, 0x00000000c5300000|100%| O|Cm|TAMS 0x00000000c5200000| PB 0x00000000c5200000| Complete 
|  83|0x00000000c5300000, 0x00000000c5400000, 0x00000000c5400000|100%| O|  |TAMS 0x00000000c5300000| PB 0x00000000c5300000| Untracked 
|  84|0x00000000c5400000, 0x00000000c5500000, 0x00000000c5500000|100%| O|  |TAMS 0x00000000c5400000| PB 0x00000000c5400000| Untracked 
|  85|0x00000000c5500000, 0x00000000c5600000, 0x00000000c5600000|100%| O|  |TAMS 0x00000000c5500000| PB 0x00000000c5500000| Untracked 
|  86|0x00000000c5600000, 0x00000000c5700000, 0x00000000c5700000|100%| O|  |TAMS 0x00000000c5600000| PB 0x00000000c5600000| Untracked 
|  87|0x00000000c5700000, 0x00000000c5800000, 0x00000000c5800000|100%| O|  |TAMS 0x00000000c5700000| PB 0x00000000c5700000| Untracked 
|  88|0x00000000c5800000, 0x00000000c5900000, 0x00000000c5900000|100%| O|  |TAMS 0x00000000c5800000| PB 0x00000000c5800000| Untracked 
|  89|0x00000000c5900000, 0x00000000c5a00000, 0x00000000c5a00000|100%| O|  |TAMS 0x00000000c5900000| PB 0x00000000c5900000| Untracked 
|  90|0x00000000c5a00000, 0x00000000c5b00000, 0x00000000c5b00000|100%|HS|  |TAMS 0x00000000c5a00000| PB 0x00000000c5a00000| Complete 
|  91|0x00000000c5b00000, 0x00000000c5c00000, 0x00000000c5c00000|100%| O|  |TAMS 0x00000000c5b00000| PB 0x00000000c5b00000| Untracked 
|  92|0x00000000c5c00000, 0x00000000c5d00000, 0x00000000c5d00000|100%| O|  |TAMS 0x00000000c5c00000| PB 0x00000000c5c00000| Untracked 
|  93|0x00000000c5d00000, 0x00000000c5e00000, 0x00000000c5e00000|100%| O|  |TAMS 0x00000000c5d00000| PB 0x00000000c5d00000| Untracked 
|  94|0x00000000c5e00000, 0x00000000c5f00000, 0x00000000c5f00000|100%| O|  |TAMS 0x00000000c5e00000| PB 0x00000000c5e00000| Untracked 
|  95|0x00000000c5f00000, 0x00000000c6000000, 0x00000000c6000000|100%| O|  |TAMS 0x00000000c5f00000| PB 0x00000000c5f00000| Untracked 
|  96|0x00000000c6000000, 0x00000000c6100000, 0x00000000c6100000|100%| O|  |TAMS 0x00000000c6000000| PB 0x00000000c6000000| Untracked 
|  97|0x00000000c6100000, 0x00000000c6200000, 0x00000000c6200000|100%| O|  |TAMS 0x00000000c6100000| PB 0x00000000c6100000| Untracked 
|  98|0x00000000c6200000, 0x00000000c6300000, 0x00000000c6300000|100%| O|  |TAMS 0x00000000c6200000| PB 0x00000000c6200000| Untracked 
|  99|0x00000000c6300000, 0x00000000c6400000, 0x00000000c6400000|100%| O|  |TAMS 0x00000000c6300000| PB 0x00000000c6300000| Untracked 
| 100|0x00000000c6400000, 0x00000000c6500000, 0x00000000c6500000|100%| O|  |TAMS 0x00000000c6400000| PB 0x00000000c6400000| Untracked 
| 101|0x00000000c6500000, 0x00000000c6600000, 0x00000000c6600000|100%| O|  |TAMS 0x00000000c6500000| PB 0x00000000c6500000| Untracked 
| 102|0x00000000c6600000, 0x00000000c6700000, 0x00000000c6700000|100%| O|  |TAMS 0x00000000c6600000| PB 0x00000000c6600000| Untracked 
| 103|0x00000000c6700000, 0x00000000c6800000, 0x00000000c6800000|100%| O|Cm|TAMS 0x00000000c6700000| PB 0x00000000c6700000| Complete 
| 104|0x00000000c6800000, 0x00000000c6900000, 0x00000000c6900000|100%| O|  |TAMS 0x00000000c6800000| PB 0x00000000c6800000| Untracked 
| 105|0x00000000c6900000, 0x00000000c6a00000, 0x00000000c6a00000|100%| O|  |TAMS 0x00000000c6900000| PB 0x00000000c6900000| Untracked 
| 106|0x00000000c6a00000, 0x00000000c6b00000, 0x00000000c6b00000|100%| O|  |TAMS 0x00000000c6a00000| PB 0x00000000c6a00000| Untracked 
| 107|0x00000000c6b00000, 0x00000000c6c00000, 0x00000000c6c00000|100%| O|  |TAMS 0x00000000c6b00000| PB 0x00000000c6b00000| Untracked 
| 108|0x00000000c6c00000, 0x00000000c6d00000, 0x00000000c6d00000|100%| O|  |TAMS 0x00000000c6c00000| PB 0x00000000c6c00000| Untracked 
| 109|0x00000000c6d00000, 0x00000000c6e00000, 0x00000000c6e00000|100%| O|  |TAMS 0x00000000c6d00000| PB 0x00000000c6d00000| Untracked 
| 110|0x00000000c6e00000, 0x00000000c6f00000, 0x00000000c6f00000|100%| O|  |TAMS 0x00000000c6e00000| PB 0x00000000c6e00000| Untracked 
| 111|0x00000000c6f00000, 0x00000000c7000000, 0x00000000c7000000|100%| O|  |TAMS 0x00000000c6f00000| PB 0x00000000c6f00000| Untracked 
| 112|0x00000000c7000000, 0x00000000c7100000, 0x00000000c7100000|100%| O|  |TAMS 0x00000000c7000000| PB 0x00000000c7000000| Untracked 
| 113|0x00000000c7100000, 0x00000000c7200000, 0x00000000c7200000|100%| O|  |TAMS 0x00000000c7100000| PB 0x00000000c7100000| Untracked 
| 114|0x00000000c7200000, 0x00000000c7300000, 0x00000000c7300000|100%| O|  |TAMS 0x00000000c7200000| PB 0x00000000c7200000| Untracked 
| 115|0x00000000c7300000, 0x00000000c7400000, 0x00000000c7400000|100%| O|  |TAMS 0x00000000c7300000| PB 0x00000000c7300000| Untracked 
| 116|0x00000000c7400000, 0x00000000c7500000, 0x00000000c7500000|100%| O|  |TAMS 0x00000000c7400000| PB 0x00000000c7400000| Untracked 
| 117|0x00000000c7500000, 0x00000000c7600000, 0x00000000c7600000|100%| O|  |TAMS 0x00000000c7500000| PB 0x00000000c7500000| Untracked 
| 118|0x00000000c7600000, 0x00000000c7700000, 0x00000000c7700000|100%| O|  |TAMS 0x00000000c7600000| PB 0x00000000c7600000| Untracked 
| 119|0x00000000c7700000, 0x00000000c7800000, 0x00000000c7800000|100%| O|  |TAMS 0x00000000c7700000| PB 0x00000000c7700000| Untracked 
| 120|0x00000000c7800000, 0x00000000c7900000, 0x00000000c7900000|100%| O|  |TAMS 0x00000000c7800000| PB 0x00000000c7800000| Untracked 
| 121|0x00000000c7900000, 0x00000000c7a00000, 0x00000000c7a00000|100%| O|  |TAMS 0x00000000c7900000| PB 0x00000000c7900000| Untracked 
| 122|0x00000000c7a00000, 0x00000000c7b00000, 0x00000000c7b00000|100%| O|  |TAMS 0x00000000c7a00000| PB 0x00000000c7a00000| Untracked 
| 123|0x00000000c7b00000, 0x00000000c7c00000, 0x00000000c7c00000|100%| O|  |TAMS 0x00000000c7b00000| PB 0x00000000c7b00000| Untracked 
| 124|0x00000000c7c00000, 0x00000000c7cb02a0, 0x00000000c7d00000| 68%| O|  |TAMS 0x00000000c7c00000| PB 0x00000000c7c00000| Untracked 
| 125|0x00000000c7d00000, 0x00000000c7d00000, 0x00000000c7e00000|  0%| F|  |TAMS 0x00000000c7d00000| PB 0x00000000c7d00000| Untracked 
| 126|0x00000000c7e00000, 0x00000000c7e00000, 0x00000000c7f00000|  0%| F|  |TAMS 0x00000000c7e00000| PB 0x00000000c7e00000| Untracked 
| 127|0x00000000c7f00000, 0x00000000c7f00000, 0x00000000c8000000|  0%| F|  |TAMS 0x00000000c7f00000| PB 0x00000000c7f00000| Untracked 
| 128|0x00000000c8000000, 0x00000000c8000000, 0x00000000c8100000|  0%| F|  |TAMS 0x00000000c8000000| PB 0x00000000c8000000| Untracked 
| 129|0x00000000c8100000, 0x00000000c8200000, 0x00000000c8200000|100%| O|  |TAMS 0x00000000c8100000| PB 0x00000000c8100000| Untracked 
| 130|0x00000000c8200000, 0x00000000c8280000, 0x00000000c8300000| 50%| E|CS|TAMS 0x00000000c8200000| PB 0x00000000c8200000| Complete 
| 131|0x00000000c8300000, 0x00000000c8400000, 0x00000000c8400000|100%| E|CS|TAMS 0x00000000c8300000| PB 0x00000000c8300000| Complete 
| 132|0x00000000c8400000, 0x00000000c8500000, 0x00000000c8500000|100%| E|CS|TAMS 0x00000000c8400000| PB 0x00000000c8400000| Complete 
| 133|0x00000000c8500000, 0x00000000c8600000, 0x00000000c8600000|100%| E|CS|TAMS 0x00000000c8500000| PB 0x00000000c8500000| Complete 
| 134|0x00000000c8600000, 0x00000000c8700000, 0x00000000c8700000|100%| E|CS|TAMS 0x00000000c8600000| PB 0x00000000c8600000| Complete 
| 135|0x00000000c8700000, 0x00000000c8800000, 0x00000000c8800000|100%| E|CS|TAMS 0x00000000c8700000| PB 0x00000000c8700000| Complete 
| 136|0x00000000c8800000, 0x00000000c8900000, 0x00000000c8900000|100%| E|CS|TAMS 0x00000000c8800000| PB 0x00000000c8800000| Complete 
| 137|0x00000000c8900000, 0x00000000c8a00000, 0x00000000c8a00000|100%| E|CS|TAMS 0x00000000c8900000| PB 0x00000000c8900000| Complete 
| 138|0x00000000c8a00000, 0x00000000c8b00000, 0x00000000c8b00000|100%| E|CS|TAMS 0x00000000c8a00000| PB 0x00000000c8a00000| Complete 
| 139|0x00000000c8b00000, 0x00000000c8c00000, 0x00000000c8c00000|100%| E|CS|TAMS 0x00000000c8b00000| PB 0x00000000c8b00000| Complete 
| 140|0x00000000c8c00000, 0x00000000c8c00000, 0x00000000c8d00000|  0%| F|  |TAMS 0x00000000c8c00000| PB 0x00000000c8c00000| Untracked 
| 141|0x00000000c8d00000, 0x00000000c8d00000, 0x00000000c8e00000|  0%| F|  |TAMS 0x00000000c8d00000| PB 0x00000000c8d00000| Untracked 
| 142|0x00000000c8e00000, 0x00000000c8e00000, 0x00000000c8f00000|  0%| F|  |TAMS 0x00000000c8e00000| PB 0x00000000c8e00000| Untracked 
| 143|0x00000000c8f00000, 0x00000000c8f00000, 0x00000000c9000000|  0%| F|  |TAMS 0x00000000c8f00000| PB 0x00000000c8f00000| Untracked 
| 144|0x00000000c9000000, 0x00000000c9000000, 0x00000000c9100000|  0%| F|  |TAMS 0x00000000c9000000| PB 0x00000000c9000000| Untracked 
| 145|0x00000000c9100000, 0x00000000c91eb560, 0x00000000c9200000| 91%| S|  |TAMS 0x00000000c9100000| PB 0x00000000c9100000| Complete 
| 146|0x00000000c9200000, 0x00000000c9300000, 0x00000000c9300000|100%| S|  |TAMS 0x00000000c9200000| PB 0x00000000c9200000| Complete 
| 147|0x00000000c9300000, 0x00000000c9400000, 0x00000000c9400000|100%| S|  |TAMS 0x00000000c9300000| PB 0x00000000c9300000| Complete 
| 148|0x00000000c9400000, 0x00000000c9500000, 0x00000000c9500000|100%| S|  |TAMS 0x00000000c9400000| PB 0x00000000c9400000| Complete 
| 149|0x00000000c9500000, 0x00000000c9600000, 0x00000000c9600000|100%| S|  |TAMS 0x00000000c9500000| PB 0x00000000c9500000| Complete 
| 150|0x00000000c9600000, 0x00000000c9700000, 0x00000000c9700000|100%| S|  |TAMS 0x00000000c9600000| PB 0x00000000c9600000| Complete 
| 151|0x00000000c9700000, 0x00000000c9800000, 0x00000000c9800000|100%| S|  |TAMS 0x00000000c9700000| PB 0x00000000c9700000| Complete 
| 152|0x00000000c9800000, 0x00000000c9900000, 0x00000000c9900000|100%| S|  |TAMS 0x00000000c9800000| PB 0x00000000c9800000| Complete 
| 153|0x00000000c9900000, 0x00000000c9a00000, 0x00000000c9a00000|100%| S|  |TAMS 0x00000000c9900000| PB 0x00000000c9900000| Complete 
| 154|0x00000000c9a00000, 0x00000000c9b00000, 0x00000000c9b00000|100%| S|  |TAMS 0x00000000c9a00000| PB 0x00000000c9a00000| Complete 
| 155|0x00000000c9b00000, 0x00000000c9c00000, 0x00000000c9c00000|100%| E|CS|TAMS 0x00000000c9b00000| PB 0x00000000c9b00000| Complete 
| 156|0x00000000c9c00000, 0x00000000c9d00000, 0x00000000c9d00000|100%| E|CS|TAMS 0x00000000c9c00000| PB 0x00000000c9c00000| Complete 
| 157|0x00000000c9d00000, 0x00000000c9e00000, 0x00000000c9e00000|100%| E|CS|TAMS 0x00000000c9d00000| PB 0x00000000c9d00000| Complete 
| 158|0x00000000c9e00000, 0x00000000c9f00000, 0x00000000c9f00000|100%| E|CS|TAMS 0x00000000c9e00000| PB 0x00000000c9e00000| Complete 
| 159|0x00000000c9f00000, 0x00000000ca000000, 0x00000000ca000000|100%| E|CS|TAMS 0x00000000c9f00000| PB 0x00000000c9f00000| Complete 
| 160|0x00000000ca000000, 0x00000000ca100000, 0x00000000ca100000|100%| E|CS|TAMS 0x00000000ca000000| PB 0x00000000ca000000| Complete 
| 161|0x00000000ca100000, 0x00000000ca200000, 0x00000000ca200000|100%| E|CS|TAMS 0x00000000ca100000| PB 0x00000000ca100000| Complete 
| 162|0x00000000ca200000, 0x00000000ca300000, 0x00000000ca300000|100%| E|CS|TAMS 0x00000000ca200000| PB 0x00000000ca200000| Complete 
| 163|0x00000000ca300000, 0x00000000ca400000, 0x00000000ca400000|100%| E|CS|TAMS 0x00000000ca300000| PB 0x00000000ca300000| Complete 
| 164|0x00000000ca400000, 0x00000000ca500000, 0x00000000ca500000|100%| E|CS|TAMS 0x00000000ca400000| PB 0x00000000ca400000| Complete 
| 165|0x00000000ca500000, 0x00000000ca600000, 0x00000000ca600000|100%| E|CS|TAMS 0x00000000ca500000| PB 0x00000000ca500000| Complete 
| 166|0x00000000ca600000, 0x00000000ca700000, 0x00000000ca700000|100%| E|CS|TAMS 0x00000000ca600000| PB 0x00000000ca600000| Complete 
| 167|0x00000000ca700000, 0x00000000ca800000, 0x00000000ca800000|100%| E|CS|TAMS 0x00000000ca700000| PB 0x00000000ca700000| Complete 
| 168|0x00000000ca800000, 0x00000000ca900000, 0x00000000ca900000|100%| E|CS|TAMS 0x00000000ca800000| PB 0x00000000ca800000| Complete 
| 169|0x00000000ca900000, 0x00000000caa00000, 0x00000000caa00000|100%| E|CS|TAMS 0x00000000ca900000| PB 0x00000000ca900000| Complete 
| 170|0x00000000caa00000, 0x00000000cab00000, 0x00000000cab00000|100%| E|CS|TAMS 0x00000000caa00000| PB 0x00000000caa00000| Complete 
| 171|0x00000000cab00000, 0x00000000cac00000, 0x00000000cac00000|100%| E|CS|TAMS 0x00000000cab00000| PB 0x00000000cab00000| Complete 
| 172|0x00000000cac00000, 0x00000000cad00000, 0x00000000cad00000|100%| E|CS|TAMS 0x00000000cac00000| PB 0x00000000cac00000| Complete 
| 173|0x00000000cad00000, 0x00000000cae00000, 0x00000000cae00000|100%| E|CS|TAMS 0x00000000cad00000| PB 0x00000000cad00000| Complete 
| 174|0x00000000cae00000, 0x00000000caf00000, 0x00000000caf00000|100%| E|CS|TAMS 0x00000000cae00000| PB 0x00000000cae00000| Complete 
| 175|0x00000000caf00000, 0x00000000cb000000, 0x00000000cb000000|100%| E|CS|TAMS 0x00000000caf00000| PB 0x00000000caf00000| Complete 
| 176|0x00000000cb000000, 0x00000000cb100000, 0x00000000cb100000|100%| E|CS|TAMS 0x00000000cb000000| PB 0x00000000cb000000| Complete 
| 177|0x00000000cb100000, 0x00000000cb200000, 0x00000000cb200000|100%| E|CS|TAMS 0x00000000cb100000| PB 0x00000000cb100000| Complete 
| 178|0x00000000cb200000, 0x00000000cb300000, 0x00000000cb300000|100%| E|CS|TAMS 0x00000000cb200000| PB 0x00000000cb200000| Complete 
| 179|0x00000000cb300000, 0x00000000cb400000, 0x00000000cb400000|100%| E|CS|TAMS 0x00000000cb300000| PB 0x00000000cb300000| Complete 
| 180|0x00000000cb400000, 0x00000000cb500000, 0x00000000cb500000|100%| E|CS|TAMS 0x00000000cb400000| PB 0x00000000cb400000| Complete 
| 181|0x00000000cb500000, 0x00000000cb600000, 0x00000000cb600000|100%| E|CS|TAMS 0x00000000cb500000| PB 0x00000000cb500000| Complete 
| 182|0x00000000cb600000, 0x00000000cb700000, 0x00000000cb700000|100%| E|CS|TAMS 0x00000000cb600000| PB 0x00000000cb600000| Complete 
| 183|0x00000000cb700000, 0x00000000cb800000, 0x00000000cb800000|100%| E|CS|TAMS 0x00000000cb700000| PB 0x00000000cb700000| Complete 
| 184|0x00000000cb800000, 0x00000000cb900000, 0x00000000cb900000|100%| E|CS|TAMS 0x00000000cb800000| PB 0x00000000cb800000| Complete 
| 185|0x00000000cb900000, 0x00000000cba00000, 0x00000000cba00000|100%| E|CS|TAMS 0x00000000cb900000| PB 0x00000000cb900000| Complete 
| 186|0x00000000cba00000, 0x00000000cbb00000, 0x00000000cbb00000|100%| E|CS|TAMS 0x00000000cba00000| PB 0x00000000cba00000| Complete 
| 187|0x00000000cbb00000, 0x00000000cbc00000, 0x00000000cbc00000|100%| E|CS|TAMS 0x00000000cbb00000| PB 0x00000000cbb00000| Complete 
| 188|0x00000000cbc00000, 0x00000000cbd00000, 0x00000000cbd00000|100%| E|CS|TAMS 0x00000000cbc00000| PB 0x00000000cbc00000| Complete 
| 189|0x00000000cbd00000, 0x00000000cbe00000, 0x00000000cbe00000|100%| E|CS|TAMS 0x00000000cbd00000| PB 0x00000000cbd00000| Complete 
| 190|0x00000000cbe00000, 0x00000000cbf00000, 0x00000000cbf00000|100%| E|CS|TAMS 0x00000000cbe00000| PB 0x00000000cbe00000| Complete 
| 191|0x00000000cbf00000, 0x00000000cc000000, 0x00000000cc000000|100%| E|CS|TAMS 0x00000000cbf00000| PB 0x00000000cbf00000| Complete 
| 192|0x00000000cc000000, 0x00000000cc100000, 0x00000000cc100000|100%| E|CS|TAMS 0x00000000cc000000| PB 0x00000000cc000000| Complete 
| 193|0x00000000cc100000, 0x00000000cc200000, 0x00000000cc200000|100%| E|CS|TAMS 0x00000000cc100000| PB 0x00000000cc100000| Complete 
| 194|0x00000000cc200000, 0x00000000cc300000, 0x00000000cc300000|100%| E|CS|TAMS 0x00000000cc200000| PB 0x00000000cc200000| Complete 
| 195|0x00000000cc300000, 0x00000000cc400000, 0x00000000cc400000|100%| E|CS|TAMS 0x00000000cc300000| PB 0x00000000cc300000| Complete 
| 196|0x00000000cc400000, 0x00000000cc500000, 0x00000000cc500000|100%| E|CS|TAMS 0x00000000cc400000| PB 0x00000000cc400000| Complete 
| 197|0x00000000cc500000, 0x00000000cc600000, 0x00000000cc600000|100%| E|CS|TAMS 0x00000000cc500000| PB 0x00000000cc500000| Complete 
| 198|0x00000000cc600000, 0x00000000cc700000, 0x00000000cc700000|100%| E|CS|TAMS 0x00000000cc600000| PB 0x00000000cc600000| Complete 
| 199|0x00000000cc700000, 0x00000000cc800000, 0x00000000cc800000|100%| E|CS|TAMS 0x00000000cc700000| PB 0x00000000cc700000| Complete 
| 200|0x00000000cc800000, 0x00000000cc900000, 0x00000000cc900000|100%| E|CS|TAMS 0x00000000cc800000| PB 0x00000000cc800000| Complete 
| 201|0x00000000cc900000, 0x00000000cca00000, 0x00000000cca00000|100%| E|CS|TAMS 0x00000000cc900000| PB 0x00000000cc900000| Complete 
| 202|0x00000000cca00000, 0x00000000ccb00000, 0x00000000ccb00000|100%| E|CS|TAMS 0x00000000cca00000| PB 0x00000000cca00000| Complete 
| 203|0x00000000ccb00000, 0x00000000ccc00000, 0x00000000ccc00000|100%| E|CS|TAMS 0x00000000ccb00000| PB 0x00000000ccb00000| Complete 
| 204|0x00000000ccc00000, 0x00000000ccd00000, 0x00000000ccd00000|100%| E|CS|TAMS 0x00000000ccc00000| PB 0x00000000ccc00000| Complete 
| 205|0x00000000ccd00000, 0x00000000cce00000, 0x00000000cce00000|100%| E|CS|TAMS 0x00000000ccd00000| PB 0x00000000ccd00000| Complete 
| 206|0x00000000cce00000, 0x00000000ccf00000, 0x00000000ccf00000|100%| E|CS|TAMS 0x00000000cce00000| PB 0x00000000cce00000| Complete 
| 207|0x00000000ccf00000, 0x00000000cd000000, 0x00000000cd000000|100%| E|CS|TAMS 0x00000000ccf00000| PB 0x00000000ccf00000| Complete 
| 208|0x00000000cd000000, 0x00000000cd100000, 0x00000000cd100000|100%| E|CS|TAMS 0x00000000cd000000| PB 0x00000000cd000000| Complete 
| 209|0x00000000cd100000, 0x00000000cd200000, 0x00000000cd200000|100%| E|CS|TAMS 0x00000000cd100000| PB 0x00000000cd100000| Complete 
| 210|0x00000000cd200000, 0x00000000cd300000, 0x00000000cd300000|100%| E|CS|TAMS 0x00000000cd200000| PB 0x00000000cd200000| Complete 
| 211|0x00000000cd300000, 0x00000000cd400000, 0x00000000cd400000|100%| E|CS|TAMS 0x00000000cd300000| PB 0x00000000cd300000| Complete 
| 212|0x00000000cd400000, 0x00000000cd500000, 0x00000000cd500000|100%| E|CS|TAMS 0x00000000cd400000| PB 0x00000000cd400000| Complete 
| 213|0x00000000cd500000, 0x00000000cd600000, 0x00000000cd600000|100%| E|CS|TAMS 0x00000000cd500000| PB 0x00000000cd500000| Complete 
| 214|0x00000000cd600000, 0x00000000cd700000, 0x00000000cd700000|100%| E|CS|TAMS 0x00000000cd600000| PB 0x00000000cd600000| Complete 
| 215|0x00000000cd700000, 0x00000000cd800000, 0x00000000cd800000|100%| E|CS|TAMS 0x00000000cd700000| PB 0x00000000cd700000| Complete 
| 216|0x00000000cd800000, 0x00000000cd900000, 0x00000000cd900000|100%| E|CS|TAMS 0x00000000cd800000| PB 0x00000000cd800000| Complete 
| 217|0x00000000cd900000, 0x00000000cda00000, 0x00000000cda00000|100%| E|CS|TAMS 0x00000000cd900000| PB 0x00000000cd900000| Complete 
| 218|0x00000000cda00000, 0x00000000cdb00000, 0x00000000cdb00000|100%| E|CS|TAMS 0x00000000cda00000| PB 0x00000000cda00000| Complete 
| 219|0x00000000cdb00000, 0x00000000cdc00000, 0x00000000cdc00000|100%| E|CS|TAMS 0x00000000cdb00000| PB 0x00000000cdb00000| Complete 
| 220|0x00000000cdc00000, 0x00000000cdd00000, 0x00000000cdd00000|100%| E|CS|TAMS 0x00000000cdc00000| PB 0x00000000cdc00000| Complete 
|1015|0x00000000ff700000, 0x00000000ff800000, 0x00000000ff800000|100%| O|Cm|TAMS 0x00000000ff700000| PB 0x00000000ff700000| Complete 
|1016|0x00000000ff800000, 0x00000000ff900000, 0x00000000ff900000|100%| E|CS|TAMS 0x00000000ff800000| PB 0x00000000ff800000| Complete 
|1017|0x00000000ff900000, 0x00000000ffa00000, 0x00000000ffa00000|100%| O|  |TAMS 0x00000000ff900000| PB 0x00000000ff900000| Untracked 
|1018|0x00000000ffa00000, 0x00000000ffb00000, 0x00000000ffb00000|100%| O|  |TAMS 0x00000000ffa00000| PB 0x00000000ffa00000| Untracked 
|1019|0x00000000ffb00000, 0x00000000ffc00000, 0x00000000ffc00000|100%| O|  |TAMS 0x00000000ffb00000| PB 0x00000000ffb00000| Untracked 
|1020|0x00000000ffc00000, 0x00000000ffd00000, 0x00000000ffd00000|100%| E|CS|TAMS 0x00000000ffc00000| PB 0x00000000ffc00000| Complete 
|1021|0x00000000ffd00000, 0x00000000ffe00000, 0x00000000ffe00000|100%| O|  |TAMS 0x00000000ffd00000| PB 0x00000000ffd00000| Untracked 
|1022|0x00000000ffe00000, 0x00000000fff00000, 0x00000000fff00000|100%| O|  |TAMS 0x00000000ffe00000| PB 0x00000000ffe00000| Untracked 
|1023|0x00000000fff00000, 0x0000000100000000, 0x0000000100000000|100%| O|  |TAMS 0x00000000fff00000| PB 0x00000000fff00000| Untracked 

Card table byte_map: [0x00007efdd6600000,0x00007efdd6800000] _byte_map_base: 0x00007efdd6000000

Marking Bits: (CMBitMap*) 0x00007efdd006a0c0
 Bits: [0x00007efdd5600000, 0x00007efdd6600000)

Polling page: 0x00007efdd8759000

Metaspace:

Usage:
  Non-class:    109.80 MB used.
      Class:     17.67 MB used.
       Both:    127.47 MB used.

Virtual space:
  Non-class space:      128.00 MB reserved,     110.94 MB ( 87%) committed,  2 nodes.
      Class space:        1.00 GB reserved,      18.75 MB (  2%) committed,  1 nodes.
             Both:        1.12 GB reserved,     129.69 MB ( 11%) committed. 

Chunk freelists:
   Non-Class:  528.00 KB
       Class:  13.06 MB
        Both:  13.58 MB

MaxMetaspaceSize: unlimited
CompressedClassSpaceSize: 1.00 GB
Initial GC threshold: 21.00 MB
Current GC threshold: 215.00 MB
CDS: off
 - commit_granule_bytes: 65536.
 - commit_granule_words: 8192.
 - virtual_space_node_default_size: 8388608.
 - enlarge_chunks_in_place: 1.
 - use_allocation_guard: 0.


Internal statistics:

num_allocs_failed_limit: 6.
num_arena_births: 4418.
num_arena_deaths: 0.
num_vsnodes_births: 3.
num_vsnodes_deaths: 0.
num_space_committed: 2074.
num_space_uncommitted: 0.
num_chunks_returned_to_freelist: 6.
num_chunks_taken_from_freelist: 10046.
num_chunk_merges: 6.
num_chunk_splits: 6603.
num_chunks_enlarged: 4172.
num_inconsistent_stats: 0.

CodeHeap 'non-profiled nmethods': size=120032Kb used=7011Kb max_used=7011Kb free=113020Kb
 bounds [0x00007efdc58c8000, 0x00007efdc5fa8000, 0x00007efdcce00000]
CodeHeap 'profiled nmethods': size=120028Kb used=19999Kb max_used=20652Kb free=100028Kb
 bounds [0x00007efdbde00000, 0x00007efdbf230000, 0x00007efdc5337000]
CodeHeap 'non-nmethods': size=5700Kb used=2888Kb max_used=2924Kb free=2811Kb
 bounds [0x00007efdc5337000, 0x00007efdc5617000, 0x00007efdc58c8000]
CodeCache: size=245760Kb, used=29898Kb, max_used=30587Kb, free=215859Kb
 total_blobs=12076, nmethods=11047, adapters=935, full_count=0
Compilation: enabled, stopped_count=0, restarted_count=0

Compilation events (20 events):
Event: 61.603 Thread 0x00007efdd01c8880 nmethod 13260 0x00007efdc5c35690 code [0x00007efdc5c35880, 0x00007efdc5c362a8]
Event: 61.603 Thread 0x00007efdd01c8880 13263       4       java.util.stream.Collectors$$Lambda/0x00000001001cf3a8::accept (14 bytes)
Event: 61.616 Thread 0x00007efdd01c8880 nmethod 13263 0x00007efdc5cd0510 code [0x00007efdc5cd06e0, 0x00007efdc5cd0ec8]
Event: 61.616 Thread 0x00007efdd01c8880 13261       4       java.util.ArrayDeque::peekLast (19 bytes)
Event: 61.618 Thread 0x00007efdd01c8880 nmethod 13261 0x00007efdc5d67a90 code [0x00007efdc5d67c20, 0x00007efdc5d67cf8]
Event: 61.618 Thread 0x00007efdd01c8880 13259       4       org.gradle.internal.snapshot.DirectorySnapshot$$Lambda/0x00000001005c4e08::apply (8 bytes)
Event: 61.623 Thread 0x00007efdd01c8880 nmethod 13259 0x00007efdc5ccdb10 code [0x00007efdc5ccdcc0, 0x00007efdc5ccdff8]
Event: 61.623 Thread 0x00007efdd01c8880 13264       4       com.google.common.cache.LocalCache$LocalManualCache::get (23 bytes)
Event: 61.626 Thread 0x00007efdd01c8880 nmethod 13264 0x00007efdc5c35190 code [0x00007efdc5c35320, 0x00007efdc5c35498]
Event: 61.626 Thread 0x00007efdd01c8880 13258       4       java.util.concurrent.ArrayBlockingQueue::enqueue (53 bytes)
Event: 61.644 Thread 0x00007efdd01c8880 nmethod 13258 0x00007efdc5eb1a90 code [0x00007efdc5eb1c80, 0x00007efdc5eb25f8]
Event: 61.649 Thread 0x00007efdd01c8880 13265       4       java.math.BigInteger::firstNonzeroIntNum (57 bytes)
Event: 61.651 Thread 0x00007efdd01c8880 nmethod 13265 0x00007efdc5d68790 code [0x00007efdc5d68920, 0x00007efdc5d68a58]
Event: 61.660 Thread 0x00007efdd01c8880 13266       4       java.math.BigInteger::longValue (32 bytes)
Event: 61.665 Thread 0x00007efdd01c8880 nmethod 13266 0x00007efdc5ccd510 code [0x00007efdc5ccd6a0, 0x00007efdc5ccd908]
Event: 61.685 Thread 0x00007efdd01c8880 13267   !   4       com.google.common.cache.LocalCache$Segment::lockedGetOrLoad (447 bytes)
Event: 61.929 Thread 0x00007efdd01c8880 nmethod 13267 0x00007efdc5f99110 code [0x00007efdc5f99740, 0x00007efdc5f9d7b0]
Event: 61.929 Thread 0x00007efdd01c8880 13272   !   4       org.gradle.cache.internal.LockOnDemandCrossProcessCacheAccess::incrementLockCount (191 bytes)
Event: 61.947 Thread 0x00007efdd01c8880 nmethod 13272 0x00007efdc5fa0790 code [0x00007efdc5fa0a20, 0x00007efdc5fa13f0]
Event: 61.947 Thread 0x00007efdd01c8880 13270   !   4       org.gradle.cache.internal.DefaultCacheCoordinator::getFileLock (98 bytes)

GC Heap History (20 events):
Event: 47.081 GC heap after
{Heap after GC invocations=40 (full 0):
 garbage-first heap   total 188416K, used 111506K [0x00000000c0000000, 0x0000000100000000)
  region size 1024K, 7 young (7168K), 7 survivors (7168K)
 Metaspace       used 95628K, committed 97600K, reserved 1179648K
  class space    used 13179K, committed 14144K, reserved 1048576K
}
Event: 48.702 GC heap before
{Heap before GC invocations=40 (full 0):
 garbage-first heap   total 188416K, used 167826K [0x00000000c0000000, 0x0000000100000000)
  region size 1024K, 62 young (63488K), 7 survivors (7168K)
 Metaspace       used 99190K, committed 101248K, reserved 1179648K
  class space    used 13663K, committed 14656K, reserved 1048576K
}
Event: 48.730 GC heap after
{Heap after GC invocations=41 (full 0):
 garbage-first heap   total 188416K, used 113990K [0x00000000c0000000, 0x0000000100000000)
  region size 1024K, 3 young (3072K), 3 survivors (3072K)
 Metaspace       used 99190K, committed 101248K, reserved 1179648K
  class space    used 13663K, committed 14656K, reserved 1048576K
}
Event: 49.982 GC heap before
{Heap before GC invocations=41 (full 0):
 garbage-first heap   total 188416K, used 173382K [0x00000000c0000000, 0x0000000100000000)
  region size 1024K, 61 young (62464K), 3 survivors (3072K)
 Metaspace       used 101319K, committed 103360K, reserved 1179648K
  class space    used 13923K, committed 14912K, reserved 1048576K
}
Event: 50.009 GC heap after
{Heap after GC invocations=42 (full 0):
 garbage-first heap   total 188416K, used 118649K [0x00000000c0000000, 0x0000000100000000)
  region size 1024K, 8 young (8192K), 8 survivors (8192K)
 Metaspace       used 101319K, committed 103360K, reserved 1179648K
  class space    used 13923K, committed 14912K, reserved 1048576K
}
Event: 50.693 GC heap before
{Heap before GC invocations=42 (full 0):
 garbage-first heap   total 188416K, used 154489K [0x00000000c0000000, 0x0000000100000000)
  region size 1024K, 44 young (45056K), 8 survivors (8192K)
 Metaspace       used 103628K, committed 105728K, reserved 1179648K
  class space    used 14266K, committed 15296K, reserved 1048576K
}
Event: 50.715 GC heap after
{Heap after GC invocations=43 (full 0):
 garbage-first heap   total 188416K, used 120534K [0x00000000c0000000, 0x0000000100000000)
  region size 1024K, 2 young (2048K), 2 survivors (2048K)
 Metaspace       used 103628K, committed 105728K, reserved 1179648K
  class space    used 14266K, committed 15296K, reserved 1048576K
}
Event: 52.158 GC heap before
{Heap before GC invocations=44 (full 0):
 garbage-first heap   total 203776K, used 176854K [0x00000000c0000000, 0x0000000100000000)
  region size 1024K, 56 young (57344K), 2 survivors (2048K)
 Metaspace       used 107250K, committed 109312K, reserved 1179648K
  class space    used 14940K, committed 15936K, reserved 1048576K
}
Event: 52.169 GC heap after
{Heap after GC invocations=45 (full 0):
 garbage-first heap   total 203776K, used 121175K [0x00000000c0000000, 0x0000000100000000)
  region size 1024K, 3 young (3072K), 3 survivors (3072K)
 Metaspace       used 107250K, committed 109312K, reserved 1179648K
  class space    used 14940K, committed 15936K, reserved 1048576K
}
Event: 53.844 GC heap before
{Heap before GC invocations=45 (full 0):
 garbage-first heap   total 203776K, used 191831K [0x00000000c0000000, 0x0000000100000000)
  region size 1024K, 72 young (73728K), 3 survivors (3072K)
 Metaspace       used 111679K, committed 113856K, reserved 1179648K
  class space    used 15604K, committed 16640K, reserved 1048576K
}
Event: 53.874 GC heap after
{Heap after GC invocations=46 (full 0):
 garbage-first heap   total 203776K, used 122486K [0x00000000c0000000, 0x0000000100000000)
  region size 1024K, 6 young (6144K), 6 survivors (6144K)
 Metaspace       used 111679K, committed 113856K, reserved 1179648K
  class space    used 15604K, committed 16640K, reserved 1048576K
}
Event: 54.547 GC heap before
{Heap before GC invocations=46 (full 0):
 garbage-first heap   total 203776K, used 151158K [0x00000000c0000000, 0x0000000100000000)
  region size 1024K, 36 young (36864K), 6 survivors (6144K)
 Metaspace       used 113647K, committed 115840K, reserved 1179648K
  class space    used 15769K, committed 16832K, reserved 1048576K
}
Event: 54.580 GC heap after
{Heap after GC invocations=47 (full 0):
 garbage-first heap   total 203776K, used 127213K [0x00000000c0000000, 0x0000000100000000)
  region size 1024K, 9 young (9216K), 9 survivors (9216K)
 Metaspace       used 113647K, committed 115840K, reserved 1179648K
  class space    used 15769K, committed 16832K, reserved 1048576K
}
Event: 56.586 GC heap before
{Heap before GC invocations=48 (full 0):
 garbage-first heap   total 222208K, used 194797K [0x00000000c0000000, 0x0000000100000000)
  region size 1024K, 70 young (71680K), 9 survivors (9216K)
 Metaspace       used 120661K, committed 122944K, reserved 1179648K
  class space    used 16795K, committed 17920K, reserved 1048576K
}
Event: 56.639 GC heap after
{Heap after GC invocations=49 (full 0):
 garbage-first heap   total 222208K, used 131438K [0x00000000c0000000, 0x0000000100000000)
  region size 1024K, 9 young (9216K), 9 survivors (9216K)
 Metaspace       used 120661K, committed 122944K, reserved 1179648K
  class space    used 16795K, committed 17920K, reserved 1048576K
}
Event: 58.370 GC heap before
{Heap before GC invocations=49 (full 0):
 garbage-first heap   total 222208K, used 207214K [0x00000000c0000000, 0x0000000100000000)
  region size 1024K, 82 young (83968K), 9 survivors (9216K)
 Metaspace       used 124246K, committed 126528K, reserved 1179648K
  class space    used 17310K, committed 18432K, reserved 1048576K
}
Event: 58.418 GC heap after
{Heap after GC invocations=50 (full 0):
 garbage-first heap   total 224256K, used 136140K [0x00000000c0000000, 0x0000000100000000)
  region size 1024K, 10 young (10240K), 10 survivors (10240K)
 Metaspace       used 124246K, committed 126528K, reserved 1179648K
  class space    used 17310K, committed 18432K, reserved 1048576K
}
Event: 60.012 GC heap before
{Heap before GC invocations=50 (full 0):
 garbage-first heap   total 224256K, used 208844K [0x00000000c0000000, 0x0000000100000000)
  region size 1024K, 81 young (82944K), 10 survivors (10240K)
 Metaspace       used 129311K, committed 131648K, reserved 1179648K
  class space    used 17925K, committed 19072K, reserved 1048576K
}
Event: 60.044 GC heap after
{Heap after GC invocations=51 (full 0):
 garbage-first heap   total 224256K, used 140443K [0x00000000c0000000, 0x0000000100000000)
  region size 1024K, 10 young (10240K), 10 survivors (10240K)
 Metaspace       used 129311K, committed 131648K, reserved 1179648K
  class space    used 17925K, committed 19072K, reserved 1048576K
}
Event: 61.948 GC heap before
{Heap before GC invocations=52 (full 0):
 garbage-first heap   total 235520K, used 210075K [0x00000000c0000000, 0x0000000100000000)
  region size 1024K, 78 young (79872K), 10 survivors (10240K)
 Metaspace       used 130530K, committed 132800K, reserved 1179648K
  class space    used 18092K, committed 19200K, reserved 1048576K
}

Dll operation events (13 events):
Event: 0.052 Loaded shared library /home/elonmusk/Desktop/android_studio/android-studio/jbr/lib/libjava.so
Event: 0.078 Loaded shared library /home/elonmusk/Desktop/android_studio/android-studio/jbr/lib/libzip.so
Event: 0.323 Loaded shared library /home/elonmusk/Desktop/android_studio/android-studio/jbr/lib/libnio.so
Event: 0.333 Loaded shared library /home/elonmusk/Desktop/android_studio/android-studio/jbr/lib/libinstrument.so
Event: 0.347 Loaded shared library /home/elonmusk/Desktop/android_studio/android-studio/jbr/lib/libzip.so
Event: 0.503 Loaded shared library /home/elonmusk/Desktop/android_studio/android-studio/jbr/lib/libnet.so
Event: 0.868 Loaded shared library /home/elonmusk/Desktop/android_studio/android-studio/jbr/lib/libjimage.so
Event: 1.709 Loaded shared library /home/elonmusk/Desktop/android_studio/android-studio/jbr/lib/libverify.so
Event: 1.917 Loaded shared library /home/elonmusk/.gradle/native/1def1411415f61bf3af743bc5b6707747c0891f09f0c88961ee8f79bc544acac/linux-amd64/libnative-platform.so
Event: 1.961 Loaded shared library /home/elonmusk/.gradle/native/0.2.7/x86_64-linux-gnu/libgradle-fileevents.so
Event: 5.482 Loaded shared library /home/elonmusk/Desktop/android_studio/android-studio/jbr/lib/libmanagement.so
Event: 5.484 Loaded shared library /home/elonmusk/Desktop/android_studio/android-studio/jbr/lib/libmanagement_ext.so
Event: 5.706 Loaded shared library /home/elonmusk/Desktop/android_studio/android-studio/jbr/lib/libextnet.so

Deoptimization events (20 events):
Event: 60.862 Thread 0x00007efd58010930 Uncommon trap: trap_request=0xffffffc6 fr.pc=0x00007efdc5f69534 relative=0x0000000000000094
Event: 60.862 Thread 0x00007efd58010930 Uncommon trap: reason=bimorphic_or_optimized_type_check action=maybe_recompile pc=0x00007efdc5f69534 method=com.google.common.collect.AbstractMapBasedMultimap$WrappedCollection.size()I @ 8 c2
Event: 60.862 Thread 0x00007efd58010930 DEOPT PACKING pc=0x00007efdc5f69534 sp=0x00007efdbccf0540
Event: 60.862 Thread 0x00007efd58010930 DEOPT UNPACKING pc=0x00007efdc538af93 sp=0x00007efdbccf04e8 mode 2
Event: 60.979 Thread 0x00007efd58010930 Uncommon trap: trap_request=0xffffff45 fr.pc=0x00007efdc5e21864 relative=0x00000000000004e4
Event: 60.979 Thread 0x00007efd58010930 Uncommon trap: reason=unstable_if action=reinterpret pc=0x00007efdc5e21864 method=java.lang.StringLatin1.compareToCI([B[B)I @ 68 c2
Event: 60.979 Thread 0x00007efd58010930 DEOPT PACKING pc=0x00007efdc5e21864 sp=0x00007efdbccee390
Event: 60.979 Thread 0x00007efd58010930 DEOPT UNPACKING pc=0x00007efdc538af93 sp=0x00007efdbccee000 mode 2
Event: 60.984 Thread 0x00007efd58010930 Uncommon trap: trap_request=0xffffff45 fr.pc=0x00007efdc5e36684 relative=0x0000000000000344
Event: 60.984 Thread 0x00007efd58010930 Uncommon trap: reason=unstable_if action=reinterpret pc=0x00007efdc5e36684 method=java.lang.StringLatin1.compareToCI([B[B)I @ 68 c2
Event: 60.984 Thread 0x00007efd58010930 DEOPT PACKING pc=0x00007efdc5e36684 sp=0x00007efdbccee280
Event: 60.984 Thread 0x00007efd58010930 DEOPT UNPACKING pc=0x00007efdc538af93 sp=0x00007efdbccedfe8 mode 2
Event: 61.020 Thread 0x00007efd58010930 Uncommon trap: trap_request=0xffffff45 fr.pc=0x00007efdc5e1fd20 relative=0x00000000000002e0
Event: 61.020 Thread 0x00007efd58010930 Uncommon trap: reason=unstable_if action=reinterpret pc=0x00007efdc5e1fd20 method=java.lang.StringLatin1.compareToCI([B[B)I @ 68 c2
Event: 61.020 Thread 0x00007efd58010930 DEOPT PACKING pc=0x00007efdc5e1fd20 sp=0x00007efdbccee260
Event: 61.020 Thread 0x00007efd58010930 DEOPT UNPACKING pc=0x00007efdc538af93 sp=0x00007efdbccee170 mode 2
Event: 61.058 Thread 0x00007efd58010930 Uncommon trap: trap_request=0xffffff45 fr.pc=0x00007efdc5b0d378 relative=0x0000000000000258
Event: 61.058 Thread 0x00007efd58010930 Uncommon trap: reason=unstable_if action=reinterpret pc=0x00007efdc5b0d378 method=java.lang.StringLatin1.compareToCI([B[B)I @ 68 c2
Event: 61.058 Thread 0x00007efd58010930 DEOPT PACKING pc=0x00007efdc5b0d378 sp=0x00007efdbccee1c0
Event: 61.058 Thread 0x00007efd58010930 DEOPT UNPACKING pc=0x00007efdc538af93 sp=0x00007efdbccee168 mode 2

Classes loaded (20 events):
Event: 58.897 Loading class javax/security/auth/login/FailedLoginException
Event: 58.897 Loading class javax/security/auth/login/FailedLoginException done
Event: 58.898 Loading class javax/security/auth/Subject
Event: 58.899 Loading class javax/security/auth/Subject done
Event: 58.899 Loading class javax/security/auth/callback/CallbackHandler
Event: 58.899 Loading class javax/security/auth/callback/CallbackHandler done
Event: 58.908 Loading class sun/security/provider/certpath/ldap/JdkLDAP
Event: 58.908 Loading class sun/security/provider/certpath/ldap/JdkLDAP done
Event: 58.909 Loading class sun/security/provider/certpath/ldap/JdkLDAP$ProviderService
Event: 58.909 Loading class sun/security/provider/certpath/ldap/JdkLDAP$ProviderService done
Event: 58.909 Loading class com/sun/security/sasl/Provider
Event: 58.910 Loading class com/sun/security/sasl/Provider done
Event: 58.910 Loading class com/sun/security/sasl/Provider$1
Event: 58.910 Loading class com/sun/security/sasl/Provider$1 done
Event: 58.910 Loading class com/sun/security/sasl/Provider$ProviderService
Event: 58.910 Loading class com/sun/security/sasl/Provider$ProviderService done
Event: 59.772 Loading class java/security/cert/CertificateEncodingException
Event: 59.772 Loading class java/security/cert/CertificateEncodingException done
Event: 60.623 Loading class java/util/AbstractList$ListItr
Event: 60.624 Loading class java/util/AbstractList$ListItr done

Classes unloaded (0 events):
No events

Classes redefined (0 events):
No events

Internal exceptions (20 events):
Event: 55.581 Thread 0x00007efd58010930 Implicit null exception at 0x00007efdc5905f79 to 0x00007efdc5905fa4
Event: 55.682 Thread 0x00007efd4763e6f0 Exception <a 'java/lang/NoSuchMethodError'{0x00000000cc038f40}: 'java.lang.Object java.lang.invoke.DirectMethodHandle$Holder.newInvokeSpecial(java.lang.Object, java.lang.Object, int, java.lang.Object, java.lang.Object)'> (0x00000000cc038f40) 
thrown [src/hotspot/share/interpreter/linkResolver.cpp, line 784]
Event: 55.733 Thread 0x00007efd8400a680 Exception <a 'sun/nio/fs/UnixException'{0x00000000cbd1f148}> (0x00000000cbd1f148) 
thrown [src/hotspot/share/prims/jni.cpp, line 537]
Event: 55.770 Thread 0x00007efd8400a680 Exception <a 'java/lang/NoSuchMethodError'{0x00000000cbc5f848}: 'java.lang.Object java.lang.invoke.DirectMethodHandle$Holder.invokeVirtual(java.lang.Object, java.lang.Object, java.lang.Object, java.lang.Object, java.lang.Object, java.lang.Object, java.lang.Object, java.lang.Object, java.lang.Object, java.lang.Object, java.lang.Object, java.lang.Object, java.lang.Object, java.lang.Object, java.lang.Object, java.lang.Object, java.lang.Object, java.lang.Object, java.lang.Object)'> (0x00000000cbc5f848) 
thrown
Event: 55.794 Thread 0x00007efd44010180 Exception <a 'java/lang/NoSuchMethodError'{0x00000000cbb46d78}: static Lorg/gradle/internal/build/event/types/DefaultTaskStartedProgressEvent;.<clinit>()V> (0x00000000cbb46d78) 
thrown [src/hotspot/share/prims/jni.cpp, line 1144]
Event: 55.796 Thread 0x00007efd44010180 Exception <a 'java/lang/NoSuchMethodError'{0x00000000cbb92890}: static Lorg/gradle/internal/build/event/types/DefaultTaskDescriptor;.<clinit>()V> (0x00000000cbb92890) 
thrown [src/hotspot/share/prims/jni.cpp, line 1144]
Event: 55.802 Thread 0x00007efd44010180 Exception <a 'java/lang/NoSuchMethodError'{0x00000000cbbaff00}: static Lorg/gradle/internal/build/event/types/DefaultTaskFinishedProgressEvent;.<clinit>()V> (0x00000000cbbaff00) 
thrown [src/hotspot/share/prims/jni.cpp, line 1144]
Event: 55.807 Thread 0x00007efd44010180 Exception <a 'java/lang/NoSuchMethodError'{0x00000000cbbdca38}: static Lorg/gradle/internal/build/event/types/DefaultTaskSuccessResult;.<clinit>()V> (0x00000000cbbdca38) 
thrown [src/hotspot/share/prims/jni.cpp, line 1144]
Event: 55.807 Thread 0x00007efd44010180 Exception <a 'java/lang/NoSuchMethodError'{0x00000000cba00280}: static Lorg/gradle/internal/build/event/types/AbstractTaskResult;.<clinit>()V> (0x00000000cba00280) 
thrown [src/hotspot/share/prims/jni.cpp, line 1144]
Event: 55.906 Thread 0x00007efd46c64080 Implicit null exception at 0x00007efdc5aba406 to 0x00007efdc5aba4d4
Event: 55.917 Thread 0x00007efd461b93b0 Exception <a 'java/lang/NoSuchMethodError'{0x00000000cb8b66e0}: static Ljava/lang/Object;.<clinit>()V> (0x00000000cb8b66e0) 
thrown [src/hotspot/share/prims/jni.cpp, line 1144]
Event: 55.919 Thread 0x00007efd461b93b0 Exception <a 'java/lang/NoSuchMethodError'{0x00000000cb8c1be0}: static Lorg/jetbrains/kotlin/gradle/plugin/statistics/MetricContainer;.<clinit>()V> (0x00000000cb8c1be0) 
thrown [src/hotspot/share/prims/jni.cpp, line 1144]
Event: 55.992 Thread 0x00007efdd15f5350 Exception <a 'sun/nio/fs/UnixException'{0x00000000cb445d40}> (0x00000000cb445d40) 
thrown [src/hotspot/share/prims/jni.cpp, line 537]
Event: 55.997 Thread 0x00007efdd15f5350 Exception <a 'sun/nio/fs/UnixException'{0x00000000cb44ca50}> (0x00000000cb44ca50) 
thrown [src/hotspot/share/prims/jni.cpp, line 537]
Event: 56.172 Thread 0x00007efd46c64080 Exception <a 'java/lang/NoSuchMethodError'{0x00000000caa084c0}: 'void java.lang.invoke.DirectMethodHandle$Holder.invokeStaticInit(java.lang.Object)'> (0x00000000caa084c0) 
thrown [src/hotspot/share/interpreter/linkResolver.cpp, line 784]
Event: 56.175 Thread 0x00007efd46c64080 Exception <a 'java/lang/NoSuchMethodError'{0x00000000caa1a100}: 'void java.lang.invoke.DirectMethodHandle$Holder.invokeStatic(java.lang.Object, int)'> (0x00000000caa1a100) 
thrown [src/hotspot/share/interpreter/linkResolver.cpp, line 784]
Event: 56.176 Thread 0x00007efd46c64080 Exception <a 'java/lang/NoSuchMethodError'{0x00000000caa1d488}: 'void java.lang.invoke.DirectMethodHandle$Holder.invokeStaticInit(java.lang.Object, int)'> (0x00000000caa1d488) 
thrown [src/hotspot/share/interpreter/linkResolver.cpp, line 784]
Event: 57.796 Thread 0x00007efd58010930 Implicit null exception at 0x00007efdc5f146ee to 0x00007efdc5f1c7cc
Event: 59.332 Thread 0x00007efd58010930 Implicit null exception at 0x00007efdc5f57a2d to 0x00007efdc5f57bf4
Event: 59.734 Thread 0x00007efd58010930 Implicit null exception at 0x00007efdc5f6b441 to 0x00007efdc5f6b584

ZGC Phase Switch (0 events):
No events

VM Operations (20 events):
Event: 60.050 Executing safepoint VM operation: G1CollectForAllocation (G1 Evacuation Pause) done
Event: 60.247 Executing non-safepoint VM operation: HandshakeAllThreads (HandshakeForDeflation)
Event: 60.247 Executing non-safepoint VM operation: HandshakeAllThreads (HandshakeForDeflation) done
Event: 60.247 Executing non-safepoint VM operation: RendezvousGCThreads
Event: 60.250 Executing non-safepoint VM operation: RendezvousGCThreads done
Event: 60.451 Executing safepoint VM operation: G1PauseRemark
Event: 60.477 Executing safepoint VM operation: G1PauseRemark done
Event: 60.627 Executing non-safepoint VM operation: HandshakeAllThreads (Deoptimize)
Event: 60.627 Executing non-safepoint VM operation: HandshakeAllThreads (Deoptimize) done
Event: 60.691 Executing safepoint VM operation: G1PauseCleanup
Event: 60.692 Executing safepoint VM operation: G1PauseCleanup done
Event: 60.908 Executing non-safepoint VM operation: HandshakeAllThreads (Deoptimize)
Event: 60.908 Executing non-safepoint VM operation: HandshakeAllThreads (Deoptimize) done
Event: 60.914 Executing non-safepoint VM operation: HandshakeAllThreads (Deoptimize)
Event: 60.914 Executing non-safepoint VM operation: HandshakeAllThreads (Deoptimize) done
Event: 60.925 Executing non-safepoint VM operation: HandshakeAllThreads (Deoptimize)
Event: 60.925 Executing non-safepoint VM operation: HandshakeAllThreads (Deoptimize) done
Event: 61.925 Executing safepoint VM operation: Cleanup
Event: 61.925 Executing safepoint VM operation: Cleanup done
Event: 61.948 Executing safepoint VM operation: G1CollectForAllocation (G1 Evacuation Pause)

Memory protections (20 events):
Event: 27.964 Protecting memory [0x00007efdac7e9000,0x00007efdac7ed000] with protection modes 0
Event: 27.968 Protecting memory [0x00007efdac6e8000,0x00007efdac6ec000] with protection modes 0
Event: 27.971 Protecting memory [0x00007efdac5e7000,0x00007efdac5eb000] with protection modes 0
Event: 28.752 Protecting memory [0x00007efdac4e6000,0x00007efdac4ea000] with protection modes 0
Event: 28.752 Protecting memory [0x00007efdac3e5000,0x00007efdac3e9000] with protection modes 0
Event: 28.757 Protecting memory [0x00007efdac2e4000,0x00007efdac2e8000] with protection modes 0
Event: 35.156 Protecting memory [0x00007efdacbed000,0x00007efdacbf1000] with protection modes 0
Event: 35.709 Protecting memory [0x00007efdac1e3000,0x00007efdac1e7000] with protection modes 0
Event: 44.036 Protecting memory [0x00007efdacbed000,0x00007efdacbf1000] with protection modes 0
Event: 45.064 Protecting memory [0x00007efdacbed000,0x00007efdacbf1000] with protection modes 0
Event: 45.933 Protecting memory [0x00007efdac0e2000,0x00007efdac0e6000] with protection modes 0
Event: 54.700 Protecting memory [0x00007efd37f00000,0x00007efd37f04000] with protection modes 0
Event: 55.111 Protecting memory [0x00007efdac0e2000,0x00007efdac0e6000] with protection modes 0
Event: 55.673 Protecting memory [0x00007efdac0e2000,0x00007efdac0e6000] with protection modes 0
Event: 55.686 Protecting memory [0x00007efd37dff000,0x00007efd37e03000] with protection modes 0
Event: 55.691 Protecting memory [0x00007efd37cfe000,0x00007efd37d02000] with protection modes 0
Event: 55.694 Protecting memory [0x00007efd37bfd000,0x00007efd37c01000] with protection modes 0
Event: 55.733 Protecting memory [0x00007efd37afc000,0x00007efd37b00000] with protection modes 0
Event: 55.905 Protecting memory [0x00007efd379fb000,0x00007efd379ff000] with protection modes 0
Event: 60.929 Protecting memory [0x00007efd378fa000,0x00007efd378fe000] with protection modes 0

Nmethod flushes (20 events):
Event: 60.472 Thread 0x00007efdd00ee690 flushing  nmethod 0x00007efdbe8d9f10
Event: 60.472 Thread 0x00007efdd00ee690 flushing  nmethod 0x00007efdbe97e610
Event: 60.472 Thread 0x00007efdd00ee690 flushing  nmethod 0x00007efdbec82190
Event: 60.472 Thread 0x00007efdd00ee690 flushing  nmethod 0x00007efdbece1890
Event: 60.472 Thread 0x00007efdd00ee690 flushing  nmethod 0x00007efdbece4510
Event: 60.472 Thread 0x00007efdd00ee690 flushing  nmethod 0x00007efdbece6210
Event: 60.472 Thread 0x00007efdd00ee690 flushing  nmethod 0x00007efdbecf2790
Event: 60.472 Thread 0x00007efdd00ee690 flushing  nmethod 0x00007efdbecf3310
Event: 60.472 Thread 0x00007efdd00ee690 flushing  nmethod 0x00007efdbecf3690
Event: 60.472 Thread 0x00007efdd00ee690 flushing  nmethod 0x00007efdbecfa010
Event: 60.472 Thread 0x00007efdd00ee690 flushing  nmethod 0x00007efdbecfa490
Event: 60.472 Thread 0x00007efdd00ee690 flushing  nmethod 0x00007efdbecfd310
Event: 60.472 Thread 0x00007efdd00ee690 flushing  nmethod 0x00007efdbecfd990
Event: 60.472 Thread 0x00007efdd00ee690 flushing  nmethod 0x00007efdbed1b310
Event: 60.472 Thread 0x00007efdd00ee690 flushing  nmethod 0x00007efdbed26f90
Event: 60.472 Thread 0x00007efdd00ee690 flushing  nmethod 0x00007efdbed2f510
Event: 60.472 Thread 0x00007efdd00ee690 flushing  nmethod 0x00007efdbee6c790
Event: 60.472 Thread 0x00007efdd00ee690 flushing  nmethod 0x00007efdbeeaef10
Event: 60.472 Thread 0x00007efdd00ee690 flushing  nmethod 0x00007efdbefece10
Event: 60.472 Thread 0x00007efdd00ee690 flushing  nmethod 0x00007efdbefed290

Events (20 events):
Event: 28.755 Thread 0x00007efd58010930 Thread added: 0x00007efd45e31a50
Event: 31.309 Thread 0x00007efd74326c80 Thread exited: 0x00007efd74326c80
Event: 35.156 Thread 0x00007efdd01c9f40 Thread added: 0x00007efd74353c60
Event: 35.709 Thread 0x00007efd58010930 Thread added: 0x00007efd461b93b0
Event: 35.992 Thread 0x00007efd74353c60 Thread exited: 0x00007efd74353c60
Event: 44.036 Thread 0x00007efdd01c9f40 Thread added: 0x00007efd743fd0f0
Event: 44.415 Thread 0x00007efd743fd0f0 Thread exited: 0x00007efd743fd0f0
Event: 45.064 Thread 0x00007efd58010930 Thread added: 0x00007efd468789f0
Event: 45.933 Thread 0x00007efdd01c8880 Thread added: 0x00007efd8132c4c0
Event: 54.700 Thread 0x00007efd58010930 Thread added: 0x00007efd475980f0
Event: 54.714 Thread 0x00007efd8132c4c0 Thread exited: 0x00007efd8132c4c0
Event: 55.110 Thread 0x00007efd58010930 Thread added: 0x00007efd475f82f0
Event: 55.454 Thread 0x00007efd475f82f0 Thread exited: 0x00007efd475f82f0
Event: 55.672 Thread 0x00007efd58010930 Thread added: 0x00007efd4763e6f0
Event: 55.686 Thread 0x00007efd4763e6f0 Thread added: 0x00007efd8400a680
Event: 55.691 Thread 0x00007efd4763e6f0 Thread added: 0x00007efd8400b480
Event: 55.694 Thread 0x00007efd4763e6f0 Thread added: 0x00007efd8401cdf0
Event: 55.733 Thread 0x00007efd8400a680 Thread added: 0x00007efd9001cb10
Event: 55.905 Thread 0x00007efd58010930 Thread added: 0x00007efd46c64080
Event: 60.929 Thread 0x00007efd58010930 Thread added: 0x00007efd476c1130


Dynamic libraries:
c0000000-cdd00000 rw-p 00000000 00:00 0 
cdd00000-ff700000 ---p 00000000 00:00 0 
ff700000-100040000 rw-p 00000000 00:00 0 
100040000-1000c0000 rw-p 00000000 00:00 0 
1000c0000-100100000 rw-p 00000000 00:00 0 
100100000-100160000 rw-p 00000000 00:00 0 
100160000-100180000 rw-p 00000000 00:00 0 
100180000-1001c0000 rw-p 00000000 00:00 0 
1001c0000-100200000 rw-p 00000000 00:00 0 
100200000-100240000 rw-p 00000000 00:00 0 
100240000-100280000 rw-p 00000000 00:00 0 
100280000-100640000 rw-p 00000000 00:00 0 
100640000-1006c0000 rw-p 00000000 00:00 0 
1006c0000-100700000 rw-p 00000000 00:00 0 
100700000-100bc0000 rw-p 00000000 00:00 0 
100bc0000-100c00000 rw-p 00000000 00:00 0 
100c00000-101240000 rw-p 00000000 00:00 0 
101240000-101250000 rw-p 00000000 00:00 0 
101250000-101280000 ---p 00000000 00:00 0 
101280000-1012f0000 rw-p 00000000 00:00 0 
1012f0000-140000000 ---p 00000000 00:00 0 
5650d052e000-5650d052f000 r--p 00000000 08:01 11034156                   /home/elonmusk/Desktop/android_studio/android-studio/jbr/bin/java
5650d052f000-5650d0530000 r-xp 00000000 08:01 11034156                   /home/elonmusk/Desktop/android_studio/android-studio/jbr/bin/java
5650d0530000-5650d0532000 r--p 00000000 08:01 11034156                   /home/elonmusk/Desktop/android_studio/android-studio/jbr/bin/java
5650d0532000-5650d0533000 rw-p 00001000 08:01 11034156                   /home/elonmusk/Desktop/android_studio/android-studio/jbr/bin/java
56510c52b000-56510c571000 rw-p 00000000 00:00 0                          [heap]
7efd3766f000-7efd378f9000 rw-p 00000000 00:00 0 
7efd378f9000-7efd378fa000 rw-p 00000000 00:00 0 
7efd378fa000-7efd378fe000 ---p 00000000 00:00 0 
7efd378fe000-7efd379fb000 rw-p 00000000 00:00 0 
7efd379fb000-7efd379ff000 ---p 00000000 00:00 0 
7efd379ff000-7efd37afc000 rw-p 00000000 00:00 0 
7efd37afc000-7efd37b00000 ---p 00000000 00:00 0 
7efd37b00000-7efd37bfd000 rw-p 00000000 00:00 0 
7efd37bfd000-7efd37c01000 ---p 00000000 00:00 0 
7efd37c01000-7efd37cfe000 rw-p 00000000 00:00 0 
7efd37cfe000-7efd37d02000 ---p 00000000 00:00 0 
7efd37d02000-7efd37dff000 rw-p 00000000 00:00 0 
7efd37dff000-7efd37e03000 ---p 00000000 00:00 0 
7efd37e03000-7efd37f00000 rw-p 00000000 00:00 0 
7efd37f00000-7efd37f04000 ---p 00000000 00:00 0 
7efd37f04000-7efd38000000 rw-p 00000000 00:00 0 
7efd38000000-7efd381c0000 rw-p 00000000 00:00 0 
7efd381c0000-7efd38300000 rw-p 00000000 00:00 0 
7efd38300000-7efd38500000 rw-p 00000000 00:00 0 
7efd38500000-7efd38600000 rw-p 00000000 00:00 0 
7efd38600000-7efd38f40000 rw-p 00000000 00:00 0 
7efd38f40000-7efd38f80000 rw-p 00000000 00:00 0 
7efd38f80000-7efd3a0c0000 rw-p 00000000 00:00 0 
7efd3a0c0000-7efd3a100000 rw-p 00000000 00:00 0 
7efd3a100000-7efd3a170000 rw-p 00000000 00:00 0 
7efd3a170000-7efd3a200000 ---p 00000000 00:00 0 
7efd3a200000-7efd3af80000 rw-p 00000000 00:00 0 
7efd3af80000-7efd3c000000 ---p 00000000 00:00 0 
7efd3c000000-7efd3c2c6000 rw-p 00000000 00:00 0 
7efd3c2c6000-7efd40000000 ---p 00000000 00:00 0 
7efd40000000-7efd41191000 rw-p 00000000 00:00 0 
7efd41191000-7efd44000000 ---p 00000000 00:00 0 
7efd44000000-7efd479fb000 rw-p 00000000 00:00 0 
7efd479fb000-7efd48000000 ---p 00000000 00:00 0 
7efd48000000-7efd48f80000 rw-p 00000000 00:00 0 
7efd48f80000-7efd4c000000 ---p 00000000 00:00 0 
7efd4c000000-7efd4c063000 rw-p 00000000 00:00 0 
7efd4c063000-7efd50000000 ---p 00000000 00:00 0 
7efd50000000-7efd50021000 rw-p 00000000 00:00 0 
7efd50021000-7efd54000000 ---p 00000000 00:00 0 
7efd54000000-7efd54023000 rw-p 00000000 00:00 0 
7efd54023000-7efd58000000 ---p 00000000 00:00 0 
7efd58000000-7efd58034000 rw-p 00000000 00:00 0 
7efd58034000-7efd5c000000 ---p 00000000 00:00 0 
7efd5c000000-7efd5c058000 rw-p 00000000 00:00 0 
7efd5c058000-7efd60000000 ---p 00000000 00:00 0 
7efd60000000-7efd601f3000 rw-p 00000000 00:00 0 
7efd601f3000-7efd64000000 ---p 00000000 00:00 0 
7efd64000000-7efd6417b000 rw-p 00000000 00:00 0 
7efd6417b000-7efd68000000 ---p 00000000 00:00 0 
7efd68000000-7efd6803e000 rw-p 00000000 00:00 0 
7efd6803e000-7efd6c000000 ---p 00000000 00:00 0 
7efd6c000000-7efd6cb95000 rw-p 00000000 00:00 0 
7efd6cb95000-7efd70000000 ---p 00000000 00:00 0 
7efd70000000-7efd70c7b000 rw-p 00000000 00:00 0 
7efd70c7b000-7efd74000000 ---p 00000000 00:00 0 
7efd74000000-7efd74a59000 rw-p 00000000 00:00 0 
7efd74a59000-7efd78000000 ---p 00000000 00:00 0 
7efd78000000-7efd7816c000 rw-p 00000000 00:00 0 
7efd7816c000-7efd7c000000 ---p 00000000 00:00 0 
7efd7c000000-7efd7c021000 rw-p 00000000 00:00 0 
7efd7c021000-7efd80000000 ---p 00000000 00:00 0 
7efd80000000-7efd82ac7000 rw-p 00000000 00:00 0 
7efd82ac7000-7efd84000000 ---p 00000000 00:00 0 
7efd84000000-7efd84021000 rw-p 00000000 00:00 0 
7efd84021000-7efd88000000 ---p 00000000 00:00 0 
7efd88000000-7efd88032000 rw-p 00000000 00:00 0 
7efd88032000-7efd8c000000 ---p 00000000 00:00 0 
7efd8c000000-7efd8c021000 rw-p 00000000 00:00 0 
7efd8c021000-7efd90000000 ---p 00000000 00:00 0 
7efd90000000-7efd90054000 rw-p 00000000 00:00 0 
7efd90054000-7efd94000000 ---p 00000000 00:00 0 
7efd94000000-7efd9408b000 rw-p 00000000 00:00 0 
7efd9408b000-7efd98000000 ---p 00000000 00:00 0 
7efd98000000-7efd98031000 rw-p 00000000 00:00 0 
7efd98031000-7efd9c000000 ---p 00000000 00:00 0 
7efd9c000000-7efd9c500000 rw-p 00000000 00:00 0 
7efd9c500000-7efd9c520000 rw-p 00000000 00:00 0 
7efd9c520000-7efd9c540000 rw-p 00000000 00:00 0 
7efd9c540000-7efd9c580000 rw-p 00000000 00:00 0 
7efd9c580000-7efd9c700000 rw-p 00000000 00:00 0 
7efd9c700000-7efd9c760000 rw-p 00000000 00:00 0 
7efd9c760000-7efd9c780000 rw-p 00000000 00:00 0 
7efd9c780000-7efd9c900000 rw-p 00000000 00:00 0 
7efd9c900000-7efd9cb00000 rw-p 00000000 00:00 0 
7efd9cb00000-7efd9cc00000 rw-p 00000000 00:00 0 
7efd9cc00000-7efd9ccc0000 rw-p 00000000 00:00 0 
7efd9ccc0000-7efd9cd00000 rw-p 00000000 00:00 0 
7efd9cd00000-7efd9cf00000 rw-p 00000000 00:00 0 
7efd9cf00000-7efd9cfc0000 rw-p 00000000 00:00 0 
7efd9cfc0000-7efd9d100000 rw-p 00000000 00:00 0 
7efd9d100000-7efd9d380000 rw-p 00000000 00:00 0 
7efd9d380000-7efd9d400000 rw-p 00000000 00:00 0 
7efd9d400000-7efd9d780000 rw-p 00000000 00:00 0 
7efd9d780000-7efd9d800000 rw-p 00000000 00:00 0 
7efd9d800000-7efd9e100000 rw-p 00000000 00:00 0 
7efd9e100000-7efd9e200000 rw-p 00000000 00:00 0 
7efd9e200000-7efd9e500000 rw-p 00000000 00:00 0 
7efd9e500000-7efd9e700000 rw-p 00000000 00:00 0 
7efd9e700000-7efd9e800000 rw-p 00000000 00:00 0 
7efd9e800000-7efd9f180000 rw-p 00000000 00:00 0 
7efd9f180000-7efd9f200000 rw-p 00000000 00:00 0 
7efd9f200000-7efda0000000 rw-p 00000000 00:00 0 
7efda0000000-7efda0025000 rw-p 00000000 00:00 0 
7efda0025000-7efda4000000 ---p 00000000 00:00 0 
7efda4000000-7efda40ca000 rw-p 00000000 00:00 0 
7efda40ca000-7efda8000000 ---p 00000000 00:00 0 
7efda8000000-7efda8025000 rw-p 00000000 00:00 0 
7efda8025000-7efdac000000 ---p 00000000 00:00 0 
7efdac0e1000-7efdac0e2000 rw-p 00000000 00:00 0 
7efdac0e2000-7efdac0e6000 ---p 00000000 00:00 0 
7efdac0e6000-7efdac1e3000 rw-p 00000000 00:00 0 
7efdac1e3000-7efdac1e7000 ---p 00000000 00:00 0 
7efdac1e7000-7efdac2e4000 rw-p 00000000 00:00 0 
7efdac2e4000-7efdac2e8000 ---p 00000000 00:00 0 
7efdac2e8000-7efdac3e5000 rw-p 00000000 00:00 0 
7efdac3e5000-7efdac3e9000 ---p 00000000 00:00 0 
7efdac3e9000-7efdac4e6000 rw-p 00000000 00:00 0 
7efdac4e6000-7efdac4ea000 ---p 00000000 00:00 0 
7efdac4ea000-7efdac5e7000 rw-p 00000000 00:00 0 
7efdac5e7000-7efdac5eb000 ---p 00000000 00:00 0 
7efdac5eb000-7efdac6e8000 rw-p 00000000 00:00 0 
7efdac6e8000-7efdac6ec000 ---p 00000000 00:00 0 
7efdac6ec000-7efdac7e9000 rw-p 00000000 00:00 0 
7efdac7e9000-7efdac7ed000 ---p 00000000 00:00 0 
7efdac7ed000-7efdac8ea000 rw-p 00000000 00:00 0 
7efdac8ea000-7efdac8ee000 ---p 00000000 00:00 0 
7efdac8ee000-7efdac9eb000 rw-p 00000000 00:00 0 
7efdac9eb000-7efdac9ef000 ---p 00000000 00:00 0 
7efdac9ef000-7efdacaec000 rw-p 00000000 00:00 0 
7efdacaec000-7efdacaf0000 ---p 00000000 00:00 0 
7efdacaf0000-7efdacbed000 rw-p 00000000 00:00 0 
7efdacbed000-7efdacbf1000 ---p 00000000 00:00 0 
7efdacbf1000-7efdaccee000 rw-p 00000000 00:00 0 
7efdaccee000-7efdaccf2000 ---p 00000000 00:00 0 
7efdaccf2000-7efdacdef000 rw-p 00000000 00:00 0 
7efdacdef000-7efdacdf3000 ---p 00000000 00:00 0 
7efdacdf3000-7efdacef0000 rw-p 00000000 00:00 0 
7efdacef0000-7efdacef4000 ---p 00000000 00:00 0 
7efdacef4000-7efdacff1000 rw-p 00000000 00:00 0 
7efdacff1000-7efdacff5000 ---p 00000000 00:00 0 
7efdacff5000-7efdad0f2000 rw-p 00000000 00:00 0 
7efdad0f2000-7efdad0f6000 ---p 00000000 00:00 0 
7efdad0f6000-7efdad1f3000 rw-p 00000000 00:00 0 
7efdad1f3000-7efdad1f7000 ---p 00000000 00:00 0 
7efdad1f7000-7efdad2f4000 rw-p 00000000 00:00 0 
7efdad2f4000-7efdad2f8000 ---p 00000000 00:00 0 
7efdad2f8000-7efdad3f5000 rw-p 00000000 00:00 0 
7efdad3f5000-7efdad3f9000 ---p 00000000 00:00 0 
7efdad3f9000-7efdad4f6000 rw-p 00000000 00:00 0 
7efdad4f6000-7efdad4fa000 ---p 00000000 00:00 0 
7efdad4fa000-7efdad5f7000 rw-p 00000000 00:00 0 
7efdad5f7000-7efdad5fb000 ---p 00000000 00:00 0 
7efdad5fb000-7efdad6f8000 rw-p 00000000 00:00 0 
7efdad6f8000-7efdad6fc000 ---p 00000000 00:00 0 
7efdad6fc000-7efdad7f9000 rw-p 00000000 00:00 0 
7efdad7f9000-7efdad7fd000 ---p 00000000 00:00 0 
7efdad7fd000-7efdad8fa000 rw-p 00000000 00:00 0 
7efdad8fa000-7efdad8fe000 ---p 00000000 00:00 0 
7efdad8fe000-7efdad9fb000 rw-p 00000000 00:00 0 
7efdad9fb000-7efdad9ff000 ---p 00000000 00:00 0 
7efdad9ff000-7efdadafc000 rw-p 00000000 00:00 0 
7efdadafc000-7efdadb00000 ---p 00000000 00:00 0 
7efdadb00000-7efdadbfd000 rw-p 00000000 00:00 0 
7efdadbfd000-7efdadc01000 ---p 00000000 00:00 0 
7efdadc01000-7efdadcfe000 rw-p 00000000 00:00 0 
7efdadcfe000-7efdadd02000 ---p 00000000 00:00 0 
7efdadd02000-7efdaddff000 rw-p 00000000 00:00 0 
7efdaddff000-7efdade03000 ---p 00000000 00:00 0 
7efdade03000-7efdadf00000 rw-p 00000000 00:00 0 
7efdadf00000-7efdadf04000 ---p 00000000 00:00 0 
7efdadf04000-7efdae000000 rw-p 00000000 00:00 0 
7efdae000000-7efdb0235000 rw-p 00000000 00:00 0 
7efdb0235000-7efdb4000000 ---p 00000000 00:00 0 
7efdb4000000-7efdb408c000 rw-p 00000000 00:00 0 
7efdb408c000-7efdb8000000 ---p 00000000 00:00 0 
7efdb8000000-7efdb81f6000 rw-p 00000000 00:00 0 
7efdb81f6000-7efdbc000000 ---p 00000000 00:00 0 
7efdbc0ed000-7efdbc0ee000 rw-p 00000000 00:00 0 
7efdbc0ee000-7efdbc0f2000 ---p 00000000 00:00 0 
7efdbc0f2000-7efdbc1ef000 rw-p 00000000 00:00 0 
7efdbc1ef000-7efdbc1f3000 ---p 00000000 00:00 0 
7efdbc1f3000-7efdbc2f0000 rw-p 00000000 00:00 0 
7efdbc2f0000-7efdbc2f4000 ---p 00000000 00:00 0 
7efdbc2f4000-7efdbc3f1000 rw-p 00000000 00:00 0 
7efdbc3f1000-7efdbc3f5000 ---p 00000000 00:00 0 
7efdbc3f5000-7efdbc4f2000 rw-p 00000000 00:00 0 
7efdbc4f2000-7efdbc4f6000 ---p 00000000 00:00 0 
7efdbc4f6000-7efdbc5f3000 rw-p 00000000 00:00 0 
7efdbc5f3000-7efdbc5f7000 ---p 00000000 00:00 0 
7efdbc5f7000-7efdbc6f4000 rw-p 00000000 00:00 0 
7efdbc6f4000-7efdbc6f8000 ---p 00000000 00:00 0 
7efdbc6f8000-7efdbc7f5000 rw-p 00000000 00:00 0 
7efdbc7f5000-7efdbc7f9000 ---p 00000000 00:00 0 
7efdbc7f9000-7efdbc8f6000 rw-p 00000000 00:00 0 
7efdbc8f6000-7efdbc8fa000 ---p 00000000 00:00 0 
7efdbc8fa000-7efdbc9f7000 rw-p 00000000 00:00 0 
7efdbc9f7000-7efdbc9fb000 ---p 00000000 00:00 0 
7efdbc9fb000-7efdbcaf8000 rw-p 00000000 00:00 0 
7efdbcaf8000-7efdbcafc000 ---p 00000000 00:00 0 
7efdbcafc000-7efdbcbf9000 rw-p 00000000 00:00 0 
7efdbcbf9000-7efdbcbfd000 ---p 00000000 00:00 0 
7efdbcbfd000-7efdbccfa000 rw-p 00000000 00:00 0 
7efdbccfa000-7efdbccfe000 ---p 00000000 00:00 0 
7efdbccfe000-7efdbcdfb000 rw-p 00000000 00:00 0 
7efdbcdfb000-7efdbcdff000 ---p 00000000 00:00 0 
7efdbcdff000-7efdbcefc000 rw-p 00000000 00:00 0 
7efdbcefc000-7efdbcf00000 ---p 00000000 00:00 0 
7efdbcf00000-7efdbcffd000 rw-p 00000000 00:00 0 
7efdbcffd000-7efdbd001000 ---p 00000000 00:00 0 
7efdbd001000-7efdbd0fe000 rw-p 00000000 00:00 0 
7efdbd0fe000-7efdbd102000 ---p 00000000 00:00 0 
7efdbd102000-7efdbd1ff000 rw-p 00000000 00:00 0 
7efdbd1ff000-7efdbd203000 ---p 00000000 00:00 0 
7efdbd203000-7efdbd400000 rw-p 00000000 00:00 0 
7efdbd400000-7efdbd405000 r-xp 00000000 08:01 17702337                   /home/elonmusk/.gradle/native/1def1411415f61bf3af743bc5b6707747c0891f09f0c88961ee8f79bc544acac/linux-amd64/libnative-platform.so
7efdbd405000-7efdbd605000 ---p 00005000 08:01 17702337                   /home/elonmusk/.gradle/native/1def1411415f61bf3af743bc5b6707747c0891f09f0c88961ee8f79bc544acac/linux-amd64/libnative-platform.so
7efdbd605000-7efdbd606000 r--p 00005000 08:01 17702337                   /home/elonmusk/.gradle/native/1def1411415f61bf3af743bc5b6707747c0891f09f0c88961ee8f79bc544acac/linux-amd64/libnative-platform.so
7efdbd606000-7efdbd607000 rw-p 00006000 08:01 17702337                   /home/elonmusk/.gradle/native/1def1411415f61bf3af743bc5b6707747c0891f09f0c88961ee8f79bc544acac/linux-amd64/libnative-platform.so
7efdbd6f9000-7efdbd8fc000 rw-p 00000000 00:00 0 
7efdbd8fc000-7efdbd900000 ---p 00000000 00:00 0 
7efdbd900000-7efdbd9fd000 rw-p 00000000 00:00 0 
7efdbd9fd000-7efdbda01000 ---p 00000000 00:00 0 
7efdbda01000-7efdbdafe000 rw-p 00000000 00:00 0 
7efdbdafe000-7efdbdb02000 ---p 00000000 00:00 0 
7efdbdb02000-7efdbdbff000 rw-p 00000000 00:00 0 
7efdbdbff000-7efdbdc03000 ---p 00000000 00:00 0 
7efdbdc03000-7efdbdd00000 rw-p 00000000 00:00 0 
7efdbdd00000-7efdbdd04000 ---p 00000000 00:00 0 
7efdbdd04000-7efdbde00000 rw-p 00000000 00:00 0 
7efdbde00000-7efdbf230000 rwxp 00000000 00:00 0 
7efdbf230000-7efdc5337000 ---p 00000000 00:00 0 
7efdc5337000-7efdc5617000 rwxp 00000000 00:00 0 
7efdc5617000-7efdc58c8000 ---p 00000000 00:00 0 
7efdc58c8000-7efdc5fa8000 rwxp 00000000 00:00 0 
7efdc5fa8000-7efdcce00000 ---p 00000000 00:00 0 
7efdcce00000-7efdcff80000 r--s 00000000 08:01 11032077                   /home/elonmusk/Desktop/android_studio/android-studio/jbr/lib/modules
7efdd0000000-7efdd1603000 rw-p 00000000 00:00 0 
7efdd1603000-7efdd4000000 ---p 00000000 00:00 0 
7efdd406a000-7efdd40a6000 r--p 00000000 08:01 17702347                   /home/elonmusk/.gradle/native/0.2.7/x86_64-linux-gnu/libgradle-fileevents.so
7efdd40a6000-7efdd40ee000 r-xp 0003b000 08:01 17702347                   /home/elonmusk/.gradle/native/0.2.7/x86_64-linux-gnu/libgradle-fileevents.so
7efdd40ee000-7efdd40f7000 r--p 00082000 08:01 17702347                   /home/elonmusk/.gradle/native/0.2.7/x86_64-linux-gnu/libgradle-fileevents.so
7efdd40f7000-7efdd40f8000 rw-p 0008a000 08:01 17702347                   /home/elonmusk/.gradle/native/0.2.7/x86_64-linux-gnu/libgradle-fileevents.so
7efdd40f8000-7efdd40fb000 rw-p 00000000 00:00 0 
7efdd40fb000-7efdd40fc000 rw-p 00000000 00:00 0 
7efdd40fc000-7efdd4100000 ---p 00000000 00:00 0 
7efdd4100000-7efdd41fd000 rw-p 00000000 00:00 0 
7efdd41fd000-7efdd4201000 ---p 00000000 00:00 0 
7efdd4201000-7efdd42fe000 rw-p 00000000 00:00 0 
7efdd42fe000-7efdd4302000 ---p 00000000 00:00 0 
7efdd4302000-7efdd43ff000 rw-p 00000000 00:00 0 
7efdd43ff000-7efdd4403000 ---p 00000000 00:00 0 
7efdd4403000-7efdd4500000 rw-p 00000000 00:00 0 
7efdd4500000-7efdd4504000 ---p 00000000 00:00 0 
7efdd4504000-7efdd4600000 rw-p 00000000 00:00 0 
7efdd4600000-7efdd48ec000 r--p 00000000 08:01 4063826                    /usr/lib/locale/locale-archive
7efdd4911000-7efdd4918000 r--s 00000000 08:01 4065233                    /usr/lib/x86_64-linux-gnu/gconv/gconv-modules.cache
7efdd4918000-7efdd491a000 r--p 00000000 08:01 11033310                   /home/elonmusk/Desktop/android_studio/android-studio/jbr/lib/libextnet.so
7efdd491a000-7efdd491b000 r-xp 00001000 08:01 11033310                   /home/elonmusk/Desktop/android_studio/android-studio/jbr/lib/libextnet.so
7efdd491b000-7efdd491c000 r--p 00001000 08:01 11033310                   /home/elonmusk/Desktop/android_studio/android-studio/jbr/lib/libextnet.so
7efdd491c000-7efdd491d000 rw-p 00001000 08:01 11033310                   /home/elonmusk/Desktop/android_studio/android-studio/jbr/lib/libextnet.so
7efdd491d000-7efdd4920000 r--p 00000000 08:01 11030949                   /home/elonmusk/Desktop/android_studio/android-studio/jbr/lib/libmanagement_ext.so
7efdd4920000-7efdd4923000 r-xp 00002000 08:01 11030949                   /home/elonmusk/Desktop/android_studio/android-studio/jbr/lib/libmanagement_ext.so
7efdd4923000-7efdd4924000 r--p 00004000 08:01 11030949                   /home/elonmusk/Desktop/android_studio/android-studio/jbr/lib/libmanagement_ext.so
7efdd4924000-7efdd4925000 rw-p 00004000 08:01 11030949                   /home/elonmusk/Desktop/android_studio/android-studio/jbr/lib/libmanagement_ext.so
7efdd4925000-7efdd492b000 r--p 00000000 08:01 11032419                   /home/elonmusk/Desktop/android_studio/android-studio/jbr/lib/libverify.so
7efdd492b000-7efdd4933000 r-xp 00005000 08:01 11032419                   /home/elonmusk/Desktop/android_studio/android-studio/jbr/lib/libverify.so
7efdd4933000-7efdd4935000 r--p 0000c000 08:01 11032419                   /home/elonmusk/Desktop/android_studio/android-studio/jbr/lib/libverify.so
7efdd4935000-7efdd4936000 rw-p 0000d000 08:01 11032419                   /home/elonmusk/Desktop/android_studio/android-studio/jbr/lib/libverify.so
7efdd4936000-7efdd493a000 r--p 00000000 08:01 11033303                   /home/elonmusk/Desktop/android_studio/android-studio/jbr/lib/libnet.so
7efdd493a000-7efdd4942000 r-xp 00003000 08:01 11033303                   /home/elonmusk/Desktop/android_studio/android-studio/jbr/lib/libnet.so
7efdd4942000-7efdd4943000 r--p 0000a000 08:01 11033303                   /home/elonmusk/Desktop/android_studio/android-studio/jbr/lib/libnet.so
7efdd4943000-7efdd4944000 rw-p 0000a000 08:01 11033303                   /home/elonmusk/Desktop/android_studio/android-studio/jbr/lib/libnet.so
7efdd4944000-7efdd494f000 r--p 00000000 08:01 11032787                   /home/elonmusk/Desktop/android_studio/android-studio/jbr/lib/libnio.so
7efdd494f000-7efdd4958000 r-xp 0000a000 08:01 11032787                   /home/elonmusk/Desktop/android_studio/android-studio/jbr/lib/libnio.so
7efdd4958000-7efdd4959000 r--p 00012000 08:01 11032787                   /home/elonmusk/Desktop/android_studio/android-studio/jbr/lib/libnio.so
7efdd4959000-7efdd495a000 rw-p 00012000 08:01 11032787                   /home/elonmusk/Desktop/android_studio/android-studio/jbr/lib/libnio.so
7efdd495a000-7efdd4b5c000 rw-p 00000000 00:00 0 
7efdd4b5c000-7efdd4cf7000 rw-p 00000000 00:00 0 
7efdd4cf7000-7efdd4ef9000 rw-p 00000000 00:00 0 
7efdd4ef9000-7efdd52fd000 rw-p 00000000 00:00 0 
7efdd52fd000-7efdd5600000 rw-p 00000000 00:00 0 
7efdd5600000-7efdd5974000 rw-p 00000000 00:00 0 
7efdd5974000-7efdd65dc000 ---p 00000000 00:00 0 
7efdd65dc000-7efdd666f000 rw-p 00000000 00:00 0 
7efdd666f000-7efdd67fb000 ---p 00000000 00:00 0 
7efdd67fb000-7efdd686f000 rw-p 00000000 00:00 0 
7efdd686f000-7efdd69fb000 ---p 00000000 00:00 0 
7efdd69fb000-7efdd6a00000 rw-p 00000000 00:00 0 
7efdd6a03000-7efdd6a06000 r--p 00000000 08:01 11032046                   /home/elonmusk/Desktop/android_studio/android-studio/jbr/lib/libmanagement.so
7efdd6a06000-7efdd6a08000 r-xp 00002000 08:01 11032046                   /home/elonmusk/Desktop/android_studio/android-studio/jbr/lib/libmanagement.so
7efdd6a08000-7efdd6a09000 r--p 00003000 08:01 11032046                   /home/elonmusk/Desktop/android_studio/android-studio/jbr/lib/libmanagement.so
7efdd6a09000-7efdd6a0a000 rw-p 00003000 08:01 11032046                   /home/elonmusk/Desktop/android_studio/android-studio/jbr/lib/libmanagement.so
7efdd6a0a000-7efdd6a13000 r--p 00000000 08:01 11033304                   /home/elonmusk/Desktop/android_studio/android-studio/jbr/lib/libzip.so
7efdd6a13000-7efdd6a28000 r-xp 00008000 08:01 11033304                   /home/elonmusk/Desktop/android_studio/android-studio/jbr/lib/libzip.so
7efdd6a28000-7efdd6a29000 r--p 0001c000 08:01 11033304                   /home/elonmusk/Desktop/android_studio/android-studio/jbr/lib/libzip.so
7efdd6a29000-7efdd6a2a000 rw-p 0001c000 08:01 11033304                   /home/elonmusk/Desktop/android_studio/android-studio/jbr/lib/libzip.so
7efdd6a2a000-7efdd6efb000 rw-p 00000000 00:00 0 
7efdd6efb000-7efdd6fd8000 ---p 00000000 00:00 0 
7efdd6fd8000-7efdd7001000 rw-p 00000000 00:00 0 
7efdd7001000-7efdd70c3000 ---p 00000000 00:00 0 
7efdd70c3000-7efdd70c9000 rw-p 00000000 00:00 0 
7efdd70c9000-7efdd70cf000 ---p 00000000 00:00 0 
7efdd70cf000-7efdd70e1000 r--p 00000000 08:01 11033305                   /home/elonmusk/Desktop/android_studio/android-studio/jbr/lib/libjava.so
7efdd70e1000-7efdd70f0000 r-xp 00011000 08:01 11033305                   /home/elonmusk/Desktop/android_studio/android-studio/jbr/lib/libjava.so
7efdd70f0000-7efdd70f1000 r--p 0001f000 08:01 11033305                   /home/elonmusk/Desktop/android_studio/android-studio/jbr/lib/libjava.so
7efdd70f1000-7efdd70f3000 rw-p 0001f000 08:01 11033305                   /home/elonmusk/Desktop/android_studio/android-studio/jbr/lib/libjava.so
7efdd70f3000-7efdd70f7000 r--p 00000000 08:01 11032374                   /home/elonmusk/Desktop/android_studio/android-studio/jbr/lib/libinstrument.so
7efdd70f7000-7efdd70fe000 r-xp 00003000 08:01 11032374                   /home/elonmusk/Desktop/android_studio/android-studio/jbr/lib/libinstrument.so
7efdd70fe000-7efdd70ff000 r--p 00009000 08:01 11032374                   /home/elonmusk/Desktop/android_studio/android-studio/jbr/lib/libinstrument.so
7efdd70ff000-7efdd7100000 rw-p 00009000 08:01 11032374                   /home/elonmusk/Desktop/android_studio/android-studio/jbr/lib/libinstrument.so
7efdd7100000-7efdd7104000 ---p 00000000 00:00 0 
7efdd7104000-7efdd7200000 rw-p 00000000 00:00 0 
7efdd7200000-7efdd775c000 r--p 00000000 08:01 11030919                   /home/elonmusk/Desktop/android_studio/android-studio/jbr/lib/server/libjvm.so
7efdd775c000-7efdd82e4000 r-xp 0055b000 08:01 11030919                   /home/elonmusk/Desktop/android_studio/android-studio/jbr/lib/server/libjvm.so
7efdd82e4000-7efdd83b1000 r--p 010e2000 08:01 11030919                   /home/elonmusk/Desktop/android_studio/android-studio/jbr/lib/server/libjvm.so
7efdd83b1000-7efdd83d4000 rw-p 011ae000 08:01 11030919                   /home/elonmusk/Desktop/android_studio/android-studio/jbr/lib/server/libjvm.so
7efdd83d4000-7efdd844c000 rw-p 00000000 00:00 0 
7efdd844f000-7efdd8457000 rw-s 00000000 00:2a 419                        /tmp/hsperfdata_elonmusk/17181
7efdd8457000-7efdd8458000 r--p 00000000 08:01 4065251                    /usr/lib/x86_64-linux-gnu/librt.so.1
7efdd8458000-7efdd8459000 r-xp 00001000 08:01 4065251                    /usr/lib/x86_64-linux-gnu/librt.so.1
7efdd8459000-7efdd845a000 r--p 00002000 08:01 4065251                    /usr/lib/x86_64-linux-gnu/librt.so.1
7efdd845a000-7efdd845b000 r--p 00002000 08:01 4065251                    /usr/lib/x86_64-linux-gnu/librt.so.1
7efdd845b000-7efdd845c000 rw-p 00003000 08:01 4065251                    /usr/lib/x86_64-linux-gnu/librt.so.1
7efdd845c000-7efdd846d000 r--p 00000000 08:01 4065240                    /usr/lib/x86_64-linux-gnu/libm.so.6
7efdd846d000-7efdd84f0000 r-xp 00011000 08:01 4065240                    /usr/lib/x86_64-linux-gnu/libm.so.6
7efdd84f0000-7efdd8550000 r--p 00094000 08:01 4065240                    /usr/lib/x86_64-linux-gnu/libm.so.6
7efdd8550000-7efdd8551000 r--p 000f3000 08:01 4065240                    /usr/lib/x86_64-linux-gnu/libm.so.6
7efdd8551000-7efdd8552000 rw-p 000f4000 08:01 4065240                    /usr/lib/x86_64-linux-gnu/libm.so.6
7efdd8552000-7efdd8554000 rw-p 00000000 00:00 0 
7efdd8554000-7efdd857c000 r--p 00000000 08:01 4065237                    /usr/lib/x86_64-linux-gnu/libc.so.6
7efdd857c000-7efdd86e6000 r-xp 00028000 08:01 4065237                    /usr/lib/x86_64-linux-gnu/libc.so.6
7efdd86e6000-7efdd8739000 r--p 00192000 08:01 4065237                    /usr/lib/x86_64-linux-gnu/libc.so.6
7efdd8739000-7efdd873d000 r--p 001e5000 08:01 4065237                    /usr/lib/x86_64-linux-gnu/libc.so.6
7efdd873d000-7efdd873f000 rw-p 001e9000 08:01 4065237                    /usr/lib/x86_64-linux-gnu/libc.so.6
7efdd873f000-7efdd874c000 rw-p 00000000 00:00 0 
7efdd874c000-7efdd874d000 r--p 00000000 08:01 4065239                    /usr/lib/x86_64-linux-gnu/libdl.so.2
7efdd874d000-7efdd874e000 r-xp 00001000 08:01 4065239                    /usr/lib/x86_64-linux-gnu/libdl.so.2
7efdd874e000-7efdd874f000 r--p 00002000 08:01 4065239                    /usr/lib/x86_64-linux-gnu/libdl.so.2
7efdd874f000-7efdd8750000 r--p 00002000 08:01 4065239                    /usr/lib/x86_64-linux-gnu/libdl.so.2
7efdd8750000-7efdd8751000 rw-p 00003000 08:01 4065239                    /usr/lib/x86_64-linux-gnu/libdl.so.2
7efdd8751000-7efdd8752000 r--p 00000000 08:01 4065249                    /usr/lib/x86_64-linux-gnu/libpthread.so.0
7efdd8752000-7efdd8753000 r-xp 00001000 08:01 4065249                    /usr/lib/x86_64-linux-gnu/libpthread.so.0
7efdd8753000-7efdd8754000 r--p 00002000 08:01 4065249                    /usr/lib/x86_64-linux-gnu/libpthread.so.0
7efdd8754000-7efdd8755000 r--p 00002000 08:01 4065249                    /usr/lib/x86_64-linux-gnu/libpthread.so.0
7efdd8755000-7efdd8756000 rw-p 00003000 08:01 4065249                    /usr/lib/x86_64-linux-gnu/libpthread.so.0
7efdd8759000-7efdd875a000 ---p 00000000 00:00 0 
7efdd875a000-7efdd875b000 r--p 00000000 00:00 0 
7efdd875b000-7efdd875c000 ---p 00000000 00:00 0 
7efdd875c000-7efdd8767000 r--p 00000000 08:01 11032277                   /home/elonmusk/Desktop/android_studio/android-studio/jbr/lib/libjimage.so
7efdd8767000-7efdd877b000 r-xp 0000a000 08:01 11032277                   /home/elonmusk/Desktop/android_studio/android-studio/jbr/lib/libjimage.so
7efdd877b000-7efdd877d000 r--p 0001d000 08:01 11032277                   /home/elonmusk/Desktop/android_studio/android-studio/jbr/lib/libjimage.so
7efdd877d000-7efdd877e000 rw-p 0001e000 08:01 11032277                   /home/elonmusk/Desktop/android_studio/android-studio/jbr/lib/libjimage.so
7efdd877e000-7efdd877f000 rw-p 00000000 00:00 0 
7efdd877f000-7efdd8788000 r--p 00000000 08:01 11032641                   /home/elonmusk/Desktop/android_studio/android-studio/jbr/lib/libjli.so
7efdd8788000-7efdd8797000 r-xp 00008000 08:01 11032641                   /home/elonmusk/Desktop/android_studio/android-studio/jbr/lib/libjli.so
7efdd8797000-7efdd8798000 r--p 00016000 08:01 11032641                   /home/elonmusk/Desktop/android_studio/android-studio/jbr/lib/libjli.so
7efdd8798000-7efdd8799000 rw-p 00016000 08:01 11032641                   /home/elonmusk/Desktop/android_studio/android-studio/jbr/lib/libjli.so
7efdd8799000-7efdd879b000 rw-p 00000000 00:00 0 
7efdd879b000-7efdd879f000 r--p 00000000 00:00 0                          [vvar]
7efdd879f000-7efdd87a1000 r--p 00000000 00:00 0                          [vvar_vclock]
7efdd87a1000-7efdd87a3000 r-xp 00000000 00:00 0                          [vdso]
7efdd87a3000-7efdd87a4000 r--p 00000000 08:01 4065234                    /usr/lib/x86_64-linux-gnu/ld-linux-x86-64.so.2
7efdd87a4000-7efdd87cd000 r-xp 00001000 08:01 4065234                    /usr/lib/x86_64-linux-gnu/ld-linux-x86-64.so.2
7efdd87cd000-7efdd87d8000 r--p 0002a000 08:01 4065234                    /usr/lib/x86_64-linux-gnu/ld-linux-x86-64.so.2
7efdd87d8000-7efdd87da000 r--p 00035000 08:01 4065234                    /usr/lib/x86_64-linux-gnu/ld-linux-x86-64.so.2
7efdd87da000-7efdd87db000 rw-p 00037000 08:01 4065234                    /usr/lib/x86_64-linux-gnu/ld-linux-x86-64.so.2
7efdd87db000-7efdd87dc000 rw-p 00000000 00:00 0 
7ffe475f2000-7ffe47614000 rw-p 00000000 00:00 0                          [stack]
Total number of mappings: 395

JVMTI agents:
/home/elonmusk/.gradle/wrapper/dists/gradle-8.13-bin/5xuhj0ry160q40clulazy9h7d/gradle-8.13/lib/agents/gradle-instrumentation-agent-8.13.jar path:none, loaded, initialized, instrumentlib options:none


VM Arguments:
jvm_args: --add-opens=java.base/java.lang=ALL-UNNAMED --add-opens=java.base/java.lang.invoke=ALL-UNNAMED --add-opens=java.base/java.util=ALL-UNNAMED --add-opens=java.prefs/java.util.prefs=ALL-UNNAMED --add-exports=jdk.compiler/com.sun.tools.javac.api=ALL-UNNAMED --add-exports=jdk.compiler/com.sun.tools.javac.util=ALL-UNNAMED --add-opens=java.base/java.util=ALL-UNNAMED --add-opens=java.prefs/java.util.prefs=ALL-UNNAMED --add-opens=java.base/java.nio.charset=ALL-UNNAMED --add-opens=java.base/java.net=ALL-UNNAMED --add-opens=java.base/java.util.concurrent.atomic=ALL-UNNAMED --add-opens=java.xml/javax.xml.namespace=ALL-UNNAMED -Xmx1024m -Dfile.encoding=UTF-8 -Duser.country=US -Duser.language=en -Duser.variant -javaagent:/home/elonmusk/.gradle/wrapper/dists/gradle-8.13-bin/5xuhj0ry160q40clulazy9h7d/gradle-8.13/lib/agents/gradle-instrumentation-agent-8.13.jar -Dawt.toolkit.name=XToolkit 
java_command: org.gradle.launcher.daemon.bootstrap.GradleDaemon 8.13
java_class_path (initial): /home/elonmusk/.gradle/wrapper/dists/gradle-8.13-bin/5xuhj0ry160q40clulazy9h7d/gradle-8.13/lib/gradle-daemon-main-8.13.jar
Launcher Type: SUN_STANDARD

[Global flags]
     intx CICompilerCount                          = 3                                         {product} {ergonomic}
     uint ConcGCThreads                            = 1                                         {product} {ergonomic}
     uint G1ConcRefinementThreads                  = 4                                         {product} {ergonomic}
   size_t G1HeapRegionSize                         = 1048576                                   {product} {ergonomic}
    uintx GCDrainStackTargetSize                   = 64                                        {product} {ergonomic}
   size_t InitialHeapSize                          = 90177536                                  {product} {ergonomic}
   size_t MarkStackSize                            = 4194304                                   {product} {ergonomic}
   size_t MaxHeapSize                              = 1073741824                                {product} {command line}
   size_t MaxNewSize                               = 643825664                                 {product} {ergonomic}
   size_t MinHeapDeltaBytes                        = 1048576                                   {product} {ergonomic}
   size_t MinHeapSize                              = 8388608                                   {product} {ergonomic}
    uintx NonNMethodCodeHeapSize                   = 5832780                                {pd product} {ergonomic}
    uintx NonProfiledCodeHeapSize                  = 122912730                              {pd product} {ergonomic}
    uintx ProfiledCodeHeapSize                     = 122912730                              {pd product} {ergonomic}
    uintx ReservedCodeCacheSize                    = 251658240                              {pd product} {ergonomic}
     bool SegmentedCodeCache                       = true                                      {product} {ergonomic}
   size_t SoftMaxHeapSize                          = 1073741824                             {manageable} {ergonomic}
     bool UseCompressedOops                        = true                           {product lp64_product} {ergonomic}
     bool UseG1GC                                  = true                                      {product} {ergonomic}

Logging:
Log output configuration:
 #0: stdout all=warning uptime,level,tags foldmultilines=false
 #1: stderr all=off uptime,level,tags foldmultilines=false

Release file:
JAVA_VERSION="21.0.10"
MODULES="java.base java.compiler java.datatransfer java.xml java.prefs java.desktop java.instrument java.logging java.management java.security.sasl java.naming java.rmi java.management.rmi java.net.http java.scripting java.security.jgss java.transaction.xa java.sql java.sql.rowset java.xml.crypto java.se java.smartcardio jdk.accessibility jdk.internal.jvmstat jdk.attach jdk.charsets jdk.internal.opt jdk.zipfs jdk.compiler jdk.crypto.ec jdk.crypto.cryptoki jdk.dynalink jdk.hotspot.agent jdk.httpserver jdk.internal.ed jdk.internal.le jdk.internal.vm.ci jdk.jartool jdk.javadoc jdk.jcmd jdk.jdeps jdk.jdwp.agent jdk.jdi jdk.jfr jdk.jlink jdk.jsobject jdk.localedata jdk.management jdk.management.agent jdk.management.jfr jdk.naming.dns jdk.naming.rmi jdk.net jdk.sctp jdk.security.auth jdk.security.jgss jdk.unsupported jdk.unsupported.desktop jdk.xml.dom"
IMPLEMENTOR="JetBrains s.r.o."
JAVA_RUNTIME_VERSION="21.0.10+-14961533-b1163.108"
LIBC="gnu"
OS_ARCH="x86_64"
OS_NAME="Linux"
SOURCE=".:git:1351622c2ff2"

Environment Variables:
PATH=/home/elonmusk/.local/bin:/usr/local/sbin:/usr/sbin:/sbin:/usr/local/bin:/usr/bin:/bin:/usr/local/games:/usr/games:/snap/bin:/home/elonmusk/.dotnet/tools:/home/elonmusk/Android/Sdk/cmdline-tools/latest/bin:/home/elonmusk/Android/Sdk/platform-tools:/home/elonmusk/Android/Sdk/build-tools/36.0.0: /home/Desktop/flutter_dev/flutter/bin/flutter
XDG_CACHE_HOME=/home/elonmusk/.cache
XDG_CONFIG_HOME=/home/elonmusk/.config
SHELL=/bin/bash
DISPLAY=:0.0
LANG=en_US.UTF-8
TERM=xterm-256color

Active Locale:
LC_ALL=en_US.UTF-8
LC_COLLATE=en_US.UTF-8
LC_CTYPE=en_US.UTF-8
LC_MESSAGES=en_US.UTF-8
LC_MONETARY=en_US.UTF-8
LC_NUMERIC=en_US.UTF-8
LC_TIME=en_US.UTF-8

Signal Handlers:
   SIGSEGV: crash_handler in libjvm.so, mask=11100100010111111101111111111110, flags=SA_RESTART|SA_SIGINFO, unblocked
    SIGBUS: crash_handler in libjvm.so, mask=11100100010111111101111111111110, flags=SA_RESTART|SA_SIGINFO, unblocked
    SIGFPE: crash_handler in libjvm.so, mask=11100100010111111101111111111110, flags=SA_RESTART|SA_SIGINFO, unblocked
   SIGPIPE: javaSignalHandler in libjvm.so, mask=11100100010111111101111111111110, flags=SA_RESTART|SA_SIGINFO, blocked
   SIGXFSZ: javaSignalHandler in libjvm.so, mask=11100100010111111101111111111110, flags=SA_RESTART|SA_SIGINFO, blocked
    SIGILL: crash_handler in libjvm.so, mask=11100100010111111101111111111110, flags=SA_RESTART|SA_SIGINFO, unblocked
   SIGUSR2: SR_handler in libjvm.so, mask=00000000000000000000000000000000, flags=SA_RESTART|SA_SIGINFO, blocked
    SIGHUP: UserHandler in libjvm.so, mask=11100100010111111101111111111110, flags=SA_RESTART|SA_SIGINFO, blocked
    SIGINT: UserHandler in libjvm.so, mask=11100100010111111101111111111110, flags=SA_RESTART|SA_SIGINFO, blocked
   SIGTERM: UserHandler in libjvm.so, mask=11100100010111111101111111111110, flags=SA_RESTART|SA_SIGINFO, blocked
   SIGQUIT: UserHandler in libjvm.so, mask=11100100010111111101111111111110, flags=SA_RESTART|SA_SIGINFO, blocked
   SIGTRAP: crash_handler in libjvm.so, mask=11100100010111111101111111111110, flags=SA_RESTART|SA_SIGINFO, unblocked


Periodic native trim disabled

JNI global refs:
JNI global refs: 31, weak refs: 2

JNI global refs memory usage: 859, weak refs: 857

Process memory usage:
Resident Set Size: 628436K (11% of 5530332K total physical memory with 2274696K free physical memory)

OOME stack traces (most recent first):
Classloader memory used:
Loader org.gradle.internal.classloader.VisitableURLClassLoader                         : 44217K
Loader org.gradle.internal.classloader.VisitableURLClassLoader$InstrumentingVisitableURLClassLoader: 39629K
Loader bootstrap                                                                       : 28841K
Loader org.gradle.initialization.MixInLegacyTypesClassLoader                           : 14368K
Loader org.gradle.internal.classloader.VisitableURLClassLoader                         : 2136K
Loader jdk.internal.loader.ClassLoaders$PlatformClassLoader                            : 514K
Loader jdk.internal.reflect.DelegatingClassLoader                                      : 446K
Loader jdk.internal.loader.ClassLoaders$AppClassLoader                                 : 236K
Loader org.gradle.groovy.scripts.internal.DefaultScriptCompilationHandler$ScriptClassLoader: 90960B
Loader org.codehaus.groovy.runtime.callsite.CallSiteClassLoader                        : 49912B

Classes loaded by more than one classloader:
Class Program                                                                         : loaded 5 times (x 72B)
Class com.google.common.collect.UnmodifiableListIterator                              : loaded 3 times (x 95B)
Class com.google.common.collect.Iterators$ArrayItr                                    : loaded 3 times (x 97B)
Class com.google.common.collect.UnmodifiableIterator                                  : loaded 3 times (x 80B)
Class com.google.common.collect.Iterators                                             : loaded 3 times (x 71B)
Class com.google.common.collect.Lists$StringAsImmutableList                           : loaded 3 times (x 207B)
Class com.google.common.collect.AbstractIterator                                      : loaded 3 times (x 82B)
Class com.google.common.collect.AbstractIndexedListIterator                           : loaded 3 times (x 96B)
Class com.google.common.collect.Multimap                                              : loaded 3 times (x 70B)
Class com.google.common.collect.Iterators$1                                           : loaded 3 times (x 81B)
Class com.google.common.collect.Iterators$4                                           : loaded 3 times (x 82B)
Class com.google.common.collect.Iterators$5                                           : loaded 3 times (x 82B)
Class com.google.common.collect.ImmutableCollection                                   : loaded 3 times (x 125B)
Class com.google.common.collect.Lists                                                 : loaded 3 times (x 71B)
Class com.google.common.collect.Iterators$9                                           : loaded 3 times (x 81B)
Class Build_gradle$1                                                                  : loaded 3 times (x 75B)
Class org.gradle.internal.Cast                                                        : loaded 3 times (x 71B)
Class org.gradle.api.Action                                                           : loaded 3 times (x 70B)
Class org.gradle.api.GradleException                                                  : loaded 3 times (x 82B)
Class org.gradle.internal.IoActions                                                   : loaded 3 times (x 71B)
Class com.google.common.base.Preconditions                                            : loaded 3 times (x 71B)
Class com.google.common.collect.PeekingIterator                                       : loaded 3 times (x 70B)
Class Build_gradle                                                                    : loaded 3 times (x 130B)
Class com.google.common.collect.ImmutableList                                         : loaded 3 times (x 206B)
Class com.google.common.collect.Iterators$MergingIterator                             : loaded 3 times (x 81B)
Class com.google.common.base.Equivalence$Identity                                     : loaded 2 times (x 82B)
Class com.google.common.base.PairwiseEquivalence                                      : loaded 2 times (x 83B)
Class com.google.common.collect.RegularImmutableMap$KeySet                            : loaded 2 times (x 152B)
Class org.jetbrains.plugins.gradle.tooling.serialization.internal.IdeaProjectSerializationService$ReadContext: loaded 2 times (x 72B)
Class kotlin.NotImplementedError                                                      : loaded 2 times (x 82B)
Class org.gradle.internal.classloader.FilteringClassLoader                            : loaded 2 times (x 105B)
Class com.google.common.base.CharMatcher$IsEither                                     : loaded 2 times (x 111B)
Class com.intellij.gradle.toolingExtension.impl.model.sourceSetModel.GradleSourceSetSerialisationService$Companion: loaded 2 times (x 71B)
Class kotlin.collections.CollectionsKt__ReversedViewsKt                               : loaded 2 times (x 71B)
Class org.gradle.internal.classloader.ClassLoaderHierarchy                            : loaded 2 times (x 70B)
Class com.google.common.collect.ImmutableEnumSet                                      : loaded 2 times (x 146B)
Class com.google.common.util.concurrent.ExecutionError                                : loaded 2 times (x 82B)
Class com.google.common.collect.ImmutableList$1                                       : loaded 2 times (x 97B)
Class [Lio.opentelemetry.api.trace.ImmutableTraceFlags;                               : loaded 2 times (x 69B)
Class org.jetbrains.plugins.gradle.tooling.util.IntObjectMap$ObjectFactory            : loaded 2 times (x 70B)
Class org.gradle.api.internal.classpath.ManifestUtil                                  : loaded 2 times (x 71B)
Class com.google.common.collect.RegularImmutableMap                                   : loaded 2 times (x 121B)
Class com.google.common.collect.ImmutableMap$MapViewOfValuesAsSingletonSets           : loaded 2 times (x 126B)
Class io.opentelemetry.context.ContextStorageProvider                                 : loaded 2 times (x 70B)
Class org.jetbrains.plugins.gradle.model.AnnotationProcessingModel                    : loaded 2 times (x 70B)
Class org.jetbrains.plugins.gradle.model.GradleExtensions                             : loaded 2 times (x 70B)
Class org.gradle.tooling.internal.adapter.TargetTypeProvider                          : loaded 2 times (x 70B)
Class [Lorg.objectweb.asm.Symbol;                                                     : loaded 2 times (x 69B)
Class org.objectweb.asm.ClassVisitor                                                  : loaded 2 times (x 88B)
Class io.opentelemetry.api.internal.OtelEncodingUtils                                 : loaded 2 times (x 71B)
Class org.gradle.internal.operations.MultipleBuildOperationFailures                   : loaded 2 times (x 95B)
Class com.google.common.base.Platform$JdkPatternCompiler                              : loaded 2 times (x 75B)
Class org.objectweb.asm.MethodTooLargeException                                       : loaded 2 times (x 83B)
Class [Lcom.google.common.cache.CacheBuilder$OneWeigher;                              : loaded 2 times (x 69B)
Class com.google.common.base.Suppliers                                                : loaded 2 times (x 71B)
Class io.opentelemetry.api.GlobalOpenTelemetry                                        : loaded 2 times (x 71B)
Class com.intellij.util.containers.IntObjectHashMap$ArrayProducer                     : loaded 2 times (x 70B)
Class org.gradle.internal.classloader.DefaultClassLoaderFactory                       : loaded 2 times (x 82B)
Class io.opentelemetry.context.Scope                                                  : loaded 2 times (x 70B)
Class kotlin.collections.AbstractList$Companion                                       : loaded 2 times (x 71B)
Class org.gradle.internal.classloader.ClassLoaderVisitor                              : loaded 2 times (x 76B)
Class [Lcom.google.common.collect.ImmutableMapEntry;                                  : loaded 2 times (x 69B)
Class org.jetbrains.plugins.gradle.tooling.serialization.internal.IdeaProjectSerializationService: loaded 2 times (x 77B)
Class org.gradle.api.internal.classpath.EffectiveClassPath                            : loaded 2 times (x 90B)
Class com.google.common.collect.ImmutableRangeSet                                     : loaded 2 times (x 115B)
Class com.google.common.collect.ListMultimap                                          : loaded 2 times (x 70B)
Class com.google.common.collect.ImmutableEnumMap                                      : loaded 2 times (x 126B)
Class org.gradle.tooling.internal.gradle.DefaultProjectIdentifier                     : loaded 2 times (x 86B)
Class com.google.common.collect.Sets$1                                                : loaded 2 times (x 139B)
Class org.objectweb.asm.AnnotationVisitor                                             : loaded 2 times (x 78B)
Class com.intellij.gradle.toolingExtension.impl.model.buildScriptClasspathModel.GradleBuildScriptClasspathSerializationService$ReadContext: loaded 2 times (x 72B)
Class org.gradle.api.internal.DefaultClassPathProvider                                : loaded 2 times (x 76B)
Class com.google.common.collect.Sets$2                                                : loaded 2 times (x 139B)
Class [Lorg.gradle.api.internal.ClassPathProvider;                                    : loaded 2 times (x 69B)
Class org.gradle.api.internal.ClassPathProvider                                       : loaded 2 times (x 70B)
Class [Lorg.objectweb.asm.AnnotationVisitor;                                          : loaded 2 times (x 69B)
Class com.google.common.collect.Sets$3                                                : loaded 2 times (x 139B)
Class com.google.common.util.concurrent.AbstractFuture$SafeAtomicHelper               : loaded 2 times (x 79B)
Class com.google.common.cache.LocalCache$LocalLoadingCache                            : loaded 2 times (x 134B)
Class org.gradle.internal.service.UnknownServiceException                             : loaded 2 times (x 83B)
Class com.google.common.collect.Sets$4                                                : loaded 2 times (x 139B)
Class org.objectweb.asm.ModuleVisitor                                                 : loaded 2 times (x 81B)
Class com.google.common.cache.LocalCache$Strength$1                                   : loaded 2 times (x 81B)
Class org.jetbrains.kotlin.idea.gradleTooling.KotlinDslScriptAdditionalTask           : loaded 2 times (x 70B)
Class org.jetbrains.plugins.gradle.model.ClasspathEntryModel                          : loaded 2 times (x 70B)
Class com.google.common.util.concurrent.SettableFuture                                : loaded 2 times (x 114B)
Class com.google.common.cache.LocalCache$Strength$2                                   : loaded 2 times (x 81B)
Class com.intellij.platform.diagnostic.telemetry.rt.context.TelemetryContextGetter    : loaded 2 times (x 75B)
Class org.jetbrains.plugins.gradle.tooling.serialization.GradleExtensionsSerializationService: loaded 2 times (x 77B)
Class org.gradle.tooling.model.Dependency                                             : loaded 2 times (x 70B)
Class com.google.common.cache.LocalCache$Strength$3                                   : loaded 2 times (x 81B)
Class com.google.common.collect.MapDifference                                         : loaded 2 times (x 70B)
Class com.intellij.openapi.externalSystem.model.project.dependencies.ResolutionState  : loaded 2 times (x 79B)
Class kotlin.collections.CollectionsKt__CollectionsKt                                 : loaded 2 times (x 71B)
Class org.objectweb.asm.FieldWriter                                                   : loaded 2 times (x 78B)
Class com.google.common.cache.CacheBuilder$NullListener                               : loaded 2 times (x 82B)
Class org.gradle.internal.classpath.TransformedClassPath                              : loaded 2 times (x 96B)
Class org.gradle.internal.classloader.InstrumentingClassLoader                        : loaded 2 times (x 70B)
Class com.google.common.collect.ImmutableRangeSet$AsSet                               : loaded 2 times (x 300B)
Class com.google.common.cache.CacheLoader$FunctionToCacheLoader                       : loaded 2 times (x 75B)
Class com.google.common.collect.ImmutableCollection$Builder                           : loaded 2 times (x 76B)
Class kotlin.enums.EnumEntriesList                                                    : loaded 2 times (x 223B)
Class com.google.common.base.Joiner                                                   : loaded 2 times (x 79B)
Class com.google.common.base.MoreObjects                                              : loaded 2 times (x 71B)
Class kotlin.collections.CollectionsKt__IteratorsJVMKt                                : loaded 2 times (x 71B)
Class com.google.common.collect.Platform                                              : loaded 2 times (x 71B)
Class [Lorg.objectweb.asm.Type;                                                       : loaded 2 times (x 69B)
Class org.jetbrains.kotlin.idea.gradleTooling.KotlinSourceSetContainer                : loaded 2 times (x 70B)
Class io.opentelemetry.context.ContextStorageWrappers                                 : loaded 2 times (x 71B)
Class io.opentelemetry.context.propagation.DefaultContextPropagators                  : loaded 2 times (x 75B)
Class org.jetbrains.plugins.gradle.model.IntelliJSettings                             : loaded 2 times (x 70B)
Class kotlin.Result                                                                   : loaded 2 times (x 72B)
Class org.gradle.internal.service.ServiceLocator                                      : loaded 2 times (x 70B)
Class com.google.common.base.Ascii                                                    : loaded 2 times (x 71B)
Class com.google.common.collect.SingletonImmutableBiMap                               : loaded 2 times (x 143B)
Class com.google.common.cache.LocalCache$1                                            : loaded 2 times (x 89B)
Class com.google.common.collect.Iterators$SingletonIterator                           : loaded 2 times (x 81B)
Class com.google.common.collect.AbstractMapEntry                                      : loaded 2 times (x 81B)
Class com.intellij.gradle.toolingExtension.util.GradleVersionUtil                     : loaded 2 times (x 71B)
Class org.gradle.tooling.model.UnsupportedMethodException                             : loaded 2 times (x 82B)
Class com.google.common.collect.Sets$ImprovedAbstractSet                              : loaded 2 times (x 135B)
Class com.google.common.collect.ImmutableList$Builder                                 : loaded 2 times (x 77B)
Class com.google.common.collect.AbstractMultimap                                      : loaded 2 times (x 123B)
Class com.google.common.cache.LocalCache$2                                            : loaded 2 times (x 142B)
Class kotlin.collections.CollectionsKt__MutableCollectionsKt                          : loaded 2 times (x 71B)
Class com.google.common.collect.ImmutableRangeSet$1                                   : loaded 2 times (x 210B)
Class com.google.common.util.concurrent.AbstractFuture$UnsafeAtomicHelper$1           : loaded 2 times (x 76B)
Class com.google.common.collect.RegularImmutableAsList                                : loaded 2 times (x 217B)
Class io.opentelemetry.api.trace.SpanContext                                          : loaded 2 times (x 70B)
Class io.opentelemetry.api.trace.DefaultTracer$NoopSpanBuilder                        : loaded 2 times (x 91B)
Class org.jetbrains.plugins.gradle.tooling.serialization.AnnotationProcessingModelSerializationService$WriteContext: loaded 2 times (x 72B)
Class com.google.common.collect.Range                                                 : loaded 2 times (x 87B)
Class com.google.common.util.concurrent.AbstractFuture$Trusted                        : loaded 2 times (x 70B)
Class org.jetbrains.plugins.gradle.tooling.serialization.ProjectDependenciesSerializationService$WriteContext: loaded 2 times (x 72B)
Class org.jetbrains.plugins.gradle.tooling.serialization.ProjectDependenciesSerializationService: loaded 2 times (x 77B)
Class org.gradle.tooling.internal.adapter.CollectionMapper                            : loaded 2 times (x 73B)
Class com.google.common.util.concurrent.UncheckedExecutionException                   : loaded 2 times (x 82B)
Class org.gradle.kotlin.dsl.VersionCatalogAccessorsKt                                 : loaded 2 times (x 71B)
Class io.opentelemetry.api.trace.DefaultTracerProvider                                : loaded 2 times (x 79B)
Class gnu.trove.THash                                                                 : loaded 2 times (x 81B)
Class com.intellij.gradle.toolingExtension.impl.model.buildScriptClasspathModel.GradleBuildScriptClasspathSerializationService$WriteContext: loaded 2 times (x 72B)
Class org.gradle.tooling.internal.adapter.ProtocolToModelAdapter                      : loaded 2 times (x 80B)
Class org.gradle.internal.InternalTransformer                                         : loaded 2 times (x 70B)
Class com.google.common.collect.AbstractMapBasedMultimap$KeySet$1                     : loaded 2 times (x 82B)
Class com.google.common.base.CharMatcher$And                                          : loaded 2 times (x 112B)
Class org.objectweb.asm.ClassWriter                                                   : loaded 2 times (x 106B)
Class com.google.common.cache.CacheLoader$UnsupportedLoadingOperationException        : loaded 2 times (x 82B)
Class [Lio.opentelemetry.context.ThreadLocalContextStorage$NoopScope;                 : loaded 2 times (x 69B)
Class io.opentelemetry.context.ThreadLocalContextStorage$NoopScope                    : loaded 2 times (x 85B)
Class org.gradle.internal.time.DefaultTimer                                           : loaded 2 times (x 80B)
Class org.gradle.internal.classloader.ClasspathUtil$1                                 : loaded 2 times (x 76B)
Class com.google.common.base.Objects                                                  : loaded 2 times (x 71B)
Class org.objectweb.asm.FieldVisitor                                                  : loaded 2 times (x 77B)
Class com.google.common.collect.IndexedImmutableSet                                   : loaded 2 times (x 152B)
Class com.google.common.collect.BiMap                                                 : loaded 2 times (x 70B)
Class com.google.common.collect.ImmutableMap$1                                        : loaded 2 times (x 81B)
Class io.opentelemetry.context.ImplicitContextKeyed                                   : loaded 2 times (x 70B)
Class org.gradle.api.internal.classpath.DefaultModuleRegistry$DefaultModule           : loaded 2 times (x 86B)
Class com.google.common.primitives.Ints                                               : loaded 2 times (x 71B)
Class io.opentelemetry.context.DefaultContextKey                                      : loaded 2 times (x 72B)
Class com.google.common.collect.ObjectArrays                                          : loaded 2 times (x 71B)
Class com.google.common.collect.Multiset                                              : loaded 2 times (x 70B)
Class com.google.common.collect.ArrayListMultimapGwtSerializationDependencies         : loaded 2 times (x 172B)
Class com.google.common.math.MathPreconditions                                        : loaded 2 times (x 71B)
Class org.jetbrains.plugins.gradle.model.ExternalTask                                 : loaded 2 times (x 70B)
Class io.opentelemetry.api.internal.IncubatingUtil                                    : loaded 2 times (x 71B)
Class io.opentelemetry.api.GlobalOpenTelemetry$ObfuscatedOpenTelemetry                : loaded 2 times (x 92B)
Class kotlin.Result$Failure                                                           : loaded 2 times (x 72B)
Class org.gradle.internal.time.DefaultCountdownTimer                                  : loaded 2 times (x 88B)
Class com.google.common.collect.ImmutableMapEntrySet                                  : loaded 2 times (x 152B)
Class org.jetbrains.plugins.gradle.model.GradleTaskModel                              : loaded 2 times (x 70B)
Class org.jetbrains.plugins.gradle.tooling.util.ObjectCollector                       : loaded 2 times (x 72B)
Class org.gradle.tooling.internal.gradle.DefaultBuildIdentifier                       : loaded 2 times (x 79B)
Class org.gradle.api.internal.classpath.Module                                        : loaded 2 times (x 70B)
Class com.google.common.cache.Weigher                                                 : loaded 2 times (x 70B)
Class com.intellij.openapi.externalSystem.model.project.IExternalSystemSourceType     : loaded 2 times (x 70B)
Class org.gradle.api.internal.classpath.UnknownModuleException                        : loaded 2 times (x 82B)
Class com.google.common.base.Stopwatch                                                : loaded 2 times (x 72B)
Class com.google.common.cache.LocalCache$Strength                                     : loaded 2 times (x 81B)
Class com.google.common.cache.Cache                                                   : loaded 2 times (x 70B)
Class io.opentelemetry.api.trace.TraceStateBuilder                                    : loaded 2 times (x 70B)
Class com.intellij.openapi.externalSystem.model.project.dependencies.ProjectDependencies: loaded 2 times (x 70B)
Class org.jetbrains.plugins.gradle.tooling.serialization.ProjectDependenciesSerializationService$ReadContext: loaded 2 times (x 72B)
Class com.google.common.util.concurrent.AbstractFuture$Cancellation                   : loaded 2 times (x 72B)
Class com.google.common.collect.ImmutableMap$Builder                                  : loaded 2 times (x 82B)
Class com.google.common.cache.RemovalListener                                         : loaded 2 times (x 70B)
Class org.jetbrains.plugins.gradle.tooling.serialization.RepositoriesModelSerializationService: loaded 2 times (x 82B)
Class org.gradle.tooling.internal.gradle.GradleProjectIdentity                        : loaded 2 times (x 70B)
Class org.gradle.api.internal.DefaultClassPathRegistry                                : loaded 2 times (x 76B)
Class com.google.common.primitives.IntsMethodsForWeb                                  : loaded 2 times (x 71B)
Class io.opentelemetry.api.internal.AutoValue_ImmutableSpanContext                    : loaded 2 times (x 92B)
Class org.jetbrains.plugins.gradle.tooling.serialization.RepositoriesModelSerializationService$ReadContext: loaded 2 times (x 72B)
Class org.gradle.api.internal.ClassPathRegistry                                       : loaded 2 times (x 70B)
Class org.gradle.internal.classpath.DefaultClassPath$ImmutableUniqueList              : loaded 2 times (x 199B)
Class com.google.common.base.ExtraObjectsMethodsForWeb                                : loaded 2 times (x 71B)
Class com.intellij.gradle.toolingExtension.impl.model.projectModel.GradleExternalProjectSerializationService$WriteContext: loaded 2 times (x 73B)
Class com.google.common.cache.CacheBuilder                                            : loaded 2 times (x 72B)
Class com.google.common.collect.SingletonImmutableList                                : loaded 2 times (x 207B)
Class Settings_gradle$1                                                               : loaded 2 times (x 74B)
Class io.opentelemetry.api.trace.ImmutableTraceFlags                                  : loaded 2 times (x 77B)
Class org.gradle.internal.classpath.ClassPath                                         : loaded 2 times (x 70B)
Class org.gradle.api.UncheckedIOException                                             : loaded 2 times (x 82B)
Class com.google.common.base.JdkPattern                                               : loaded 2 times (x 75B)
Class com.google.common.collect.ImmutableList$ReverseImmutableList                    : loaded 2 times (x 209B)
Class org.jetbrains.plugins.gradle.tooling.serialization.KotlinDslScriptsModelSerializationService: loaded 2 times (x 81B)
Class org.objectweb.asm.SymbolTable$Entry                                             : loaded 2 times (x 74B)
Class com.google.common.util.concurrent.AbstractFuture$AtomicHelper                   : loaded 2 times (x 78B)
Class org.jetbrains.kotlin.idea.gradleTooling.KotlinGradleModel                       : loaded 2 times (x 70B)
Class [Lio.opentelemetry.api.trace.TraceFlags;                                        : loaded 2 times (x 69B)
Class [Lio.opentelemetry.context.ContextStorage;                                      : loaded 2 times (x 69B)
Class com.intellij.platform.diagnostic.telemetry.rt.context.TelemetryContext          : loaded 2 times (x 134B)
Class org.jetbrains.plugins.gradle.tooling.serialization.ExternalTestsSerializationService$WriteContext: loaded 2 times (x 72B)
Class org.objectweb.asm.Edge                                                          : loaded 2 times (x 72B)
Class com.google.common.base.Suppliers$SupplierOfInstance                             : loaded 2 times (x 79B)
Class io.opentelemetry.context.ThreadLocalContextStorage                              : loaded 2 times (x 85B)
Class ijInit1_11vqlwagrmqhcgwnw0hsow9sa                                               : loaded 2 times (x 179B)
Class org.gradle.tooling.model.Model                                                  : loaded 2 times (x 70B)
Class com.google.common.cache.LocalCache$ComputingValueReference                      : loaded 2 times (x 96B)
Class com.google.common.collect.SingletonImmutableSet                                 : loaded 2 times (x 146B)
Class com.google.common.collect.ImmutableMap$IteratorBasedImmutableMap                : loaded 2 times (x 126B)
Class kotlin.UninitializedPropertyAccessException                                     : loaded 2 times (x 82B)
Class com.google.common.cache.LocalCache$Segment                                      : loaded 2 times (x 154B)
Class io.opentelemetry.context.Context                                                : loaded 2 times (x 70B)
Class org.jetbrains.plugins.gradle.model.IntelliJProjectSettings                      : loaded 2 times (x 70B)
Class org.gradle.tooling.internal.adapter.ProtocolToModelAdapter$MethodInvocationCache: loaded 2 times (x 73B)
Class com.google.common.collect.SortedIterable                                        : loaded 2 times (x 70B)
Class com.google.common.collect.AbstractListMultimap                                  : loaded 2 times (x 172B)
Class [Lorg.objectweb.asm.SymbolTable$Entry;                                          : loaded 2 times (x 69B)
Class com.google.common.cache.CacheLoader                                             : loaded 2 times (x 74B)
Class com.google.common.collect.ImmutableBiMap                                        : loaded 2 times (x 143B)
Class org.jetbrains.plugins.gradle.model.ExternalDependency                           : loaded 2 times (x 70B)
Class com.intellij.util.containers.IntObjectHashMap                                   : loaded 2 times (x 72B)
Class org.gradle.internal.installation.GradleInstallation$1                           : loaded 2 times (x 75B)
Class org.gradle.api.internal.classpath.ModuleRegistry                                : loaded 2 times (x 70B)
Class com.google.common.util.concurrent.internal.InternalFutureFailureAccess          : loaded 2 times (x 72B)
Class com.google.common.collect.ImmutableSet$JdkBackedSetBuilderImpl                  : loaded 2 times (x 76B)
Class org.jetbrains.plugins.gradle.model.VersionCatalogsModel                         : loaded 2 times (x 70B)
Class com.intellij.gradle.toolingExtension.impl.model.sourceSetDependencyModel.GradleSourceSetDependencySerialisationService$SourceSetDependencyModelReadContext: loaded 2 times (x 72B)
Class com.intellij.gradle.toolingExtension.impl.model.dependencyModel.DependencyReadContext: loaded 2 times (x 72B)
Class org.gradle.tooling.internal.adapter.ObjectGraphAdapter                          : loaded 2 times (x 70B)
Class com.google.common.base.CharMatcher$ForPredicate                                 : loaded 2 times (x 112B)
Class com.google.common.util.concurrent.AbstractFuture$UnsafeAtomicHelper             : loaded 2 times (x 78B)
Class com.google.common.cache.LocalCache$LocalManualCache$1                           : loaded 2 times (x 75B)
Class org.jetbrains.plugins.gradle.model.ExternalSourceSet                            : loaded 2 times (x 70B)
Class com.intellij.gradle.toolingExtension.impl.model.warmUp.GradleTaskWarmUpRequest  : loaded 2 times (x 70B)
Class com.google.common.base.CharMatcher$AnyOf                                        : loaded 2 times (x 112B)
Class com.intellij.gradle.toolingExtension.impl.model.sourceSetArtifactIndex.GradleSourceSetArtifactBuildRequest: loaded 2 times (x 70B)
Class kotlin.collections.CollectionsKt__CollectionsJVMKt                              : loaded 2 times (x 71B)
Class org.gradle.api.internal.classpath.DefaultModuleRegistry                         : loaded 2 times (x 86B)
Class com.google.common.util.concurrent.ListenableFuture                              : loaded 2 times (x 70B)
Class com.google.common.cache.ReferenceEntry                                          : loaded 2 times (x 70B)
Class com.google.common.base.Converter                                                : loaded 2 times (x 90B)
Class com.google.common.collect.ImmutableSet$CachingAsList                            : loaded 2 times (x 148B)
Class org.jetbrains.plugins.gradle.tooling.serialization.internal.IdeaProjectSerializationService$WriteContext$1: loaded 2 times (x 83B)
Class org.jetbrains.plugins.gradle.model.ExternalProject                              : loaded 2 times (x 70B)
Class kotlin.collections.CollectionsKt__IteratorsKt                                   : loaded 2 times (x 71B)
Class com.google.common.collect.AbstractMapBasedMultimap                              : loaded 2 times (x 139B)
Class com.google.common.util.concurrent.AbstractFuture                                : loaded 2 times (x 106B)
Class com.google.common.base.FunctionalEquivalence                                    : loaded 2 times (x 83B)
Class com.google.common.collect.ImmutableAsList                                       : loaded 2 times (x 209B)
Class org.jetbrains.plugins.gradle.tooling.serialization.internal.IdeaProjectSerializationService$WriteContext$2: loaded 2 times (x 83B)
Class org.objectweb.asm.RecordComponentVisitor                                        : loaded 2 times (x 77B)
Class com.google.common.cache.CacheLoader$SupplierToCacheLoader                       : loaded 2 times (x 75B)
Class [Lio.opentelemetry.context.Scope;                                               : loaded 2 times (x 69B)
Class org.jetbrains.plugins.gradle.tooling.serialization.AnnotationProcessingModelSerializationService$ReadContext: loaded 2 times (x 72B)
Class org.jetbrains.plugins.gradle.tooling.serialization.internal.IdeaProjectSerializationService$WriteContext$3: loaded 2 times (x 83B)
Class gnu.trove.TObjectHash$NULL                                                      : loaded 2 times (x 71B)
Class com.google.common.collect.Maps$EntryTransformer                                 : loaded 2 times (x 70B)
Class com.intellij.gradle.toolingExtension.impl.telemetry.GradleOpenTelemetry         : loaded 2 times (x 72B)
Class org.jetbrains.plugins.gradle.tooling.serialization.internal.IdeaProjectSerializationService$WriteContext$4: loaded 2 times (x 83B)
Class com.intellij.gradle.toolingExtension.impl.model.sourceSetDependencyModel.GradleSourceSetDependencySerialisationService$Companion: loaded 2 times (x 71B)
Class org.gradle.internal.time.MonotonicClock                                         : loaded 2 times (x 77B)
Class org.gradle.internal.service.ServiceLookupException                              : loaded 2 times (x 82B)
Class com.google.common.collect.ImmutableSortedSet                                    : loaded 2 times (x 300B)
Class [Lcom.google.common.cache.LocalCache$EntryFactory;                              : loaded 2 times (x 69B)
Class com.intellij.gradle.toolingExtension.util.GradleVersionSpecificsUtil            : loaded 2 times (x 71B)
Class io.opentelemetry.context.ContextStorage                                         : loaded 2 times (x 70B)
Class org.jetbrains.plugins.gradle.tooling.serialization.internal.IdeaProjectSerializationService$WriteContext$5: loaded 2 times (x 83B)
Class com.intellij.gradle.toolingExtension.impl.model.sourceSetDependencyModel.GradleSourceSetDependencySerialisationService$SourceSetDependencyModelWriteContext: loaded 2 times (x 72B)
Class org.gradle.internal.classloader.ClassLoaderFactory                              : loaded 2 times (x 70B)
Class com.google.common.base.CommonPattern                                            : loaded 2 times (x 74B)
Class com.google.common.base.CharMatcher$IsNot                                        : loaded 2 times (x 111B)
Class com.google.common.cache.LocalCache$LocalManualCache                             : loaded 2 times (x 99B)
Class org.jetbrains.plugins.gradle.tooling.serialization.internal.IdeaProjectSerializationService$WriteContext$6: loaded 2 times (x 83B)
Class org.jetbrains.plugins.gradle.tooling.util.IntObjectMap                          : loaded 2 times (x 73B)
Class org.gradle.internal.service.CachingServiceLocator                               : loaded 2 times (x 82B)
Class com.google.common.collect.AbstractMapBasedMultimap$KeySet                       : loaded 2 times (x 137B)
Class com.google.common.collect.RegularImmutableSortedSet                             : loaded 2 times (x 300B)
Class com.google.common.math.IntMath                                                  : loaded 2 times (x 71B)
Class org.jetbrains.plugins.gradle.model.RepositoryModels                             : loaded 2 times (x 70B)
Class org.jetbrains.plugins.gradle.tooling.serialization.internal.IdeaProjectSerializationService$WriteContext$7: loaded 2 times (x 83B)
Class com.google.common.collect.ImmutableMapEntry                                     : loaded 2 times (x 85B)
Class org.jetbrains.plugins.gradle.tooling.serialization.internal.IdeaProjectSerializationService$WriteContext$8: loaded 2 times (x 83B)
Class gnu.trove.TObjectIntProcedure                                                   : loaded 2 times (x 70B)
Class org.gradle.internal.time.TimeSource                                             : loaded 2 times (x 70B)
Class org.gradle.tooling.model.kotlin.dsl.KotlinDslScriptsModel                       : loaded 2 times (x 70B)
Class com.google.common.base.Equivalence                                              : loaded 2 times (x 82B)
Class com.google.common.base.Function                                                 : loaded 2 times (x 70B)
Class com.google.common.collect.ImmutableMapEntry$NonTerminalImmutableMapEntry        : loaded 2 times (x 85B)
Class org.jetbrains.plugins.gradle.tooling.serialization.SerializationService         : loaded 2 times (x 70B)
Class org.gradle.tooling.internal.gradle.GradleBuildIdentity                          : loaded 2 times (x 70B)
Class kotlin.enums.EnumEntries                                                        : loaded 2 times (x 70B)
Class com.google.common.collect.IndexedImmutableSet$1                                 : loaded 2 times (x 213B)
Class com.google.common.cache.CacheBuilder$OneWeigher                                 : loaded 2 times (x 82B)
Class com.google.common.collect.RegularImmutableList                                  : loaded 2 times (x 213B)
Class org.jetbrains.plugins.gradle.tooling.serialization.internal.adapter.Supplier    : loaded 2 times (x 70B)
Class org.gradle.internal.exceptions.ResolutionProvider                               : loaded 2 times (x 70B)
Class org.gradle.tooling.model.ProjectIdentifier                                      : loaded 2 times (x 70B)
Class org.gradle.internal.classloader.ClasspathUtil                                   : loaded 2 times (x 71B)
Class com.google.common.base.Charsets                                                 : loaded 2 times (x 71B)
Class com.google.common.util.concurrent.Uninterruptibles                              : loaded 2 times (x 71B)
Class org.jetbrains.kotlin.tooling.core.HasExtras                                     : loaded 2 times (x 70B)
Class com.intellij.gradle.toolingExtension.impl.model.sourceSetModel.GradleSourceSetSerialisationService: loaded 2 times (x 77B)
Class com.google.common.collect.Maps                                                  : loaded 2 times (x 71B)
Class io.opentelemetry.context.propagation.TextMapGetter                              : loaded 2 times (x 70B)
Class sync_studio_tooling1_7e6hqtipb34ypdefxojfmxqfe                                  : loaded 2 times (x 179B)
Class org.gradle.internal.time.TimeSource$1                                           : loaded 2 times (x 77B)
Class kotlin.jvm.internal.DefaultConstructorMarker                                    : loaded 2 times (x 71B)
Class org.gradle.api.specs.Spec                                                       : loaded 2 times (x 70B)
Class [Lcom.google.common.collect.ImmutableEntry;                                     : loaded 2 times (x 69B)
Class io.opentelemetry.context.ThreadLocalContextStorage$ScopeImpl                    : loaded 2 times (x 79B)
Class com.google.common.cache.LocalCache$LoadingValueReference                        : loaded 2 times (x 96B)
Class com.intellij.gradle.toolingExtension.impl.model.buildScriptClasspathModel.GradleBuildScriptClasspathSerializationService: loaded 2 times (x 77B)
Class com.google.common.base.Platform                                                 : loaded 2 times (x 71B)
Class org.jetbrains.plugins.gradle.model.FileCollectionDependency                     : loaded 2 times (x 70B)
Class io.opentelemetry.api.trace.SpanBuilder                                          : loaded 2 times (x 70B)
Class io.opentelemetry.api.DefaultOpenTelemetry                                       : loaded 2 times (x 89B)
Class com.intellij.gradle.toolingExtension.impl.model.utilDummyModel.DummyModel       : loaded 2 times (x 70B)
Class org.gradle.internal.time.Clock                                                  : loaded 2 times (x 70B)
Class [Lorg.objectweb.asm.AnnotationWriter;                                           : loaded 2 times (x 69B)
Class com.google.common.collect.Maps$8                                                : loaded 2 times (x 82B)
Class io.opentelemetry.context.propagation.TextMapPropagator                          : loaded 2 times (x 70B)
Class org.jetbrains.plugins.gradle.model.GradleSourceSetDependencyModel               : loaded 2 times (x 70B)
Class org.gradle.tooling.internal.adapter.TypeInspector                               : loaded 2 times (x 73B)
Class org.gradle.tooling.internal.adapter.ProtocolToModelAdapter$NoOpDecoration       : loaded 2 times (x 79B)
Class org.gradle.tooling.model.Element                                                : loaded 2 times (x 70B)
Class kotlin.collections.AbstractList                                                 : loaded 2 times (x 197B)
Class kotlin.collections.AbstractCollection                                           : loaded 2 times (x 117B)
Class com.google.common.collect.ImmutableRangeSet$Builder                             : loaded 2 times (x 77B)
Class com.google.common.collect.Sets$SetView                                          : loaded 2 times (x 138B)
Class com.google.common.cache.LocalCache$StrongValueReference                         : loaded 2 times (x 90B)
Class com.google.common.util.concurrent.AbstractFuture$SynchronizedHelper             : loaded 2 times (x 78B)
Class org.jetbrains.kotlin.tooling.core.Extras                                        : loaded 2 times (x 70B)
Class io.opentelemetry.context.ArrayBasedContext                                      : loaded 2 times (x 100B)
Class com.intellij.gradle.toolingExtension.impl.model.taskModel.GradleTaskSerialisationService: loaded 2 times (x 76B)
Class org.objectweb.asm.Type                                                          : loaded 2 times (x 72B)
Class org.jetbrains.plugins.gradle.tooling.util.IntObjectMap$1                        : loaded 2 times (x 77B)
Class org.gradle.internal.classloader.VisitableURLClassLoader$InstrumentingVisitableURLClassLoader: loaded 2 times (x 123B)
Class org.objectweb.asm.ByteVector                                                    : loaded 2 times (x 79B)
Class [Lcom.google.common.cache.CacheBuilder$NullListener;                            : loaded 2 times (x 69B)
Class com.google.common.math.IntMath$1                                                : loaded 2 times (x 71B)
Class io.opentelemetry.api.trace.SpanId                                               : loaded 2 times (x 71B)
Class org.gradle.internal.classloader.VisitableURLClassLoader$Spec                    : loaded 2 times (x 74B)
Class org.gradle.internal.classpath.DefaultClassPath                                  : loaded 2 times (x 90B)
Class org.objectweb.asm.Symbol                                                        : loaded 2 times (x 73B)
Class org.jetbrains.plugins.gradle.model.GradleBuildScriptClasspathModel              : loaded 2 times (x 70B)
Class kotlin.Result$Companion                                                         : loaded 2 times (x 71B)
Class org.gradle.util.internal.DefaultGradleVersion                                   : loaded 2 times (x 82B)
Class com.google.common.base.CharMatcher$BitSetMatcher                                : loaded 2 times (x 112B)
Class com.google.common.collect.RegularImmutableMap$Values                            : loaded 2 times (x 207B)
Class com.google.common.collect.ImmutableSet                                          : loaded 2 times (x 145B)
Class [Lio.opentelemetry.context.ThreadLocalContextStorage;                           : loaded 2 times (x 69B)
Class org.gradle.internal.classloader.ClassLoaderSpec                                 : loaded 2 times (x 71B)
Class org.objectweb.asm.AnnotationWriter                                              : loaded 2 times (x 79B)
Class com.google.common.cache.CacheStats                                              : loaded 2 times (x 71B)
Class kotlin.collections.CollectionsKt___CollectionsJvmKt                             : loaded 2 times (x 71B)
Class com.google.common.base.CharMatcher$Or                                           : loaded 2 times (x 112B)
Class org.objectweb.asm.RecordComponentWriter                                         : loaded 2 times (x 78B)
Class com.google.common.util.concurrent.AbstractFuture$Listener                       : loaded 2 times (x 72B)
Class Settings_gradle$1$1                                                             : loaded 2 times (x 74B)
Class io.opentelemetry.api.trace.Tracer                                               : loaded 2 times (x 70B)
Class org.objectweb.asm.Attribute                                                     : loaded 2 times (x 77B)
Class com.google.common.base.Supplier                                                 : loaded 2 times (x 70B)
Class io.opentelemetry.api.trace.ArrayBasedTraceState                                 : loaded 2 times (x 86B)
Class io.opentelemetry.context.ContextKey                                             : loaded 2 times (x 70B)
Class io.opentelemetry.context.propagation.TextMapSetter                              : loaded 2 times (x 70B)
Class org.gradle.internal.classloader.VisitableURLClassLoader                         : loaded 2 times (x 117B)
Class com.google.common.util.concurrent.AbstractFuture$Waiter                         : loaded 2 times (x 72B)
Class Settings_gradle                                                                 : loaded 2 times (x 128B)
Class org.jetbrains.plugins.gradle.tooling.serialization.ExternalTestsSerializationService$ReadContext: loaded 2 times (x 72B)
Class org.gradle.tooling.model.idea.IdeaDependency                                    : loaded 2 times (x 70B)
Class com.google.common.base.Strings                                                  : loaded 2 times (x 71B)
Class com.google.common.collect.Sets                                                  : loaded 2 times (x 71B)
Class org.objectweb.asm.Handler                                                       : loaded 2 times (x 72B)
Class com.google.common.base.CharMatcher$FastMatcher                                  : loaded 2 times (x 111B)
Class com.google.common.base.Ticker                                                   : loaded 2 times (x 72B)
Class [Lcom.google.common.cache.LocalCache$Segment;                                   : loaded 2 times (x 69B)
Class com.google.common.base.Predicate                                                : loaded 2 times (x 70B)
Class [Lcom.google.common.cache.LocalCache$Strength;                                  : loaded 2 times (x 69B)
Class com.google.common.cache.CacheBuilder$1                                          : loaded 2 times (x 85B)
Class com.google.common.collect.ImmutableMap                                          : loaded 2 times (x 120B)
Class io.opentelemetry.api.trace.ArrayBasedTraceStateBuilder                          : loaded 2 times (x 77B)
Class org.jetbrains.plugins.gradle.tooling.serialization.internal.IdeaProjectSerializationService$WriteContext: loaded 2 times (x 72B)
Class com.intellij.gradle.toolingExtension.impl.model.sourceSetDependencyModel.GradleSourceSetDependencySerialisationService: loaded 2 times (x 77B)
Class org.jetbrains.plugins.gradle.model.GradleSourceSetModel                         : loaded 2 times (x 70B)
Class org.gradle.internal.classpath.DefaultClassPath$ImmutableUniqueList$Builder      : loaded 2 times (x 75B)
Class com.google.common.collect.AbstractRangeSet                                      : loaded 2 times (x 114B)
Class com.google.common.base.CharMatcher$NegatedFastMatcher                           : loaded 2 times (x 113B)
Class com.google.common.cache.LocalCache                                              : loaded 2 times (x 187B)
Class com.google.common.cache.CacheBuilder$2                                          : loaded 2 times (x 79B)
Class io.opentelemetry.api.trace.TracerProvider                                       : loaded 2 times (x 70B)
Class com.google.common.collect.ArrayListMultimap                                     : loaded 2 times (x 172B)
Class com.google.common.cache.CacheBuilder$3                                          : loaded 2 times (x 72B)
Class [Lcom.google.common.collect.AbstractMapEntry;                                   : loaded 2 times (x 69B)
Class com.google.common.collect.ImmutableEntry                                        : loaded 2 times (x 82B)
Class io.opentelemetry.api.trace.AutoValue_ArrayBasedTraceState                       : loaded 2 times (x 87B)
Class gnu.trove.TObjectHash                                                           : loaded 2 times (x 94B)
Class org.jetbrains.plugins.gradle.tooling.util.ObjectCollector$Processor             : loaded 2 times (x 70B)
Class kotlin.collections.CollectionsKt___CollectionsKt                                : loaded 2 times (x 71B)
Class org.gradle.internal.exceptions.NonGradleCauseExceptionsHolder                   : loaded 2 times (x 70B)
Class org.gradle.tooling.model.idea.IdeaModuleDependency                              : loaded 2 times (x 70B)
Class org.gradle.tooling.internal.adapter.ViewBuilder                                 : loaded 2 times (x 70B)
Class com.google.common.collect.CollectPreconditions                                  : loaded 2 times (x 71B)
Class io.opentelemetry.api.trace.TraceState                                           : loaded 2 times (x 70B)
Class org.jetbrains.plugins.gradle.model.AnnotationProcessingConfig                   : loaded 2 times (x 70B)
Class gnu.trove.Equality                                                              : loaded 2 times (x 70B)
Class com.google.common.collect.SortedMapDifference                                   : loaded 2 times (x 70B)
Class io.opentelemetry.context.LazyStorage                                            : loaded 2 times (x 71B)
Class com.google.common.cache.LocalCache$WriteThroughEntry                            : loaded 2 times (x 79B)
Class com.google.common.cache.LocalCache$HashIterator                                 : loaded 2 times (x 86B)
Class com.google.common.cache.LocalCache$EntryFactory                                 : loaded 2 times (x 83B)
Class gnu.trove.TObjectHashingStrategy                                                : loaded 2 times (x 70B)
Class org.gradle.tooling.internal.adapter.ProtocolToModelAdapter$ReflectionMethodInvoker: loaded 2 times (x 76B)
Class com.google.common.cache.LocalCache$AbstractReferenceEntry                       : loaded 2 times (x 107B)
Class org.jetbrains.kotlin.tooling.core.HasMutableExtras                              : loaded 2 times (x 70B)
Class kotlin.collections.CollectionsKt__MutableCollectionsJVMKt                       : loaded 2 times (x 71B)
Class kotlin.enums.EnumEntriesKt                                                      : loaded 2 times (x 71B)
Class com.google.common.collect.ImmutableRangeSet$ComplementRanges                    : loaded 2 times (x 207B)
Class org.objectweb.asm.SymbolTable                                                   : loaded 2 times (x 72B)
Class com.google.common.cache.CacheLoader$InvalidCacheLoadException                   : loaded 2 times (x 82B)
Class com.google.common.collect.ImmutableSet$RegularSetBuilderImpl                    : loaded 2 times (x 77B)
Class io.opentelemetry.context.propagation.NoopTextMapPropagator                      : loaded 2 times (x 76B)
Class com.intellij.gradle.toolingExtension.model.repositoryModel.ProjectRepositoriesModel: loaded 2 times (x 70B)
Class org.jetbrains.plugins.gradle.model.GradleProperty                               : loaded 2 times (x 70B)
Class gnu.trove.TObjectCanonicalHashingStrategy                                       : loaded 2 times (x 78B)
Class org.gradle.internal.classloader.SystemClassLoaderSpec                           : loaded 2 times (x 71B)
Class com.google.common.cache.LocalCache$StrongEntry                                  : loaded 2 times (x 108B)
Class com.google.common.util.concurrent.AbstractFuture$TrustedFuture                  : loaded 2 times (x 114B)
Class com.google.common.cache.LoadingCache                                            : loaded 2 times (x 70B)
Class org.gradle.internal.exceptions.MultiCauseException                              : loaded 2 times (x 70B)
Class org.gradle.internal.time.CountdownTimer                                         : loaded 2 times (x 70B)
Class kotlin.jvm.internal.Intrinsics                                                  : loaded 2 times (x 71B)
Class org.objectweb.asm.MethodWriter                                                  : loaded 2 times (x 106B)
Class [Lcom.google.common.cache.Weigher;                                              : loaded 2 times (x 69B)
Class com.google.common.collect.RegularImmutableMap$BucketOverflowException           : loaded 2 times (x 82B)
Class io.opentelemetry.api.trace.Span                                                 : loaded 2 times (x 70B)
Class com.intellij.gradle.toolingExtension.impl.model.projectModel.GradleExternalProjectSerializationService$ReadContext: loaded 2 times (x 73B)
Class com.intellij.gradle.toolingExtension.impl.model.dependencyModel.DependencyWriteContext: loaded 2 times (x 72B)
Class kotlin.collections.CollectionsKt__IterablesKt                                   : loaded 2 times (x 71B)
Class org.gradle.tooling.model.ProjectModel                                           : loaded 2 times (x 70B)
Class kotlin.KotlinNullPointerException                                               : loaded 2 times (x 83B)
Class com.google.common.base.CharMatcher$Is                                           : loaded 2 times (x 111B)
Class com.google.common.base.CharMatcher$Negated                                      : loaded 2 times (x 113B)
Class com.google.common.collect.RegularImmutableBiMap                                 : loaded 2 times (x 149B)
Class com.google.common.cache.LocalCache$ValueReference                               : loaded 2 times (x 70B)
Class io.opentelemetry.api.OpenTelemetry                                              : loaded 2 times (x 70B)
Class org.jetbrains.plugins.gradle.model.tests.ExternalTestsModel                     : loaded 2 times (x 70B)
Class org.gradle.internal.exceptions.DefaultMultiCauseException                       : loaded 2 times (x 95B)
Class com.google.common.base.PatternCompiler                                          : loaded 2 times (x 70B)
Class com.google.common.util.concurrent.AbstractFuture$Failure                        : loaded 2 times (x 72B)
Class com.google.common.base.Equivalence$Equals                                       : loaded 2 times (x 82B)
Class com.google.common.collect.Hashing                                               : loaded 2 times (x 71B)
Class io.opentelemetry.api.trace.PropagatedSpan                                       : loaded 2 times (x 112B)
Class com.intellij.gradle.toolingExtension.impl.model.projectModel.GradleExternalProjectSerializationService: loaded 2 times (x 77B)
Class org.gradle.tooling.model.HierarchicalElement                                    : loaded 2 times (x 70B)
Class com.google.common.base.Joiner$1                                                 : loaded 2 times (x 80B)
Class org.objectweb.asm.Label                                                         : loaded 2 times (x 73B)
Class org.objectweb.asm.CurrentFrame                                                  : loaded 2 times (x 73B)
Class com.google.common.base.CharMatcher                                              : loaded 2 times (x 111B)
Class org.objectweb.asm.ClassTooLargeException                                        : loaded 2 times (x 83B)
Class io.opentelemetry.api.trace.TraceFlags                                           : loaded 2 times (x 70B)
Class org.jetbrains.plugins.gradle.tooling.serialization.ExternalTestsSerializationService: loaded 2 times (x 77B)
Class org.gradle.internal.time.Time                                                   : loaded 2 times (x 71B)
Class com.google.common.collect.RangeGwtSerializationDependencies                     : loaded 2 times (x 71B)
Class com.google.common.base.Joiner$2                                                 : loaded 2 times (x 79B)
Class org.objectweb.asm.Frame                                                         : loaded 2 times (x 73B)
Class com.google.common.base.CharMatcher$NamedFastMatcher                             : loaded 2 times (x 112B)
Class com.google.common.base.CharMatcher$1                                            : loaded 2 times (x 113B)
Class org.objectweb.asm.MethodVisitor                                                 : loaded 2 times (x 105B)
Class com.google.common.cache.LocalCache$EntryFactory$1                               : loaded 2 times (x 83B)
Class [Lcom.google.common.cache.RemovalListener;                                      : loaded 2 times (x 69B)
Class org.jetbrains.plugins.gradle.tooling.serialization.AnnotationProcessingModelSerializationService: loaded 2 times (x 77B)
Class com.google.common.collect.RangeSet                                              : loaded 2 times (x 70B)
Class com.google.common.cache.LocalCache$EntryFactory$2                               : loaded 2 times (x 83B)
Class org.jetbrains.plugins.gradle.model.DependencyAccessorsModel                     : loaded 2 times (x 70B)
Class [Lcom.intellij.openapi.externalSystem.model.project.dependencies.ResolutionState;: loaded 2 times (x 69B)
Class gnu.trove.TObjectIntHashMap                                                     : loaded 2 times (x 109B)
Class org.gradle.api.internal.classpath.GlobalCacheRootsProvider                      : loaded 2 times (x 70B)
Class com.google.common.collect.CollectCollectors                                     : loaded 2 times (x 71B)
Class org.objectweb.asm.ModuleWriter                                                  : loaded 2 times (x 82B)
Class com.google.common.cache.LocalCache$EntryFactory$3                               : loaded 2 times (x 83B)
Class com.google.common.base.Ticker$1                                                 : loaded 2 times (x 72B)
Class com.google.common.collect.Maps$BiMapConverter                                   : loaded 2 times (x 90B)
Class com.google.common.collect.ImmutableMapEntrySet$RegularEntrySet                  : loaded 2 times (x 152B)
Class org.jetbrains.kotlin.idea.gradleTooling.KotlinMPPGradleModel                    : loaded 2 times (x 70B)
Class io.opentelemetry.context.propagation.ContextPropagators                         : loaded 2 times (x 70B)
Class com.intellij.gradle.toolingExtension.impl.model.dependencyDownloadPolicyModel.GradleDependencyDownloadPolicy: loaded 2 times (x 70B)
Class org.gradle.tooling.model.BuildIdentifier                                        : loaded 2 times (x 70B)
Class kotlin.NoWhenBranchMatchedException                                             : loaded 2 times (x 82B)
Class com.google.common.base.CharMatcher$InRange                                      : loaded 2 times (x 111B)
Class com.google.common.cache.LocalCache$EntryFactory$4                               : loaded 2 times (x 83B)
Class com.google.common.collect.ImmutableSet$Builder                                  : loaded 2 times (x 85B)
Class org.jetbrains.kotlin.idea.gradleTooling.PrepareKotlinIdeImportTaskModel         : loaded 2 times (x 70B)
Class com.google.common.cache.LocalCache$EntryFactory$5                               : loaded 2 times (x 83B)
Class com.google.common.cache.LocalCache$EntryFactory$6                               : loaded 2 times (x 83B)
Class org.gradle.internal.time.Timer                                                  : loaded 2 times (x 70B)
Class kotlin.jvm.internal.markers.KMappedMarker                                       : loaded 2 times (x 70B)
Class org.gradle.internal.installation.CurrentGradleInstallationLocator               : loaded 2 times (x 71B)
Class com.google.common.collect.Maps$KeySet                                           : loaded 2 times (x 137B)
Class com.google.common.cache.LocalCache$EntryFactory$7                               : loaded 2 times (x 83B)
Class com.google.common.collect.ImmutableSet$EmptySetBuilderImpl                      : loaded 2 times (x 76B)
Class org.gradle.tooling.model.idea.IdeaProject                                       : loaded 2 times (x 70B)
Class org.gradle.tooling.model.DomainObjectSet                                        : loaded 2 times (x 70B)
Class org.gradle.internal.service.DefaultServiceLocator                               : loaded 2 times (x 83B)
Class com.google.common.cache.LocalCache$EntryFactory$8                               : loaded 2 times (x 83B)
Class com.google.common.collect.ImmutableSet$SetBuilderImpl                           : loaded 2 times (x 76B)
Class io.opentelemetry.api.trace.SpanContextKey                                       : loaded 2 times (x 71B)
Class org.gradle.util.GradleVersion                                                   : loaded 2 times (x 81B)
Class org.gradle.internal.installation.CurrentGradleInstallation                      : loaded 2 times (x 73B)
Class com.google.common.cache.CacheLoader$1                                           : loaded 2 times (x 75B)
Class com.google.common.collect.ImmutableList$SubList                                 : loaded 2 times (x 209B)
Class org.jetbrains.plugins.gradle.javaModel.JavaGradleManifestModel                  : loaded 2 times (x 70B)
Class org.jetbrains.plugins.gradle.tooling.serialization.GradleExtensionsSerializationService$WriteContext: loaded 2 times (x 72B)
Class com.intellij.gradle.toolingExtension.impl.model.taskModel.GradleTaskSerialisationService$Companion: loaded 2 times (x 71B)
Class org.gradle.util.internal.GUtil                                                  : loaded 2 times (x 71B)
Class com.google.common.util.concurrent.AbstractFuture$SetFuture                      : loaded 2 times (x 75B)
Class com.google.common.cache.AbstractCache$StatsCounter                              : loaded 2 times (x 70B)
Class io.opentelemetry.api.trace.TraceId                                              : loaded 2 times (x 71B)
Class com.intellij.gradle.toolingExtension.impl.model.utilTurnOffDefaultTasksModel.TurnOffDefaultTasks: loaded 2 times (x 70B)
Class com.intellij.gradle.toolingExtension.impl.model.sourceSetModel.GradleSourceSetSerialisationService$SourceSetModelReadContext: loaded 2 times (x 72B)
Class kotlin.collections.CollectionsKt                                                : loaded 2 times (x 71B)
Class com.google.common.collect.RegularImmutableSet                                   : loaded 2 times (x 149B)
Class io.opentelemetry.api.internal.ImmutableSpanContext                              : loaded 2 times (x 91B)
Class com.intellij.gradle.toolingExtension.impl.model.sourceSetModel.GradleSourceSetSerialisationService$SourceSetModelWriteContext: loaded 2 times (x 72B)
Class org.gradle.tooling.GradleConnectionException                                    : loaded 2 times (x 83B)
Class org.gradle.tooling.internal.adapter.ProtocolToModelAdapter$1                    : loaded 2 times (x 75B)
Class org.gradle.tooling.internal.adapter.ProtocolToModelAdapter$ViewDecoration       : loaded 2 times (x 70B)
Class org.gradle.internal.installation.GradleInstallation                             : loaded 2 times (x 75B)
Class com.google.common.collect.Iterables                                             : loaded 2 times (x 71B)
Class io.opentelemetry.api.trace.DefaultTracer                                        : loaded 2 times (x 74B)
Class org.jetbrains.plugins.gradle.tooling.serialization.GradleExtensionsSerializationService$ReadContext: loaded 2 times (x 72B)
Class org.gradle.tooling.internal.adapter.MethodInvoker                               : loaded 2 times (x 70B)
Class org.jetbrains.plugins.gradle.tooling.serialization.RepositoriesModelSerializationService$WriteContext: loaded 2 times (x 72B)

---------------  S Y S T E M  ---------------

OS:
PRETTY_NAME="Kali GNU/Linux Rolling"
NAME="Kali GNU/Linux"
VERSION_ID="2026.3"
VERSION="2026.3"
VERSION_CODENAME=kali-rolling
ID=kali
ID_LIKE=debian
HOME_URL="https://www.kali.org/"
SUPPORT_URL="https://forums.kali.org/"
BUG_REPORT_URL="https://bugs.kali.org/"
ANSI_COLOR="1;31"
uname: Linux 7.0.12+kali-amd64 #1 SMP PREEMPT_DYNAMIC Kali 7.0.12-2kali1 (2026-06-18) x86_64
OS uptime: 0 days 0:27 hours
libc: glibc 2.42 NPTL 2.42 
rlimit (soft/hard): STACK 8192k/infinity , CORE 0k/infinity , NPROC 20760/20760 , NOFILE 524288/524288 , AS infinity/infinity , CPU infinity/infinity , DATA infinity/infinity , FSIZE infinity/infinity , MEMLOCK 8192k/8192k
load average: 2.69 2.51 2.46

/proc/meminfo:
MemTotal:        5530332 kB
MemFree:          294236 kB
MemAvailable:    2273344 kB
Buffers:           72484 kB
Cached:          2089112 kB
SwapCached:        32536 kB
Active:          3087736 kB
Inactive:        1719968 kB
Active(anon):    2191224 kB
Inactive(anon):   488984 kB
Active(file):     896512 kB
Inactive(file):  1230984 kB
Unevictable:         128 kB
Mlocked:             128 kB
SwapTotal:       5741564 kB
SwapFree:        5534840 kB
Zswap:                 0 kB
Zswapped:              0 kB
Dirty:              4360 kB
Writeback:             0 kB
AnonPages:       2634412 kB
Mapped:           503044 kB
Shmem:             34292 kB
KReclaimable:     126536 kB
Slab:             219328 kB
SReclaimable:     126536 kB
SUnreclaim:        92792 kB
KernelStack:       10016 kB
PageTables:        22592 kB
SecPageTables:         0 kB
NFS_Unstable:          0 kB
Bounce:                0 kB
WritebackTmp:          0 kB
CommitLimit:     8506728 kB
Committed_AS:    5996272 kB
VmallocTotal:   34359738367 kB
VmallocUsed:       66776 kB
VmallocChunk:          0 kB
Percpu:             2432 kB
HardwareCorrupted:     0 kB
AnonHugePages:   1718272 kB
ShmemHugePages:        0 kB
ShmemPmdMapped:        0 kB
FileHugePages:      4096 kB
FilePmdMapped:         0 kB
Unaccepted:            0 kB
Balloon:               0 kB
HugePages_Total:       0
HugePages_Free:        0
HugePages_Rsvd:        0
HugePages_Surp:        0
Hugepagesize:       2048 kB
Hugetlb:               0 kB
DirectMap4k:      378664 kB
DirectMap2M:     5365760 kB
DirectMap1G:           0 kB

/sys/kernel/mm/transparent_hugepage/enabled: [always] madvise never
/sys/kernel/mm/transparent_hugepage/hpage_pmd_size: 2097152
/sys/kernel/mm/transparent_hugepage/defrag (defrag/compaction efforts parameter): always defer defer+madvise [madvise] never

Process Memory:
Virtual Size: 4731808K (peak: 4732936K)
Resident Set Size: 629612K (peak: 629612K) (anon: 595772K, file: 33808K, shmem: 32K)
Swapped out: 0K
C-Heap outstanding allocations: 114945K, retained: 88126K
glibc malloc tunables: (default)

/proc/sys/kernel/threads-max (system-wide limit on the number of threads): 41521
/proc/sys/vm/max_map_count (maximum number of memory map areas a process may have): 1048576
/proc/sys/vm/swappiness (control to define how aggressively the kernel swaps out anonymous memory): 60
/proc/sys/kernel/pid_max (system-wide limit on number of process identifiers): 4194304

container information not found.
Steal ticks since vm start: 0
Steal ticks percentage since vm start:  0.000

CPU: total 4 (initial active 4) (4 cores per cpu, 1 threads per core) family 18 model 1 stepping 0 microcode 0x3000027, cx8, cmov, fxsr, mmx, 3dnowpref, sse, sse2, sse3, sse4a, popcnt, lzcnt, tsc, tscinvbit, clflush, rdtscp
CPU Model and flags from /proc/cpuinfo:
model name	: AMD A8-3520M APU with Radeon(tm) HD Graphics
flags		: fpu vme de pse tsc msr pae mce cx8 apic sep mtrr pge mca cmov pat pse36 clflush mmx fxsr sse sse2 ht syscall nx mmxext fxsr_opt pdpe1gb rdtscp lm 3dnowext 3dnow constant_tsc rep_good nopl nonstop_tsc cpuid extd_apicid aperfmperf pni monitor cx16 popcnt lahf_lm cmp_legacy svm extapic cr8_legacy abm sse4a misalignsse 3dnowprefetch osvw ibs skinit wdt cpb hw_pstate vmmcall arat npt lbrv svm_lock nrip_save pausefilter

Online cpus: 0-3
Offline cpus: 
BIOS frequency limitation: 1600000
Frequency switch latency (ns): 0
Available cpu frequencies: 1600000 1400000 1200000 1100000 1000000 900000 800000 
Current governor: ondemand
Core performance/turbo boost: 1

Memory: 4k page, physical 5530332k(2273344k free), swap 5741564k(5534840k free)
Page Sizes: 4k

vm_info: OpenJDK 64-Bit Server VM (21.0.10+-14961533-b1163.108) for linux-amd64 JRE (21.0.10+-14961533-b1163.108), built on 2026-03-02T19:55:51Z by "builder" with clang Android (14488419, +pgo, +bolt, +lto, +mlgo, based on r584948) Clang 22.0.0 (https://android.googlesource.com/toolchain/llvm-project 2d65e4108033380e6fe8e08b1f1826cd2bfb0c99)

END.
