#
# A fatal error has been detected by the Java Runtime Environment:
#
#  SIGSEGV (0xb) at pc=0x00007fe598d820c4, pid=80480, tid=80486
#
# JRE version: OpenJDK Runtime Environment (21.0.9) (build 21.0.9+-14649483-b1163.86)
# Java VM: OpenJDK 64-Bit Server VM (21.0.9+-14649483-b1163.86, mixed mode, tiered, compressed oops, compressed class ptrs, g1 gc, linux-amd64)
# Problematic frame:
# V  [libjvm.so+0x9820c4]  G1CMOopClosure::do_oop(narrowOop*)+0x114
#
# No core dump will be written. Core dumps have been disabled. To enable core dumping, try "ulimit -c unlimited" before starting Java again
#
# If you would like to submit a bug report, please visit:
#   https://youtrack.jetbrains.com/issues/JBR
#

---------------  S U M M A R Y ------------

Command Line: --add-opens=java.base/java.util=ALL-UNNAMED --add-opens=java.base/java.lang=ALL-UNNAMED --add-opens=java.base/java.lang.invoke=ALL-UNNAMED --add-opens=java.prefs/java.util.prefs=ALL-UNNAMED --add-exports=jdk.compiler/com.sun.tools.javac.api=ALL-UNNAMED --add-exports=jdk.compiler/com.sun.tools.javac.util=ALL-UNNAMED --add-opens=java.base/java.nio.charset=ALL-UNNAMED --add-opens=java.base/java.net=ALL-UNNAMED --add-opens=java.base/java.util.concurrent.atomic=ALL-UNNAMED -Xmx1024m -Dfile.encoding=UTF-8 -Duser.country=US -Duser.language=en -Duser.variant -javaagent:/home/elonmusk/.gradle/wrapper/dists/gradle-8.10.2-bin/a04bxjujx95o3nb99gddekhwo/gradle-8.10.2/lib/agents/gradle-instrumentation-agent-8.10.2.jar -Dawt.toolkit.name=XToolkit org.gradle.launcher.daemon.bootstrap.GradleDaemon 8.10.2

Host: AMD A8-3520M APU with Radeon(tm) HD Graphics, 4 cores, 5G, Kali GNU/Linux Rolling
Time: Mon Apr 27 05:20:20 2026 CDT elapsed time: 1794.151669 seconds (0d 0h 29m 54s)

---------------  T H R E A D  ---------------

Current thread (0x00007fe5940733e0):  WorkerThread "G1 Conc#0"      [id=80486, stack(0x00007fe5801ff000,0x00007fe5802ff000) (1024K)]

Stack: [0x00007fe5801ff000,0x00007fe5802ff000],  sp=0x00007fe5802fbc10,  free space=1011k
Native frames: (J=compiled Java code, j=interpreted, Vv=VM code, C=native code)
V  [libjvm.so+0x9820c4]  G1CMOopClosure::do_oop(narrowOop*)+0x114
V  [libjvm.so+0x982752]  void OopOopIterateDispatch<G1CMOopClosure>::Table::oop_oop_iterate<InstanceRefKlass, narrowOop>(G1CMOopClosure*, oopDesc*, Klass*)+0x152
V  [libjvm.so+0x9a1115]  G1CMTask::drain_local_queue(bool)+0x2a5
V  [libjvm.so+0x9a6c2d]  G1CMTask::do_marking_step(double, bool, bool)+0x18d
V  [libjvm.so+0x9a9554]  G1CMConcurrentMarkingTask::work(unsigned int)+0xc4
V  [libjvm.so+0x10cfe94]  WorkerThread::run()+0x84
V  [libjvm.so+0x10199de]  Thread::call_run()+0xae
V  [libjvm.so+0xe662b4]  thread_native_entry(Thread*)+0x114

siginfo: si_signo: 11 (SIGSEGV), si_code: 1 (SEGV_MAPERR), si_addr: 0x000000031b2b5380

Registers:
RAX=0x00007fe5995b7280, RBX=0x00007fe5940745d0, RCX=0x0000000000000003, RDX=0x0000000000000001
RSP=0x00007fe5802fbc10, RBP=0x00007fe5802fbc40, RSI=0x00007fe5813f7d18, RDI=0x000000031b2b5378
R8 =0x00000000001fefa3, R9 =0x00007fe5995b7870, R10=0x00007fe594069970, R11=0x0000000000000206
R12=0x00007fe594069960, R13=0x0000000000000000, R14=0x00000000ffdf4700, R15=0x00007fe5995ea368
RIP=0x00007fe598d820c4, EFLAGS=0x0000000000010206, CSGSFS=0x002b000000000033, ERR=0x0000000000000004
  TRAPNO=0x000000000000000e

XMM[0]=0x0000000000000000 0x3ff59db22d0e8000
XMM[1]=0x0000000000000000 0x404e800000000000
XMM[2]=0x0000000000000000 0x3ffb5cfbceb7b98d
XMM[3]=0x0000000000000000 0x403a706940fbd483
XMM[4]=0x0000000000000000 0x3fe6666666666666
XMM[5]=0x00007fe5995b0bb8 0x0000000000000008
XMM[6]=0x0000000000000000 0x00007fe5998e568f
XMM[7]=0x00007fe5940733e0 0x129e126be451e900
XMM[8]=0x0000000000000000 0x0000000000000000
XMM[9]=0x0000000000000000 0x0000000000000000
XMM[10]=0x0000000000000000 0x0000000000000000
XMM[11]=0x0000000000000000 0x0000000000000000
XMM[12]=0x0000000000000000 0x0000000000000000
XMM[13]=0x0000000000000000 0x0000000000000000
XMM[14]=0x0000000000000000 0x0000000000000000
XMM[15]=0x0000000000000000 0x0000000000000000
  MXCSR=0x00001fa3


Register to memory mapping:

RAX=0x00007fe5995b7280: <offset 0x00000000011b7280> in /home/elonmusk/Downloads/android-studio/jbr/lib/server/libjvm.so at 0x00007fe598400000
RBX=0x00007fe5940745d0 points into unknown readable memory: 0x00007fe599598ad8 | d8 8a 59 99 e5 7f 00 00
RCX=0x0000000000000003 is an unknown value
RDX=0x0000000000000001 is an unknown value
RSP=0x00007fe5802fbc10 points into unknown readable memory: 0x00007fe5995eaf90 | 90 af 5e 99 e5 7f 00 00
RBP=0x00007fe5802fbc40 points into unknown readable memory: 0x00007fe5802fbc90 | 90 bc 2f 80 e5 7f 00 00
RSI=0x00007fe5813f7d18 points into unknown readable memory: 0x0240011148010001 | 01 00 01 48 11 01 40 02
RDI=0x000000031b2b5378 is an unknown value
R8 =0x00000000001fefa3 is an unknown value
R9 =0x00007fe5995b7870: <offset 0x00000000011b7870> in /home/elonmusk/Downloads/android-studio/jbr/lib/server/libjvm.so at 0x00007fe598400000
R10=0x00007fe594069970 points into unknown readable memory: 0x00007fe599598e18 | 18 8e 59 99 e5 7f 00 00
R11=0x0000000000000206 is an unknown value
R12=0x00007fe594069960 points into unknown readable memory: 0x00007fe594072440 | 40 24 07 94 e5 7f 00 00
R13=0x0 is null
R14=0x00000000ffdf4700 is pointing into object: [B 
{0x00000000ffdf46f0} - klass: {type array byte}
 - length: 32
R15=0x00007fe5995ea368: <offset 0x00000000011ea368> in /home/elonmusk/Downloads/android-studio/jbr/lib/server/libjvm.so at 0x00007fe598400000

Top of Stack: (sp=0x00007fe5802fbc10)
0x00007fe5802fbc10:   00007fe5995eaf90 00007fe5802fdcd8
0x00007fe5802fbc20:   00007fe594174c70 0000000100047648
0x00007fe5802fbc30:   00000000cd7ac510 0000000000000002
0x00007fe5802fbc40:   00007fe5802fbc90 00007fe598d82752
0x00007fe5802fbc50:   00007fe5802fbc90 00000000cd7ac510
0x00007fe5802fbc60:   00000001000473d0 00007fe5940745d0
0x00007fe5802fbc70:   00000001000473d0 0000000000000040
0x00007fe5802fbc80:   0000000000000004 00000000cd7ac510
0x00007fe5802fbc90:   00007fe5802fbcd0 00007fe598da1115
0x00007fe5802fbca0:   00007fe5940745d8 00007fe5940745d0
0x00007fe5802fbcb0:   00007fe5940745d0 00007fe5803feb88
0x00007fe5802fbcc0:   000000000000000a 00007fe594074708
0x00007fe5802fbcd0:   00007fe5802fdd70 00007fe598da6c2d
0x00007fe5802fbce0:   0000000000000000 0000000000000000
0x00007fe5802fbcf0:   0000000000000000 0000000000000000
0x00007fe5802fbd00:   0000000000000000 0000000000000000
0x00007fe5802fbd10:   0000000000000000 0000000000000000
0x00007fe5802fbd20:   0000000000000000 0000000000000000
0x00007fe5802fbd30:   0000000000000000 0000000000000000
0x00007fe5802fbd40:   0000000000000000 0000000000000000
0x00007fe5802fbd50:   0000000000000000 0000000000000000
0x00007fe5802fbd60:   0000000000000000 0000000000000000
0x00007fe5802fbd70:   0000000000000000 0000000000000000
0x00007fe5802fbd80:   0000000000000000 0000000000000000
0x00007fe5802fbd90:   0000000000000000 0000000000000000
0x00007fe5802fbda0:   0000000000000000 0000000000000000
0x00007fe5802fbdb0:   0000000000000000 0000000000000000
0x00007fe5802fbdc0:   0000000000000000 0000000000000000
0x00007fe5802fbdd0:   0000000000000000 0000000000000000
0x00007fe5802fbde0:   0000000000000000 0000000000000000
0x00007fe5802fbdf0:   0000000000000000 0000000000000000
0x00007fe5802fbe00:   0000000000000000 0000000000000000 

Instructions: (pc=0x00007fe598d820c4)
0x00007fe598d81fc4:   83 b8 00 00 00 8b 16 48 8d 05 9e 52 83 00 0f b6
0x00007fe598d81fd4:   48 08 49 89 d6 49 d3 e6 48 85 d2 0f 84 d8 02 00
0x00007fe598d81fe4:   00 4c 03 30 0f 84 cf 02 00 00 4c 8b 63 20 44 8b
0x00007fe598d81ff4:   6b 10 49 8b 44 24 08 48 8b 90 f8 01 00 00 48 8b
0x00007fe598d82004:   b0 10 02 00 00 0f b6 88 18 02 00 00 48 d3 e6 4c
0x00007fe598d82014:   89 f0 48 29 f0 4c 8d 3d 48 83 86 00 41 0f b6 0f
0x00007fe598d82024:   48 d3 e8 89 c0 48 8b 04 c2 48 8b 40 68 4c 39 f0
0x00007fe598d82034:   0f 86 83 02 00 00 49 8d 7c 24 10 49 8b 44 24 10
0x00007fe598d82044:   4c 89 f6 ff 10 4c 89 f0 49 2b 44 24 18 48 c1 e8
0x00007fe598d82054:   03 41 0f b6 4c 24 28 48 d3 e8 49 8b 7c 24 30 49
0x00007fe598d82064:   89 c0 ba 01 00 00 00 89 c1 48 d3 e2 49 c1 e8 06
0x00007fe598d82074:   4a 8d 34 c7 4a 8b 0c c7 0f 1f 40 00 48 89 cf 48
0x00007fe598d82084:   09 d7 48 39 cf 0f 84 2e 02 00 00 48 89 c8 f0 48
0x00007fe598d82094:   0f b1 3e 48 39 c8 48 89 c1 75 e1 4c 8d 0d ca 57
0x00007fe598d820a4:   83 00 41 0f b6 11 80 fa 01 75 58 41 8b 7e 08 48
0x00007fe598d820b4:   8d 05 c6 51 83 00 0f b6 48 08 48 d3 e7 48 03 38
0x00007fe598d820c4:   8b 47 08 85 c0 7f 47 85 c0 79 4c 80 f2 01 0f b6
0x00007fe598d820d4:   ca 49 63 54 8e 0c 89 c1 48 d3 e2 c1 e8 10 0f b6
0x00007fe598d820e4:   c0 48 01 d0 48 8d 0d 69 55 83 00 48 63 09 48 8d
0x00007fe598d820f4:   14 01 48 ff ca f7 d9 48 63 c1 48 21 d0 48 c1 e8
0x00007fe598d82104:   03 eb 27 49 8b 7e 08 8b 47 08 85 c0 7e b9 a8 01
0x00007fe598d82114:   75 05 c1 e8 03 eb 13 48 8b 07 4c 89 f6 ff 90 00
0x00007fe598d82124:   01 00 00 4c 8d 0d 42 57 83 00 49 8b 8c 24 b8 02
0x00007fe598d82134:   00 00 4a 8b 14 e9 48 8b 4a 18 48 8b b9 10 02 00
0x00007fe598d82144:   00 0f b6 89 18 02 00 00 48 d3 e7 4c 89 f6 48 29
0x00007fe598d82154:   fe 41 0f b6 0f 48 d3 ee 48 8b 7a 40 44 8b 42 60
0x00007fe598d82164:   41 21 f0 49 c1 e0 04 4a 8d 0c 07 42 8b 3c 07 41
0x00007fe598d82174:   b8 18 00 00 00 39 f7 74 26 4c 8b 41 08 4d 85 c0
0x00007fe598d82184:   74 0d 48 c1 e7 03 48 03 7a 38 f0 4c 0f c1 07 48
0x00007fe598d82194:   c7 41 08 00 00 00 00 89 31 41 b8 20 00 00 00 4a
0x00007fe598d821a4:   ff 44 02 38 48 01 41 08 48 8b 43 20 48 8b 80 a0
0x00007fe598d821b4:   02 00 00 48 8b 8b 90 00 00 00 48 85 c9 74 1e 4c 


Stack slot to memory mapping:

stack at sp + 0 slots: 0x00007fe5995eaf90: <offset 0x00000000011eaf90> in /home/elonmusk/Downloads/android-studio/jbr/lib/server/libjvm.so at 0x00007fe598400000
stack at sp + 1 slots: 0x00007fe5802fdcd8 points into unknown readable memory: 0x00007fe599598b78 | 78 8b 59 99 e5 7f 00 00
stack at sp + 2 slots: 0x00007fe594174c70 points into unknown readable memory: 0x00007fe5995a97e0 | e0 97 5a 99 e5 7f 00 00
stack at sp + 3 slots: 0x0000000100047648 is a pointer to class: 
java.lang.ref.FinalReference {0x0000000100047648}
 - instance size:     4
 - klass size:        79
 - access:            synchronized 
 - flags:             rewritten has_nonstatic_fields 
 - state:             fully_initialized
 - name:              'java/lang/ref/FinalReference'
 - super:             'java/lang/ref/Reference'
 - sub:               'java/lang/ref/Finalizer'   
 - arrays:            null
 - methods:           Array<T>(0x00007fe560043258)
 - method ordering:   Array<T>(0x00007fe560000018)
 - local interfaces:  Array<T>(0x00007fe560000058)
 - trans. interfaces: Array<T>(0x00007fe560000058)
 - secondary supers: Array<T>(0x00007fe560000048)
 - hash_slot:         13
 - bitmap:            0x0000000000000000
 - constants:         constant pool [50] {0x00007fe560043058} for 'java/lang/ref/FinalReference' cache=0x00007fe5601558c8
 - class loader data:  loader data: 0x00007fe5940dc700 of 'bootstrap'
 - generic signature: '<T:Ljava/lang/Object;>Ljava/lang/ref/Reference<TT;>;'
 - inner classes:     Array<T>(0x00007fe560000028)
 - nest members:     Array<T>(0x00007fe560000028)
 - permitted subclasses:     Array<T>(0x00007fe560043550)
 - java mirror:       a 'java/lang/Class'{0x00000000c0625370} = 'java/lang/ref/FinalReference'
 - vtable length      12  (start addr: 0x0000000100047848)
 - itable length      2 (start addr: 0x00000001000478a8)
 - ---- static fields (0 words):
 - ---- non-static fields (4 words):
 - private 'referent' 'Ljava/lang/Object;' @12 
 - volatile 'queue' 'Ljava/lang/ref/ReferenceQueue;' @16 
 - volatile 'next' 'Ljava/lang/ref/Reference;' @20 
 - private transient 'discovered' 'Ljava/lang/ref/Reference;' @24 
 - non-static oop maps: 16-20 
stack at sp + 4 slots: 0x00000000cd7ac510 is an oop: java.lang.ref.WeakReference 
{0x00000000cd7ac510} - klass: 'java/lang/ref/WeakReference'
 - ---- fields (total size 4 words):
 - private 'referent' 'Ljava/lang/Object;' @12  
[error occurred during error reporting (inspecting top of stack), id 0xb, SIGSEGV (0xb) at pc=0x00007fe599254584]
stack at sp + 5 slots: 0x0000000000000002 is an unknown value
stack at sp + 6 slots: 0x00007fe5802fbc90 points into unknown readable memory: 0x00007fe5802fbcd0 | d0 bc 2f 80 e5 7f 00 00
stack at sp + 7 slots: 0x00007fe598d82752: <offset 0x0000000000982752> in /home/elonmusk/Downloads/android-studio/jbr/lib/server/libjvm.so at 0x00007fe598400000


---------------  P R O C E S S  ---------------

Threads class SMR info:
_java_thread_list=0x00007fe574061660, length=98, elements={
0x00007fe59402de00, 0x00007fe5941ad150, 0x00007fe5941c1550, 0x00007fe5941c25d0,
0x00007fe5941c3e50, 0x00007fe5941c5490, 0x00007fe5941ceca0, 0x00007fe5941d01c0,
0x00007fe5941d1870, 0x00007fe5942df1e0, 0x00007fe595457620, 0x00007fe5954c9970,
0x00007fe524123330, 0x00007fe59433c3b0, 0x00007fe520004b20, 0x00007fe520007ff0,
0x00007fe52000c1b0, 0x00007fe510002700, 0x00007fe5100104e0, 0x00007fe510012440,
0x00007fe5102e30d0, 0x00007fe5102ec830, 0x00007fe5102fdd90, 0x00007fe510958c70,
0x00007fe51095fd30, 0x00007fe510a5bad0, 0x00007fe510a680e0, 0x00007fe5103db750,
0x00007fe5101613e0, 0x00007fe510b34f20, 0x00007fe510bb0aa0, 0x00007fe510c9b2f0,
0x00007fe510caf330, 0x00007fe51106f020, 0x00007fe51106fcf0, 0x00007fe51165d3d0,
0x00007fe51165ebe0, 0x00007fe51165fba0, 0x00007fe511664be0, 0x00007fe511665df0,
0x00007fe51166a020, 0x00007fe511680840, 0x00007fe511681550, 0x00007fe511682500,
0x00007fe5103cde80, 0x00007fe5103d1f70, 0x00007fe5103d2f70, 0x00007fe510d15f00,
0x00007fe510d13b60, 0x00007fe510d14e60, 0x00007fe511901270, 0x00007fe511902770,
0x00007fe511903c10, 0x00007fe511906f90, 0x00007fe511907c90, 0x00007fe510eb6300,
0x00007fe511fd5520, 0x00007fe512544d10, 0x00007fe512340b10, 0x00007fe5134caea0,
0x00007fe5134cc6f0, 0x00007fe5132f59d0, 0x00007fe5000e0540, 0x00007fe5000e1110,
0x00007fe5000e24a0, 0x00007fe4fc1bf7b0, 0x00007fe4fc19b780, 0x00007fe4fc19c460,
0x00007fe4fc086630, 0x00007fe4fc099b80, 0x00007fe4fc087fb0, 0x00007fe4fc08b740,
0x00007fe4fc197cf0, 0x00007fe4fc199300, 0x00007fe4fc0658b0, 0x00007fe4fc194c40,
0x00007fe4fc02f6a0, 0x00007fe4fc034370, 0x00007fe4fc035390, 0x00007fe4fc036cf0,
0x00007fe4fc037eb0, 0x00007fe4fc0392e0, 0x00007fe4fc03aef0, 0x00007fe4fc03bb70,
0x00007fe4fc03e6f0, 0x00007fe59552efe0, 0x00007fe595537c30, 0x00007fe595552800,
0x00007fe595554df0, 0x00007fe4fc2c4540, 0x00007fe59555c840, 0x00007fe5002a37b0,
0x00007fe5240f8730, 0x00007fe51c034f10, 0x00007fe5001242d0, 0x00007fe5007781e0,
0x00007fe5007791b0, 0x00007fe500659960
}

Java Threads: ( => current thread )
  0x00007fe59402de00 JavaThread "main"                              [_thread_blocked, id=80483, stack(0x00007fe59820a000,0x00007fe59830a000) (1024K)]
  0x00007fe5941ad150 JavaThread "Common-Cleaner"             daemon [_thread_blocked, id=80492, stack(0x00007fe571300000,0x00007fe571400000) (1024K)]
  0x00007fe5941c1550 JavaThread "Reference Handler"          daemon [_thread_blocked, id=80493, stack(0x00007fe5711ff000,0x00007fe5712ff000) (1024K)]
  0x00007fe5941c25d0 JavaThread "Finalizer"                  daemon [_thread_blocked, id=80494, stack(0x00007fe5710fe000,0x00007fe5711fe000) (1024K)]
  0x00007fe5941c3e50 JavaThread "Signal Dispatcher"          daemon [_thread_blocked, id=80495, stack(0x00007fe570ffd000,0x00007fe5710fd000) (1024K)]
  0x00007fe5941c5490 JavaThread "Service Thread"             daemon [_thread_blocked, id=80496, stack(0x00007fe570efc000,0x00007fe570ffc000) (1024K)]
  0x00007fe5941ceca0 JavaThread "Monitor Deflation Thread"   daemon [_thread_blocked, id=80497, stack(0x00007fe570dfb000,0x00007fe570efb000) (1024K)]
  0x00007fe5941d01c0 JavaThread "C2 CompilerThread0"         daemon [_thread_blocked, id=80498, stack(0x00007fe570cfa000,0x00007fe570dfa000) (1024K)]
  0x00007fe5941d1870 JavaThread "C1 CompilerThread0"         daemon [_thread_blocked, id=80499, stack(0x00007fe570bf9000,0x00007fe570cf9000) (1024K)]
  0x00007fe5942df1e0 JavaThread "Notification Thread"        daemon [_thread_blocked, id=80508, stack(0x00007fe570af8000,0x00007fe570bf8000) (1024K)]
  0x00007fe595457620 JavaThread "Daemon health stats"               [_thread_blocked, id=80590, stack(0x00007fe570300000,0x00007fe570400000) (1024K)]
  0x00007fe5954c9970 JavaThread "Incoming local TCP Connector on port 44767"        [_thread_in_native, id=80600, stack(0x00007fe5706f4000,0x00007fe5707f4000) (1024K)]
  0x00007fe524123330 JavaThread "Daemon"                            [_thread_blocked, id=80601, stack(0x00007fe5701ff000,0x00007fe5702ff000) (1024K)]
  0x00007fe59433c3b0 JavaThread "Daemon periodic checks"            [_thread_blocked, id=80602, stack(0x00007fe5700fe000,0x00007fe5701fe000) (1024K)]
  0x00007fe520004b20 JavaThread "Handler for socket connection from /127.0.0.1:44767 to /127.0.0.1:44904"        [_thread_in_native, id=80603, stack(0x00007fe52ff00000,0x00007fe530000000) (1024K)]
  0x00007fe520007ff0 JavaThread "Cancel handler"                    [_thread_blocked, id=80604, stack(0x00007fe52fb00000,0x00007fe52fc00000) (1024K)]
  0x00007fe52000c1b0 JavaThread "Daemon worker"                     [_thread_blocked, id=80605, stack(0x00007fe52f700000,0x00007fe52f800000) (1024K)]
  0x00007fe510002700 JavaThread "Asynchronous log dispatcher for DefaultDaemonConnection: socket connection from /127.0.0.1:44767 to /127.0.0.1:44904"        [_thread_blocked, id=80606, stack(0x00007fe52f5ff000,0x00007fe52f6ff000) (1024K)]
  0x00007fe5100104e0 JavaThread "Stdin handler"                     [_thread_blocked, id=80607, stack(0x00007fe52f4fe000,0x00007fe52f5fe000) (1024K)]
  0x00007fe510012440 JavaThread "Daemon client event forwarder"        [_thread_blocked, id=80608, stack(0x00007fe52f3fd000,0x00007fe52f4fd000) (1024K)]
  0x00007fe5102e30d0 JavaThread "Cache worker for journal cache (/home/elonmusk/.gradle/caches/journal-1)"        [_thread_blocked, id=80634, stack(0x00007fe52f2fc000,0x00007fe52f3fc000) (1024K)]
  0x00007fe5102ec830 JavaThread "File lock request listener"        [_thread_in_native, id=80635, stack(0x00007fe52f1fb000,0x00007fe52f2fb000) (1024K)]
  0x00007fe5102fdd90 JavaThread "Cache worker for file hash cache (/home/elonmusk/.gradle/caches/8.10.2/fileHashes)"        [_thread_blocked, id=80636, stack(0x00007fe52f0fa000,0x00007fe52f1fa000) (1024K)]
  0x00007fe510958c70 JavaThread "Cache worker for file hash cache (/home/elonmusk/AndroidStudioProjects/POS/.gradle/8.10.2/fileHashes)"        [_thread_blocked, id=80682, stack(0x00007fe52eef8000,0x00007fe52eff8000) (1024K)]
  0x00007fe51095fd30 JavaThread "Cache worker for Build Output Cleanup Cache (/home/elonmusk/AndroidStudioProjects/POS/.gradle/buildOutputCleanup)"        [_thread_blocked, id=80683, stack(0x00007fe52edf7000,0x00007fe52eef7000) (1024K)]
  0x00007fe510a5bad0 JavaThread "File watcher server"        daemon [_thread_in_Java, id=80692, stack(0x00007fe52ecf6000,0x00007fe52edf6000) (1024K)]
  0x00007fe510a680e0 JavaThread "File watcher consumer"      daemon [_thread_blocked, id=80693, stack(0x00007fe52ebf5000,0x00007fe52ecf5000) (1024K)]
  0x00007fe5103db750 JavaThread "Cache worker for checksums cache (/home/elonmusk/AndroidStudioProjects/POS/.gradle/8.10.2/checksums)"        [_thread_blocked, id=80710, stack(0x00007fe52eaf4000,0x00007fe52ebf4000) (1024K)]
  0x00007fe5101613e0 JavaThread "Cache worker for file content cache (/home/elonmusk/.gradle/caches/8.10.2/fileContent)"        [_thread_blocked, id=80711, stack(0x00007fe52e9f3000,0x00007fe52eaf3000) (1024K)]
  0x00007fe510b34f20 JavaThread "Cache worker for cache directory md-rule (/home/elonmusk/.gradle/caches/8.10.2/md-rule)"        [_thread_blocked, id=80712, stack(0x00007fe52eff9000,0x00007fe52f0f9000) (1024K)]
  0x00007fe510bb0aa0 JavaThread "Cache worker for cache directory md-supplier (/home/elonmusk/.gradle/caches/8.10.2/md-supplier)"        [_thread_blocked, id=80721, stack(0x00007fe52e8f2000,0x00007fe52e9f2000) (1024K)]
  0x00007fe510c9b2f0 JavaThread "jar transforms"                    [_thread_blocked, id=80730, stack(0x00007fe52e7f1000,0x00007fe52e8f1000) (1024K)]
  0x00007fe510caf330 JavaThread "jar transforms Thread 2"           [_thread_blocked, id=80731, stack(0x00007fe52e6f0000,0x00007fe52e7f0000) (1024K)]
  0x00007fe51106f020 JavaThread "jar transforms Thread 3"           [_thread_blocked, id=80766, stack(0x00007fe52e4ee000,0x00007fe52e5ee000) (1024K)]
  0x00007fe51106fcf0 JavaThread "jar transforms Thread 4"           [_thread_blocked, id=80767, stack(0x00007fe52e3ed000,0x00007fe52e4ed000) (1024K)]
  0x00007fe51165d3d0 JavaThread "Unconstrained build operations"        [_thread_blocked, id=80800, stack(0x00007fe52e2ec000,0x00007fe52e3ec000) (1024K)]
  0x00007fe51165ebe0 JavaThread "Unconstrained build operations Thread 2"        [_thread_blocked, id=80801, stack(0x00007fe52e1eb000,0x00007fe52e2eb000) (1024K)]
  0x00007fe51165fba0 JavaThread "Unconstrained build operations Thread 3"        [_thread_blocked, id=80802, stack(0x00007fe52e0ea000,0x00007fe52e1ea000) (1024K)]
  0x00007fe511664be0 JavaThread "Unconstrained build operations Thread 4"        [_thread_blocked, id=80811, stack(0x00007fe52dfe9000,0x00007fe52e0e9000) (1024K)]
  0x00007fe511665df0 JavaThread "Unconstrained build operations Thread 5"        [_thread_blocked, id=80812, stack(0x00007fe52dee8000,0x00007fe52dfe8000) (1024K)]
  0x00007fe51166a020 JavaThread "Unconstrained build operations Thread 6"        [_thread_blocked, id=80813, stack(0x00007fe52dde7000,0x00007fe52dee7000) (1024K)]
  0x00007fe511680840 JavaThread "Unconstrained build operations Thread 7"        [_thread_blocked, id=80838, stack(0x00007fe52e5ef000,0x00007fe52e6ef000) (1024K)]
  0x00007fe511681550 JavaThread "Unconstrained build operations Thread 8"        [_thread_blocked, id=80839, stack(0x00007fe52dce6000,0x00007fe52dde6000) (1024K)]
  0x00007fe511682500 JavaThread "Unconstrained build operations Thread 9"        [_thread_blocked, id=80840, stack(0x00007fe52dbe5000,0x00007fe52dce5000) (1024K)]
  0x00007fe5103cde80 JavaThread "Unconstrained build operations Thread 10"        [_thread_blocked, id=80859, stack(0x00007fe52d9e3000,0x00007fe52dae3000) (1024K)]
  0x00007fe5103d1f70 JavaThread "Unconstrained build operations Thread 11"        [_thread_blocked, id=80868, stack(0x00007fe52d8e2000,0x00007fe52d9e2000) (1024K)]
  0x00007fe5103d2f70 JavaThread "Unconstrained build operations Thread 12"        [_thread_blocked, id=80869, stack(0x00007fe52dae4000,0x00007fe52dbe4000) (1024K)]
  0x00007fe510d15f00 JavaThread "Unconstrained build operations Thread 13"        [_thread_blocked, id=80938, stack(0x00007fe52d7e1000,0x00007fe52d8e1000) (1024K)]
  0x00007fe510d13b60 JavaThread "Unconstrained build operations Thread 14"        [_thread_blocked, id=80939, stack(0x00007fe52d6e0000,0x00007fe52d7e0000) (1024K)]
  0x00007fe510d14e60 JavaThread "Unconstrained build operations Thread 15"        [_thread_blocked, id=80940, stack(0x00007fe52d5df000,0x00007fe52d6df000) (1024K)]
  0x00007fe511901270 JavaThread "Unconstrained build operations Thread 16"        [_thread_blocked, id=80941, stack(0x00007fe52d4de000,0x00007fe52d5de000) (1024K)]
  0x00007fe511902770 JavaThread "Unconstrained build operations Thread 17"        [_thread_blocked, id=80942, stack(0x00007fe52d3dd000,0x00007fe52d4dd000) (1024K)]
  0x00007fe511903c10 JavaThread "Unconstrained build operations Thread 18"        [_thread_blocked, id=80943, stack(0x00007fe52d2dc000,0x00007fe52d3dc000) (1024K)]
  0x00007fe511906f90 JavaThread "Unconstrained build operations Thread 19"        [_thread_blocked, id=80960, stack(0x00007fe52d1db000,0x00007fe52d2db000) (1024K)]
  0x00007fe511907c90 JavaThread "Unconstrained build operations Thread 20"        [_thread_blocked, id=80961, stack(0x00007fe52d0da000,0x00007fe52d1da000) (1024K)]
  0x00007fe510eb6300 JavaThread "Unconstrained build operations Thread 21"        [_thread_blocked, id=80962, stack(0x00007fe52cfd9000,0x00007fe52d0d9000) (1024K)]
  0x00007fe511fd5520 JavaThread "build event listener"              [_thread_blocked, id=81234, stack(0x00007fe52cdd7000,0x00007fe52ced7000) (1024K)]
  0x00007fe512544d10 JavaThread "build event listener"              [_thread_blocked, id=81295, stack(0x00007fe52ced8000,0x00007fe52cfd8000) (1024K)]
  0x00007fe512340b10 JavaThread "Memory manager"                    [_thread_blocked, id=81315, stack(0x00007fe52cbd5000,0x00007fe52ccd5000) (1024K)]
  0x00007fe5134caea0 JavaThread "pool-3-thread-1"                   [_thread_blocked, id=81593, stack(0x00007fe52cad4000,0x00007fe52cbd4000) (1024K)]
  0x00007fe5134cc6f0 JavaThread "build event listener"              [_thread_blocked, id=81594, stack(0x00007fe52c9d3000,0x00007fe52cad3000) (1024K)]
  0x00007fe5132f59d0 JavaThread "included builds"                   [_thread_blocked, id=81595, stack(0x00007fe52c8d2000,0x00007fe52c9d2000) (1024K)]
  0x00007fe5000e0540 JavaThread "Execution worker"                  [_thread_blocked, id=81596, stack(0x00007fe52c7d1000,0x00007fe52c8d1000) (1024K)]
  0x00007fe5000e1110 JavaThread "Execution worker Thread 2"         [_thread_blocked, id=81597, stack(0x00007fe52c6d0000,0x00007fe52c7d0000) (1024K)]
  0x00007fe5000e24a0 JavaThread "Execution worker Thread 3"         [_thread_blocked, id=81598, stack(0x00007fe52c5cf000,0x00007fe52c6cf000) (1024K)]
  0x00007fe4fc1bf7b0 JavaThread "Cache worker for execution history cache (/home/elonmusk/AndroidStudioProjects/POS/.gradle/8.10.2/executionHistory)"        [_thread_blocked, id=81599, stack(0x00007fe52c4ce000,0x00007fe52c5ce000) (1024K)]
  0x00007fe4fc19b780 JavaThread "Unconstrained build operations Thread 22"        [_thread_blocked, id=81634, stack(0x00007fe52c3cd000,0x00007fe52c4cd000) (1024K)]
  0x00007fe4fc19c460 JavaThread "Unconstrained build operations Thread 23"        [_thread_blocked, id=81635, stack(0x00007fe52c2cc000,0x00007fe52c3cc000) (1024K)]
  0x00007fe4fc086630 JavaThread "Unconstrained build operations Thread 24"        [_thread_blocked, id=81636, stack(0x00007fe52c1cb000,0x00007fe52c2cb000) (1024K)]
  0x00007fe4fc099b80 JavaThread "Unconstrained build operations Thread 25"        [_thread_blocked, id=81853, stack(0x00007fe52ccd6000,0x00007fe52cdd6000) (1024K)]
  0x00007fe4fc087fb0 JavaThread "Unconstrained build operations Thread 26"        [_thread_blocked, id=81855, stack(0x00007fe4f7f00000,0x00007fe4f8000000) (1024K)]
  0x00007fe4fc08b740 JavaThread "Unconstrained build operations Thread 27"        [_thread_blocked, id=81856, stack(0x00007fe4f7dff000,0x00007fe4f7eff000) (1024K)]
  0x00007fe4fc197cf0 JavaThread "Unconstrained build operations Thread 28"        [_thread_blocked, id=81874, stack(0x00007fe4f7cfe000,0x00007fe4f7dfe000) (1024K)]
  0x00007fe4fc199300 JavaThread "Unconstrained build operations Thread 29"        [_thread_blocked, id=81875, stack(0x00007fe4f7bfd000,0x00007fe4f7cfd000) (1024K)]
  0x00007fe4fc0658b0 JavaThread "Unconstrained build operations Thread 30"        [_thread_blocked, id=81876, stack(0x00007fe4f7afc000,0x00007fe4f7bfc000) (1024K)]
  0x00007fe4fc194c40 JavaThread "Unconstrained build operations Thread 31"        [_thread_blocked, id=81885, stack(0x00007fe4f79fb000,0x00007fe4f7afb000) (1024K)]
  0x00007fe4fc02f6a0 JavaThread "Unconstrained build operations Thread 32"        [_thread_blocked, id=81886, stack(0x00007fe4f78fa000,0x00007fe4f79fa000) (1024K)]
  0x00007fe4fc034370 JavaThread "Unconstrained build operations Thread 33"        [_thread_blocked, id=81887, stack(0x00007fe4f77f9000,0x00007fe4f78f9000) (1024K)]
  0x00007fe4fc035390 JavaThread "Unconstrained build operations Thread 34"        [_thread_blocked, id=81888, stack(0x00007fe4f76f8000,0x00007fe4f77f8000) (1024K)]
  0x00007fe4fc036cf0 JavaThread "Unconstrained build operations Thread 35"        [_thread_blocked, id=81897, stack(0x00007fe4f75f7000,0x00007fe4f76f7000) (1024K)]
  0x00007fe4fc037eb0 JavaThread "Unconstrained build operations Thread 36"        [_thread_blocked, id=81898, stack(0x00007fe4f74f6000,0x00007fe4f75f6000) (1024K)]
  0x00007fe4fc0392e0 JavaThread "Unconstrained build operations Thread 37"        [_thread_blocked, id=81899, stack(0x00007fe4f73f5000,0x00007fe4f74f5000) (1024K)]
  0x00007fe4fc03aef0 JavaThread "Unconstrained build operations Thread 38"        [_thread_blocked, id=81900, stack(0x00007fe4f72f4000,0x00007fe4f73f4000) (1024K)]
  0x00007fe4fc03bb70 JavaThread "Unconstrained build operations Thread 39"        [_thread_blocked, id=81901, stack(0x00007fe4f71f3000,0x00007fe4f72f3000) (1024K)]
  0x00007fe4fc03e6f0 JavaThread "Unconstrained build operations Thread 40"        [_thread_blocked, id=81902, stack(0x00007fe4f70f2000,0x00007fe4f71f2000) (1024K)]
  0x00007fe59552efe0 JavaThread "RMI Scheduler(0)"           daemon [_thread_blocked, id=82690, stack(0x00007fe4f6ff1000,0x00007fe4f70f1000) (1024K)]
  0x00007fe595537c30 JavaThread "RMI GC Daemon"              daemon [_thread_blocked, id=82692, stack(0x00007fe4f6def000,0x00007fe4f6eef000) (1024K)]
  0x00007fe595552800 JavaThread "RMI TCP Accept-0"           daemon [_thread_in_native, id=82735, stack(0x00007fe4f6cee000,0x00007fe4f6dee000) (1024K)]
  0x00007fe595554df0 JavaThread "RMI Reaper"                        [_thread_blocked, id=82736, stack(0x00007fe4f6bed000,0x00007fe4f6ced000) (1024K)]
  0x00007fe4fc2c4540 JavaThread "WorkerExecutor Queue Thread 2"        [_thread_in_Java, id=86554, stack(0x00007fe4f69eb000,0x00007fe4f6aeb000) (1024K)]
  0x00007fe59555c840 JavaThread "WorkerExecutor Queue Thread 3"        [_thread_in_Java, id=86587, stack(0x00007fe4f6ef0000,0x00007fe4f6ff0000) (1024K)]
  0x00007fe5002a37b0 JavaThread "WorkerExecutor Queue Thread 4"        [_thread_in_Java, id=86736, stack(0x00007fe4f653d000,0x00007fe4f663d000) (1024K)]
  0x00007fe5240f8730 JavaThread "RMI RenewClean-[127.0.0.1:17911,org.jetbrains.kotlin.daemon.common.LoopbackNetworkInterface$ClientLoopbackSocketFactory@40d0dd51]" daemon [_thread_blocked, id=86751, stack(0x00007fe4f1f00000,0x00007fe4f2000000) (1024K)]
  0x00007fe51c034f10 JavaThread "WorkerExecutor Queue Thread 6"        [_thread_in_Java, id=87722, stack(0x00007fe4f1dff000,0x00007fe4f1eff000) (1024K)]
  0x00007fe5001242d0 JavaThread "Cache worker for Java compile cache (/home/elonmusk/.gradle/caches/8.10.2/javaCompile)"        [_thread_blocked, id=95558, stack(0x00007fe4f623a000,0x00007fe4f633a000) (1024K)]
  0x00007fe5007781e0 JavaThread "Build operations"                  [_thread_blocked, id=96398, stack(0x00007fe4f6139000,0x00007fe4f6239000) (1024K)]
  0x00007fe5007791b0 JavaThread "Build operations Thread 2"         [_thread_blocked, id=96399, stack(0x00007fe52c0ca000,0x00007fe52c1ca000) (1024K)]
  0x00007fe500659960 JavaThread "Build operations Thread 3"         [_thread_blocked, id=96400, stack(0x00007fe4f643c000,0x00007fe4f653c000) (1024K)]
Total: 98

Other Threads:
  0x00007fe5940ee0a0 VMThread "VM Thread"                           [id=80491, stack(0x00007fe5717e0000,0x00007fe5718e0000) (1024K)]
  0x00007fe5940e2cc0 WatcherThread "VM Periodic Task Thread"        [id=80489, stack(0x00007fe5718e1000,0x00007fe5719e1000) (1024K)]
  0x00007fe594068e50 WorkerThread "GC Thread#0"                     [id=80484, stack(0x00007fe5818fc000,0x00007fe5819fc000) (1024K)]
  0x00007fe558006870 WorkerThread "GC Thread#1"                     [id=80518, stack(0x00007fe5708f6000,0x00007fe5709f6000) (1024K)]
  0x00007fe55800ba50 WorkerThread "GC Thread#2"                     [id=80519, stack(0x00007fe5707f5000,0x00007fe5708f5000) (1024K)]
  0x00007fe55800aca0 WorkerThread "GC Thread#3"                     [id=80545, stack(0x00007fe5709f7000,0x00007fe570af7000) (1024K)]
  0x00007fe594072440 ConcurrentGCThread "G1 Main Marker"            [id=80485, stack(0x00007fe580300000,0x00007fe580400000) (1024K)]
=>0x00007fe5940733e0 WorkerThread "G1 Conc#0"                       [id=80486, stack(0x00007fe5801ff000,0x00007fe5802ff000) (1024K)]
  0x00007fe5940d2fe0 ConcurrentGCThread "G1 Refine#0"               [id=80487, stack(0x00007fe571bfd000,0x00007fe571cfd000) (1024K)]
  0x00007fe56c93f9e0 ConcurrentGCThread "G1 Refine#1"               [id=83596, stack(0x00007fe4f6aec000,0x00007fe4f6bec000) (1024K)]
  0x00007fe56c017760 ConcurrentGCThread "G1 Refine#2"               [id=86802, stack(0x00007fe4f6038000,0x00007fe4f6138000) (1024K)]
  0x00007fe56c205a70 ConcurrentGCThread "G1 Refine#3"               [id=86804, stack(0x00007fe4f1cfe000,0x00007fe4f1dfe000) (1024K)]
  0x00007fe5940d3f90 ConcurrentGCThread "G1 Service"                [id=80488, stack(0x00007fe571afc000,0x00007fe571bfc000) (1024K)]
Total: 13

Threads with active compile tasks:
Total: 0

VM state: not at safepoint (normal execution)

VM Mutex/Monitor currently owned by a thread: None

Heap address: 0x00000000c0000000, size: 1024 MB, Compressed Oops mode: 32-bit

CDS archive(s) not mapped
Compressed class space mapped at: 0x0000000100000000-0x0000000140000000, reserved size: 1073741824
Narrow klass base: 0x0000000000000000, Narrow klass shift: 3, Narrow klass range: 0x140000000

GC Precious Log:
 CardTable entry size: 512
 Card Set container configuration: InlinePtr #cards 5 size 8 Array Of Cards #cards 12 size 40 Howl #buckets 4 coarsen threshold 1843 Howl Bitmap #cards 512 size 80 coarsen threshold 460 Card regions per heap region 1 cards per card region 2048
 CPUs: 4 total, 4 available
 Memory: 5400M
 Large Page Support: Disabled
 NUMA Support: Disabled
 Compressed Oops: Enabled (32-bit)
 Heap Region Size: 1M
 Heap Min Capacity: 8M
 Heap Initial Capacity: 86M
 Heap Max Capacity: 1G
 Pre-touch: Disabled
 Parallel Workers: 4
 Concurrent Workers: 1
 Concurrent Refinement Workers: 4
 Periodic GC: Disabled

Heap:
 garbage-first heap   total 1048576K, used 871916K [0x00000000c0000000, 0x0000000100000000)
  region size 1024K, 25 young (25600K), 7 survivors (7168K)
 Metaspace       used 177293K, committed 178560K, reserved 1245184K
  class space    used 23480K, committed 24064K, reserved 1048576K

Heap Regions: E=young(eden), S=young(survivor), O=old, HS=humongous(starts), HC=humongous(continues), CS=collection set, F=free, TAMS=top-at-mark-start, PB=parsable bottom
|   0|0x00000000c0000000, 0x00000000c0100000, 0x00000000c0100000|100%|HS|  |TAMS 0x00000000c0100000| PB 0x00000000c0000000| Complete 
|   1|0x00000000c0100000, 0x00000000c0200000, 0x00000000c0200000|100%|HC|  |TAMS 0x00000000c0200000| PB 0x00000000c0100000| Complete 
|   2|0x00000000c0200000, 0x00000000c0300000, 0x00000000c0300000|100%|HC|  |TAMS 0x00000000c0300000| PB 0x00000000c0200000| Complete 
|   3|0x00000000c0300000, 0x00000000c0400000, 0x00000000c0400000|100%|HC|  |TAMS 0x00000000c0400000| PB 0x00000000c0300000| Complete 
|   4|0x00000000c0400000, 0x00000000c0500000, 0x00000000c0500000|100%| O|  |TAMS 0x00000000c0500000| PB 0x00000000c0400000| Untracked 
|   5|0x00000000c0500000, 0x00000000c0600000, 0x00000000c0600000|100%| O|  |TAMS 0x00000000c0600000| PB 0x00000000c0500000| Untracked 
|   6|0x00000000c0600000, 0x00000000c0700000, 0x00000000c0700000|100%| O|  |TAMS 0x00000000c0700000| PB 0x00000000c0600000| Untracked 
|   7|0x00000000c0700000, 0x00000000c0800000, 0x00000000c0800000|100%|HS|  |TAMS 0x00000000c0800000| PB 0x00000000c0700000| Complete 
|   8|0x00000000c0800000, 0x00000000c0900000, 0x00000000c0900000|100%| O|  |TAMS 0x00000000c0900000| PB 0x00000000c0800000| Untracked 
|   9|0x00000000c0900000, 0x00000000c0a00000, 0x00000000c0a00000|100%| O|  |TAMS 0x00000000c0a00000| PB 0x00000000c0900000| Untracked 
|  10|0x00000000c0a00000, 0x00000000c0b00000, 0x00000000c0b00000|100%| O|  |TAMS 0x00000000c0b00000| PB 0x00000000c0a00000| Untracked 
|  11|0x00000000c0b00000, 0x00000000c0c00000, 0x00000000c0c00000|100%| O|  |TAMS 0x00000000c0c00000| PB 0x00000000c0b00000| Untracked 
|  12|0x00000000c0c00000, 0x00000000c0d00000, 0x00000000c0d00000|100%| O|  |TAMS 0x00000000c0d00000| PB 0x00000000c0c00000| Untracked 
|  13|0x00000000c0d00000, 0x00000000c0e00000, 0x00000000c0e00000|100%| O|  |TAMS 0x00000000c0e00000| PB 0x00000000c0d00000| Untracked 
|  14|0x00000000c0e00000, 0x00000000c0f00000, 0x00000000c0f00000|100%| O|  |TAMS 0x00000000c0f00000| PB 0x00000000c0e00000| Untracked 
|  15|0x00000000c0f00000, 0x00000000c1000000, 0x00000000c1000000|100%| O|  |TAMS 0x00000000c1000000| PB 0x00000000c0f00000| Untracked 
|  16|0x00000000c1000000, 0x00000000c1100000, 0x00000000c1100000|100%| O|  |TAMS 0x00000000c1100000| PB 0x00000000c1000000| Untracked 
|  17|0x00000000c1100000, 0x00000000c1200000, 0x00000000c1200000|100%| O|  |TAMS 0x00000000c1200000| PB 0x00000000c1100000| Untracked 
|  18|0x00000000c1200000, 0x00000000c1300000, 0x00000000c1300000|100%| O|  |TAMS 0x00000000c1300000| PB 0x00000000c1200000| Untracked 
|  19|0x00000000c1300000, 0x00000000c1400000, 0x00000000c1400000|100%| O|  |TAMS 0x00000000c1400000| PB 0x00000000c1300000| Untracked 
|  20|0x00000000c1400000, 0x00000000c1500000, 0x00000000c1500000|100%| O|  |TAMS 0x00000000c1500000| PB 0x00000000c1400000| Untracked 
|  21|0x00000000c1500000, 0x00000000c1600000, 0x00000000c1600000|100%| O|  |TAMS 0x00000000c1600000| PB 0x00000000c1500000| Untracked 
|  22|0x00000000c1600000, 0x00000000c1700000, 0x00000000c1700000|100%| O|  |TAMS 0x00000000c1700000| PB 0x00000000c1600000| Untracked 
|  23|0x00000000c1700000, 0x00000000c1800000, 0x00000000c1800000|100%| O|  |TAMS 0x00000000c1800000| PB 0x00000000c1700000| Untracked 
|  24|0x00000000c1800000, 0x00000000c1900000, 0x00000000c1900000|100%| O|  |TAMS 0x00000000c1900000| PB 0x00000000c1800000| Untracked 
|  25|0x00000000c1900000, 0x00000000c1a00000, 0x00000000c1a00000|100%| O|  |TAMS 0x00000000c1a00000| PB 0x00000000c1900000| Untracked 
|  26|0x00000000c1a00000, 0x00000000c1b00000, 0x00000000c1b00000|100%| O|  |TAMS 0x00000000c1b00000| PB 0x00000000c1a00000| Untracked 
|  27|0x00000000c1b00000, 0x00000000c1c00000, 0x00000000c1c00000|100%| O|  |TAMS 0x00000000c1c00000| PB 0x00000000c1b00000| Untracked 
|  28|0x00000000c1c00000, 0x00000000c1d00000, 0x00000000c1d00000|100%|HS|  |TAMS 0x00000000c1d00000| PB 0x00000000c1c00000| Complete 
|  29|0x00000000c1d00000, 0x00000000c1e00000, 0x00000000c1e00000|100%|HS|  |TAMS 0x00000000c1e00000| PB 0x00000000c1d00000| Complete 
|  30|0x00000000c1e00000, 0x00000000c1f00000, 0x00000000c1f00000|100%|HC|  |TAMS 0x00000000c1f00000| PB 0x00000000c1e00000| Complete 
|  31|0x00000000c1f00000, 0x00000000c2000000, 0x00000000c2000000|100%| O|  |TAMS 0x00000000c2000000| PB 0x00000000c1f00000| Untracked 
|  32|0x00000000c2000000, 0x00000000c2100000, 0x00000000c2100000|100%| O|  |TAMS 0x00000000c2100000| PB 0x00000000c2000000| Untracked 
|  33|0x00000000c2100000, 0x00000000c2200000, 0x00000000c2200000|100%| O|  |TAMS 0x00000000c2200000| PB 0x00000000c2100000| Untracked 
|  34|0x00000000c2200000, 0x00000000c2300000, 0x00000000c2300000|100%| O|  |TAMS 0x00000000c2300000| PB 0x00000000c2200000| Untracked 
|  35|0x00000000c2300000, 0x00000000c2400000, 0x00000000c2400000|100%| O|  |TAMS 0x00000000c2400000| PB 0x00000000c2300000| Untracked 
|  36|0x00000000c2400000, 0x00000000c2500000, 0x00000000c2500000|100%| O|  |TAMS 0x00000000c2500000| PB 0x00000000c2400000| Untracked 
|  37|0x00000000c2500000, 0x00000000c2600000, 0x00000000c2600000|100%| O|  |TAMS 0x00000000c2600000| PB 0x00000000c2500000| Untracked 
|  38|0x00000000c2600000, 0x00000000c2700000, 0x00000000c2700000|100%|HS|  |TAMS 0x00000000c2700000| PB 0x00000000c2600000| Complete 
|  39|0x00000000c2700000, 0x00000000c2800000, 0x00000000c2800000|100%| O|  |TAMS 0x00000000c2800000| PB 0x00000000c2700000| Untracked 
|  40|0x00000000c2800000, 0x00000000c2900000, 0x00000000c2900000|100%| O|  |TAMS 0x00000000c2900000| PB 0x00000000c2800000| Untracked 
|  41|0x00000000c2900000, 0x00000000c2a00000, 0x00000000c2a00000|100%| O|  |TAMS 0x00000000c2a00000| PB 0x00000000c2900000| Untracked 
|  42|0x00000000c2a00000, 0x00000000c2b00000, 0x00000000c2b00000|100%| O|  |TAMS 0x00000000c2b00000| PB 0x00000000c2a00000| Untracked 
|  43|0x00000000c2b00000, 0x00000000c2c00000, 0x00000000c2c00000|100%|HS|  |TAMS 0x00000000c2c00000| PB 0x00000000c2b00000| Complete 
|  44|0x00000000c2c00000, 0x00000000c2d00000, 0x00000000c2d00000|100%| O|  |TAMS 0x00000000c2d00000| PB 0x00000000c2c00000| Untracked 
|  45|0x00000000c2d00000, 0x00000000c2e00000, 0x00000000c2e00000|100%| O|  |TAMS 0x00000000c2e00000| PB 0x00000000c2d00000| Untracked 
|  46|0x00000000c2e00000, 0x00000000c2f00000, 0x00000000c2f00000|100%| O|  |TAMS 0x00000000c2f00000| PB 0x00000000c2e00000| Untracked 
|  47|0x00000000c2f00000, 0x00000000c3000000, 0x00000000c3000000|100%| O|  |TAMS 0x00000000c3000000| PB 0x00000000c2f00000| Untracked 
|  48|0x00000000c3000000, 0x00000000c3100000, 0x00000000c3100000|100%| O|  |TAMS 0x00000000c3100000| PB 0x00000000c3000000| Untracked 
|  49|0x00000000c3100000, 0x00000000c3200000, 0x00000000c3200000|100%| O|  |TAMS 0x00000000c3200000| PB 0x00000000c3100000| Untracked 
|  50|0x00000000c3200000, 0x00000000c3300000, 0x00000000c3300000|100%|HS|  |TAMS 0x00000000c3300000| PB 0x00000000c3200000| Complete 
|  51|0x00000000c3300000, 0x00000000c3400000, 0x00000000c3400000|100%| O|  |TAMS 0x00000000c3400000| PB 0x00000000c3300000| Untracked 
|  52|0x00000000c3400000, 0x00000000c3500000, 0x00000000c3500000|100%| O|  |TAMS 0x00000000c3500000| PB 0x00000000c3400000| Untracked 
|  53|0x00000000c3500000, 0x00000000c3600000, 0x00000000c3600000|100%|HS|  |TAMS 0x00000000c3600000| PB 0x00000000c3500000| Complete 
|  54|0x00000000c3600000, 0x00000000c3700000, 0x00000000c3700000|100%|HC|  |TAMS 0x00000000c3700000| PB 0x00000000c3600000| Complete 
|  55|0x00000000c3700000, 0x00000000c3800000, 0x00000000c3800000|100%| O|  |TAMS 0x00000000c3800000| PB 0x00000000c3700000| Untracked 
|  56|0x00000000c3800000, 0x00000000c3900000, 0x00000000c3900000|100%| O|  |TAMS 0x00000000c3900000| PB 0x00000000c3800000| Untracked 
|  57|0x00000000c3900000, 0x00000000c3a00000, 0x00000000c3a00000|100%| O|  |TAMS 0x00000000c3a00000| PB 0x00000000c3900000| Untracked 
|  58|0x00000000c3a00000, 0x00000000c3b00000, 0x00000000c3b00000|100%|HS|  |TAMS 0x00000000c3b00000| PB 0x00000000c3a00000| Complete 
|  59|0x00000000c3b00000, 0x00000000c3c00000, 0x00000000c3c00000|100%|HC|  |TAMS 0x00000000c3c00000| PB 0x00000000c3b00000| Complete 
|  60|0x00000000c3c00000, 0x00000000c3d00000, 0x00000000c3d00000|100%| O|  |TAMS 0x00000000c3d00000| PB 0x00000000c3c00000| Untracked 
|  61|0x00000000c3d00000, 0x00000000c3e00000, 0x00000000c3e00000|100%| O|  |TAMS 0x00000000c3e00000| PB 0x00000000c3d00000| Untracked 
|  62|0x00000000c3e00000, 0x00000000c3f00000, 0x00000000c3f00000|100%| O|  |TAMS 0x00000000c3f00000| PB 0x00000000c3e00000| Untracked 
|  63|0x00000000c3f00000, 0x00000000c4000000, 0x00000000c4000000|100%|HS|  |TAMS 0x00000000c4000000| PB 0x00000000c3f00000| Complete 
|  64|0x00000000c4000000, 0x00000000c4100000, 0x00000000c4100000|100%|HS|  |TAMS 0x00000000c4100000| PB 0x00000000c4000000| Complete 
|  65|0x00000000c4100000, 0x00000000c4200000, 0x00000000c4200000|100%| O|  |TAMS 0x00000000c4200000| PB 0x00000000c4100000| Untracked 
|  66|0x00000000c4200000, 0x00000000c4300000, 0x00000000c4300000|100%| O|  |TAMS 0x00000000c4300000| PB 0x00000000c4200000| Untracked 
|  67|0x00000000c4300000, 0x00000000c4400000, 0x00000000c4400000|100%|HS|  |TAMS 0x00000000c4400000| PB 0x00000000c4300000| Complete 
|  68|0x00000000c4400000, 0x00000000c4500000, 0x00000000c4500000|100%| O|  |TAMS 0x00000000c4500000| PB 0x00000000c4400000| Untracked 
|  69|0x00000000c4500000, 0x00000000c4600000, 0x00000000c4600000|100%| O|  |TAMS 0x00000000c4600000| PB 0x00000000c4500000| Untracked 
|  70|0x00000000c4600000, 0x00000000c4700000, 0x00000000c4700000|100%| O|  |TAMS 0x00000000c4700000| PB 0x00000000c4600000| Untracked 
|  71|0x00000000c4700000, 0x00000000c4800000, 0x00000000c4800000|100%| O|  |TAMS 0x00000000c4800000| PB 0x00000000c4700000| Untracked 
|  72|0x00000000c4800000, 0x00000000c4900000, 0x00000000c4900000|100%| O|  |TAMS 0x00000000c4900000| PB 0x00000000c4800000| Untracked 
|  73|0x00000000c4900000, 0x00000000c4a00000, 0x00000000c4a00000|100%|HS|  |TAMS 0x00000000c4a00000| PB 0x00000000c4900000| Complete 
|  74|0x00000000c4a00000, 0x00000000c4b00000, 0x00000000c4b00000|100%| O|  |TAMS 0x00000000c4b00000| PB 0x00000000c4a00000| Untracked 
|  75|0x00000000c4b00000, 0x00000000c4c00000, 0x00000000c4c00000|100%| O|  |TAMS 0x00000000c4c00000| PB 0x00000000c4b00000| Untracked 
|  76|0x00000000c4c00000, 0x00000000c4d00000, 0x00000000c4d00000|100%| O|  |TAMS 0x00000000c4d00000| PB 0x00000000c4c00000| Untracked 
|  77|0x00000000c4d00000, 0x00000000c4e00000, 0x00000000c4e00000|100%| O|  |TAMS 0x00000000c4e00000| PB 0x00000000c4d00000| Untracked 
|  78|0x00000000c4e00000, 0x00000000c4f00000, 0x00000000c4f00000|100%| O|  |TAMS 0x00000000c4f00000| PB 0x00000000c4e00000| Untracked 
|  79|0x00000000c4f00000, 0x00000000c5000000, 0x00000000c5000000|100%| O|  |TAMS 0x00000000c5000000| PB 0x00000000c4f00000| Untracked 
|  80|0x00000000c5000000, 0x00000000c5100000, 0x00000000c5100000|100%| O|  |TAMS 0x00000000c5100000| PB 0x00000000c5000000| Untracked 
|  81|0x00000000c5100000, 0x00000000c5200000, 0x00000000c5200000|100%| O|  |TAMS 0x00000000c5200000| PB 0x00000000c5100000| Untracked 
|  82|0x00000000c5200000, 0x00000000c5300000, 0x00000000c5300000|100%| O|  |TAMS 0x00000000c5300000| PB 0x00000000c5200000| Untracked 
|  83|0x00000000c5300000, 0x00000000c5400000, 0x00000000c5400000|100%| O|  |TAMS 0x00000000c5400000| PB 0x00000000c5300000| Untracked 
|  84|0x00000000c5400000, 0x00000000c5500000, 0x00000000c5500000|100%| O|  |TAMS 0x00000000c5500000| PB 0x00000000c5400000| Untracked 
|  85|0x00000000c5500000, 0x00000000c5600000, 0x00000000c5600000|100%| O|  |TAMS 0x00000000c5600000| PB 0x00000000c5500000| Untracked 
|  86|0x00000000c5600000, 0x00000000c5700000, 0x00000000c5700000|100%| O|  |TAMS 0x00000000c5700000| PB 0x00000000c5600000| Untracked 
|  87|0x00000000c5700000, 0x00000000c5800000, 0x00000000c5800000|100%| O|  |TAMS 0x00000000c5800000| PB 0x00000000c5700000| Untracked 
|  88|0x00000000c5800000, 0x00000000c5900000, 0x00000000c5900000|100%| O|  |TAMS 0x00000000c5900000| PB 0x00000000c5800000| Untracked 
|  89|0x00000000c5900000, 0x00000000c5a00000, 0x00000000c5a00000|100%| O|  |TAMS 0x00000000c5a00000| PB 0x00000000c5900000| Untracked 
|  90|0x00000000c5a00000, 0x00000000c5b00000, 0x00000000c5b00000|100%| O|  |TAMS 0x00000000c5b00000| PB 0x00000000c5a00000| Untracked 
|  91|0x00000000c5b00000, 0x00000000c5c00000, 0x00000000c5c00000|100%| O|  |TAMS 0x00000000c5c00000| PB 0x00000000c5b00000| Untracked 
|  92|0x00000000c5c00000, 0x00000000c5d00000, 0x00000000c5d00000|100%| O|  |TAMS 0x00000000c5d00000| PB 0x00000000c5c00000| Untracked 
|  93|0x00000000c5d00000, 0x00000000c5e00000, 0x00000000c5e00000|100%| O|  |TAMS 0x00000000c5e00000| PB 0x00000000c5d00000| Untracked 
|  94|0x00000000c5e00000, 0x00000000c5f00000, 0x00000000c5f00000|100%| O|  |TAMS 0x00000000c5f00000| PB 0x00000000c5e00000| Untracked 
|  95|0x00000000c5f00000, 0x00000000c6000000, 0x00000000c6000000|100%| O|  |TAMS 0x00000000c6000000| PB 0x00000000c5f00000| Untracked 
|  96|0x00000000c6000000, 0x00000000c6100000, 0x00000000c6100000|100%| O|  |TAMS 0x00000000c6100000| PB 0x00000000c6000000| Untracked 
|  97|0x00000000c6100000, 0x00000000c6200000, 0x00000000c6200000|100%| O|  |TAMS 0x00000000c6200000| PB 0x00000000c6100000| Untracked 
|  98|0x00000000c6200000, 0x00000000c6300000, 0x00000000c6300000|100%| O|  |TAMS 0x00000000c6300000| PB 0x00000000c6200000| Untracked 
|  99|0x00000000c6300000, 0x00000000c6400000, 0x00000000c6400000|100%| O|  |TAMS 0x00000000c6400000| PB 0x00000000c6300000| Untracked 
| 100|0x00000000c6400000, 0x00000000c6500000, 0x00000000c6500000|100%| O|  |TAMS 0x00000000c6500000| PB 0x00000000c6400000| Untracked 
| 101|0x00000000c6500000, 0x00000000c6600000, 0x00000000c6600000|100%| O|  |TAMS 0x00000000c6600000| PB 0x00000000c6500000| Untracked 
| 102|0x00000000c6600000, 0x00000000c6700000, 0x00000000c6700000|100%| O|  |TAMS 0x00000000c6700000| PB 0x00000000c6600000| Untracked 
| 103|0x00000000c6700000, 0x00000000c6800000, 0x00000000c6800000|100%| O|  |TAMS 0x00000000c6800000| PB 0x00000000c6700000| Untracked 
| 104|0x00000000c6800000, 0x00000000c6900000, 0x00000000c6900000|100%| O|  |TAMS 0x00000000c6900000| PB 0x00000000c6800000| Untracked 
| 105|0x00000000c6900000, 0x00000000c6a00000, 0x00000000c6a00000|100%| O|  |TAMS 0x00000000c6a00000| PB 0x00000000c6900000| Untracked 
| 106|0x00000000c6a00000, 0x00000000c6b00000, 0x00000000c6b00000|100%| O|  |TAMS 0x00000000c6b00000| PB 0x00000000c6a00000| Untracked 
| 107|0x00000000c6b00000, 0x00000000c6c00000, 0x00000000c6c00000|100%| O|  |TAMS 0x00000000c6c00000| PB 0x00000000c6b00000| Untracked 
| 108|0x00000000c6c00000, 0x00000000c6d00000, 0x00000000c6d00000|100%| O|  |TAMS 0x00000000c6d00000| PB 0x00000000c6c00000| Untracked 
| 109|0x00000000c6d00000, 0x00000000c6e00000, 0x00000000c6e00000|100%| O|  |TAMS 0x00000000c6e00000| PB 0x00000000c6d00000| Untracked 
| 110|0x00000000c6e00000, 0x00000000c6f00000, 0x00000000c6f00000|100%| O|  |TAMS 0x00000000c6f00000| PB 0x00000000c6e00000| Untracked 
| 111|0x00000000c6f00000, 0x00000000c7000000, 0x00000000c7000000|100%| O|  |TAMS 0x00000000c7000000| PB 0x00000000c6f00000| Untracked 
| 112|0x00000000c7000000, 0x00000000c7100000, 0x00000000c7100000|100%| O|  |TAMS 0x00000000c7100000| PB 0x00000000c7000000| Untracked 
| 113|0x00000000c7100000, 0x00000000c7200000, 0x00000000c7200000|100%| O|  |TAMS 0x00000000c7200000| PB 0x00000000c7100000| Untracked 
| 114|0x00000000c7200000, 0x00000000c7300000, 0x00000000c7300000|100%| O|  |TAMS 0x00000000c7300000| PB 0x00000000c7200000| Untracked 
| 115|0x00000000c7300000, 0x00000000c7400000, 0x00000000c7400000|100%|HS|  |TAMS 0x00000000c7400000| PB 0x00000000c7300000| Complete 
| 116|0x00000000c7400000, 0x00000000c7500000, 0x00000000c7500000|100%| O|  |TAMS 0x00000000c7500000| PB 0x00000000c7400000| Untracked 
| 117|0x00000000c7500000, 0x00000000c7600000, 0x00000000c7600000|100%| O|  |TAMS 0x00000000c7600000| PB 0x00000000c7500000| Untracked 
| 118|0x00000000c7600000, 0x00000000c7700000, 0x00000000c7700000|100%| O|  |TAMS 0x00000000c7700000| PB 0x00000000c7600000| Untracked 
| 119|0x00000000c7700000, 0x00000000c7800000, 0x00000000c7800000|100%| O|  |TAMS 0x00000000c7800000| PB 0x00000000c7700000| Untracked 
| 120|0x00000000c7800000, 0x00000000c7900000, 0x00000000c7900000|100%| O|  |TAMS 0x00000000c7900000| PB 0x00000000c7800000| Untracked 
| 121|0x00000000c7900000, 0x00000000c7a00000, 0x00000000c7a00000|100%| O|  |TAMS 0x00000000c7a00000| PB 0x00000000c7900000| Untracked 
| 122|0x00000000c7a00000, 0x00000000c7b00000, 0x00000000c7b00000|100%|HS|  |TAMS 0x00000000c7b00000| PB 0x00000000c7a00000| Complete 
| 123|0x00000000c7b00000, 0x00000000c7c00000, 0x00000000c7c00000|100%| O|  |TAMS 0x00000000c7c00000| PB 0x00000000c7b00000| Untracked 
| 124|0x00000000c7c00000, 0x00000000c7d00000, 0x00000000c7d00000|100%| O|  |TAMS 0x00000000c7d00000| PB 0x00000000c7c00000| Untracked 
| 125|0x00000000c7d00000, 0x00000000c7e00000, 0x00000000c7e00000|100%| O|  |TAMS 0x00000000c7e00000| PB 0x00000000c7d00000| Untracked 
| 126|0x00000000c7e00000, 0x00000000c7f00000, 0x00000000c7f00000|100%| O|  |TAMS 0x00000000c7f00000| PB 0x00000000c7e00000| Untracked 
| 127|0x00000000c7f00000, 0x00000000c8000000, 0x00000000c8000000|100%| O|  |TAMS 0x00000000c8000000| PB 0x00000000c7f00000| Untracked 
| 128|0x00000000c8000000, 0x00000000c8100000, 0x00000000c8100000|100%| O|  |TAMS 0x00000000c8100000| PB 0x00000000c8000000| Untracked 
| 129|0x00000000c8100000, 0x00000000c8200000, 0x00000000c8200000|100%| O|  |TAMS 0x00000000c8200000| PB 0x00000000c8100000| Untracked 
| 130|0x00000000c8200000, 0x00000000c8300000, 0x00000000c8300000|100%|HS|  |TAMS 0x00000000c8300000| PB 0x00000000c8200000| Complete 
| 131|0x00000000c8300000, 0x00000000c8400000, 0x00000000c8400000|100%|HS|  |TAMS 0x00000000c8400000| PB 0x00000000c8300000| Complete 
| 132|0x00000000c8400000, 0x00000000c8500000, 0x00000000c8500000|100%| O|  |TAMS 0x00000000c84d39c8| PB 0x00000000c8400000| Untracked 
| 133|0x00000000c8500000, 0x00000000c8600000, 0x00000000c8600000|100%|HS|  |TAMS 0x00000000c8600000| PB 0x00000000c8500000| Complete 
| 134|0x00000000c8600000, 0x00000000c8700000, 0x00000000c8700000|100%|HC|  |TAMS 0x00000000c8700000| PB 0x00000000c8600000| Complete 
| 135|0x00000000c8700000, 0x00000000c8800000, 0x00000000c8800000|100%|HC|  |TAMS 0x00000000c8800000| PB 0x00000000c8700000| Complete 
| 136|0x00000000c8800000, 0x00000000c8900000, 0x00000000c8900000|100%|HC|  |TAMS 0x00000000c8900000| PB 0x00000000c8800000| Complete 
| 137|0x00000000c8900000, 0x00000000c8a00000, 0x00000000c8a00000|100%|HS|  |TAMS 0x00000000c8a00000| PB 0x00000000c8900000| Complete 
| 138|0x00000000c8a00000, 0x00000000c8b00000, 0x00000000c8b00000|100%| O|  |TAMS 0x00000000c8b00000| PB 0x00000000c8a00000| Untracked 
| 139|0x00000000c8b00000, 0x00000000c8c00000, 0x00000000c8c00000|100%|HS|  |TAMS 0x00000000c8c00000| PB 0x00000000c8b00000| Complete 
| 140|0x00000000c8c00000, 0x00000000c8d00000, 0x00000000c8d00000|100%| O|  |TAMS 0x00000000c8d00000| PB 0x00000000c8c00000| Untracked 
| 141|0x00000000c8d00000, 0x00000000c8e00000, 0x00000000c8e00000|100%| O|  |TAMS 0x00000000c8e00000| PB 0x00000000c8d00000| Untracked 
| 142|0x00000000c8e00000, 0x00000000c8f00000, 0x00000000c8f00000|100%| O|  |TAMS 0x00000000c8f00000| PB 0x00000000c8e00000| Untracked 
| 143|0x00000000c8f00000, 0x00000000c9000000, 0x00000000c9000000|100%| O|  |TAMS 0x00000000c9000000| PB 0x00000000c8f00000| Untracked 
| 144|0x00000000c9000000, 0x00000000c9100000, 0x00000000c9100000|100%| O|  |TAMS 0x00000000c9100000| PB 0x00000000c9000000| Untracked 
| 145|0x00000000c9100000, 0x00000000c9200000, 0x00000000c9200000|100%| O|  |TAMS 0x00000000c9200000| PB 0x00000000c9100000| Untracked 
| 146|0x00000000c9200000, 0x00000000c9300000, 0x00000000c9300000|100%|HS|  |TAMS 0x00000000c9300000| PB 0x00000000c9200000| Complete 
| 147|0x00000000c9300000, 0x00000000c9400000, 0x00000000c9400000|100%|HC|  |TAMS 0x00000000c9400000| PB 0x00000000c9300000| Complete 
| 148|0x00000000c9400000, 0x00000000c9500000, 0x00000000c9500000|100%|HS|  |TAMS 0x00000000c9500000| PB 0x00000000c9400000| Complete 
| 149|0x00000000c9500000, 0x00000000c9600000, 0x00000000c9600000|100%|HS|  |TAMS 0x00000000c9600000| PB 0x00000000c9500000| Complete 
| 150|0x00000000c9600000, 0x00000000c9700000, 0x00000000c9700000|100%|HC|  |TAMS 0x00000000c9700000| PB 0x00000000c9600000| Complete 
| 151|0x00000000c9700000, 0x00000000c9800000, 0x00000000c9800000|100%|HS|  |TAMS 0x00000000c9800000| PB 0x00000000c9700000| Complete 
| 152|0x00000000c9800000, 0x00000000c9900000, 0x00000000c9900000|100%|HS|  |TAMS 0x00000000c9900000| PB 0x00000000c9800000| Complete 
| 153|0x00000000c9900000, 0x00000000c9a00000, 0x00000000c9a00000|100%|HS|  |TAMS 0x00000000c9a00000| PB 0x00000000c9900000| Complete 
| 154|0x00000000c9a00000, 0x00000000c9b00000, 0x00000000c9b00000|100%|HS|  |TAMS 0x00000000c9b00000| PB 0x00000000c9a00000| Complete 
| 155|0x00000000c9b00000, 0x00000000c9c00000, 0x00000000c9c00000|100%|HS|  |TAMS 0x00000000c9c00000| PB 0x00000000c9b00000| Complete 
| 156|0x00000000c9c00000, 0x00000000c9d00000, 0x00000000c9d00000|100%| O|  |TAMS 0x00000000c9d00000| PB 0x00000000c9c00000| Untracked 
| 157|0x00000000c9d00000, 0x00000000c9e00000, 0x00000000c9e00000|100%| O|  |TAMS 0x00000000c9e00000| PB 0x00000000c9d00000| Untracked 
| 158|0x00000000c9e00000, 0x00000000c9f00000, 0x00000000c9f00000|100%| O|  |TAMS 0x00000000c9f00000| PB 0x00000000c9e00000| Untracked 
| 159|0x00000000c9f00000, 0x00000000ca000000, 0x00000000ca000000|100%|HS|  |TAMS 0x00000000ca000000| PB 0x00000000c9f00000| Complete 
| 160|0x00000000ca000000, 0x00000000ca100000, 0x00000000ca100000|100%|HC|  |TAMS 0x00000000ca100000| PB 0x00000000ca000000| Complete 
| 161|0x00000000ca100000, 0x00000000ca200000, 0x00000000ca200000|100%|HS|  |TAMS 0x00000000ca200000| PB 0x00000000ca100000| Complete 
| 162|0x00000000ca200000, 0x00000000ca300000, 0x00000000ca300000|100%|HS|  |TAMS 0x00000000ca300000| PB 0x00000000ca200000| Complete 
| 163|0x00000000ca300000, 0x00000000ca400000, 0x00000000ca400000|100%|HC|  |TAMS 0x00000000ca400000| PB 0x00000000ca300000| Complete 
| 164|0x00000000ca400000, 0x00000000ca500000, 0x00000000ca500000|100%|HC|  |TAMS 0x00000000ca500000| PB 0x00000000ca400000| Complete 
| 165|0x00000000ca500000, 0x00000000ca600000, 0x00000000ca600000|100%|HC|  |TAMS 0x00000000ca600000| PB 0x00000000ca500000| Complete 
| 166|0x00000000ca600000, 0x00000000ca700000, 0x00000000ca700000|100%|HC|  |TAMS 0x00000000ca700000| PB 0x00000000ca600000| Complete 
| 167|0x00000000ca700000, 0x00000000ca800000, 0x00000000ca800000|100%|HC|  |TAMS 0x00000000ca800000| PB 0x00000000ca700000| Complete 
| 168|0x00000000ca800000, 0x00000000ca900000, 0x00000000ca900000|100%|HC|  |TAMS 0x00000000ca900000| PB 0x00000000ca800000| Complete 
| 169|0x00000000ca900000, 0x00000000caa00000, 0x00000000caa00000|100%| O|  |TAMS 0x00000000caa00000| PB 0x00000000ca900000| Untracked 
| 170|0x00000000caa00000, 0x00000000cab00000, 0x00000000cab00000|100%| O|  |TAMS 0x00000000cab00000| PB 0x00000000caa00000| Untracked 
| 171|0x00000000cab00000, 0x00000000cac00000, 0x00000000cac00000|100%| O|  |TAMS 0x00000000cac00000| PB 0x00000000cab00000| Untracked 
| 172|0x00000000cac00000, 0x00000000cad00000, 0x00000000cad00000|100%| O|  |TAMS 0x00000000cad00000| PB 0x00000000cac00000| Untracked 
| 173|0x00000000cad00000, 0x00000000cae00000, 0x00000000cae00000|100%| O|  |TAMS 0x00000000cae00000| PB 0x00000000cad00000| Untracked 
| 174|0x00000000cae00000, 0x00000000caf00000, 0x00000000caf00000|100%|HS|  |TAMS 0x00000000caf00000| PB 0x00000000cae00000| Complete 
| 175|0x00000000caf00000, 0x00000000cb000000, 0x00000000cb000000|100%| O|  |TAMS 0x00000000cb000000| PB 0x00000000caf00000| Untracked 
| 176|0x00000000cb000000, 0x00000000cb100000, 0x00000000cb100000|100%| O|  |TAMS 0x00000000cb100000| PB 0x00000000cb000000| Untracked 
| 177|0x00000000cb100000, 0x00000000cb200000, 0x00000000cb200000|100%| O|  |TAMS 0x00000000cb200000| PB 0x00000000cb100000| Untracked 
| 178|0x00000000cb200000, 0x00000000cb300000, 0x00000000cb300000|100%|HS|  |TAMS 0x00000000cb300000| PB 0x00000000cb200000| Complete 
| 179|0x00000000cb300000, 0x00000000cb400000, 0x00000000cb400000|100%| O|  |TAMS 0x00000000cb400000| PB 0x00000000cb300000| Untracked 
| 180|0x00000000cb400000, 0x00000000cb500000, 0x00000000cb500000|100%| O|  |TAMS 0x00000000cb500000| PB 0x00000000cb400000| Untracked 
| 181|0x00000000cb500000, 0x00000000cb600000, 0x00000000cb600000|100%| O|  |TAMS 0x00000000cb500000| PB 0x00000000cb500000| Untracked 
| 182|0x00000000cb600000, 0x00000000cb700000, 0x00000000cb700000|100%| O|  |TAMS 0x00000000cb700000| PB 0x00000000cb600000| Untracked 
| 183|0x00000000cb700000, 0x00000000cb800000, 0x00000000cb800000|100%| O|  |TAMS 0x00000000cb800000| PB 0x00000000cb700000| Untracked 
| 184|0x00000000cb800000, 0x00000000cb900000, 0x00000000cb900000|100%|HS|  |TAMS 0x00000000cb900000| PB 0x00000000cb800000| Complete 
| 185|0x00000000cb900000, 0x00000000cba00000, 0x00000000cba00000|100%| O|  |TAMS 0x00000000cba00000| PB 0x00000000cb900000| Untracked 
| 186|0x00000000cba00000, 0x00000000cbb00000, 0x00000000cbb00000|100%|HS|  |TAMS 0x00000000cbb00000| PB 0x00000000cba00000| Complete 
| 187|0x00000000cbb00000, 0x00000000cbc00000, 0x00000000cbc00000|100%|HS|  |TAMS 0x00000000cbc00000| PB 0x00000000cbb00000| Complete 
| 188|0x00000000cbc00000, 0x00000000cbd00000, 0x00000000cbd00000|100%| O|  |TAMS 0x00000000cbd00000| PB 0x00000000cbc00000| Untracked 
| 189|0x00000000cbd00000, 0x00000000cbe00000, 0x00000000cbe00000|100%|HS|  |TAMS 0x00000000cbe00000| PB 0x00000000cbd00000| Complete 
| 190|0x00000000cbe00000, 0x00000000cbf00000, 0x00000000cbf00000|100%| O|  |TAMS 0x00000000cbf00000| PB 0x00000000cbe00000| Untracked 
| 191|0x00000000cbf00000, 0x00000000cc000000, 0x00000000cc000000|100%| O|  |TAMS 0x00000000cbf00000| PB 0x00000000cbf00000| Untracked 
| 192|0x00000000cc000000, 0x00000000cc100000, 0x00000000cc100000|100%| O|  |TAMS 0x00000000cc100000| PB 0x00000000cc000000| Untracked 
| 193|0x00000000cc100000, 0x00000000cc200000, 0x00000000cc200000|100%|HS|  |TAMS 0x00000000cc200000| PB 0x00000000cc100000| Complete 
| 194|0x00000000cc200000, 0x00000000cc300000, 0x00000000cc300000|100%|HC|  |TAMS 0x00000000cc300000| PB 0x00000000cc200000| Complete 
| 195|0x00000000cc300000, 0x00000000cc400000, 0x00000000cc400000|100%| O|  |TAMS 0x00000000cc400000| PB 0x00000000cc300000| Untracked 
| 196|0x00000000cc400000, 0x00000000cc500000, 0x00000000cc500000|100%|HS|  |TAMS 0x00000000cc500000| PB 0x00000000cc400000| Complete 
| 197|0x00000000cc500000, 0x00000000cc600000, 0x00000000cc600000|100%|HC|  |TAMS 0x00000000cc600000| PB 0x00000000cc500000| Complete 
| 198|0x00000000cc600000, 0x00000000cc700000, 0x00000000cc700000|100%|HS|  |TAMS 0x00000000cc700000| PB 0x00000000cc600000| Complete 
| 199|0x00000000cc700000, 0x00000000cc800000, 0x00000000cc800000|100%| O|  |TAMS 0x00000000cc800000| PB 0x00000000cc700000| Untracked 
| 200|0x00000000cc800000, 0x00000000cc900000, 0x00000000cc900000|100%| O|  |TAMS 0x00000000cc900000| PB 0x00000000cc800000| Untracked 
| 201|0x00000000cc900000, 0x00000000cca00000, 0x00000000cca00000|100%| O|  |TAMS 0x00000000cca00000| PB 0x00000000cc900000| Untracked 
| 202|0x00000000cca00000, 0x00000000ccb00000, 0x00000000ccb00000|100%| O|  |TAMS 0x00000000ccb00000| PB 0x00000000cca00000| Untracked 
| 203|0x00000000ccb00000, 0x00000000ccc00000, 0x00000000ccc00000|100%| O|  |TAMS 0x00000000ccc00000| PB 0x00000000ccb00000| Untracked 
| 204|0x00000000ccc00000, 0x00000000ccd00000, 0x00000000ccd00000|100%| O|  |TAMS 0x00000000ccd00000| PB 0x00000000ccc00000| Untracked 
| 205|0x00000000ccd00000, 0x00000000cce00000, 0x00000000cce00000|100%| O|  |TAMS 0x00000000cce00000| PB 0x00000000ccd00000| Untracked 
| 206|0x00000000cce00000, 0x00000000ccf00000, 0x00000000ccf00000|100%| O|  |TAMS 0x00000000ccf00000| PB 0x00000000cce00000| Untracked 
| 207|0x00000000ccf00000, 0x00000000cd000000, 0x00000000cd000000|100%| O|  |TAMS 0x00000000cd000000| PB 0x00000000ccf00000| Untracked 
| 208|0x00000000cd000000, 0x00000000cd100000, 0x00000000cd100000|100%| O|  |TAMS 0x00000000cd100000| PB 0x00000000cd000000| Untracked 
| 209|0x00000000cd100000, 0x00000000cd200000, 0x00000000cd200000|100%| O|  |TAMS 0x00000000cd200000| PB 0x00000000cd100000| Untracked 
| 210|0x00000000cd200000, 0x00000000cd300000, 0x00000000cd300000|100%|HS|  |TAMS 0x00000000cd300000| PB 0x00000000cd200000| Complete 
| 211|0x00000000cd300000, 0x00000000cd400000, 0x00000000cd400000|100%|HS|  |TAMS 0x00000000cd400000| PB 0x00000000cd300000| Complete 
| 212|0x00000000cd400000, 0x00000000cd500000, 0x00000000cd500000|100%| O|  |TAMS 0x00000000cd500000| PB 0x00000000cd400000| Untracked 
| 213|0x00000000cd500000, 0x00000000cd600000, 0x00000000cd600000|100%|HS|  |TAMS 0x00000000cd600000| PB 0x00000000cd500000| Complete 
| 214|0x00000000cd600000, 0x00000000cd700000, 0x00000000cd700000|100%|HC|  |TAMS 0x00000000cd700000| PB 0x00000000cd600000| Complete 
| 215|0x00000000cd700000, 0x00000000cd800000, 0x00000000cd800000|100%| O|  |TAMS 0x00000000cd800000| PB 0x00000000cd700000| Untracked 
| 216|0x00000000cd800000, 0x00000000cd900000, 0x00000000cd900000|100%| O|  |TAMS 0x00000000cd900000| PB 0x00000000cd800000| Untracked 
| 217|0x00000000cd900000, 0x00000000cda00000, 0x00000000cda00000|100%|HS|  |TAMS 0x00000000cda00000| PB 0x00000000cd900000| Complete 
| 218|0x00000000cda00000, 0x00000000cdb00000, 0x00000000cdb00000|100%| O|  |TAMS 0x00000000cdb00000| PB 0x00000000cda00000| Untracked 
| 219|0x00000000cdb00000, 0x00000000cdc00000, 0x00000000cdc00000|100%| O|  |TAMS 0x00000000cdc00000| PB 0x00000000cdb00000| Untracked 
| 220|0x00000000cdc00000, 0x00000000cdd00000, 0x00000000cdd00000|100%|HS|  |TAMS 0x00000000cdd00000| PB 0x00000000cdc00000| Complete 
| 221|0x00000000cdd00000, 0x00000000cde00000, 0x00000000cde00000|100%| O|  |TAMS 0x00000000cde00000| PB 0x00000000cdd00000| Untracked 
| 222|0x00000000cde00000, 0x00000000cdf00000, 0x00000000cdf00000|100%| O|  |TAMS 0x00000000cdf00000| PB 0x00000000cde00000| Untracked 
| 223|0x00000000cdf00000, 0x00000000ce000000, 0x00000000ce000000|100%| O|  |TAMS 0x00000000ce000000| PB 0x00000000cdf00000| Untracked 
| 224|0x00000000ce000000, 0x00000000ce100000, 0x00000000ce100000|100%| O|  |TAMS 0x00000000ce100000| PB 0x00000000ce000000| Untracked 
| 225|0x00000000ce100000, 0x00000000ce200000, 0x00000000ce200000|100%|HS|  |TAMS 0x00000000ce200000| PB 0x00000000ce100000| Complete 
| 226|0x00000000ce200000, 0x00000000ce300000, 0x00000000ce300000|100%|HC|  |TAMS 0x00000000ce300000| PB 0x00000000ce200000| Complete 
| 227|0x00000000ce300000, 0x00000000ce400000, 0x00000000ce400000|100%| O|  |TAMS 0x00000000ce400000| PB 0x00000000ce300000| Untracked 
| 228|0x00000000ce400000, 0x00000000ce500000, 0x00000000ce500000|100%|HS|  |TAMS 0x00000000ce500000| PB 0x00000000ce400000| Complete 
| 229|0x00000000ce500000, 0x00000000ce600000, 0x00000000ce600000|100%| O|  |TAMS 0x00000000ce600000| PB 0x00000000ce500000| Untracked 
| 230|0x00000000ce600000, 0x00000000ce700000, 0x00000000ce700000|100%| O|  |TAMS 0x00000000ce700000| PB 0x00000000ce600000| Untracked 
| 231|0x00000000ce700000, 0x00000000ce800000, 0x00000000ce800000|100%| O|  |TAMS 0x00000000ce800000| PB 0x00000000ce700000| Untracked 
| 232|0x00000000ce800000, 0x00000000ce900000, 0x00000000ce900000|100%|HS|  |TAMS 0x00000000ce900000| PB 0x00000000ce800000| Complete 
| 233|0x00000000ce900000, 0x00000000cea00000, 0x00000000cea00000|100%| O|  |TAMS 0x00000000cea00000| PB 0x00000000ce900000| Untracked 
| 234|0x00000000cea00000, 0x00000000ceb00000, 0x00000000ceb00000|100%| O|  |TAMS 0x00000000ceb00000| PB 0x00000000cea00000| Untracked 
| 235|0x00000000ceb00000, 0x00000000cec00000, 0x00000000cec00000|100%| O|  |TAMS 0x00000000cec00000| PB 0x00000000ceb00000| Untracked 
| 236|0x00000000cec00000, 0x00000000ced00000, 0x00000000ced00000|100%|HS|  |TAMS 0x00000000ced00000| PB 0x00000000cec00000| Complete 
| 237|0x00000000ced00000, 0x00000000cee00000, 0x00000000cee00000|100%|HC|  |TAMS 0x00000000cee00000| PB 0x00000000ced00000| Complete 
| 238|0x00000000cee00000, 0x00000000cef00000, 0x00000000cef00000|100%| O|  |TAMS 0x00000000cee00000| PB 0x00000000cee00000| Untracked 
| 239|0x00000000cef00000, 0x00000000cf000000, 0x00000000cf000000|100%| O|  |TAMS 0x00000000cf000000| PB 0x00000000cef00000| Untracked 
| 240|0x00000000cf000000, 0x00000000cf100000, 0x00000000cf100000|100%| O|  |TAMS 0x00000000cf100000| PB 0x00000000cf000000| Untracked 
| 241|0x00000000cf100000, 0x00000000cf200000, 0x00000000cf200000|100%| O|  |TAMS 0x00000000cf200000| PB 0x00000000cf100000| Untracked 
| 242|0x00000000cf200000, 0x00000000cf300000, 0x00000000cf300000|100%| O|  |TAMS 0x00000000cf300000| PB 0x00000000cf200000| Untracked 
| 243|0x00000000cf300000, 0x00000000cf400000, 0x00000000cf400000|100%|HS|  |TAMS 0x00000000cf400000| PB 0x00000000cf300000| Complete 
| 244|0x00000000cf400000, 0x00000000cf500000, 0x00000000cf500000|100%|HC|  |TAMS 0x00000000cf500000| PB 0x00000000cf400000| Complete 
| 245|0x00000000cf500000, 0x00000000cf600000, 0x00000000cf600000|100%| O|  |TAMS 0x00000000cf600000| PB 0x00000000cf500000| Untracked 
| 246|0x00000000cf600000, 0x00000000cf700000, 0x00000000cf700000|100%| O|  |TAMS 0x00000000cf700000| PB 0x00000000cf600000| Untracked 
| 247|0x00000000cf700000, 0x00000000cf800000, 0x00000000cf800000|100%| O|  |TAMS 0x00000000cf800000| PB 0x00000000cf700000| Untracked 
| 248|0x00000000cf800000, 0x00000000cf900000, 0x00000000cf900000|100%| O|  |TAMS 0x00000000cf900000| PB 0x00000000cf800000| Untracked 
| 249|0x00000000cf900000, 0x00000000cfa00000, 0x00000000cfa00000|100%| O|  |TAMS 0x00000000cfa00000| PB 0x00000000cf900000| Untracked 
| 250|0x00000000cfa00000, 0x00000000cfb00000, 0x00000000cfb00000|100%| O|  |TAMS 0x00000000cfb00000| PB 0x00000000cfa00000| Untracked 
| 251|0x00000000cfb00000, 0x00000000cfc00000, 0x00000000cfc00000|100%| O|  |TAMS 0x00000000cfc00000| PB 0x00000000cfb00000| Untracked 
| 252|0x00000000cfc00000, 0x00000000cfd00000, 0x00000000cfd00000|100%| O|  |TAMS 0x00000000cfd00000| PB 0x00000000cfc00000| Untracked 
| 253|0x00000000cfd00000, 0x00000000cfe00000, 0x00000000cfe00000|100%| O|  |TAMS 0x00000000cfe00000| PB 0x00000000cfd00000| Untracked 
| 254|0x00000000cfe00000, 0x00000000cff00000, 0x00000000cff00000|100%| O|  |TAMS 0x00000000cff00000| PB 0x00000000cfe00000| Untracked 
| 255|0x00000000cff00000, 0x00000000d0000000, 0x00000000d0000000|100%|HS|  |TAMS 0x00000000d0000000| PB 0x00000000cff00000| Complete 
| 256|0x00000000d0000000, 0x00000000d0100000, 0x00000000d0100000|100%| O|  |TAMS 0x00000000d0100000| PB 0x00000000d0000000| Untracked 
| 257|0x00000000d0100000, 0x00000000d0200000, 0x00000000d0200000|100%| O|  |TAMS 0x00000000d0200000| PB 0x00000000d0100000| Untracked 
| 258|0x00000000d0200000, 0x00000000d0300000, 0x00000000d0300000|100%|HS|  |TAMS 0x00000000d0300000| PB 0x00000000d0200000| Complete 
| 259|0x00000000d0300000, 0x00000000d0400000, 0x00000000d0400000|100%| O|  |TAMS 0x00000000d0400000| PB 0x00000000d0300000| Untracked 
| 260|0x00000000d0400000, 0x00000000d0500000, 0x00000000d0500000|100%| O|  |TAMS 0x00000000d0500000| PB 0x00000000d0400000| Untracked 
| 261|0x00000000d0500000, 0x00000000d0600000, 0x00000000d0600000|100%| O|  |TAMS 0x00000000d0500000| PB 0x00000000d0500000| Untracked 
| 262|0x00000000d0600000, 0x00000000d0700000, 0x00000000d0700000|100%| O|  |TAMS 0x00000000d0700000| PB 0x00000000d0600000| Untracked 
| 263|0x00000000d0700000, 0x00000000d0800000, 0x00000000d0800000|100%| O|  |TAMS 0x00000000d0800000| PB 0x00000000d0700000| Untracked 
| 264|0x00000000d0800000, 0x00000000d0900000, 0x00000000d0900000|100%|HS|  |TAMS 0x00000000d0900000| PB 0x00000000d0800000| Complete 
| 265|0x00000000d0900000, 0x00000000d0a00000, 0x00000000d0a00000|100%|HC|  |TAMS 0x00000000d0a00000| PB 0x00000000d0900000| Complete 
| 266|0x00000000d0a00000, 0x00000000d0b00000, 0x00000000d0b00000|100%|HS|  |TAMS 0x00000000d0b00000| PB 0x00000000d0a00000| Complete 
| 267|0x00000000d0b00000, 0x00000000d0c00000, 0x00000000d0c00000|100%| O|  |TAMS 0x00000000d0b00000| PB 0x00000000d0b00000| Untracked 
| 268|0x00000000d0c00000, 0x00000000d0d00000, 0x00000000d0d00000|100%|HS|  |TAMS 0x00000000d0d00000| PB 0x00000000d0c00000| Complete 
| 269|0x00000000d0d00000, 0x00000000d0e00000, 0x00000000d0e00000|100%| O|  |TAMS 0x00000000d0e00000| PB 0x00000000d0d00000| Untracked 
| 270|0x00000000d0e00000, 0x00000000d0f00000, 0x00000000d0f00000|100%| O|  |TAMS 0x00000000d0f00000| PB 0x00000000d0e00000| Untracked 
| 271|0x00000000d0f00000, 0x00000000d1000000, 0x00000000d1000000|100%|HS|  |TAMS 0x00000000d1000000| PB 0x00000000d0f00000| Complete 
| 272|0x00000000d1000000, 0x00000000d1100000, 0x00000000d1100000|100%|HC|  |TAMS 0x00000000d1100000| PB 0x00000000d1000000| Complete 
| 273|0x00000000d1100000, 0x00000000d1200000, 0x00000000d1200000|100%|HS|  |TAMS 0x00000000d1200000| PB 0x00000000d1100000| Complete 
| 274|0x00000000d1200000, 0x00000000d1300000, 0x00000000d1300000|100%|HS|  |TAMS 0x00000000d1300000| PB 0x00000000d1200000| Complete 
| 275|0x00000000d1300000, 0x00000000d1400000, 0x00000000d1400000|100%|HC|  |TAMS 0x00000000d1400000| PB 0x00000000d1300000| Complete 
| 276|0x00000000d1400000, 0x00000000d1500000, 0x00000000d1500000|100%| O|  |TAMS 0x00000000d1500000| PB 0x00000000d1400000| Untracked 
| 277|0x00000000d1500000, 0x00000000d1600000, 0x00000000d1600000|100%| O|  |TAMS 0x00000000d1600000| PB 0x00000000d1500000| Untracked 
| 278|0x00000000d1600000, 0x00000000d1700000, 0x00000000d1700000|100%| O|  |TAMS 0x00000000d1700000| PB 0x00000000d1600000| Untracked 
| 279|0x00000000d1700000, 0x00000000d1800000, 0x00000000d1800000|100%|HS|  |TAMS 0x00000000d1800000| PB 0x00000000d1700000| Complete 
| 280|0x00000000d1800000, 0x00000000d1900000, 0x00000000d1900000|100%| O|  |TAMS 0x00000000d1900000| PB 0x00000000d1800000| Untracked 
| 281|0x00000000d1900000, 0x00000000d1a00000, 0x00000000d1a00000|100%| O|  |TAMS 0x00000000d1a00000| PB 0x00000000d1900000| Untracked 
| 282|0x00000000d1a00000, 0x00000000d1b00000, 0x00000000d1b00000|100%| O|  |TAMS 0x00000000d1b00000| PB 0x00000000d1a00000| Untracked 
| 283|0x00000000d1b00000, 0x00000000d1c00000, 0x00000000d1c00000|100%| O|  |TAMS 0x00000000d1b00000| PB 0x00000000d1b00000| Untracked 
| 284|0x00000000d1c00000, 0x00000000d1d00000, 0x00000000d1d00000|100%| O|  |TAMS 0x00000000d1d00000| PB 0x00000000d1c00000| Untracked 
| 285|0x00000000d1d00000, 0x00000000d1e00000, 0x00000000d1e00000|100%| O|  |TAMS 0x00000000d1e00000| PB 0x00000000d1d00000| Untracked 
| 286|0x00000000d1e00000, 0x00000000d1f00000, 0x00000000d1f00000|100%| O|  |TAMS 0x00000000d1f00000| PB 0x00000000d1e00000| Untracked 
| 287|0x00000000d1f00000, 0x00000000d2000000, 0x00000000d2000000|100%|HS|  |TAMS 0x00000000d2000000| PB 0x00000000d1f00000| Complete 
| 288|0x00000000d2000000, 0x00000000d2100000, 0x00000000d2100000|100%| O|  |TAMS 0x00000000d2100000| PB 0x00000000d2000000| Untracked 
| 289|0x00000000d2100000, 0x00000000d2200000, 0x00000000d2200000|100%| O|  |TAMS 0x00000000d2200000| PB 0x00000000d2100000| Untracked 
| 290|0x00000000d2200000, 0x00000000d2300000, 0x00000000d2300000|100%| O|  |TAMS 0x00000000d2300000| PB 0x00000000d2200000| Untracked 
| 291|0x00000000d2300000, 0x00000000d2400000, 0x00000000d2400000|100%|HS|  |TAMS 0x00000000d2400000| PB 0x00000000d2300000| Complete 
| 292|0x00000000d2400000, 0x00000000d2500000, 0x00000000d2500000|100%|HC|  |TAMS 0x00000000d2500000| PB 0x00000000d2400000| Complete 
| 293|0x00000000d2500000, 0x00000000d2600000, 0x00000000d2600000|100%|HS|  |TAMS 0x00000000d2600000| PB 0x00000000d2500000| Complete 
| 294|0x00000000d2600000, 0x00000000d2700000, 0x00000000d2700000|100%|HC|  |TAMS 0x00000000d2700000| PB 0x00000000d2600000| Complete 
| 295|0x00000000d2700000, 0x00000000d2800000, 0x00000000d2800000|100%| O|  |TAMS 0x00000000d2800000| PB 0x00000000d2700000| Untracked 
| 296|0x00000000d2800000, 0x00000000d2900000, 0x00000000d2900000|100%| O|  |TAMS 0x00000000d2900000| PB 0x00000000d2800000| Untracked 
| 297|0x00000000d2900000, 0x00000000d2a00000, 0x00000000d2a00000|100%| O|  |TAMS 0x00000000d2900000| PB 0x00000000d2900000| Untracked 
| 298|0x00000000d2a00000, 0x00000000d2b00000, 0x00000000d2b00000|100%|HS|  |TAMS 0x00000000d2b00000| PB 0x00000000d2a00000| Complete 
| 299|0x00000000d2b00000, 0x00000000d2c00000, 0x00000000d2c00000|100%|HC|  |TAMS 0x00000000d2c00000| PB 0x00000000d2b00000| Complete 
| 300|0x00000000d2c00000, 0x00000000d2d00000, 0x00000000d2d00000|100%|HS|  |TAMS 0x00000000d2d00000| PB 0x00000000d2c00000| Complete 
| 301|0x00000000d2d00000, 0x00000000d2e00000, 0x00000000d2e00000|100%|HS|  |TAMS 0x00000000d2e00000| PB 0x00000000d2d00000| Complete 
| 302|0x00000000d2e00000, 0x00000000d2f00000, 0x00000000d2f00000|100%| O|  |TAMS 0x00000000d2f00000| PB 0x00000000d2e00000| Untracked 
| 303|0x00000000d2f00000, 0x00000000d3000000, 0x00000000d3000000|100%|HS|  |TAMS 0x00000000d3000000| PB 0x00000000d2f00000| Complete 
| 304|0x00000000d3000000, 0x00000000d3100000, 0x00000000d3100000|100%|HC|  |TAMS 0x00000000d3100000| PB 0x00000000d3000000| Complete 
| 305|0x00000000d3100000, 0x00000000d3200000, 0x00000000d3200000|100%|HS|  |TAMS 0x00000000d3200000| PB 0x00000000d3100000| Complete 
| 306|0x00000000d3200000, 0x00000000d3300000, 0x00000000d3300000|100%|HC|  |TAMS 0x00000000d3300000| PB 0x00000000d3200000| Complete 
| 307|0x00000000d3300000, 0x00000000d3400000, 0x00000000d3400000|100%|HS|  |TAMS 0x00000000d3400000| PB 0x00000000d3300000| Complete 
| 308|0x00000000d3400000, 0x00000000d3500000, 0x00000000d3500000|100%| O|  |TAMS 0x00000000d3500000| PB 0x00000000d3400000| Untracked 
| 309|0x00000000d3500000, 0x00000000d3600000, 0x00000000d3600000|100%| O|  |TAMS 0x00000000d3600000| PB 0x00000000d3500000| Untracked 
| 310|0x00000000d3600000, 0x00000000d3700000, 0x00000000d3700000|100%| O|  |TAMS 0x00000000d3700000| PB 0x00000000d3600000| Untracked 
| 311|0x00000000d3700000, 0x00000000d3800000, 0x00000000d3800000|100%| O|  |TAMS 0x00000000d3800000| PB 0x00000000d3700000| Untracked 
| 312|0x00000000d3800000, 0x00000000d3900000, 0x00000000d3900000|100%| O|  |TAMS 0x00000000d3900000| PB 0x00000000d3800000| Untracked 
| 313|0x00000000d3900000, 0x00000000d3a00000, 0x00000000d3a00000|100%| O|  |TAMS 0x00000000d3a00000| PB 0x00000000d3900000| Untracked 
| 314|0x00000000d3a00000, 0x00000000d3b00000, 0x00000000d3b00000|100%| O|  |TAMS 0x00000000d3b00000| PB 0x00000000d3a00000| Untracked 
| 315|0x00000000d3b00000, 0x00000000d3c00000, 0x00000000d3c00000|100%| O|  |TAMS 0x00000000d3c00000| PB 0x00000000d3b00000| Untracked 
| 316|0x00000000d3c00000, 0x00000000d3d00000, 0x00000000d3d00000|100%| O|  |TAMS 0x00000000d3d00000| PB 0x00000000d3c00000| Untracked 
| 317|0x00000000d3d00000, 0x00000000d3e00000, 0x00000000d3e00000|100%| O|  |TAMS 0x00000000d3e00000| PB 0x00000000d3d00000| Untracked 
| 318|0x00000000d3e00000, 0x00000000d3f00000, 0x00000000d3f00000|100%| O|  |TAMS 0x00000000d3f00000| PB 0x00000000d3e00000| Untracked 
| 319|0x00000000d3f00000, 0x00000000d4000000, 0x00000000d4000000|100%|HS|  |TAMS 0x00000000d4000000| PB 0x00000000d3f00000| Complete 
| 320|0x00000000d4000000, 0x00000000d4100000, 0x00000000d4100000|100%|HS|  |TAMS 0x00000000d4100000| PB 0x00000000d4000000| Complete 
| 321|0x00000000d4100000, 0x00000000d4200000, 0x00000000d4200000|100%|HC|  |TAMS 0x00000000d4200000| PB 0x00000000d4100000| Complete 
| 322|0x00000000d4200000, 0x00000000d4300000, 0x00000000d4300000|100%|HC|  |TAMS 0x00000000d4300000| PB 0x00000000d4200000| Complete 
| 323|0x00000000d4300000, 0x00000000d4400000, 0x00000000d4400000|100%|HC|  |TAMS 0x00000000d4400000| PB 0x00000000d4300000| Complete 
| 324|0x00000000d4400000, 0x00000000d4500000, 0x00000000d4500000|100%|HS|  |TAMS 0x00000000d4500000| PB 0x00000000d4400000| Complete 
| 325|0x00000000d4500000, 0x00000000d4600000, 0x00000000d4600000|100%|HC|  |TAMS 0x00000000d4600000| PB 0x00000000d4500000| Complete 
| 326|0x00000000d4600000, 0x00000000d4700000, 0x00000000d4700000|100%|HS|  |TAMS 0x00000000d4700000| PB 0x00000000d4600000| Complete 
| 327|0x00000000d4700000, 0x00000000d4800000, 0x00000000d4800000|100%|HS|  |TAMS 0x00000000d4800000| PB 0x00000000d4700000| Complete 
| 328|0x00000000d4800000, 0x00000000d4900000, 0x00000000d4900000|100%|HS|  |TAMS 0x00000000d4900000| PB 0x00000000d4800000| Complete 
| 329|0x00000000d4900000, 0x00000000d4a00000, 0x00000000d4a00000|100%|HC|  |TAMS 0x00000000d4a00000| PB 0x00000000d4900000| Complete 
| 330|0x00000000d4a00000, 0x00000000d4b00000, 0x00000000d4b00000|100%|HS|  |TAMS 0x00000000d4b00000| PB 0x00000000d4a00000| Complete 
| 331|0x00000000d4b00000, 0x00000000d4c00000, 0x00000000d4c00000|100%|HS|  |TAMS 0x00000000d4c00000| PB 0x00000000d4b00000| Complete 
| 332|0x00000000d4c00000, 0x00000000d4d00000, 0x00000000d4d00000|100%| O|  |TAMS 0x00000000d4d00000| PB 0x00000000d4c00000| Untracked 
| 333|0x00000000d4d00000, 0x00000000d4e00000, 0x00000000d4e00000|100%|HS|  |TAMS 0x00000000d4e00000| PB 0x00000000d4d00000| Complete 
| 334|0x00000000d4e00000, 0x00000000d4f00000, 0x00000000d4f00000|100%| O|  |TAMS 0x00000000d4f00000| PB 0x00000000d4e00000| Untracked 
| 335|0x00000000d4f00000, 0x00000000d5000000, 0x00000000d5000000|100%|HS|  |TAMS 0x00000000d5000000| PB 0x00000000d4f00000| Complete 
| 336|0x00000000d5000000, 0x00000000d5100000, 0x00000000d5100000|100%|HS|  |TAMS 0x00000000d5100000| PB 0x00000000d5000000| Complete 
| 337|0x00000000d5100000, 0x00000000d5200000, 0x00000000d5200000|100%|HS|  |TAMS 0x00000000d5200000| PB 0x00000000d5100000| Complete 
| 338|0x00000000d5200000, 0x00000000d5300000, 0x00000000d5300000|100%|HC|  |TAMS 0x00000000d5300000| PB 0x00000000d5200000| Complete 
| 339|0x00000000d5300000, 0x00000000d5400000, 0x00000000d5400000|100%|HS|  |TAMS 0x00000000d5400000| PB 0x00000000d5300000| Complete 
| 340|0x00000000d5400000, 0x00000000d5500000, 0x00000000d5500000|100%|HS|  |TAMS 0x00000000d5500000| PB 0x00000000d5400000| Complete 
| 341|0x00000000d5500000, 0x00000000d5600000, 0x00000000d5600000|100%| O|  |TAMS 0x00000000d5600000| PB 0x00000000d5500000| Untracked 
| 342|0x00000000d5600000, 0x00000000d5700000, 0x00000000d5700000|100%| O|  |TAMS 0x00000000d5700000| PB 0x00000000d5600000| Untracked 
| 343|0x00000000d5700000, 0x00000000d5800000, 0x00000000d5800000|100%|HS|  |TAMS 0x00000000d5800000| PB 0x00000000d5700000| Complete 
| 344|0x00000000d5800000, 0x00000000d5900000, 0x00000000d5900000|100%| O|  |TAMS 0x00000000d5900000| PB 0x00000000d5800000| Untracked 
| 345|0x00000000d5900000, 0x00000000d5a00000, 0x00000000d5a00000|100%| O|  |TAMS 0x00000000d5a00000| PB 0x00000000d5900000| Untracked 
| 346|0x00000000d5a00000, 0x00000000d5b00000, 0x00000000d5b00000|100%| O|  |TAMS 0x00000000d5b00000| PB 0x00000000d5a00000| Untracked 
| 347|0x00000000d5b00000, 0x00000000d5c00000, 0x00000000d5c00000|100%| O|  |TAMS 0x00000000d5c00000| PB 0x00000000d5b00000| Untracked 
| 348|0x00000000d5c00000, 0x00000000d5d00000, 0x00000000d5d00000|100%| O|  |TAMS 0x00000000d5d00000| PB 0x00000000d5c00000| Untracked 
| 349|0x00000000d5d00000, 0x00000000d5e00000, 0x00000000d5e00000|100%|HS|  |TAMS 0x00000000d5e00000| PB 0x00000000d5d00000| Complete 
| 350|0x00000000d5e00000, 0x00000000d5f00000, 0x00000000d5f00000|100%| O|  |TAMS 0x00000000d5f00000| PB 0x00000000d5e00000| Untracked 
| 351|0x00000000d5f00000, 0x00000000d6000000, 0x00000000d6000000|100%|HS|  |TAMS 0x00000000d6000000| PB 0x00000000d5f00000| Complete 
| 352|0x00000000d6000000, 0x00000000d6100000, 0x00000000d6100000|100%| O|  |TAMS 0x00000000d6100000| PB 0x00000000d6000000| Untracked 
| 353|0x00000000d6100000, 0x00000000d6200000, 0x00000000d6200000|100%| O|  |TAMS 0x00000000d6200000| PB 0x00000000d6100000| Untracked 
| 354|0x00000000d6200000, 0x00000000d6300000, 0x00000000d6300000|100%|HS|  |TAMS 0x00000000d6300000| PB 0x00000000d6200000| Complete 
| 355|0x00000000d6300000, 0x00000000d6400000, 0x00000000d6400000|100%| O|  |TAMS 0x00000000d6400000| PB 0x00000000d6300000| Untracked 
| 356|0x00000000d6400000, 0x00000000d6500000, 0x00000000d6500000|100%| O|  |TAMS 0x00000000d6500000| PB 0x00000000d6400000| Untracked 
| 357|0x00000000d6500000, 0x00000000d6600000, 0x00000000d6600000|100%| O|  |TAMS 0x00000000d6600000| PB 0x00000000d6500000| Untracked 
| 358|0x00000000d6600000, 0x00000000d6700000, 0x00000000d6700000|100%|HS|  |TAMS 0x00000000d6700000| PB 0x00000000d6600000| Complete 
| 359|0x00000000d6700000, 0x00000000d6800000, 0x00000000d6800000|100%|HC|  |TAMS 0x00000000d6800000| PB 0x00000000d6700000| Complete 
| 360|0x00000000d6800000, 0x00000000d6900000, 0x00000000d6900000|100%|HC|  |TAMS 0x00000000d6900000| PB 0x00000000d6800000| Complete 
| 361|0x00000000d6900000, 0x00000000d6a00000, 0x00000000d6a00000|100%|HC|  |TAMS 0x00000000d6a00000| PB 0x00000000d6900000| Complete 
| 362|0x00000000d6a00000, 0x00000000d6b00000, 0x00000000d6b00000|100%|HS|  |TAMS 0x00000000d6b00000| PB 0x00000000d6a00000| Complete 
| 363|0x00000000d6b00000, 0x00000000d6c00000, 0x00000000d6c00000|100%|HS|  |TAMS 0x00000000d6c00000| PB 0x00000000d6b00000| Complete 
| 364|0x00000000d6c00000, 0x00000000d6d00000, 0x00000000d6d00000|100%|HS|  |TAMS 0x00000000d6d00000| PB 0x00000000d6c00000| Complete 
| 365|0x00000000d6d00000, 0x00000000d6e00000, 0x00000000d6e00000|100%|HC|  |TAMS 0x00000000d6e00000| PB 0x00000000d6d00000| Complete 
| 366|0x00000000d6e00000, 0x00000000d6f00000, 0x00000000d6f00000|100%|HC|  |TAMS 0x00000000d6f00000| PB 0x00000000d6e00000| Complete 
| 367|0x00000000d6f00000, 0x00000000d7000000, 0x00000000d7000000|100%|HS|  |TAMS 0x00000000d7000000| PB 0x00000000d6f00000| Complete 
| 368|0x00000000d7000000, 0x00000000d7100000, 0x00000000d7100000|100%|HC|  |TAMS 0x00000000d7100000| PB 0x00000000d7000000| Complete 
| 369|0x00000000d7100000, 0x00000000d7200000, 0x00000000d7200000|100%|HS|  |TAMS 0x00000000d7200000| PB 0x00000000d7100000| Complete 
| 370|0x00000000d7200000, 0x00000000d7300000, 0x00000000d7300000|100%|HC|  |TAMS 0x00000000d7300000| PB 0x00000000d7200000| Complete 
| 371|0x00000000d7300000, 0x00000000d7400000, 0x00000000d7400000|100%|HS|  |TAMS 0x00000000d7400000| PB 0x00000000d7300000| Complete 
| 372|0x00000000d7400000, 0x00000000d7500000, 0x00000000d7500000|100%|HS|  |TAMS 0x00000000d7500000| PB 0x00000000d7400000| Complete 
| 373|0x00000000d7500000, 0x00000000d7600000, 0x00000000d7600000|100%|HS|  |TAMS 0x00000000d7600000| PB 0x00000000d7500000| Complete 
| 374|0x00000000d7600000, 0x00000000d7700000, 0x00000000d7700000|100%|HC|  |TAMS 0x00000000d7700000| PB 0x00000000d7600000| Complete 
| 375|0x00000000d7700000, 0x00000000d7800000, 0x00000000d7800000|100%|HS|  |TAMS 0x00000000d7800000| PB 0x00000000d7700000| Complete 
| 376|0x00000000d7800000, 0x00000000d7900000, 0x00000000d7900000|100%|HC|  |TAMS 0x00000000d7900000| PB 0x00000000d7800000| Complete 
| 377|0x00000000d7900000, 0x00000000d7a00000, 0x00000000d7a00000|100%|HS|  |TAMS 0x00000000d7a00000| PB 0x00000000d7900000| Complete 
| 378|0x00000000d7a00000, 0x00000000d7b00000, 0x00000000d7b00000|100%|HC|  |TAMS 0x00000000d7b00000| PB 0x00000000d7a00000| Complete 
| 379|0x00000000d7b00000, 0x00000000d7c00000, 0x00000000d7c00000|100%|HS|  |TAMS 0x00000000d7c00000| PB 0x00000000d7b00000| Complete 
| 380|0x00000000d7c00000, 0x00000000d7d00000, 0x00000000d7d00000|100%|HC|  |TAMS 0x00000000d7d00000| PB 0x00000000d7c00000| Complete 
| 381|0x00000000d7d00000, 0x00000000d7e00000, 0x00000000d7e00000|100%|HS|  |TAMS 0x00000000d7e00000| PB 0x00000000d7d00000| Complete 
| 382|0x00000000d7e00000, 0x00000000d7f00000, 0x00000000d7f00000|100%|HS|  |TAMS 0x00000000d7f00000| PB 0x00000000d7e00000| Complete 
| 383|0x00000000d7f00000, 0x00000000d8000000, 0x00000000d8000000|100%|HC|  |TAMS 0x00000000d8000000| PB 0x00000000d7f00000| Complete 
| 384|0x00000000d8000000, 0x00000000d8100000, 0x00000000d8100000|100%|HC|  |TAMS 0x00000000d8100000| PB 0x00000000d8000000| Complete 
| 385|0x00000000d8100000, 0x00000000d8200000, 0x00000000d8200000|100%|HS|  |TAMS 0x00000000d8200000| PB 0x00000000d8100000| Complete 
| 386|0x00000000d8200000, 0x00000000d8300000, 0x00000000d8300000|100%|HC|  |TAMS 0x00000000d8300000| PB 0x00000000d8200000| Complete 
| 387|0x00000000d8300000, 0x00000000d8400000, 0x00000000d8400000|100%|HC|  |TAMS 0x00000000d8400000| PB 0x00000000d8300000| Complete 
| 388|0x00000000d8400000, 0x00000000d8500000, 0x00000000d8500000|100%|HS|  |TAMS 0x00000000d8500000| PB 0x00000000d8400000| Complete 
| 389|0x00000000d8500000, 0x00000000d8600000, 0x00000000d8600000|100%|HS|  |TAMS 0x00000000d8600000| PB 0x00000000d8500000| Complete 
| 390|0x00000000d8600000, 0x00000000d8700000, 0x00000000d8700000|100%| O|  |TAMS 0x00000000d8700000| PB 0x00000000d8600000| Untracked 
| 391|0x00000000d8700000, 0x00000000d8800000, 0x00000000d8800000|100%| O|  |TAMS 0x00000000d8800000| PB 0x00000000d8700000| Untracked 
| 392|0x00000000d8800000, 0x00000000d8900000, 0x00000000d8900000|100%| O|  |TAMS 0x00000000d8900000| PB 0x00000000d8800000| Untracked 
| 393|0x00000000d8900000, 0x00000000d8a00000, 0x00000000d8a00000|100%|HS|  |TAMS 0x00000000d8a00000| PB 0x00000000d8900000| Complete 
| 394|0x00000000d8a00000, 0x00000000d8b00000, 0x00000000d8b00000|100%| O|  |TAMS 0x00000000d8b00000| PB 0x00000000d8a00000| Untracked 
| 395|0x00000000d8b00000, 0x00000000d8c00000, 0x00000000d8c00000|100%| O|  |TAMS 0x00000000d8c00000| PB 0x00000000d8b00000| Untracked 
| 396|0x00000000d8c00000, 0x00000000d8d00000, 0x00000000d8d00000|100%| O|  |TAMS 0x00000000d8d00000| PB 0x00000000d8c00000| Untracked 
| 397|0x00000000d8d00000, 0x00000000d8e00000, 0x00000000d8e00000|100%| O|  |TAMS 0x00000000d8e00000| PB 0x00000000d8d00000| Untracked 
| 398|0x00000000d8e00000, 0x00000000d8f00000, 0x00000000d8f00000|100%| O|  |TAMS 0x00000000d8f00000| PB 0x00000000d8e00000| Untracked 
| 399|0x00000000d8f00000, 0x00000000d9000000, 0x00000000d9000000|100%| O|  |TAMS 0x00000000d9000000| PB 0x00000000d8f00000| Untracked 
| 400|0x00000000d9000000, 0x00000000d9100000, 0x00000000d9100000|100%| O|  |TAMS 0x00000000d9100000| PB 0x00000000d9000000| Untracked 
| 401|0x00000000d9100000, 0x00000000d9200000, 0x00000000d9200000|100%| O|  |TAMS 0x00000000d9200000| PB 0x00000000d9100000| Untracked 
| 402|0x00000000d9200000, 0x00000000d9300000, 0x00000000d9300000|100%| O|  |TAMS 0x00000000d9300000| PB 0x00000000d9200000| Untracked 
| 403|0x00000000d9300000, 0x00000000d9400000, 0x00000000d9400000|100%| O|  |TAMS 0x00000000d9400000| PB 0x00000000d9300000| Untracked 
| 404|0x00000000d9400000, 0x00000000d9500000, 0x00000000d9500000|100%| O|  |TAMS 0x00000000d9500000| PB 0x00000000d9400000| Untracked 
| 405|0x00000000d9500000, 0x00000000d9600000, 0x00000000d9600000|100%| O|  |TAMS 0x00000000d9600000| PB 0x00000000d9500000| Untracked 
| 406|0x00000000d9600000, 0x00000000d9700000, 0x00000000d9700000|100%| O|  |TAMS 0x00000000d9600000| PB 0x00000000d9600000| Untracked 
| 407|0x00000000d9700000, 0x00000000d9800000, 0x00000000d9800000|100%| O|  |TAMS 0x00000000d9800000| PB 0x00000000d9700000| Untracked 
| 408|0x00000000d9800000, 0x00000000d9900000, 0x00000000d9900000|100%| O|  |TAMS 0x00000000d9900000| PB 0x00000000d9800000| Untracked 
| 409|0x00000000d9900000, 0x00000000d9a00000, 0x00000000d9a00000|100%|HS|  |TAMS 0x00000000d9a00000| PB 0x00000000d9900000| Complete 
| 410|0x00000000d9a00000, 0x00000000d9b00000, 0x00000000d9b00000|100%|HC|  |TAMS 0x00000000d9b00000| PB 0x00000000d9a00000| Complete 
| 411|0x00000000d9b00000, 0x00000000d9c00000, 0x00000000d9c00000|100%| O|  |TAMS 0x00000000d9c00000| PB 0x00000000d9b00000| Untracked 
| 412|0x00000000d9c00000, 0x00000000d9d00000, 0x00000000d9d00000|100%| O|  |TAMS 0x00000000d9d00000| PB 0x00000000d9c00000| Untracked 
| 413|0x00000000d9d00000, 0x00000000d9e00000, 0x00000000d9e00000|100%| O|  |TAMS 0x00000000d9e00000| PB 0x00000000d9d00000| Untracked 
| 414|0x00000000d9e00000, 0x00000000d9f00000, 0x00000000d9f00000|100%| O|  |TAMS 0x00000000d9f00000| PB 0x00000000d9e00000| Untracked 
| 415|0x00000000d9f00000, 0x00000000da000000, 0x00000000da000000|100%| O|  |TAMS 0x00000000da000000| PB 0x00000000d9f00000| Untracked 
| 416|0x00000000da000000, 0x00000000da100000, 0x00000000da100000|100%| O|  |TAMS 0x00000000da100000| PB 0x00000000da000000| Untracked 
| 417|0x00000000da100000, 0x00000000da200000, 0x00000000da200000|100%| O|  |TAMS 0x00000000da200000| PB 0x00000000da100000| Untracked 
| 418|0x00000000da200000, 0x00000000da300000, 0x00000000da300000|100%| O|  |TAMS 0x00000000da300000| PB 0x00000000da200000| Untracked 
| 419|0x00000000da300000, 0x00000000da400000, 0x00000000da400000|100%| O|  |TAMS 0x00000000da300000| PB 0x00000000da300000| Untracked 
| 420|0x00000000da400000, 0x00000000da500000, 0x00000000da500000|100%| O|  |TAMS 0x00000000da500000| PB 0x00000000da400000| Untracked 
| 421|0x00000000da500000, 0x00000000da600000, 0x00000000da600000|100%| O|  |TAMS 0x00000000da600000| PB 0x00000000da500000| Untracked 
| 422|0x00000000da600000, 0x00000000da700000, 0x00000000da700000|100%| O|  |TAMS 0x00000000da700000| PB 0x00000000da600000| Untracked 
| 423|0x00000000da700000, 0x00000000da800000, 0x00000000da800000|100%| O|  |TAMS 0x00000000da700000| PB 0x00000000da700000| Untracked 
| 424|0x00000000da800000, 0x00000000da900000, 0x00000000da900000|100%|HS|  |TAMS 0x00000000da900000| PB 0x00000000da800000| Complete 
| 425|0x00000000da900000, 0x00000000daa00000, 0x00000000daa00000|100%|HC|  |TAMS 0x00000000daa00000| PB 0x00000000da900000| Complete 
| 426|0x00000000daa00000, 0x00000000dab00000, 0x00000000dab00000|100%|HC|  |TAMS 0x00000000dab00000| PB 0x00000000daa00000| Complete 
| 427|0x00000000dab00000, 0x00000000dac00000, 0x00000000dac00000|100%|HC|  |TAMS 0x00000000dac00000| PB 0x00000000dab00000| Complete 
| 428|0x00000000dac00000, 0x00000000dad00000, 0x00000000dad00000|100%|HC|  |TAMS 0x00000000dad00000| PB 0x00000000dac00000| Complete 
| 429|0x00000000dad00000, 0x00000000dae00000, 0x00000000dae00000|100%|HC|  |TAMS 0x00000000dae00000| PB 0x00000000dad00000| Complete 
| 430|0x00000000dae00000, 0x00000000daf00000, 0x00000000daf00000|100%|HC|  |TAMS 0x00000000daf00000| PB 0x00000000dae00000| Complete 
| 431|0x00000000daf00000, 0x00000000db000000, 0x00000000db000000|100%|HC|  |TAMS 0x00000000db000000| PB 0x00000000daf00000| Complete 
| 432|0x00000000db000000, 0x00000000db100000, 0x00000000db100000|100%|HC|  |TAMS 0x00000000db100000| PB 0x00000000db000000| Complete 
| 433|0x00000000db100000, 0x00000000db200000, 0x00000000db200000|100%|HC|  |TAMS 0x00000000db200000| PB 0x00000000db100000| Complete 
| 434|0x00000000db200000, 0x00000000db300000, 0x00000000db300000|100%|HC|  |TAMS 0x00000000db300000| PB 0x00000000db200000| Complete 
| 435|0x00000000db300000, 0x00000000db400000, 0x00000000db400000|100%| O|  |TAMS 0x00000000db400000| PB 0x00000000db300000| Untracked 
| 436|0x00000000db400000, 0x00000000db500000, 0x00000000db500000|100%| O|  |TAMS 0x00000000db500000| PB 0x00000000db400000| Untracked 
| 437|0x00000000db500000, 0x00000000db600000, 0x00000000db600000|100%| O|  |TAMS 0x00000000db600000| PB 0x00000000db500000| Untracked 
| 438|0x00000000db600000, 0x00000000db700000, 0x00000000db700000|100%| O|  |TAMS 0x00000000db700000| PB 0x00000000db600000| Untracked 
| 439|0x00000000db700000, 0x00000000db800000, 0x00000000db800000|100%| O|  |TAMS 0x00000000db800000| PB 0x00000000db700000| Untracked 
| 440|0x00000000db800000, 0x00000000db900000, 0x00000000db900000|100%| O|  |TAMS 0x00000000db900000| PB 0x00000000db800000| Untracked 
| 441|0x00000000db900000, 0x00000000dba00000, 0x00000000dba00000|100%| O|  |TAMS 0x00000000dba00000| PB 0x00000000db900000| Untracked 
| 442|0x00000000dba00000, 0x00000000dbb00000, 0x00000000dbb00000|100%| O|  |TAMS 0x00000000dbb00000| PB 0x00000000dba00000| Untracked 
| 443|0x00000000dbb00000, 0x00000000dbc00000, 0x00000000dbc00000|100%| O|  |TAMS 0x00000000dbc00000| PB 0x00000000dbb00000| Untracked 
| 444|0x00000000dbc00000, 0x00000000dbd00000, 0x00000000dbd00000|100%| O|  |TAMS 0x00000000dbd00000| PB 0x00000000dbc00000| Untracked 
| 445|0x00000000dbd00000, 0x00000000dbe00000, 0x00000000dbe00000|100%| O|  |TAMS 0x00000000dbe00000| PB 0x00000000dbd00000| Untracked 
| 446|0x00000000dbe00000, 0x00000000dbf00000, 0x00000000dbf00000|100%| O|  |TAMS 0x00000000dbf00000| PB 0x00000000dbe00000| Untracked 
| 447|0x00000000dbf00000, 0x00000000dc000000, 0x00000000dc000000|100%| O|  |TAMS 0x00000000dc000000| PB 0x00000000dbf00000| Untracked 
| 448|0x00000000dc000000, 0x00000000dc100000, 0x00000000dc100000|100%| O|  |TAMS 0x00000000dc100000| PB 0x00000000dc000000| Untracked 
| 449|0x00000000dc100000, 0x00000000dc200000, 0x00000000dc200000|100%| O|  |TAMS 0x00000000dc200000| PB 0x00000000dc100000| Untracked 
| 450|0x00000000dc200000, 0x00000000dc300000, 0x00000000dc300000|100%| O|  |TAMS 0x00000000dc300000| PB 0x00000000dc200000| Untracked 
| 451|0x00000000dc300000, 0x00000000dc400000, 0x00000000dc400000|100%| O|  |TAMS 0x00000000dc400000| PB 0x00000000dc300000| Untracked 
| 452|0x00000000dc400000, 0x00000000dc500000, 0x00000000dc500000|100%| O|  |TAMS 0x00000000dc500000| PB 0x00000000dc400000| Untracked 
| 453|0x00000000dc500000, 0x00000000dc600000, 0x00000000dc600000|100%| O|  |TAMS 0x00000000dc600000| PB 0x00000000dc500000| Untracked 
| 454|0x00000000dc600000, 0x00000000dc700000, 0x00000000dc700000|100%| O|  |TAMS 0x00000000dc700000| PB 0x00000000dc600000| Untracked 
| 455|0x00000000dc700000, 0x00000000dc800000, 0x00000000dc800000|100%| O|  |TAMS 0x00000000dc800000| PB 0x00000000dc700000| Untracked 
| 456|0x00000000dc800000, 0x00000000dc900000, 0x00000000dc900000|100%| O|  |TAMS 0x00000000dc900000| PB 0x00000000dc800000| Untracked 
| 457|0x00000000dc900000, 0x00000000dca00000, 0x00000000dca00000|100%| O|  |TAMS 0x00000000dca00000| PB 0x00000000dc900000| Untracked 
| 458|0x00000000dca00000, 0x00000000dcb00000, 0x00000000dcb00000|100%| O|  |TAMS 0x00000000dcb00000| PB 0x00000000dca00000| Untracked 
| 459|0x00000000dcb00000, 0x00000000dcc00000, 0x00000000dcc00000|100%| O|  |TAMS 0x00000000dcc00000| PB 0x00000000dcb00000| Untracked 
| 460|0x00000000dcc00000, 0x00000000dcd00000, 0x00000000dcd00000|100%| O|  |TAMS 0x00000000dcd00000| PB 0x00000000dcc00000| Untracked 
| 461|0x00000000dcd00000, 0x00000000dce00000, 0x00000000dce00000|100%| O|  |TAMS 0x00000000dce00000| PB 0x00000000dcd00000| Untracked 
| 462|0x00000000dce00000, 0x00000000dcf00000, 0x00000000dcf00000|100%| O|  |TAMS 0x00000000dcf00000| PB 0x00000000dce00000| Untracked 
| 463|0x00000000dcf00000, 0x00000000dd000000, 0x00000000dd000000|100%| O|  |TAMS 0x00000000dd000000| PB 0x00000000dcf00000| Untracked 
| 464|0x00000000dd000000, 0x00000000dd100000, 0x00000000dd100000|100%| O|  |TAMS 0x00000000dd100000| PB 0x00000000dd000000| Untracked 
| 465|0x00000000dd100000, 0x00000000dd200000, 0x00000000dd200000|100%| O|  |TAMS 0x00000000dd200000| PB 0x00000000dd100000| Untracked 
| 466|0x00000000dd200000, 0x00000000dd300000, 0x00000000dd300000|100%| O|  |TAMS 0x00000000dd300000| PB 0x00000000dd200000| Untracked 
| 467|0x00000000dd300000, 0x00000000dd400000, 0x00000000dd400000|100%| O|  |TAMS 0x00000000dd400000| PB 0x00000000dd300000| Untracked 
| 468|0x00000000dd400000, 0x00000000dd500000, 0x00000000dd500000|100%| O|  |TAMS 0x00000000dd500000| PB 0x00000000dd400000| Untracked 
| 469|0x00000000dd500000, 0x00000000dd600000, 0x00000000dd600000|100%|HS|  |TAMS 0x00000000dd600000| PB 0x00000000dd500000| Complete 
| 470|0x00000000dd600000, 0x00000000dd700000, 0x00000000dd700000|100%|HC|  |TAMS 0x00000000dd700000| PB 0x00000000dd600000| Complete 
| 471|0x00000000dd700000, 0x00000000dd800000, 0x00000000dd800000|100%|HC|  |TAMS 0x00000000dd800000| PB 0x00000000dd700000| Complete 
| 472|0x00000000dd800000, 0x00000000dd900000, 0x00000000dd900000|100%| O|  |TAMS 0x00000000dd900000| PB 0x00000000dd800000| Untracked 
| 473|0x00000000dd900000, 0x00000000dda00000, 0x00000000dda00000|100%| O|  |TAMS 0x00000000dda00000| PB 0x00000000dd900000| Untracked 
| 474|0x00000000dda00000, 0x00000000ddb00000, 0x00000000ddb00000|100%|HS|  |TAMS 0x00000000ddb00000| PB 0x00000000dda00000| Complete 
| 475|0x00000000ddb00000, 0x00000000ddc00000, 0x00000000ddc00000|100%|HC|  |TAMS 0x00000000ddc00000| PB 0x00000000ddb00000| Complete 
| 476|0x00000000ddc00000, 0x00000000ddd00000, 0x00000000ddd00000|100%|HC|  |TAMS 0x00000000ddd00000| PB 0x00000000ddc00000| Complete 
| 477|0x00000000ddd00000, 0x00000000dde00000, 0x00000000dde00000|100%| O|  |TAMS 0x00000000dde00000| PB 0x00000000ddd00000| Untracked 
| 478|0x00000000dde00000, 0x00000000ddf00000, 0x00000000ddf00000|100%| O|  |TAMS 0x00000000ddf00000| PB 0x00000000dde00000| Untracked 
| 479|0x00000000ddf00000, 0x00000000de000000, 0x00000000de000000|100%| O|  |TAMS 0x00000000de000000| PB 0x00000000ddf00000| Untracked 
| 480|0x00000000de000000, 0x00000000de100000, 0x00000000de100000|100%| O|  |TAMS 0x00000000de100000| PB 0x00000000de000000| Untracked 
| 481|0x00000000de100000, 0x00000000de200000, 0x00000000de200000|100%| O|  |TAMS 0x00000000de200000| PB 0x00000000de100000| Untracked 
| 482|0x00000000de200000, 0x00000000de300000, 0x00000000de300000|100%| O|  |TAMS 0x00000000de300000| PB 0x00000000de200000| Untracked 
| 483|0x00000000de300000, 0x00000000de400000, 0x00000000de400000|100%| O|  |TAMS 0x00000000de400000| PB 0x00000000de300000| Untracked 
| 484|0x00000000de400000, 0x00000000de500000, 0x00000000de500000|100%| O|  |TAMS 0x00000000de500000| PB 0x00000000de400000| Untracked 
| 485|0x00000000de500000, 0x00000000de600000, 0x00000000de600000|100%| O|  |TAMS 0x00000000de600000| PB 0x00000000de500000| Untracked 
| 486|0x00000000de600000, 0x00000000de700000, 0x00000000de700000|100%| O|  |TAMS 0x00000000de700000| PB 0x00000000de600000| Untracked 
| 487|0x00000000de700000, 0x00000000de800000, 0x00000000de800000|100%| O|  |TAMS 0x00000000de800000| PB 0x00000000de700000| Untracked 
| 488|0x00000000de800000, 0x00000000de900000, 0x00000000de900000|100%| O|  |TAMS 0x00000000de900000| PB 0x00000000de800000| Untracked 
| 489|0x00000000de900000, 0x00000000dea00000, 0x00000000dea00000|100%| O|  |TAMS 0x00000000dea00000| PB 0x00000000de900000| Untracked 
| 490|0x00000000dea00000, 0x00000000deb00000, 0x00000000deb00000|100%| O|  |TAMS 0x00000000deb00000| PB 0x00000000dea00000| Untracked 
| 491|0x00000000deb00000, 0x00000000dec00000, 0x00000000dec00000|100%| O|  |TAMS 0x00000000dec00000| PB 0x00000000deb00000| Untracked 
| 492|0x00000000dec00000, 0x00000000ded00000, 0x00000000ded00000|100%| O|  |TAMS 0x00000000ded00000| PB 0x00000000dec00000| Untracked 
| 493|0x00000000ded00000, 0x00000000dee00000, 0x00000000dee00000|100%| O|  |TAMS 0x00000000dee00000| PB 0x00000000ded00000| Untracked 
| 494|0x00000000dee00000, 0x00000000def00000, 0x00000000def00000|100%| O|  |TAMS 0x00000000def00000| PB 0x00000000dee00000| Untracked 
| 495|0x00000000def00000, 0x00000000df000000, 0x00000000df000000|100%| O|  |TAMS 0x00000000df000000| PB 0x00000000def00000| Untracked 
| 496|0x00000000df000000, 0x00000000df100000, 0x00000000df100000|100%| O|  |TAMS 0x00000000df100000| PB 0x00000000df000000| Untracked 
| 497|0x00000000df100000, 0x00000000df200000, 0x00000000df200000|100%| O|  |TAMS 0x00000000df200000| PB 0x00000000df100000| Untracked 
| 498|0x00000000df200000, 0x00000000df300000, 0x00000000df300000|100%| O|  |TAMS 0x00000000df300000| PB 0x00000000df200000| Untracked 
| 499|0x00000000df300000, 0x00000000df400000, 0x00000000df400000|100%| O|  |TAMS 0x00000000df400000| PB 0x00000000df300000| Untracked 
| 500|0x00000000df400000, 0x00000000df500000, 0x00000000df500000|100%| O|  |TAMS 0x00000000df500000| PB 0x00000000df400000| Untracked 
| 501|0x00000000df500000, 0x00000000df600000, 0x00000000df600000|100%| O|  |TAMS 0x00000000df600000| PB 0x00000000df500000| Untracked 
| 502|0x00000000df600000, 0x00000000df700000, 0x00000000df700000|100%| O|  |TAMS 0x00000000df700000| PB 0x00000000df600000| Untracked 
| 503|0x00000000df700000, 0x00000000df800000, 0x00000000df800000|100%| O|  |TAMS 0x00000000df800000| PB 0x00000000df700000| Untracked 
| 504|0x00000000df800000, 0x00000000df900000, 0x00000000df900000|100%| O|  |TAMS 0x00000000df900000| PB 0x00000000df800000| Untracked 
| 505|0x00000000df900000, 0x00000000dfa00000, 0x00000000dfa00000|100%| O|  |TAMS 0x00000000dfa00000| PB 0x00000000df900000| Untracked 
| 506|0x00000000dfa00000, 0x00000000dfb00000, 0x00000000dfb00000|100%| O|  |TAMS 0x00000000dfb00000| PB 0x00000000dfa00000| Untracked 
| 507|0x00000000dfb00000, 0x00000000dfc00000, 0x00000000dfc00000|100%| O|  |TAMS 0x00000000dfc00000| PB 0x00000000dfb00000| Untracked 
| 508|0x00000000dfc00000, 0x00000000dfd00000, 0x00000000dfd00000|100%| O|  |TAMS 0x00000000dfd00000| PB 0x00000000dfc00000| Untracked 
| 509|0x00000000dfd00000, 0x00000000dfe00000, 0x00000000dfe00000|100%| O|  |TAMS 0x00000000dfe00000| PB 0x00000000dfd00000| Untracked 
| 510|0x00000000dfe00000, 0x00000000dff00000, 0x00000000dff00000|100%| O|  |TAMS 0x00000000dff00000| PB 0x00000000dfe00000| Untracked 
| 511|0x00000000dff00000, 0x00000000e0000000, 0x00000000e0000000|100%| O|  |TAMS 0x00000000e0000000| PB 0x00000000dff00000| Untracked 
| 512|0x00000000e0000000, 0x00000000e0100000, 0x00000000e0100000|100%| O|  |TAMS 0x00000000e0100000| PB 0x00000000e0000000| Untracked 
| 513|0x00000000e0100000, 0x00000000e0200000, 0x00000000e0200000|100%| O|  |TAMS 0x00000000e0200000| PB 0x00000000e0100000| Untracked 
| 514|0x00000000e0200000, 0x00000000e0300000, 0x00000000e0300000|100%| O|  |TAMS 0x00000000e0300000| PB 0x00000000e0200000| Untracked 
| 515|0x00000000e0300000, 0x00000000e0400000, 0x00000000e0400000|100%| O|  |TAMS 0x00000000e0400000| PB 0x00000000e0300000| Untracked 
| 516|0x00000000e0400000, 0x00000000e0500000, 0x00000000e0500000|100%| O|  |TAMS 0x00000000e0500000| PB 0x00000000e0400000| Untracked 
| 517|0x00000000e0500000, 0x00000000e0600000, 0x00000000e0600000|100%| O|  |TAMS 0x00000000e0600000| PB 0x00000000e0500000| Untracked 
| 518|0x00000000e0600000, 0x00000000e0700000, 0x00000000e0700000|100%| O|  |TAMS 0x00000000e0700000| PB 0x00000000e0600000| Untracked 
| 519|0x00000000e0700000, 0x00000000e0800000, 0x00000000e0800000|100%| O|  |TAMS 0x00000000e0800000| PB 0x00000000e0700000| Untracked 
| 520|0x00000000e0800000, 0x00000000e0900000, 0x00000000e0900000|100%| O|  |TAMS 0x00000000e0900000| PB 0x00000000e0800000| Untracked 
| 521|0x00000000e0900000, 0x00000000e0a00000, 0x00000000e0a00000|100%| O|  |TAMS 0x00000000e0a00000| PB 0x00000000e0900000| Untracked 
| 522|0x00000000e0a00000, 0x00000000e0b00000, 0x00000000e0b00000|100%| O|  |TAMS 0x00000000e0b00000| PB 0x00000000e0a00000| Untracked 
| 523|0x00000000e0b00000, 0x00000000e0c00000, 0x00000000e0c00000|100%| O|  |TAMS 0x00000000e0c00000| PB 0x00000000e0b00000| Untracked 
| 524|0x00000000e0c00000, 0x00000000e0d00000, 0x00000000e0d00000|100%| O|  |TAMS 0x00000000e0d00000| PB 0x00000000e0c00000| Untracked 
| 525|0x00000000e0d00000, 0x00000000e0e00000, 0x00000000e0e00000|100%| O|  |TAMS 0x00000000e0e00000| PB 0x00000000e0d00000| Untracked 
| 526|0x00000000e0e00000, 0x00000000e0f00000, 0x00000000e0f00000|100%| O|  |TAMS 0x00000000e0f00000| PB 0x00000000e0e00000| Untracked 
| 527|0x00000000e0f00000, 0x00000000e1000000, 0x00000000e1000000|100%| O|  |TAMS 0x00000000e1000000| PB 0x00000000e0f00000| Untracked 
| 528|0x00000000e1000000, 0x00000000e1100000, 0x00000000e1100000|100%| O|  |TAMS 0x00000000e1100000| PB 0x00000000e1000000| Untracked 
| 529|0x00000000e1100000, 0x00000000e1200000, 0x00000000e1200000|100%| O|  |TAMS 0x00000000e1200000| PB 0x00000000e1100000| Untracked 
| 530|0x00000000e1200000, 0x00000000e1300000, 0x00000000e1300000|100%| O|  |TAMS 0x00000000e1300000| PB 0x00000000e1200000| Untracked 
| 531|0x00000000e1300000, 0x00000000e1400000, 0x00000000e1400000|100%| O|  |TAMS 0x00000000e1400000| PB 0x00000000e1300000| Untracked 
| 532|0x00000000e1400000, 0x00000000e1500000, 0x00000000e1500000|100%| O|  |TAMS 0x00000000e1500000| PB 0x00000000e1400000| Untracked 
| 533|0x00000000e1500000, 0x00000000e1600000, 0x00000000e1600000|100%| O|  |TAMS 0x00000000e1600000| PB 0x00000000e1500000| Untracked 
| 534|0x00000000e1600000, 0x00000000e1700000, 0x00000000e1700000|100%| O|  |TAMS 0x00000000e1700000| PB 0x00000000e1600000| Untracked 
| 535|0x00000000e1700000, 0x00000000e1800000, 0x00000000e1800000|100%| O|  |TAMS 0x00000000e1800000| PB 0x00000000e1700000| Untracked 
| 536|0x00000000e1800000, 0x00000000e1900000, 0x00000000e1900000|100%| O|  |TAMS 0x00000000e1900000| PB 0x00000000e1800000| Untracked 
| 537|0x00000000e1900000, 0x00000000e1a00000, 0x00000000e1a00000|100%| O|  |TAMS 0x00000000e1a00000| PB 0x00000000e1900000| Untracked 
| 538|0x00000000e1a00000, 0x00000000e1b00000, 0x00000000e1b00000|100%| O|  |TAMS 0x00000000e1b00000| PB 0x00000000e1a00000| Untracked 
| 539|0x00000000e1b00000, 0x00000000e1c00000, 0x00000000e1c00000|100%| O|  |TAMS 0x00000000e1c00000| PB 0x00000000e1b00000| Untracked 
| 540|0x00000000e1c00000, 0x00000000e1d00000, 0x00000000e1d00000|100%| O|  |TAMS 0x00000000e1d00000| PB 0x00000000e1c00000| Untracked 
| 541|0x00000000e1d00000, 0x00000000e1e00000, 0x00000000e1e00000|100%| O|  |TAMS 0x00000000e1e00000| PB 0x00000000e1d00000| Untracked 
| 542|0x00000000e1e00000, 0x00000000e1f00000, 0x00000000e1f00000|100%| O|  |TAMS 0x00000000e1f00000| PB 0x00000000e1e00000| Untracked 
| 543|0x00000000e1f00000, 0x00000000e2000000, 0x00000000e2000000|100%| O|  |TAMS 0x00000000e2000000| PB 0x00000000e1f00000| Untracked 
| 544|0x00000000e2000000, 0x00000000e2100000, 0x00000000e2100000|100%| O|  |TAMS 0x00000000e2100000| PB 0x00000000e2000000| Untracked 
| 545|0x00000000e2100000, 0x00000000e2200000, 0x00000000e2200000|100%| O|  |TAMS 0x00000000e2200000| PB 0x00000000e2100000| Untracked 
| 546|0x00000000e2200000, 0x00000000e2300000, 0x00000000e2300000|100%| O|  |TAMS 0x00000000e2300000| PB 0x00000000e2200000| Untracked 
| 547|0x00000000e2300000, 0x00000000e2400000, 0x00000000e2400000|100%| O|  |TAMS 0x00000000e2400000| PB 0x00000000e2300000| Untracked 
| 548|0x00000000e2400000, 0x00000000e2500000, 0x00000000e2500000|100%| O|  |TAMS 0x00000000e2500000| PB 0x00000000e2400000| Untracked 
| 549|0x00000000e2500000, 0x00000000e2600000, 0x00000000e2600000|100%| O|  |TAMS 0x00000000e2600000| PB 0x00000000e2500000| Untracked 
| 550|0x00000000e2600000, 0x00000000e2700000, 0x00000000e2700000|100%| O|  |TAMS 0x00000000e2700000| PB 0x00000000e2600000| Untracked 
| 551|0x00000000e2700000, 0x00000000e2800000, 0x00000000e2800000|100%| O|  |TAMS 0x00000000e2800000| PB 0x00000000e2700000| Untracked 
| 552|0x00000000e2800000, 0x00000000e2900000, 0x00000000e2900000|100%| O|  |TAMS 0x00000000e2900000| PB 0x00000000e2800000| Untracked 
| 553|0x00000000e2900000, 0x00000000e2a00000, 0x00000000e2a00000|100%| O|  |TAMS 0x00000000e2a00000| PB 0x00000000e2900000| Untracked 
| 554|0x00000000e2a00000, 0x00000000e2b00000, 0x00000000e2b00000|100%| O|  |TAMS 0x00000000e2b00000| PB 0x00000000e2a00000| Untracked 
| 555|0x00000000e2b00000, 0x00000000e2c00000, 0x00000000e2c00000|100%| O|  |TAMS 0x00000000e2c00000| PB 0x00000000e2b00000| Untracked 
| 556|0x00000000e2c00000, 0x00000000e2d00000, 0x00000000e2d00000|100%| O|  |TAMS 0x00000000e2d00000| PB 0x00000000e2c00000| Untracked 
| 557|0x00000000e2d00000, 0x00000000e2e00000, 0x00000000e2e00000|100%| O|  |TAMS 0x00000000e2e00000| PB 0x00000000e2d00000| Untracked 
| 558|0x00000000e2e00000, 0x00000000e2f00000, 0x00000000e2f00000|100%| O|  |TAMS 0x00000000e2f00000| PB 0x00000000e2e00000| Untracked 
| 559|0x00000000e2f00000, 0x00000000e3000000, 0x00000000e3000000|100%| O|  |TAMS 0x00000000e3000000| PB 0x00000000e2f00000| Untracked 
| 560|0x00000000e3000000, 0x00000000e3100000, 0x00000000e3100000|100%| O|  |TAMS 0x00000000e3100000| PB 0x00000000e3000000| Untracked 
| 561|0x00000000e3100000, 0x00000000e3200000, 0x00000000e3200000|100%| O|  |TAMS 0x00000000e3200000| PB 0x00000000e3100000| Untracked 
| 562|0x00000000e3200000, 0x00000000e3300000, 0x00000000e3300000|100%| O|  |TAMS 0x00000000e3300000| PB 0x00000000e3200000| Untracked 
| 563|0x00000000e3300000, 0x00000000e3400000, 0x00000000e3400000|100%| O|  |TAMS 0x00000000e3400000| PB 0x00000000e3300000| Untracked 
| 564|0x00000000e3400000, 0x00000000e3500000, 0x00000000e3500000|100%| O|  |TAMS 0x00000000e3500000| PB 0x00000000e3400000| Untracked 
| 565|0x00000000e3500000, 0x00000000e3600000, 0x00000000e3600000|100%| O|  |TAMS 0x00000000e3600000| PB 0x00000000e3500000| Untracked 
| 566|0x00000000e3600000, 0x00000000e3700000, 0x00000000e3700000|100%| O|  |TAMS 0x00000000e3700000| PB 0x00000000e3600000| Untracked 
| 567|0x00000000e3700000, 0x00000000e3800000, 0x00000000e3800000|100%| O|  |TAMS 0x00000000e3800000| PB 0x00000000e3700000| Untracked 
| 568|0x00000000e3800000, 0x00000000e3900000, 0x00000000e3900000|100%| O|  |TAMS 0x00000000e3900000| PB 0x00000000e3800000| Untracked 
| 569|0x00000000e3900000, 0x00000000e3a00000, 0x00000000e3a00000|100%| O|  |TAMS 0x00000000e3a00000| PB 0x00000000e3900000| Untracked 
| 570|0x00000000e3a00000, 0x00000000e3b00000, 0x00000000e3b00000|100%| O|  |TAMS 0x00000000e3b00000| PB 0x00000000e3a00000| Untracked 
| 571|0x00000000e3b00000, 0x00000000e3c00000, 0x00000000e3c00000|100%| O|  |TAMS 0x00000000e3c00000| PB 0x00000000e3b00000| Untracked 
| 572|0x00000000e3c00000, 0x00000000e3d00000, 0x00000000e3d00000|100%| O|  |TAMS 0x00000000e3d00000| PB 0x00000000e3c00000| Untracked 
| 573|0x00000000e3d00000, 0x00000000e3e00000, 0x00000000e3e00000|100%| O|  |TAMS 0x00000000e3e00000| PB 0x00000000e3d00000| Untracked 
| 574|0x00000000e3e00000, 0x00000000e3f00000, 0x00000000e3f00000|100%| O|  |TAMS 0x00000000e3f00000| PB 0x00000000e3e00000| Untracked 
| 575|0x00000000e3f00000, 0x00000000e4000000, 0x00000000e4000000|100%| O|  |TAMS 0x00000000e4000000| PB 0x00000000e3f00000| Untracked 
| 576|0x00000000e4000000, 0x00000000e4100000, 0x00000000e4100000|100%| O|  |TAMS 0x00000000e4100000| PB 0x00000000e4000000| Untracked 
| 577|0x00000000e4100000, 0x00000000e4200000, 0x00000000e4200000|100%| O|  |TAMS 0x00000000e4200000| PB 0x00000000e4100000| Untracked 
| 578|0x00000000e4200000, 0x00000000e4300000, 0x00000000e4300000|100%| O|  |TAMS 0x00000000e4300000| PB 0x00000000e4200000| Untracked 
| 579|0x00000000e4300000, 0x00000000e4400000, 0x00000000e4400000|100%| O|  |TAMS 0x00000000e4400000| PB 0x00000000e4300000| Untracked 
| 580|0x00000000e4400000, 0x00000000e4500000, 0x00000000e4500000|100%| O|  |TAMS 0x00000000e4500000| PB 0x00000000e4400000| Untracked 
| 581|0x00000000e4500000, 0x00000000e4600000, 0x00000000e4600000|100%| O|  |TAMS 0x00000000e4600000| PB 0x00000000e4500000| Untracked 
| 582|0x00000000e4600000, 0x00000000e4700000, 0x00000000e4700000|100%| O|  |TAMS 0x00000000e4700000| PB 0x00000000e4600000| Untracked 
| 583|0x00000000e4700000, 0x00000000e4800000, 0x00000000e4800000|100%| O|  |TAMS 0x00000000e4800000| PB 0x00000000e4700000| Untracked 
| 584|0x00000000e4800000, 0x00000000e4900000, 0x00000000e4900000|100%| O|  |TAMS 0x00000000e4900000| PB 0x00000000e4800000| Untracked 
| 585|0x00000000e4900000, 0x00000000e4a00000, 0x00000000e4a00000|100%| O|  |TAMS 0x00000000e4a00000| PB 0x00000000e4900000| Untracked 
| 586|0x00000000e4a00000, 0x00000000e4b00000, 0x00000000e4b00000|100%| O|  |TAMS 0x00000000e4b00000| PB 0x00000000e4a00000| Untracked 
| 587|0x00000000e4b00000, 0x00000000e4c00000, 0x00000000e4c00000|100%| O|  |TAMS 0x00000000e4c00000| PB 0x00000000e4b00000| Untracked 
| 588|0x00000000e4c00000, 0x00000000e4d00000, 0x00000000e4d00000|100%| O|  |TAMS 0x00000000e4d00000| PB 0x00000000e4c00000| Untracked 
| 589|0x00000000e4d00000, 0x00000000e4e00000, 0x00000000e4e00000|100%| O|  |TAMS 0x00000000e4e00000| PB 0x00000000e4d00000| Untracked 
| 590|0x00000000e4e00000, 0x00000000e4f00000, 0x00000000e4f00000|100%| O|  |TAMS 0x00000000e4f00000| PB 0x00000000e4e00000| Untracked 
| 591|0x00000000e4f00000, 0x00000000e5000000, 0x00000000e5000000|100%| O|  |TAMS 0x00000000e5000000| PB 0x00000000e4f00000| Untracked 
| 592|0x00000000e5000000, 0x00000000e5100000, 0x00000000e5100000|100%| O|  |TAMS 0x00000000e5100000| PB 0x00000000e5000000| Untracked 
| 593|0x00000000e5100000, 0x00000000e5200000, 0x00000000e5200000|100%| O|  |TAMS 0x00000000e5200000| PB 0x00000000e5100000| Untracked 
| 594|0x00000000e5200000, 0x00000000e5300000, 0x00000000e5300000|100%| O|  |TAMS 0x00000000e5300000| PB 0x00000000e5200000| Untracked 
| 595|0x00000000e5300000, 0x00000000e5400000, 0x00000000e5400000|100%| O|  |TAMS 0x00000000e5400000| PB 0x00000000e5300000| Untracked 
| 596|0x00000000e5400000, 0x00000000e5500000, 0x00000000e5500000|100%| O|  |TAMS 0x00000000e5500000| PB 0x00000000e5400000| Untracked 
| 597|0x00000000e5500000, 0x00000000e5600000, 0x00000000e5600000|100%| O|  |TAMS 0x00000000e5600000| PB 0x00000000e5500000| Untracked 
| 598|0x00000000e5600000, 0x00000000e5700000, 0x00000000e5700000|100%| O|  |TAMS 0x00000000e5700000| PB 0x00000000e5600000| Untracked 
| 599|0x00000000e5700000, 0x00000000e5800000, 0x00000000e5800000|100%| O|  |TAMS 0x00000000e5800000| PB 0x00000000e5700000| Untracked 
| 600|0x00000000e5800000, 0x00000000e5900000, 0x00000000e5900000|100%| O|  |TAMS 0x00000000e5900000| PB 0x00000000e5800000| Untracked 
| 601|0x00000000e5900000, 0x00000000e5a00000, 0x00000000e5a00000|100%| O|  |TAMS 0x00000000e5a00000| PB 0x00000000e5900000| Untracked 
| 602|0x00000000e5a00000, 0x00000000e5b00000, 0x00000000e5b00000|100%| O|  |TAMS 0x00000000e5b00000| PB 0x00000000e5a00000| Untracked 
| 603|0x00000000e5b00000, 0x00000000e5c00000, 0x00000000e5c00000|100%| O|  |TAMS 0x00000000e5c00000| PB 0x00000000e5b00000| Untracked 
| 604|0x00000000e5c00000, 0x00000000e5d00000, 0x00000000e5d00000|100%| O|  |TAMS 0x00000000e5d00000| PB 0x00000000e5c00000| Untracked 
| 605|0x00000000e5d00000, 0x00000000e5e00000, 0x00000000e5e00000|100%| O|  |TAMS 0x00000000e5e00000| PB 0x00000000e5d00000| Untracked 
| 606|0x00000000e5e00000, 0x00000000e5f00000, 0x00000000e5f00000|100%| O|  |TAMS 0x00000000e5f00000| PB 0x00000000e5e00000| Untracked 
| 607|0x00000000e5f00000, 0x00000000e6000000, 0x00000000e6000000|100%| O|  |TAMS 0x00000000e6000000| PB 0x00000000e5f00000| Untracked 
| 608|0x00000000e6000000, 0x00000000e6100000, 0x00000000e6100000|100%| O|  |TAMS 0x00000000e6100000| PB 0x00000000e6000000| Untracked 
| 609|0x00000000e6100000, 0x00000000e6200000, 0x00000000e6200000|100%| O|  |TAMS 0x00000000e6200000| PB 0x00000000e6100000| Untracked 
| 610|0x00000000e6200000, 0x00000000e6300000, 0x00000000e6300000|100%| O|  |TAMS 0x00000000e6300000| PB 0x00000000e6200000| Untracked 
| 611|0x00000000e6300000, 0x00000000e6400000, 0x00000000e6400000|100%| O|  |TAMS 0x00000000e6400000| PB 0x00000000e6300000| Untracked 
| 612|0x00000000e6400000, 0x00000000e6500000, 0x00000000e6500000|100%| O|  |TAMS 0x00000000e6500000| PB 0x00000000e6400000| Untracked 
| 613|0x00000000e6500000, 0x00000000e6600000, 0x00000000e6600000|100%| O|  |TAMS 0x00000000e6600000| PB 0x00000000e6500000| Untracked 
| 614|0x00000000e6600000, 0x00000000e6700000, 0x00000000e6700000|100%| O|  |TAMS 0x00000000e6700000| PB 0x00000000e6600000| Untracked 
| 615|0x00000000e6700000, 0x00000000e6800000, 0x00000000e6800000|100%| O|  |TAMS 0x00000000e6800000| PB 0x00000000e6700000| Untracked 
| 616|0x00000000e6800000, 0x00000000e6900000, 0x00000000e6900000|100%| O|  |TAMS 0x00000000e6900000| PB 0x00000000e6800000| Untracked 
| 617|0x00000000e6900000, 0x00000000e6a00000, 0x00000000e6a00000|100%| O|  |TAMS 0x00000000e6a00000| PB 0x00000000e6900000| Untracked 
| 618|0x00000000e6a00000, 0x00000000e6b00000, 0x00000000e6b00000|100%| O|  |TAMS 0x00000000e6b00000| PB 0x00000000e6a00000| Untracked 
| 619|0x00000000e6b00000, 0x00000000e6c00000, 0x00000000e6c00000|100%| O|  |TAMS 0x00000000e6c00000| PB 0x00000000e6b00000| Untracked 
| 620|0x00000000e6c00000, 0x00000000e6d00000, 0x00000000e6d00000|100%| O|  |TAMS 0x00000000e6c00000| PB 0x00000000e6c00000| Untracked 
| 621|0x00000000e6d00000, 0x00000000e6e00000, 0x00000000e6e00000|100%| O|  |TAMS 0x00000000e6e00000| PB 0x00000000e6d00000| Untracked 
| 622|0x00000000e6e00000, 0x00000000e6f00000, 0x00000000e6f00000|100%| O|  |TAMS 0x00000000e6f00000| PB 0x00000000e6e00000| Untracked 
| 623|0x00000000e6f00000, 0x00000000e7000000, 0x00000000e7000000|100%| O|  |TAMS 0x00000000e7000000| PB 0x00000000e6f00000| Untracked 
| 624|0x00000000e7000000, 0x00000000e7100000, 0x00000000e7100000|100%| O|  |TAMS 0x00000000e7100000| PB 0x00000000e7000000| Untracked 
| 625|0x00000000e7100000, 0x00000000e7200000, 0x00000000e7200000|100%| O|  |TAMS 0x00000000e7200000| PB 0x00000000e7100000| Untracked 
| 626|0x00000000e7200000, 0x00000000e7300000, 0x00000000e7300000|100%| O|  |TAMS 0x00000000e7300000| PB 0x00000000e7200000| Untracked 
| 627|0x00000000e7300000, 0x00000000e7400000, 0x00000000e7400000|100%| O|  |TAMS 0x00000000e7400000| PB 0x00000000e7300000| Untracked 
| 628|0x00000000e7400000, 0x00000000e7500000, 0x00000000e7500000|100%| O|  |TAMS 0x00000000e7500000| PB 0x00000000e7400000| Untracked 
| 629|0x00000000e7500000, 0x00000000e7600000, 0x00000000e7600000|100%| O|  |TAMS 0x00000000e7600000| PB 0x00000000e7500000| Untracked 
| 630|0x00000000e7600000, 0x00000000e7700000, 0x00000000e7700000|100%| O|  |TAMS 0x00000000e7700000| PB 0x00000000e7600000| Untracked 
| 631|0x00000000e7700000, 0x00000000e7800000, 0x00000000e7800000|100%| O|  |TAMS 0x00000000e7800000| PB 0x00000000e7700000| Untracked 
| 632|0x00000000e7800000, 0x00000000e7900000, 0x00000000e7900000|100%| O|  |TAMS 0x00000000e7900000| PB 0x00000000e7800000| Untracked 
| 633|0x00000000e7900000, 0x00000000e7a00000, 0x00000000e7a00000|100%| O|  |TAMS 0x00000000e7a00000| PB 0x00000000e7900000| Untracked 
| 634|0x00000000e7a00000, 0x00000000e7b00000, 0x00000000e7b00000|100%| O|  |TAMS 0x00000000e7a00000| PB 0x00000000e7a00000| Untracked 
| 635|0x00000000e7b00000, 0x00000000e7c00000, 0x00000000e7c00000|100%| O|  |TAMS 0x00000000e7c00000| PB 0x00000000e7b00000| Untracked 
| 636|0x00000000e7c00000, 0x00000000e7d00000, 0x00000000e7d00000|100%| O|  |TAMS 0x00000000e7d00000| PB 0x00000000e7c00000| Untracked 
| 637|0x00000000e7d00000, 0x00000000e7e00000, 0x00000000e7e00000|100%| O|  |TAMS 0x00000000e7d00000| PB 0x00000000e7d00000| Untracked 
| 638|0x00000000e7e00000, 0x00000000e7f00000, 0x00000000e7f00000|100%| O|  |TAMS 0x00000000e7f00000| PB 0x00000000e7e00000| Untracked 
| 639|0x00000000e7f00000, 0x00000000e8000000, 0x00000000e8000000|100%| O|  |TAMS 0x00000000e7f00000| PB 0x00000000e7f00000| Untracked 
| 640|0x00000000e8000000, 0x00000000e8100000, 0x00000000e8100000|100%| O|  |TAMS 0x00000000e8100000| PB 0x00000000e8000000| Untracked 
| 641|0x00000000e8100000, 0x00000000e8200000, 0x00000000e8200000|100%| O|  |TAMS 0x00000000e8200000| PB 0x00000000e8100000| Untracked 
| 642|0x00000000e8200000, 0x00000000e8300000, 0x00000000e8300000|100%| O|  |TAMS 0x00000000e8300000| PB 0x00000000e8200000| Untracked 
| 643|0x00000000e8300000, 0x00000000e8400000, 0x00000000e8400000|100%| O|  |TAMS 0x00000000e8400000| PB 0x00000000e8300000| Untracked 
| 644|0x00000000e8400000, 0x00000000e8500000, 0x00000000e8500000|100%| O|  |TAMS 0x00000000e8500000| PB 0x00000000e8400000| Untracked 
| 645|0x00000000e8500000, 0x00000000e8600000, 0x00000000e8600000|100%| O|  |TAMS 0x00000000e8600000| PB 0x00000000e8500000| Untracked 
| 646|0x00000000e8600000, 0x00000000e8700000, 0x00000000e8700000|100%| O|  |TAMS 0x00000000e8700000| PB 0x00000000e8600000| Untracked 
| 647|0x00000000e8700000, 0x00000000e8800000, 0x00000000e8800000|100%| O|  |TAMS 0x00000000e8800000| PB 0x00000000e8700000| Untracked 
| 648|0x00000000e8800000, 0x00000000e8900000, 0x00000000e8900000|100%| O|  |TAMS 0x00000000e8900000| PB 0x00000000e8800000| Untracked 
| 649|0x00000000e8900000, 0x00000000e8a00000, 0x00000000e8a00000|100%| O|  |TAMS 0x00000000e8a00000| PB 0x00000000e8900000| Untracked 
| 650|0x00000000e8a00000, 0x00000000e8b00000, 0x00000000e8b00000|100%| O|  |TAMS 0x00000000e8a00000| PB 0x00000000e8a00000| Untracked 
| 651|0x00000000e8b00000, 0x00000000e8c00000, 0x00000000e8c00000|100%| O|  |TAMS 0x00000000e8b00000| PB 0x00000000e8b00000| Untracked 
| 652|0x00000000e8c00000, 0x00000000e8d00000, 0x00000000e8d00000|100%| O|  |TAMS 0x00000000e8d00000| PB 0x00000000e8c00000| Untracked 
| 653|0x00000000e8d00000, 0x00000000e8e00000, 0x00000000e8e00000|100%| O|  |TAMS 0x00000000e8e00000| PB 0x00000000e8d00000| Untracked 
| 654|0x00000000e8e00000, 0x00000000e8f00000, 0x00000000e8f00000|100%| O|  |TAMS 0x00000000e8f00000| PB 0x00000000e8e00000| Untracked 
| 655|0x00000000e8f00000, 0x00000000e9000000, 0x00000000e9000000|100%| O|  |TAMS 0x00000000e8f00000| PB 0x00000000e8f00000| Untracked 
| 656|0x00000000e9000000, 0x00000000e9100000, 0x00000000e9100000|100%| O|  |TAMS 0x00000000e9100000| PB 0x00000000e9000000| Untracked 
| 657|0x00000000e9100000, 0x00000000e9200000, 0x00000000e9200000|100%| O|  |TAMS 0x00000000e9100000| PB 0x00000000e9100000| Untracked 
| 658|0x00000000e9200000, 0x00000000e9300000, 0x00000000e9300000|100%| O|  |TAMS 0x00000000e9300000| PB 0x00000000e9200000| Untracked 
| 659|0x00000000e9300000, 0x00000000e9400000, 0x00000000e9400000|100%| O|  |TAMS 0x00000000e9400000| PB 0x00000000e9300000| Untracked 
| 660|0x00000000e9400000, 0x00000000e9500000, 0x00000000e9500000|100%| O|  |TAMS 0x00000000e9500000| PB 0x00000000e9400000| Untracked 
| 661|0x00000000e9500000, 0x00000000e9600000, 0x00000000e9600000|100%| O|  |TAMS 0x00000000e9600000| PB 0x00000000e9500000| Untracked 
| 662|0x00000000e9600000, 0x00000000e9700000, 0x00000000e9700000|100%| O|  |TAMS 0x00000000e9700000| PB 0x00000000e9600000| Untracked 
| 663|0x00000000e9700000, 0x00000000e9800000, 0x00000000e9800000|100%| O|  |TAMS 0x00000000e9800000| PB 0x00000000e9700000| Untracked 
| 664|0x00000000e9800000, 0x00000000e9900000, 0x00000000e9900000|100%| O|  |TAMS 0x00000000e9900000| PB 0x00000000e9800000| Untracked 
| 665|0x00000000e9900000, 0x00000000e9a00000, 0x00000000e9a00000|100%| O|  |TAMS 0x00000000e9a00000| PB 0x00000000e9900000| Untracked 
| 666|0x00000000e9a00000, 0x00000000e9b00000, 0x00000000e9b00000|100%| O|  |TAMS 0x00000000e9b00000| PB 0x00000000e9a00000| Untracked 
| 667|0x00000000e9b00000, 0x00000000e9c00000, 0x00000000e9c00000|100%| O|  |TAMS 0x00000000e9c00000| PB 0x00000000e9b00000| Untracked 
| 668|0x00000000e9c00000, 0x00000000e9d00000, 0x00000000e9d00000|100%|HS|  |TAMS 0x00000000e9c00000| PB 0x00000000e9c00000| Complete 
| 669|0x00000000e9d00000, 0x00000000e9e00000, 0x00000000e9e00000|100%|HC|  |TAMS 0x00000000e9d00000| PB 0x00000000e9d00000| Complete 
| 670|0x00000000e9e00000, 0x00000000e9f00000, 0x00000000e9f00000|100%| O|  |TAMS 0x00000000e9f00000| PB 0x00000000e9e00000| Untracked 
| 671|0x00000000e9f00000, 0x00000000ea000000, 0x00000000ea000000|100%| O|  |TAMS 0x00000000ea000000| PB 0x00000000e9f00000| Untracked 
| 672|0x00000000ea000000, 0x00000000ea100000, 0x00000000ea100000|100%| O|  |TAMS 0x00000000ea100000| PB 0x00000000ea000000| Untracked 
| 673|0x00000000ea100000, 0x00000000ea200000, 0x00000000ea200000|100%| O|  |TAMS 0x00000000ea200000| PB 0x00000000ea100000| Untracked 
| 674|0x00000000ea200000, 0x00000000ea300000, 0x00000000ea300000|100%| O|  |TAMS 0x00000000ea300000| PB 0x00000000ea200000| Untracked 
| 675|0x00000000ea300000, 0x00000000ea400000, 0x00000000ea400000|100%| O|  |TAMS 0x00000000ea400000| PB 0x00000000ea300000| Untracked 
| 676|0x00000000ea400000, 0x00000000ea500000, 0x00000000ea500000|100%| O|  |TAMS 0x00000000ea500000| PB 0x00000000ea400000| Untracked 
| 677|0x00000000ea500000, 0x00000000ea600000, 0x00000000ea600000|100%| O|  |TAMS 0x00000000ea600000| PB 0x00000000ea500000| Untracked 
| 678|0x00000000ea600000, 0x00000000ea700000, 0x00000000ea700000|100%| O|  |TAMS 0x00000000ea700000| PB 0x00000000ea600000| Untracked 
| 679|0x00000000ea700000, 0x00000000ea800000, 0x00000000ea800000|100%| O|  |TAMS 0x00000000ea800000| PB 0x00000000ea700000| Untracked 
| 680|0x00000000ea800000, 0x00000000ea900000, 0x00000000ea900000|100%| O|  |TAMS 0x00000000ea900000| PB 0x00000000ea800000| Untracked 
| 681|0x00000000ea900000, 0x00000000eaa00000, 0x00000000eaa00000|100%| O|  |TAMS 0x00000000eaa00000| PB 0x00000000ea900000| Untracked 
| 682|0x00000000eaa00000, 0x00000000eab00000, 0x00000000eab00000|100%| O|  |TAMS 0x00000000eab00000| PB 0x00000000eaa00000| Untracked 
| 683|0x00000000eab00000, 0x00000000eac00000, 0x00000000eac00000|100%| O|  |TAMS 0x00000000eac00000| PB 0x00000000eab00000| Untracked 
| 684|0x00000000eac00000, 0x00000000ead00000, 0x00000000ead00000|100%| O|  |TAMS 0x00000000ead00000| PB 0x00000000eac00000| Untracked 
| 685|0x00000000ead00000, 0x00000000eae00000, 0x00000000eae00000|100%| O|  |TAMS 0x00000000eae00000| PB 0x00000000ead00000| Untracked 
| 686|0x00000000eae00000, 0x00000000eaf00000, 0x00000000eaf00000|100%| O|  |TAMS 0x00000000eae00000| PB 0x00000000eae00000| Untracked 
| 687|0x00000000eaf00000, 0x00000000eb000000, 0x00000000eb000000|100%| O|  |TAMS 0x00000000eaf00000| PB 0x00000000eaf00000| Untracked 
| 688|0x00000000eb000000, 0x00000000eb100000, 0x00000000eb100000|100%| O|  |TAMS 0x00000000eb100000| PB 0x00000000eb000000| Untracked 
| 689|0x00000000eb100000, 0x00000000eb200000, 0x00000000eb200000|100%| O|  |TAMS 0x00000000eb200000| PB 0x00000000eb100000| Untracked 
| 690|0x00000000eb200000, 0x00000000eb300000, 0x00000000eb300000|100%| O|  |TAMS 0x00000000eb300000| PB 0x00000000eb200000| Untracked 
| 691|0x00000000eb300000, 0x00000000eb400000, 0x00000000eb400000|100%| O|  |TAMS 0x00000000eb400000| PB 0x00000000eb300000| Untracked 
| 692|0x00000000eb400000, 0x00000000eb500000, 0x00000000eb500000|100%| O|  |TAMS 0x00000000eb500000| PB 0x00000000eb400000| Untracked 
| 693|0x00000000eb500000, 0x00000000eb600000, 0x00000000eb600000|100%| O|  |TAMS 0x00000000eb600000| PB 0x00000000eb500000| Untracked 
| 694|0x00000000eb600000, 0x00000000eb700000, 0x00000000eb700000|100%| O|  |TAMS 0x00000000eb700000| PB 0x00000000eb600000| Untracked 
| 695|0x00000000eb700000, 0x00000000eb800000, 0x00000000eb800000|100%| O|  |TAMS 0x00000000eb800000| PB 0x00000000eb700000| Untracked 
| 696|0x00000000eb800000, 0x00000000eb900000, 0x00000000eb900000|100%| O|  |TAMS 0x00000000eb900000| PB 0x00000000eb800000| Untracked 
| 697|0x00000000eb900000, 0x00000000eba00000, 0x00000000eba00000|100%| O|  |TAMS 0x00000000eba00000| PB 0x00000000eb900000| Untracked 
| 698|0x00000000eba00000, 0x00000000ebb00000, 0x00000000ebb00000|100%| O|  |TAMS 0x00000000ebb00000| PB 0x00000000eba00000| Untracked 
| 699|0x00000000ebb00000, 0x00000000ebc00000, 0x00000000ebc00000|100%| O|  |TAMS 0x00000000ebc00000| PB 0x00000000ebb00000| Untracked 
| 700|0x00000000ebc00000, 0x00000000ebd00000, 0x00000000ebd00000|100%| O|  |TAMS 0x00000000ebc00000| PB 0x00000000ebc00000| Untracked 
| 701|0x00000000ebd00000, 0x00000000ebe00000, 0x00000000ebe00000|100%| O|  |TAMS 0x00000000ebe00000| PB 0x00000000ebd00000| Untracked 
| 702|0x00000000ebe00000, 0x00000000ebf00000, 0x00000000ebf00000|100%| O|  |TAMS 0x00000000ebe00000| PB 0x00000000ebe00000| Untracked 
| 703|0x00000000ebf00000, 0x00000000ec000000, 0x00000000ec000000|100%| O|  |TAMS 0x00000000ec000000| PB 0x00000000ebf00000| Untracked 
| 704|0x00000000ec000000, 0x00000000ec100000, 0x00000000ec100000|100%| O|  |TAMS 0x00000000ec000000| PB 0x00000000ec000000| Untracked 
| 705|0x00000000ec100000, 0x00000000ec200000, 0x00000000ec200000|100%| O|  |TAMS 0x00000000ec200000| PB 0x00000000ec100000| Untracked 
| 706|0x00000000ec200000, 0x00000000ec300000, 0x00000000ec300000|100%| O|  |TAMS 0x00000000ec200000| PB 0x00000000ec200000| Untracked 
| 707|0x00000000ec300000, 0x00000000ec400000, 0x00000000ec400000|100%| O|  |TAMS 0x00000000ec300000| PB 0x00000000ec300000| Untracked 
| 708|0x00000000ec400000, 0x00000000ec500000, 0x00000000ec500000|100%| O|  |TAMS 0x00000000ec400000| PB 0x00000000ec400000| Untracked 
| 709|0x00000000ec500000, 0x00000000ec600000, 0x00000000ec600000|100%| O|  |TAMS 0x00000000ec500000| PB 0x00000000ec500000| Untracked 
| 710|0x00000000ec600000, 0x00000000ec700000, 0x00000000ec700000|100%| O|  |TAMS 0x00000000ec700000| PB 0x00000000ec600000| Untracked 
| 711|0x00000000ec700000, 0x00000000ec800000, 0x00000000ec800000|100%| O|  |TAMS 0x00000000ec700000| PB 0x00000000ec700000| Untracked 
| 712|0x00000000ec800000, 0x00000000ec900000, 0x00000000ec900000|100%| O|  |TAMS 0x00000000ec900000| PB 0x00000000ec800000| Untracked 
| 713|0x00000000ec900000, 0x00000000eca00000, 0x00000000eca00000|100%| O|  |TAMS 0x00000000eca00000| PB 0x00000000ec900000| Untracked 
| 714|0x00000000eca00000, 0x00000000ecb00000, 0x00000000ecb00000|100%| O|  |TAMS 0x00000000ecb00000| PB 0x00000000eca00000| Untracked 
| 715|0x00000000ecb00000, 0x00000000ecc00000, 0x00000000ecc00000|100%| O|  |TAMS 0x00000000ecc00000| PB 0x00000000ecb00000| Untracked 
| 716|0x00000000ecc00000, 0x00000000ecd00000, 0x00000000ecd00000|100%| O|  |TAMS 0x00000000ecd00000| PB 0x00000000ecc00000| Untracked 
| 717|0x00000000ecd00000, 0x00000000ece00000, 0x00000000ece00000|100%| O|  |TAMS 0x00000000ece00000| PB 0x00000000ecd00000| Untracked 
| 718|0x00000000ece00000, 0x00000000ecf00000, 0x00000000ecf00000|100%| O|  |TAMS 0x00000000ecf00000| PB 0x00000000ece00000| Untracked 
| 719|0x00000000ecf00000, 0x00000000ed000000, 0x00000000ed000000|100%| O|  |TAMS 0x00000000ed000000| PB 0x00000000ecf00000| Untracked 
| 720|0x00000000ed000000, 0x00000000ed100000, 0x00000000ed100000|100%| O|  |TAMS 0x00000000ed000000| PB 0x00000000ed000000| Untracked 
| 721|0x00000000ed100000, 0x00000000ed200000, 0x00000000ed200000|100%| O|  |TAMS 0x00000000ed200000| PB 0x00000000ed100000| Untracked 
| 722|0x00000000ed200000, 0x00000000ed300000, 0x00000000ed300000|100%| O|  |TAMS 0x00000000ed200000| PB 0x00000000ed200000| Untracked 
| 723|0x00000000ed300000, 0x00000000ed400000, 0x00000000ed400000|100%| O|  |TAMS 0x00000000ed300000| PB 0x00000000ed300000| Untracked 
| 724|0x00000000ed400000, 0x00000000ed500000, 0x00000000ed500000|100%| O|  |TAMS 0x00000000ed400000| PB 0x00000000ed400000| Untracked 
| 725|0x00000000ed500000, 0x00000000ed600000, 0x00000000ed600000|100%| O|  |TAMS 0x00000000ed500000| PB 0x00000000ed500000| Untracked 
| 726|0x00000000ed600000, 0x00000000ed700000, 0x00000000ed700000|100%| O|  |TAMS 0x00000000ed600000| PB 0x00000000ed600000| Untracked 
| 727|0x00000000ed700000, 0x00000000ed800000, 0x00000000ed800000|100%| O|  |TAMS 0x00000000ed800000| PB 0x00000000ed700000| Untracked 
| 728|0x00000000ed800000, 0x00000000ed900000, 0x00000000ed900000|100%| O|  |TAMS 0x00000000ed900000| PB 0x00000000ed800000| Untracked 
| 729|0x00000000ed900000, 0x00000000eda00000, 0x00000000eda00000|100%| O|  |TAMS 0x00000000eda00000| PB 0x00000000ed900000| Untracked 
| 730|0x00000000eda00000, 0x00000000edb00000, 0x00000000edb00000|100%| O|  |TAMS 0x00000000edb00000| PB 0x00000000eda00000| Untracked 
| 731|0x00000000edb00000, 0x00000000edc00000, 0x00000000edc00000|100%| O|  |TAMS 0x00000000edc00000| PB 0x00000000edb00000| Untracked 
| 732|0x00000000edc00000, 0x00000000edd00000, 0x00000000edd00000|100%| O|  |TAMS 0x00000000edd00000| PB 0x00000000edc00000| Untracked 
| 733|0x00000000edd00000, 0x00000000ede00000, 0x00000000ede00000|100%| O|  |TAMS 0x00000000ede00000| PB 0x00000000edd00000| Untracked 
| 734|0x00000000ede00000, 0x00000000edf00000, 0x00000000edf00000|100%| O|  |TAMS 0x00000000edf00000| PB 0x00000000ede00000| Untracked 
| 735|0x00000000edf00000, 0x00000000ee000000, 0x00000000ee000000|100%| O|  |TAMS 0x00000000edf00000| PB 0x00000000edf00000| Untracked 
| 736|0x00000000ee000000, 0x00000000ee100000, 0x00000000ee100000|100%| O|  |TAMS 0x00000000ee000000| PB 0x00000000ee000000| Untracked 
| 737|0x00000000ee100000, 0x00000000ee200000, 0x00000000ee200000|100%| O|  |TAMS 0x00000000ee100000| PB 0x00000000ee100000| Untracked 
| 738|0x00000000ee200000, 0x00000000ee300000, 0x00000000ee300000|100%| O|  |TAMS 0x00000000ee200000| PB 0x00000000ee200000| Untracked 
| 739|0x00000000ee300000, 0x00000000ee400000, 0x00000000ee400000|100%| O|  |TAMS 0x00000000ee400000| PB 0x00000000ee300000| Untracked 
| 740|0x00000000ee400000, 0x00000000ee500000, 0x00000000ee500000|100%| O|  |TAMS 0x00000000ee500000| PB 0x00000000ee400000| Untracked 
| 741|0x00000000ee500000, 0x00000000ee600000, 0x00000000ee600000|100%| O|  |TAMS 0x00000000ee600000| PB 0x00000000ee500000| Untracked 
| 742|0x00000000ee600000, 0x00000000ee700000, 0x00000000ee700000|100%| O|  |TAMS 0x00000000ee700000| PB 0x00000000ee600000| Untracked 
| 743|0x00000000ee700000, 0x00000000ee800000, 0x00000000ee800000|100%| O|  |TAMS 0x00000000ee800000| PB 0x00000000ee700000| Untracked 
| 744|0x00000000ee800000, 0x00000000ee900000, 0x00000000ee900000|100%| O|  |TAMS 0x00000000ee900000| PB 0x00000000ee800000| Untracked 
| 745|0x00000000ee900000, 0x00000000eea00000, 0x00000000eea00000|100%| O|  |TAMS 0x00000000ee900000| PB 0x00000000ee900000| Untracked 
| 746|0x00000000eea00000, 0x00000000eeb00000, 0x00000000eeb00000|100%| O|  |TAMS 0x00000000eea00000| PB 0x00000000eea00000| Untracked 
| 747|0x00000000eeb00000, 0x00000000eec00000, 0x00000000eec00000|100%| O|  |TAMS 0x00000000eec00000| PB 0x00000000eeb00000| Untracked 
| 748|0x00000000eec00000, 0x00000000eed00000, 0x00000000eed00000|100%| O|  |TAMS 0x00000000eed00000| PB 0x00000000eec00000| Untracked 
| 749|0x00000000eed00000, 0x00000000eee00000, 0x00000000eee00000|100%| O|  |TAMS 0x00000000eee00000| PB 0x00000000eed00000| Untracked 
| 750|0x00000000eee00000, 0x00000000eef00000, 0x00000000eef00000|100%| O|  |TAMS 0x00000000eef00000| PB 0x00000000eee00000| Untracked 
| 751|0x00000000eef00000, 0x00000000ef000000, 0x00000000ef000000|100%| O|  |TAMS 0x00000000ef000000| PB 0x00000000eef00000| Untracked 
| 752|0x00000000ef000000, 0x00000000ef100000, 0x00000000ef100000|100%| O|  |TAMS 0x00000000ef000000| PB 0x00000000ef000000| Untracked 
| 753|0x00000000ef100000, 0x00000000ef200000, 0x00000000ef200000|100%| O|  |TAMS 0x00000000ef100000| PB 0x00000000ef100000| Untracked 
| 754|0x00000000ef200000, 0x00000000ef300000, 0x00000000ef300000|100%|HS|  |TAMS 0x00000000ef300000| PB 0x00000000ef200000| Complete 
| 755|0x00000000ef300000, 0x00000000ef400000, 0x00000000ef400000|100%|HC|  |TAMS 0x00000000ef400000| PB 0x00000000ef300000| Complete 
| 756|0x00000000ef400000, 0x00000000ef500000, 0x00000000ef500000|100%|HC|  |TAMS 0x00000000ef500000| PB 0x00000000ef400000| Complete 
| 757|0x00000000ef500000, 0x00000000ef600000, 0x00000000ef600000|100%|HC|  |TAMS 0x00000000ef600000| PB 0x00000000ef500000| Complete 
| 758|0x00000000ef600000, 0x00000000ef700000, 0x00000000ef700000|100%|HC|  |TAMS 0x00000000ef700000| PB 0x00000000ef600000| Complete 
| 759|0x00000000ef700000, 0x00000000ef800000, 0x00000000ef800000|100%|HC|  |TAMS 0x00000000ef800000| PB 0x00000000ef700000| Complete 
| 760|0x00000000ef800000, 0x00000000ef900000, 0x00000000ef900000|100%|HC|  |TAMS 0x00000000ef900000| PB 0x00000000ef800000| Complete 
| 761|0x00000000ef900000, 0x00000000efa00000, 0x00000000efa00000|100%|HC|  |TAMS 0x00000000efa00000| PB 0x00000000ef900000| Complete 
| 762|0x00000000efa00000, 0x00000000efb00000, 0x00000000efb00000|100%|HC|  |TAMS 0x00000000efb00000| PB 0x00000000efa00000| Complete 
| 763|0x00000000efb00000, 0x00000000efc00000, 0x00000000efc00000|100%|HC|  |TAMS 0x00000000efc00000| PB 0x00000000efb00000| Complete 
| 764|0x00000000efc00000, 0x00000000efd00000, 0x00000000efd00000|100%|HS|  |TAMS 0x00000000efd00000| PB 0x00000000efc00000| Complete 
| 765|0x00000000efd00000, 0x00000000efe00000, 0x00000000efe00000|100%|HC|  |TAMS 0x00000000efe00000| PB 0x00000000efd00000| Complete 
| 766|0x00000000efe00000, 0x00000000eff00000, 0x00000000eff00000|100%|HC|  |TAMS 0x00000000eff00000| PB 0x00000000efe00000| Complete 
| 767|0x00000000eff00000, 0x00000000f0000000, 0x00000000f0000000|100%|HC|  |TAMS 0x00000000f0000000| PB 0x00000000eff00000| Complete 
| 768|0x00000000f0000000, 0x00000000f0100000, 0x00000000f0100000|100%|HC|  |TAMS 0x00000000f0100000| PB 0x00000000f0000000| Complete 
| 769|0x00000000f0100000, 0x00000000f0200000, 0x00000000f0200000|100%|HC|  |TAMS 0x00000000f0200000| PB 0x00000000f0100000| Complete 
| 770|0x00000000f0200000, 0x00000000f0300000, 0x00000000f0300000|100%|HC|  |TAMS 0x00000000f0300000| PB 0x00000000f0200000| Complete 
| 771|0x00000000f0300000, 0x00000000f0400000, 0x00000000f0400000|100%|HS|  |TAMS 0x00000000f0400000| PB 0x00000000f0300000| Complete 
| 772|0x00000000f0400000, 0x00000000f0500000, 0x00000000f0500000|100%|HC|  |TAMS 0x00000000f0500000| PB 0x00000000f0400000| Complete 
| 773|0x00000000f0500000, 0x00000000f0600000, 0x00000000f0600000|100%|HC|  |TAMS 0x00000000f0600000| PB 0x00000000f0500000| Complete 
| 774|0x00000000f0600000, 0x00000000f0700000, 0x00000000f0700000|100%|HC|  |TAMS 0x00000000f0700000| PB 0x00000000f0600000| Complete 
| 775|0x00000000f0700000, 0x00000000f0800000, 0x00000000f0800000|100%|HC|  |TAMS 0x00000000f0800000| PB 0x00000000f0700000| Complete 
| 776|0x00000000f0800000, 0x00000000f0900000, 0x00000000f0900000|100%|HC|  |TAMS 0x00000000f0900000| PB 0x00000000f0800000| Complete 
| 777|0x00000000f0900000, 0x00000000f0a00000, 0x00000000f0a00000|100%|HC|  |TAMS 0x00000000f0a00000| PB 0x00000000f0900000| Complete 
| 778|0x00000000f0a00000, 0x00000000f0b00000, 0x00000000f0b00000|100%|HC|  |TAMS 0x00000000f0b00000| PB 0x00000000f0a00000| Complete 
| 779|0x00000000f0b00000, 0x00000000f0c00000, 0x00000000f0c00000|100%|HC|  |TAMS 0x00000000f0c00000| PB 0x00000000f0b00000| Complete 
| 780|0x00000000f0c00000, 0x00000000f0d00000, 0x00000000f0d00000|100%|HC|  |TAMS 0x00000000f0d00000| PB 0x00000000f0c00000| Complete 
| 781|0x00000000f0d00000, 0x00000000f0e00000, 0x00000000f0e00000|100%|HC|  |TAMS 0x00000000f0e00000| PB 0x00000000f0d00000| Complete 
| 782|0x00000000f0e00000, 0x00000000f0f00000, 0x00000000f0f00000|100%|HC|  |TAMS 0x00000000f0f00000| PB 0x00000000f0e00000| Complete 
| 783|0x00000000f0f00000, 0x00000000f1000000, 0x00000000f1000000|100%|HC|  |TAMS 0x00000000f1000000| PB 0x00000000f0f00000| Complete 
| 784|0x00000000f1000000, 0x00000000f1100000, 0x00000000f1100000|100%|HC|  |TAMS 0x00000000f1100000| PB 0x00000000f1000000| Complete 
| 785|0x00000000f1100000, 0x00000000f1200000, 0x00000000f1200000|100%| O|  |TAMS 0x00000000f1100000| PB 0x00000000f1100000| Untracked 
| 786|0x00000000f1200000, 0x00000000f1300000, 0x00000000f1300000|100%| O|  |TAMS 0x00000000f1200000| PB 0x00000000f1200000| Untracked 
| 787|0x00000000f1300000, 0x00000000f1400000, 0x00000000f1400000|100%| O|  |TAMS 0x00000000f1300000| PB 0x00000000f1300000| Untracked 
| 788|0x00000000f1400000, 0x00000000f1500000, 0x00000000f1500000|100%| O|  |TAMS 0x00000000f1400000| PB 0x00000000f1400000| Untracked 
| 789|0x00000000f1500000, 0x00000000f1600000, 0x00000000f1600000|100%| O|  |TAMS 0x00000000f1500000| PB 0x00000000f1500000| Untracked 
| 790|0x00000000f1600000, 0x00000000f1700000, 0x00000000f1700000|100%| O|  |TAMS 0x00000000f1600000| PB 0x00000000f1600000| Untracked 
| 791|0x00000000f1700000, 0x00000000f1800000, 0x00000000f1800000|100%| O|  |TAMS 0x00000000f1700000| PB 0x00000000f1700000| Untracked 
| 792|0x00000000f1800000, 0x00000000f1900000, 0x00000000f1900000|100%| O|  |TAMS 0x00000000f1800000| PB 0x00000000f1800000| Untracked 
| 793|0x00000000f1900000, 0x00000000f1a00000, 0x00000000f1a00000|100%| O|  |TAMS 0x00000000f1900000| PB 0x00000000f1900000| Untracked 
| 794|0x00000000f1a00000, 0x00000000f1b00000, 0x00000000f1b00000|100%| O|  |TAMS 0x00000000f1a00000| PB 0x00000000f1a00000| Untracked 
| 795|0x00000000f1b00000, 0x00000000f1c00000, 0x00000000f1c00000|100%| O|  |TAMS 0x00000000f1b00000| PB 0x00000000f1b00000| Untracked 
| 796|0x00000000f1c00000, 0x00000000f1d00000, 0x00000000f1d00000|100%| O|  |TAMS 0x00000000f1c00000| PB 0x00000000f1c00000| Untracked 
| 797|0x00000000f1d00000, 0x00000000f1e00000, 0x00000000f1e00000|100%| O|  |TAMS 0x00000000f1d00000| PB 0x00000000f1d00000| Untracked 
| 798|0x00000000f1e00000, 0x00000000f1f00000, 0x00000000f1f00000|100%| O|  |TAMS 0x00000000f1e00000| PB 0x00000000f1e00000| Untracked 
| 799|0x00000000f1f00000, 0x00000000f2000000, 0x00000000f2000000|100%| O|  |TAMS 0x00000000f1f00000| PB 0x00000000f1f00000| Untracked 
| 800|0x00000000f2000000, 0x00000000f2100000, 0x00000000f2100000|100%| O|  |TAMS 0x00000000f2000000| PB 0x00000000f2000000| Untracked 
| 801|0x00000000f2100000, 0x00000000f2200000, 0x00000000f2200000|100%| O|  |TAMS 0x00000000f2100000| PB 0x00000000f2100000| Untracked 
| 802|0x00000000f2200000, 0x00000000f2300000, 0x00000000f2300000|100%| O|  |TAMS 0x00000000f2200000| PB 0x00000000f2200000| Untracked 
| 803|0x00000000f2300000, 0x00000000f2400000, 0x00000000f2400000|100%| O|  |TAMS 0x00000000f2300000| PB 0x00000000f2300000| Untracked 
| 804|0x00000000f2400000, 0x00000000f2500000, 0x00000000f2500000|100%| O|  |TAMS 0x00000000f2400000| PB 0x00000000f2400000| Untracked 
| 805|0x00000000f2500000, 0x00000000f2600000, 0x00000000f2600000|100%| O|  |TAMS 0x00000000f2500000| PB 0x00000000f2500000| Untracked 
| 806|0x00000000f2600000, 0x00000000f2700000, 0x00000000f2700000|100%| O|  |TAMS 0x00000000f2600000| PB 0x00000000f2600000| Untracked 
| 807|0x00000000f2700000, 0x00000000f2800000, 0x00000000f2800000|100%| O|  |TAMS 0x00000000f2700000| PB 0x00000000f2700000| Untracked 
| 808|0x00000000f2800000, 0x00000000f2900000, 0x00000000f2900000|100%| O|  |TAMS 0x00000000f2800000| PB 0x00000000f2800000| Untracked 
| 809|0x00000000f2900000, 0x00000000f2a00000, 0x00000000f2a00000|100%| O|  |TAMS 0x00000000f2900000| PB 0x00000000f2900000| Untracked 
| 810|0x00000000f2a00000, 0x00000000f2b00000, 0x00000000f2b00000|100%|HS|  |TAMS 0x00000000f2a00000| PB 0x00000000f2a00000| Complete 
| 811|0x00000000f2b00000, 0x00000000f2c00000, 0x00000000f2c00000|100%|HC|  |TAMS 0x00000000f2b00000| PB 0x00000000f2b00000| Complete 
| 812|0x00000000f2c00000, 0x00000000f2d00000, 0x00000000f2d00000|100%| O|  |TAMS 0x00000000f2c00000| PB 0x00000000f2c00000| Untracked 
| 813|0x00000000f2d00000, 0x00000000f2e00000, 0x00000000f2e00000|100%| O|  |TAMS 0x00000000f2d00000| PB 0x00000000f2d00000| Untracked 
| 814|0x00000000f2e00000, 0x00000000f2f00000, 0x00000000f2f00000|100%| O|  |TAMS 0x00000000f2e00000| PB 0x00000000f2e00000| Untracked 
| 815|0x00000000f2f00000, 0x00000000f3000000, 0x00000000f3000000|100%| O|  |TAMS 0x00000000f2f00000| PB 0x00000000f2f00000| Untracked 
| 816|0x00000000f3000000, 0x00000000f3100000, 0x00000000f3100000|100%| O|  |TAMS 0x00000000f3000000| PB 0x00000000f3000000| Untracked 
| 817|0x00000000f3100000, 0x00000000f3200000, 0x00000000f3200000|100%| O|  |TAMS 0x00000000f3100000| PB 0x00000000f3100000| Untracked 
| 818|0x00000000f3200000, 0x00000000f3300000, 0x00000000f3300000|100%| O|  |TAMS 0x00000000f3200000| PB 0x00000000f3200000| Untracked 
| 819|0x00000000f3300000, 0x00000000f3400000, 0x00000000f3400000|100%| O|  |TAMS 0x00000000f3300000| PB 0x00000000f3300000| Untracked 
| 820|0x00000000f3400000, 0x00000000f3500000, 0x00000000f3500000|100%| O|  |TAMS 0x00000000f3400000| PB 0x00000000f3400000| Untracked 
| 821|0x00000000f3500000, 0x00000000f3600000, 0x00000000f3600000|100%| O|  |TAMS 0x00000000f3500000| PB 0x00000000f3500000| Untracked 
| 822|0x00000000f3600000, 0x00000000f367b0c0, 0x00000000f3700000| 48%| O|  |TAMS 0x00000000f3600000| PB 0x00000000f3600000| Untracked 
| 823|0x00000000f3700000, 0x00000000f3700000, 0x00000000f3800000|  0%| F|  |TAMS 0x00000000f3700000| PB 0x00000000f3700000| Untracked 
| 824|0x00000000f3800000, 0x00000000f3800000, 0x00000000f3900000|  0%| F|  |TAMS 0x00000000f3800000| PB 0x00000000f3800000| Untracked 
| 825|0x00000000f3900000, 0x00000000f3900000, 0x00000000f3a00000|  0%| F|  |TAMS 0x00000000f3900000| PB 0x00000000f3900000| Untracked 
| 826|0x00000000f3a00000, 0x00000000f3a00000, 0x00000000f3b00000|  0%| F|  |TAMS 0x00000000f3a00000| PB 0x00000000f3a00000| Untracked 
| 827|0x00000000f3b00000, 0x00000000f3b00000, 0x00000000f3c00000|  0%| F|  |TAMS 0x00000000f3b00000| PB 0x00000000f3b00000| Untracked 
| 828|0x00000000f3c00000, 0x00000000f3c00000, 0x00000000f3d00000|  0%| F|  |TAMS 0x00000000f3c00000| PB 0x00000000f3c00000| Untracked 
| 829|0x00000000f3d00000, 0x00000000f3d00000, 0x00000000f3e00000|  0%| F|  |TAMS 0x00000000f3d00000| PB 0x00000000f3d00000| Untracked 
| 830|0x00000000f3e00000, 0x00000000f3e00000, 0x00000000f3f00000|  0%| F|  |TAMS 0x00000000f3e00000| PB 0x00000000f3e00000| Untracked 
| 831|0x00000000f3f00000, 0x00000000f3f00000, 0x00000000f4000000|  0%| F|  |TAMS 0x00000000f3f00000| PB 0x00000000f3f00000| Untracked 
| 832|0x00000000f4000000, 0x00000000f4000000, 0x00000000f4100000|  0%| F|  |TAMS 0x00000000f4000000| PB 0x00000000f4000000| Untracked 
| 833|0x00000000f4100000, 0x00000000f4100000, 0x00000000f4200000|  0%| F|  |TAMS 0x00000000f4100000| PB 0x00000000f4100000| Untracked 
| 834|0x00000000f4200000, 0x00000000f4200000, 0x00000000f4300000|  0%| F|  |TAMS 0x00000000f4200000| PB 0x00000000f4200000| Untracked 
| 835|0x00000000f4300000, 0x00000000f4300000, 0x00000000f4400000|  0%| F|  |TAMS 0x00000000f4300000| PB 0x00000000f4300000| Untracked 
| 836|0x00000000f4400000, 0x00000000f4400000, 0x00000000f4500000|  0%| F|  |TAMS 0x00000000f4400000| PB 0x00000000f4400000| Untracked 
| 837|0x00000000f4500000, 0x00000000f4500000, 0x00000000f4600000|  0%| F|  |TAMS 0x00000000f4500000| PB 0x00000000f4500000| Untracked 
| 838|0x00000000f4600000, 0x00000000f4600000, 0x00000000f4700000|  0%| F|  |TAMS 0x00000000f4600000| PB 0x00000000f4600000| Untracked 
| 839|0x00000000f4700000, 0x00000000f4700000, 0x00000000f4800000|  0%| F|  |TAMS 0x00000000f4700000| PB 0x00000000f4700000| Untracked 
| 840|0x00000000f4800000, 0x00000000f4800000, 0x00000000f4900000|  0%| F|  |TAMS 0x00000000f4800000| PB 0x00000000f4800000| Untracked 
| 841|0x00000000f4900000, 0x00000000f4900000, 0x00000000f4a00000|  0%| F|  |TAMS 0x00000000f4900000| PB 0x00000000f4900000| Untracked 
| 842|0x00000000f4a00000, 0x00000000f4a00000, 0x00000000f4b00000|  0%| F|  |TAMS 0x00000000f4a00000| PB 0x00000000f4a00000| Untracked 
| 843|0x00000000f4b00000, 0x00000000f4b00000, 0x00000000f4c00000|  0%| F|  |TAMS 0x00000000f4b00000| PB 0x00000000f4b00000| Untracked 
| 844|0x00000000f4c00000, 0x00000000f4c00000, 0x00000000f4d00000|  0%| F|  |TAMS 0x00000000f4c00000| PB 0x00000000f4c00000| Untracked 
| 845|0x00000000f4d00000, 0x00000000f4d00000, 0x00000000f4e00000|  0%| F|  |TAMS 0x00000000f4d00000| PB 0x00000000f4d00000| Untracked 
| 846|0x00000000f4e00000, 0x00000000f4e00000, 0x00000000f4f00000|  0%| F|  |TAMS 0x00000000f4e00000| PB 0x00000000f4e00000| Untracked 
| 847|0x00000000f4f00000, 0x00000000f4f00000, 0x00000000f5000000|  0%| F|  |TAMS 0x00000000f4f00000| PB 0x00000000f4f00000| Untracked 
| 848|0x00000000f5000000, 0x00000000f5000000, 0x00000000f5100000|  0%| F|  |TAMS 0x00000000f5000000| PB 0x00000000f5000000| Untracked 
| 849|0x00000000f5100000, 0x00000000f5100000, 0x00000000f5200000|  0%| F|  |TAMS 0x00000000f5100000| PB 0x00000000f5100000| Untracked 
| 850|0x00000000f5200000, 0x00000000f5200000, 0x00000000f5300000|  0%| F|  |TAMS 0x00000000f5200000| PB 0x00000000f5200000| Untracked 
| 851|0x00000000f5300000, 0x00000000f5300000, 0x00000000f5400000|  0%| F|  |TAMS 0x00000000f5300000| PB 0x00000000f5300000| Untracked 
| 852|0x00000000f5400000, 0x00000000f5400000, 0x00000000f5500000|  0%| F|  |TAMS 0x00000000f5400000| PB 0x00000000f5400000| Untracked 
| 853|0x00000000f5500000, 0x00000000f5500000, 0x00000000f5600000|  0%| F|  |TAMS 0x00000000f5500000| PB 0x00000000f5500000| Untracked 
| 854|0x00000000f5600000, 0x00000000f5600000, 0x00000000f5700000|  0%| F|  |TAMS 0x00000000f5600000| PB 0x00000000f5600000| Untracked 
| 855|0x00000000f5700000, 0x00000000f5700000, 0x00000000f5800000|  0%| F|  |TAMS 0x00000000f5700000| PB 0x00000000f5700000| Untracked 
| 856|0x00000000f5800000, 0x00000000f5800000, 0x00000000f5900000|  0%| F|  |TAMS 0x00000000f5800000| PB 0x00000000f5800000| Untracked 
| 857|0x00000000f5900000, 0x00000000f5900000, 0x00000000f5a00000|  0%| F|  |TAMS 0x00000000f5900000| PB 0x00000000f5900000| Untracked 
| 858|0x00000000f5a00000, 0x00000000f5a00000, 0x00000000f5b00000|  0%| F|  |TAMS 0x00000000f5a00000| PB 0x00000000f5a00000| Untracked 
| 859|0x00000000f5b00000, 0x00000000f5b00000, 0x00000000f5c00000|  0%| F|  |TAMS 0x00000000f5b00000| PB 0x00000000f5b00000| Untracked 
| 860|0x00000000f5c00000, 0x00000000f5c00000, 0x00000000f5d00000|  0%| F|  |TAMS 0x00000000f5c00000| PB 0x00000000f5c00000| Untracked 
| 861|0x00000000f5d00000, 0x00000000f5d00000, 0x00000000f5e00000|  0%| F|  |TAMS 0x00000000f5d00000| PB 0x00000000f5d00000| Untracked 
| 862|0x00000000f5e00000, 0x00000000f5e00000, 0x00000000f5f00000|  0%| F|  |TAMS 0x00000000f5e00000| PB 0x00000000f5e00000| Untracked 
| 863|0x00000000f5f00000, 0x00000000f5f00000, 0x00000000f6000000|  0%| F|  |TAMS 0x00000000f5f00000| PB 0x00000000f5f00000| Untracked 
| 864|0x00000000f6000000, 0x00000000f6000000, 0x00000000f6100000|  0%| F|  |TAMS 0x00000000f6000000| PB 0x00000000f6000000| Untracked 
| 865|0x00000000f6100000, 0x00000000f6100000, 0x00000000f6200000|  0%| F|  |TAMS 0x00000000f6100000| PB 0x00000000f6100000| Untracked 
| 866|0x00000000f6200000, 0x00000000f6200000, 0x00000000f6300000|  0%| F|  |TAMS 0x00000000f6200000| PB 0x00000000f6200000| Untracked 
| 867|0x00000000f6300000, 0x00000000f6300000, 0x00000000f6400000|  0%| F|  |TAMS 0x00000000f6300000| PB 0x00000000f6300000| Untracked 
| 868|0x00000000f6400000, 0x00000000f6400000, 0x00000000f6500000|  0%| F|  |TAMS 0x00000000f6400000| PB 0x00000000f6400000| Untracked 
| 869|0x00000000f6500000, 0x00000000f6500000, 0x00000000f6600000|  0%| F|  |TAMS 0x00000000f6500000| PB 0x00000000f6500000| Untracked 
| 870|0x00000000f6600000, 0x00000000f6600000, 0x00000000f6700000|  0%| F|  |TAMS 0x00000000f6600000| PB 0x00000000f6600000| Untracked 
| 871|0x00000000f6700000, 0x00000000f6700000, 0x00000000f6800000|  0%| F|  |TAMS 0x00000000f6700000| PB 0x00000000f6700000| Untracked 
| 872|0x00000000f6800000, 0x00000000f6800000, 0x00000000f6900000|  0%| F|  |TAMS 0x00000000f6800000| PB 0x00000000f6800000| Untracked 
| 873|0x00000000f6900000, 0x00000000f6900000, 0x00000000f6a00000|  0%| F|  |TAMS 0x00000000f6900000| PB 0x00000000f6900000| Untracked 
| 874|0x00000000f6a00000, 0x00000000f6a00000, 0x00000000f6b00000|  0%| F|  |TAMS 0x00000000f6a00000| PB 0x00000000f6a00000| Untracked 
| 875|0x00000000f6b00000, 0x00000000f6b00000, 0x00000000f6c00000|  0%| F|  |TAMS 0x00000000f6b00000| PB 0x00000000f6b00000| Untracked 
| 876|0x00000000f6c00000, 0x00000000f6c00000, 0x00000000f6d00000|  0%| F|  |TAMS 0x00000000f6c00000| PB 0x00000000f6c00000| Untracked 
| 877|0x00000000f6d00000, 0x00000000f6d00000, 0x00000000f6e00000|  0%| F|  |TAMS 0x00000000f6d00000| PB 0x00000000f6d00000| Untracked 
| 878|0x00000000f6e00000, 0x00000000f6e00000, 0x00000000f6f00000|  0%| F|  |TAMS 0x00000000f6e00000| PB 0x00000000f6e00000| Untracked 
| 879|0x00000000f6f00000, 0x00000000f6f00000, 0x00000000f7000000|  0%| F|  |TAMS 0x00000000f6f00000| PB 0x00000000f6f00000| Untracked 
| 880|0x00000000f7000000, 0x00000000f7000000, 0x00000000f7100000|  0%| F|  |TAMS 0x00000000f7000000| PB 0x00000000f7000000| Untracked 
| 881|0x00000000f7100000, 0x00000000f7100000, 0x00000000f7200000|  0%| F|  |TAMS 0x00000000f7100000| PB 0x00000000f7100000| Untracked 
| 882|0x00000000f7200000, 0x00000000f7200000, 0x00000000f7300000|  0%| F|  |TAMS 0x00000000f7200000| PB 0x00000000f7200000| Untracked 
| 883|0x00000000f7300000, 0x00000000f7300000, 0x00000000f7400000|  0%| F|  |TAMS 0x00000000f7300000| PB 0x00000000f7300000| Untracked 
| 884|0x00000000f7400000, 0x00000000f7400000, 0x00000000f7500000|  0%| F|  |TAMS 0x00000000f7400000| PB 0x00000000f7400000| Untracked 
| 885|0x00000000f7500000, 0x00000000f7500000, 0x00000000f7600000|  0%| F|  |TAMS 0x00000000f7500000| PB 0x00000000f7500000| Untracked 
| 886|0x00000000f7600000, 0x00000000f7600000, 0x00000000f7700000|  0%| F|  |TAMS 0x00000000f7600000| PB 0x00000000f7600000| Untracked 
| 887|0x00000000f7700000, 0x00000000f7700000, 0x00000000f7800000|  0%| F|  |TAMS 0x00000000f7700000| PB 0x00000000f7700000| Untracked 
| 888|0x00000000f7800000, 0x00000000f7800000, 0x00000000f7900000|  0%| F|  |TAMS 0x00000000f7800000| PB 0x00000000f7800000| Untracked 
| 889|0x00000000f7900000, 0x00000000f7900000, 0x00000000f7a00000|  0%| F|  |TAMS 0x00000000f7900000| PB 0x00000000f7900000| Untracked 
| 890|0x00000000f7a00000, 0x00000000f7a00000, 0x00000000f7b00000|  0%| F|  |TAMS 0x00000000f7a00000| PB 0x00000000f7a00000| Untracked 
| 891|0x00000000f7b00000, 0x00000000f7b00000, 0x00000000f7c00000|  0%| F|  |TAMS 0x00000000f7b00000| PB 0x00000000f7b00000| Untracked 
| 892|0x00000000f7c00000, 0x00000000f7c00000, 0x00000000f7d00000|  0%| F|  |TAMS 0x00000000f7c00000| PB 0x00000000f7c00000| Untracked 
| 893|0x00000000f7d00000, 0x00000000f7d00000, 0x00000000f7e00000|  0%| F|  |TAMS 0x00000000f7d00000| PB 0x00000000f7d00000| Untracked 
| 894|0x00000000f7e00000, 0x00000000f7e00000, 0x00000000f7f00000|  0%| F|  |TAMS 0x00000000f7e00000| PB 0x00000000f7e00000| Untracked 
| 895|0x00000000f7f00000, 0x00000000f7f00000, 0x00000000f8000000|  0%| F|  |TAMS 0x00000000f7f00000| PB 0x00000000f7f00000| Untracked 
| 896|0x00000000f8000000, 0x00000000f8000000, 0x00000000f8100000|  0%| F|  |TAMS 0x00000000f8000000| PB 0x00000000f8000000| Untracked 
| 897|0x00000000f8100000, 0x00000000f8100000, 0x00000000f8200000|  0%| F|  |TAMS 0x00000000f8100000| PB 0x00000000f8100000| Untracked 
| 898|0x00000000f8200000, 0x00000000f8200000, 0x00000000f8300000|  0%| F|  |TAMS 0x00000000f8200000| PB 0x00000000f8200000| Untracked 
| 899|0x00000000f8300000, 0x00000000f8300000, 0x00000000f8400000|  0%| F|  |TAMS 0x00000000f8300000| PB 0x00000000f8300000| Untracked 
| 900|0x00000000f8400000, 0x00000000f8400000, 0x00000000f8500000|  0%| F|  |TAMS 0x00000000f8400000| PB 0x00000000f8400000| Untracked 
| 901|0x00000000f8500000, 0x00000000f8500000, 0x00000000f8600000|  0%| F|  |TAMS 0x00000000f8500000| PB 0x00000000f8500000| Untracked 
| 902|0x00000000f8600000, 0x00000000f8600000, 0x00000000f8700000|  0%| F|  |TAMS 0x00000000f8600000| PB 0x00000000f8600000| Untracked 
| 903|0x00000000f8700000, 0x00000000f8700000, 0x00000000f8800000|  0%| F|  |TAMS 0x00000000f8700000| PB 0x00000000f8700000| Untracked 
| 904|0x00000000f8800000, 0x00000000f8800000, 0x00000000f8900000|  0%| F|  |TAMS 0x00000000f8800000| PB 0x00000000f8800000| Untracked 
| 905|0x00000000f8900000, 0x00000000f8900000, 0x00000000f8a00000|  0%| F|  |TAMS 0x00000000f8900000| PB 0x00000000f8900000| Untracked 
| 906|0x00000000f8a00000, 0x00000000f8a00000, 0x00000000f8b00000|  0%| F|  |TAMS 0x00000000f8a00000| PB 0x00000000f8a00000| Untracked 
| 907|0x00000000f8b00000, 0x00000000f8b00000, 0x00000000f8c00000|  0%| F|  |TAMS 0x00000000f8b00000| PB 0x00000000f8b00000| Untracked 
| 908|0x00000000f8c00000, 0x00000000f8c00000, 0x00000000f8d00000|  0%| F|  |TAMS 0x00000000f8c00000| PB 0x00000000f8c00000| Untracked 
| 909|0x00000000f8d00000, 0x00000000f8d00000, 0x00000000f8e00000|  0%| F|  |TAMS 0x00000000f8d00000| PB 0x00000000f8d00000| Untracked 
| 910|0x00000000f8e00000, 0x00000000f8e00000, 0x00000000f8f00000|  0%| F|  |TAMS 0x00000000f8e00000| PB 0x00000000f8e00000| Untracked 
| 911|0x00000000f8f00000, 0x00000000f8f00000, 0x00000000f9000000|  0%| F|  |TAMS 0x00000000f8f00000| PB 0x00000000f8f00000| Untracked 
| 912|0x00000000f9000000, 0x00000000f9000000, 0x00000000f9100000|  0%| F|  |TAMS 0x00000000f9000000| PB 0x00000000f9000000| Untracked 
| 913|0x00000000f9100000, 0x00000000f9100000, 0x00000000f9200000|  0%| F|  |TAMS 0x00000000f9100000| PB 0x00000000f9100000| Untracked 
| 914|0x00000000f9200000, 0x00000000f9200000, 0x00000000f9300000|  0%| F|  |TAMS 0x00000000f9200000| PB 0x00000000f9200000| Untracked 
| 915|0x00000000f9300000, 0x00000000f9300000, 0x00000000f9400000|  0%| F|  |TAMS 0x00000000f9300000| PB 0x00000000f9300000| Untracked 
| 916|0x00000000f9400000, 0x00000000f9400000, 0x00000000f9500000|  0%| F|  |TAMS 0x00000000f9400000| PB 0x00000000f9400000| Untracked 
| 917|0x00000000f9500000, 0x00000000f9500000, 0x00000000f9600000|  0%| F|  |TAMS 0x00000000f9500000| PB 0x00000000f9500000| Untracked 
| 918|0x00000000f9600000, 0x00000000f9600000, 0x00000000f9700000|  0%| F|  |TAMS 0x00000000f9600000| PB 0x00000000f9600000| Untracked 
| 919|0x00000000f9700000, 0x00000000f9700000, 0x00000000f9800000|  0%| F|  |TAMS 0x00000000f9700000| PB 0x00000000f9700000| Untracked 
| 920|0x00000000f9800000, 0x00000000f9800000, 0x00000000f9900000|  0%| F|  |TAMS 0x00000000f9800000| PB 0x00000000f9800000| Untracked 
| 921|0x00000000f9900000, 0x00000000f9900000, 0x00000000f9a00000|  0%| F|  |TAMS 0x00000000f9900000| PB 0x00000000f9900000| Untracked 
| 922|0x00000000f9a00000, 0x00000000f9a00000, 0x00000000f9b00000|  0%| F|  |TAMS 0x00000000f9a00000| PB 0x00000000f9a00000| Untracked 
| 923|0x00000000f9b00000, 0x00000000f9b00000, 0x00000000f9c00000|  0%| F|  |TAMS 0x00000000f9b00000| PB 0x00000000f9b00000| Untracked 
| 924|0x00000000f9c00000, 0x00000000f9c00000, 0x00000000f9d00000|  0%| F|  |TAMS 0x00000000f9c00000| PB 0x00000000f9c00000| Untracked 
| 925|0x00000000f9d00000, 0x00000000f9d00000, 0x00000000f9e00000|  0%| F|  |TAMS 0x00000000f9d00000| PB 0x00000000f9d00000| Untracked 
| 926|0x00000000f9e00000, 0x00000000f9e00000, 0x00000000f9f00000|  0%| F|  |TAMS 0x00000000f9e00000| PB 0x00000000f9e00000| Untracked 
| 927|0x00000000f9f00000, 0x00000000f9f00000, 0x00000000fa000000|  0%| F|  |TAMS 0x00000000f9f00000| PB 0x00000000f9f00000| Untracked 
| 928|0x00000000fa000000, 0x00000000fa000000, 0x00000000fa100000|  0%| F|  |TAMS 0x00000000fa000000| PB 0x00000000fa000000| Untracked 
| 929|0x00000000fa100000, 0x00000000fa100000, 0x00000000fa200000|  0%| F|  |TAMS 0x00000000fa100000| PB 0x00000000fa100000| Untracked 
| 930|0x00000000fa200000, 0x00000000fa200000, 0x00000000fa300000|  0%| F|  |TAMS 0x00000000fa200000| PB 0x00000000fa200000| Untracked 
| 931|0x00000000fa300000, 0x00000000fa300000, 0x00000000fa400000|  0%| F|  |TAMS 0x00000000fa300000| PB 0x00000000fa300000| Untracked 
| 932|0x00000000fa400000, 0x00000000fa400000, 0x00000000fa500000|  0%| F|  |TAMS 0x00000000fa400000| PB 0x00000000fa400000| Untracked 
| 933|0x00000000fa500000, 0x00000000fa500000, 0x00000000fa600000|  0%| F|  |TAMS 0x00000000fa500000| PB 0x00000000fa500000| Untracked 
| 934|0x00000000fa600000, 0x00000000fa600000, 0x00000000fa700000|  0%| F|  |TAMS 0x00000000fa600000| PB 0x00000000fa600000| Untracked 
| 935|0x00000000fa700000, 0x00000000fa700000, 0x00000000fa800000|  0%| F|  |TAMS 0x00000000fa700000| PB 0x00000000fa700000| Untracked 
| 936|0x00000000fa800000, 0x00000000fa800000, 0x00000000fa900000|  0%| F|  |TAMS 0x00000000fa800000| PB 0x00000000fa800000| Untracked 
| 937|0x00000000fa900000, 0x00000000fa900000, 0x00000000faa00000|  0%| F|  |TAMS 0x00000000fa900000| PB 0x00000000fa900000| Untracked 
| 938|0x00000000faa00000, 0x00000000faa00000, 0x00000000fab00000|  0%| F|  |TAMS 0x00000000faa00000| PB 0x00000000faa00000| Untracked 
| 939|0x00000000fab00000, 0x00000000fab00000, 0x00000000fac00000|  0%| F|  |TAMS 0x00000000fab00000| PB 0x00000000fab00000| Untracked 
| 940|0x00000000fac00000, 0x00000000fac00000, 0x00000000fad00000|  0%| F|  |TAMS 0x00000000fac00000| PB 0x00000000fac00000| Untracked 
| 941|0x00000000fad00000, 0x00000000fad00000, 0x00000000fae00000|  0%| F|  |TAMS 0x00000000fad00000| PB 0x00000000fad00000| Untracked 
| 942|0x00000000fae00000, 0x00000000fae00000, 0x00000000faf00000|  0%| F|  |TAMS 0x00000000fae00000| PB 0x00000000fae00000| Untracked 
| 943|0x00000000faf00000, 0x00000000faf00000, 0x00000000fb000000|  0%| F|  |TAMS 0x00000000faf00000| PB 0x00000000faf00000| Untracked 
| 944|0x00000000fb000000, 0x00000000fb000000, 0x00000000fb100000|  0%| F|  |TAMS 0x00000000fb000000| PB 0x00000000fb000000| Untracked 
| 945|0x00000000fb100000, 0x00000000fb100000, 0x00000000fb200000|  0%| F|  |TAMS 0x00000000fb100000| PB 0x00000000fb100000| Untracked 
| 946|0x00000000fb200000, 0x00000000fb200000, 0x00000000fb300000|  0%| F|  |TAMS 0x00000000fb200000| PB 0x00000000fb200000| Untracked 
| 947|0x00000000fb300000, 0x00000000fb300000, 0x00000000fb400000|  0%| F|  |TAMS 0x00000000fb300000| PB 0x00000000fb300000| Untracked 
| 948|0x00000000fb400000, 0x00000000fb400000, 0x00000000fb500000|  0%| F|  |TAMS 0x00000000fb400000| PB 0x00000000fb400000| Untracked 
| 949|0x00000000fb500000, 0x00000000fb500000, 0x00000000fb600000|  0%| F|  |TAMS 0x00000000fb500000| PB 0x00000000fb500000| Untracked 
| 950|0x00000000fb600000, 0x00000000fb600000, 0x00000000fb700000|  0%| F|  |TAMS 0x00000000fb600000| PB 0x00000000fb600000| Untracked 
| 951|0x00000000fb700000, 0x00000000fb700000, 0x00000000fb800000|  0%| F|  |TAMS 0x00000000fb700000| PB 0x00000000fb700000| Untracked 
| 952|0x00000000fb800000, 0x00000000fb800000, 0x00000000fb900000|  0%| F|  |TAMS 0x00000000fb800000| PB 0x00000000fb800000| Untracked 
| 953|0x00000000fb900000, 0x00000000fb900000, 0x00000000fba00000|  0%| F|  |TAMS 0x00000000fb900000| PB 0x00000000fb900000| Untracked 
| 954|0x00000000fba00000, 0x00000000fba00000, 0x00000000fbb00000|  0%| F|  |TAMS 0x00000000fba00000| PB 0x00000000fba00000| Untracked 
| 955|0x00000000fbb00000, 0x00000000fbb00000, 0x00000000fbc00000|  0%| F|  |TAMS 0x00000000fbb00000| PB 0x00000000fbb00000| Untracked 
| 956|0x00000000fbc00000, 0x00000000fbc00000, 0x00000000fbd00000|  0%| F|  |TAMS 0x00000000fbc00000| PB 0x00000000fbc00000| Untracked 
| 957|0x00000000fbd00000, 0x00000000fbd00000, 0x00000000fbe00000|  0%| F|  |TAMS 0x00000000fbd00000| PB 0x00000000fbd00000| Untracked 
| 958|0x00000000fbe00000, 0x00000000fbe00000, 0x00000000fbf00000|  0%| F|  |TAMS 0x00000000fbe00000| PB 0x00000000fbe00000| Untracked 
| 959|0x00000000fbf00000, 0x00000000fbf00000, 0x00000000fc000000|  0%| F|  |TAMS 0x00000000fbf00000| PB 0x00000000fbf00000| Untracked 
| 960|0x00000000fc000000, 0x00000000fc100000, 0x00000000fc100000|100%| S|CS|TAMS 0x00000000fc000000| PB 0x00000000fc000000| Complete 
| 961|0x00000000fc100000, 0x00000000fc100000, 0x00000000fc200000|  0%| F|  |TAMS 0x00000000fc100000| PB 0x00000000fc100000| Untracked 
| 962|0x00000000fc200000, 0x00000000fc200000, 0x00000000fc300000|  0%| F|  |TAMS 0x00000000fc200000| PB 0x00000000fc200000| Untracked 
| 963|0x00000000fc300000, 0x00000000fc300000, 0x00000000fc400000|  0%| F|  |TAMS 0x00000000fc300000| PB 0x00000000fc300000| Untracked 
| 964|0x00000000fc400000, 0x00000000fc400000, 0x00000000fc500000|  0%| F|  |TAMS 0x00000000fc400000| PB 0x00000000fc400000| Untracked 
| 965|0x00000000fc500000, 0x00000000fc500000, 0x00000000fc600000|  0%| F|  |TAMS 0x00000000fc500000| PB 0x00000000fc500000| Untracked 
| 966|0x00000000fc600000, 0x00000000fc600000, 0x00000000fc700000|  0%| F|  |TAMS 0x00000000fc600000| PB 0x00000000fc600000| Untracked 
| 967|0x00000000fc700000, 0x00000000fc800000, 0x00000000fc800000|100%| S|CS|TAMS 0x00000000fc700000| PB 0x00000000fc700000| Complete 
| 968|0x00000000fc800000, 0x00000000fc900000, 0x00000000fc900000|100%| S|CS|TAMS 0x00000000fc800000| PB 0x00000000fc800000| Complete 
| 969|0x00000000fc900000, 0x00000000fca00000, 0x00000000fca00000|100%| S|CS|TAMS 0x00000000fc900000| PB 0x00000000fc900000| Complete 
| 970|0x00000000fca00000, 0x00000000fcb00000, 0x00000000fcb00000|100%| S|CS|TAMS 0x00000000fca00000| PB 0x00000000fca00000| Complete 
| 971|0x00000000fcb00000, 0x00000000fcc00000, 0x00000000fcc00000|100%| S|CS|TAMS 0x00000000fcb00000| PB 0x00000000fcb00000| Complete 
| 972|0x00000000fcc00000, 0x00000000fcd00000, 0x00000000fcd00000|100%| S|CS|TAMS 0x00000000fcc00000| PB 0x00000000fcc00000| Complete 
| 973|0x00000000fcd00000, 0x00000000fcd00000, 0x00000000fce00000|  0%| F|  |TAMS 0x00000000fcd00000| PB 0x00000000fcd00000| Untracked 
| 974|0x00000000fce00000, 0x00000000fce00000, 0x00000000fcf00000|  0%| F|  |TAMS 0x00000000fce00000| PB 0x00000000fce00000| Untracked 
| 975|0x00000000fcf00000, 0x00000000fcf00000, 0x00000000fd000000|  0%| F|  |TAMS 0x00000000fcf00000| PB 0x00000000fcf00000| Untracked 
| 976|0x00000000fd000000, 0x00000000fd000000, 0x00000000fd100000|  0%| F|  |TAMS 0x00000000fd000000| PB 0x00000000fd000000| Untracked 
| 977|0x00000000fd100000, 0x00000000fd100000, 0x00000000fd200000|  0%| F|  |TAMS 0x00000000fd100000| PB 0x00000000fd100000| Untracked 
| 978|0x00000000fd200000, 0x00000000fd200000, 0x00000000fd300000|  0%| F|  |TAMS 0x00000000fd200000| PB 0x00000000fd200000| Untracked 
| 979|0x00000000fd300000, 0x00000000fd300000, 0x00000000fd400000|  0%| F|  |TAMS 0x00000000fd300000| PB 0x00000000fd300000| Untracked 
| 980|0x00000000fd400000, 0x00000000fd400000, 0x00000000fd500000|  0%| F|  |TAMS 0x00000000fd400000| PB 0x00000000fd400000| Untracked 
| 981|0x00000000fd500000, 0x00000000fd500000, 0x00000000fd600000|  0%| F|  |TAMS 0x00000000fd500000| PB 0x00000000fd500000| Untracked 
| 982|0x00000000fd600000, 0x00000000fd600000, 0x00000000fd700000|  0%| F|  |TAMS 0x00000000fd600000| PB 0x00000000fd600000| Untracked 
| 983|0x00000000fd700000, 0x00000000fd700000, 0x00000000fd800000|  0%| F|  |TAMS 0x00000000fd700000| PB 0x00000000fd700000| Untracked 
| 984|0x00000000fd800000, 0x00000000fd800000, 0x00000000fd900000|  0%| F|  |TAMS 0x00000000fd800000| PB 0x00000000fd800000| Untracked 
| 985|0x00000000fd900000, 0x00000000fd900000, 0x00000000fda00000|  0%| F|  |TAMS 0x00000000fd900000| PB 0x00000000fd900000| Untracked 
| 986|0x00000000fda00000, 0x00000000fda00000, 0x00000000fdb00000|  0%| F|  |TAMS 0x00000000fda00000| PB 0x00000000fda00000| Untracked 
| 987|0x00000000fdb00000, 0x00000000fdb00000, 0x00000000fdc00000|  0%| F|  |TAMS 0x00000000fdb00000| PB 0x00000000fdb00000| Untracked 
| 988|0x00000000fdc00000, 0x00000000fdc00000, 0x00000000fdd00000|  0%| F|  |TAMS 0x00000000fdc00000| PB 0x00000000fdc00000| Untracked 
| 989|0x00000000fdd00000, 0x00000000fdd00000, 0x00000000fde00000|  0%| F|  |TAMS 0x00000000fdd00000| PB 0x00000000fdd00000| Untracked 
| 990|0x00000000fde00000, 0x00000000fde00000, 0x00000000fdf00000|  0%| F|  |TAMS 0x00000000fde00000| PB 0x00000000fde00000| Untracked 
| 991|0x00000000fdf00000, 0x00000000fdf00000, 0x00000000fe000000|  0%| F|  |TAMS 0x00000000fdf00000| PB 0x00000000fdf00000| Untracked 
| 992|0x00000000fe000000, 0x00000000fe000000, 0x00000000fe100000|  0%| F|  |TAMS 0x00000000fe000000| PB 0x00000000fe000000| Untracked 
| 993|0x00000000fe100000, 0x00000000fe100000, 0x00000000fe200000|  0%| F|  |TAMS 0x00000000fe100000| PB 0x00000000fe100000| Untracked 
| 994|0x00000000fe200000, 0x00000000fe200000, 0x00000000fe300000|  0%| F|  |TAMS 0x00000000fe200000| PB 0x00000000fe200000| Untracked 
| 995|0x00000000fe300000, 0x00000000fe300000, 0x00000000fe400000|  0%| F|  |TAMS 0x00000000fe300000| PB 0x00000000fe300000| Untracked 
| 996|0x00000000fe400000, 0x00000000fe400000, 0x00000000fe500000|  0%| F|  |TAMS 0x00000000fe400000| PB 0x00000000fe400000| Untracked 
| 997|0x00000000fe500000, 0x00000000fe500000, 0x00000000fe600000|  0%| F|  |TAMS 0x00000000fe500000| PB 0x00000000fe500000| Untracked 
| 998|0x00000000fe600000, 0x00000000fe600000, 0x00000000fe700000|  0%| F|  |TAMS 0x00000000fe600000| PB 0x00000000fe600000| Untracked 
| 999|0x00000000fe700000, 0x00000000fe700000, 0x00000000fe800000|  0%| F|  |TAMS 0x00000000fe700000| PB 0x00000000fe700000| Untracked 
|1000|0x00000000fe800000, 0x00000000fe810bd8, 0x00000000fe900000|  6%| E|  |TAMS 0x00000000fe800000| PB 0x00000000fe800000| Complete 
|1001|0x00000000fe900000, 0x00000000fea00000, 0x00000000fea00000|100%| E|CS|TAMS 0x00000000fe900000| PB 0x00000000fe900000| Complete 
|1002|0x00000000fea00000, 0x00000000feb00000, 0x00000000feb00000|100%| E|CS|TAMS 0x00000000fea00000| PB 0x00000000fea00000| Complete 
|1003|0x00000000feb00000, 0x00000000fec00000, 0x00000000fec00000|100%| E|CS|TAMS 0x00000000feb00000| PB 0x00000000feb00000| Complete 
|1004|0x00000000fec00000, 0x00000000fed00000, 0x00000000fed00000|100%| E|CS|TAMS 0x00000000fec00000| PB 0x00000000fec00000| Complete 
|1005|0x00000000fed00000, 0x00000000fee00000, 0x00000000fee00000|100%| E|CS|TAMS 0x00000000fed00000| PB 0x00000000fed00000| Complete 
|1006|0x00000000fee00000, 0x00000000fef00000, 0x00000000fef00000|100%| E|  |TAMS 0x00000000fee00000| PB 0x00000000fee00000| Complete 
|1007|0x00000000fef00000, 0x00000000ff000000, 0x00000000ff000000|100%| E|CS|TAMS 0x00000000fef00000| PB 0x00000000fef00000| Complete 
|1008|0x00000000ff000000, 0x00000000ff100000, 0x00000000ff100000|100%| E|CS|TAMS 0x00000000ff000000| PB 0x00000000ff000000| Complete 
|1009|0x00000000ff100000, 0x00000000ff200000, 0x00000000ff200000|100%| E|CS|TAMS 0x00000000ff100000| PB 0x00000000ff100000| Complete 
|1010|0x00000000ff200000, 0x00000000ff300000, 0x00000000ff300000|100%| E|CS|TAMS 0x00000000ff200000| PB 0x00000000ff200000| Complete 
|1011|0x00000000ff300000, 0x00000000ff400000, 0x00000000ff400000|100%| E|CS|TAMS 0x00000000ff300000| PB 0x00000000ff300000| Complete 
|1012|0x00000000ff400000, 0x00000000ff500000, 0x00000000ff500000|100%| E|CS|TAMS 0x00000000ff400000| PB 0x00000000ff400000| Complete 
|1013|0x00000000ff500000, 0x00000000ff600000, 0x00000000ff600000|100%| O|  |TAMS 0x00000000ff600000| PB 0x00000000ff500000| Untracked 
|1014|0x00000000ff600000, 0x00000000ff700000, 0x00000000ff700000|100%| E|CS|TAMS 0x00000000ff600000| PB 0x00000000ff600000| Complete 
|1015|0x00000000ff700000, 0x00000000ff800000, 0x00000000ff800000|100%| E|CS|TAMS 0x00000000ff700000| PB 0x00000000ff700000| Complete 
|1016|0x00000000ff800000, 0x00000000ff900000, 0x00000000ff900000|100%| E|CS|TAMS 0x00000000ff800000| PB 0x00000000ff800000| Complete 
|1017|0x00000000ff900000, 0x00000000ffa00000, 0x00000000ffa00000|100%| E|CS|TAMS 0x00000000ff900000| PB 0x00000000ff900000| Complete 
|1018|0x00000000ffa00000, 0x00000000ffb00000, 0x00000000ffb00000|100%| E|CS|TAMS 0x00000000ffa00000| PB 0x00000000ffa00000| Complete 
|1019|0x00000000ffb00000, 0x00000000ffc00000, 0x00000000ffc00000|100%| O|  |TAMS 0x00000000ffc00000| PB 0x00000000ffb00000| Untracked 
|1020|0x00000000ffc00000, 0x00000000ffd00000, 0x00000000ffd00000|100%| O|  |TAMS 0x00000000ffd00000| PB 0x00000000ffc00000| Untracked 
|1021|0x00000000ffd00000, 0x00000000ffe00000, 0x00000000ffe00000|100%| O|  |TAMS 0x00000000ffe00000| PB 0x00000000ffd00000| Untracked 
|1022|0x00000000ffe00000, 0x00000000fff00000, 0x00000000fff00000|100%| O|  |TAMS 0x00000000fff00000| PB 0x00000000ffe00000| Untracked 
|1023|0x00000000fff00000, 0x0000000100000000, 0x0000000100000000|100%| O|  |TAMS 0x0000000100000000| PB 0x00000000fff00000| Untracked 

Card table byte_map: [0x00007fe581400000,0x00007fe581600000] _byte_map_base: 0x00007fe580e00000

Marking Bits: (CMBitMap*) 0x00007fe594069970
 Bits: [0x00007fe580400000, 0x00007fe581400000)

Polling page: 0x00007fe599682000

Metaspace:

Usage:
  Non-class:    150.21 MB used.
      Class:     22.93 MB used.
       Both:    173.14 MB used.

Virtual space:
  Non-class space:      192.00 MB reserved,     150.88 MB ( 79%) committed,  3 nodes.
      Class space:        1.00 GB reserved,      23.50 MB (  2%) committed,  1 nodes.
             Both:        1.19 GB reserved,     174.38 MB ( 14%) committed. 

Chunk freelists:
   Non-Class:  8.91 MB
       Class:  8.54 MB
        Both:  17.45 MB

MaxMetaspaceSize: unlimited
CompressedClassSpaceSize: 1.00 GB
Initial GC threshold: 21.00 MB
Current GC threshold: 277.81 MB
CDS: off
 - commit_granule_bytes: 65536.
 - commit_granule_words: 8192.
 - virtual_space_node_default_size: 8388608.
 - enlarge_chunks_in_place: 1.
 - use_allocation_guard: 0.


Internal statistics:

num_allocs_failed_limit: 6.
num_arena_births: 4896.
num_arena_deaths: 2826.
num_vsnodes_births: 4.
num_vsnodes_deaths: 0.
num_space_committed: 2789.
num_space_uncommitted: 0.
num_chunks_returned_to_freelist: 3205.
num_chunks_taken_from_freelist: 13365.
num_chunk_merges: 1185.
num_chunk_splits: 7981.
num_chunks_enlarged: 5338.
num_inconsistent_stats: 0.

CodeHeap 'non-profiled nmethods': size=120032Kb used=25191Kb max_used=25191Kb free=94840Kb
 bounds [0x00007fe5898c8000, 0x00007fe58b168000, 0x00007fe590e00000]
CodeHeap 'profiled nmethods': size=120028Kb used=33840Kb max_used=54478Kb free=86187Kb
 bounds [0x00007fe581e00000, 0x00007fe5853f0000, 0x00007fe589337000]
CodeHeap 'non-nmethods': size=5700Kb used=3024Kb max_used=3075Kb free=2675Kb
 bounds [0x00007fe589337000, 0x00007fe589647000, 0x00007fe5898c8000]
CodeCache: size=245760Kb, used=62055Kb, max_used=82744Kb, free=183702Kb
 total_blobs=17774, nmethods=16645, adapters=1031, full_count=0
Compilation: enabled, stopped_count=0, restarted_count=0

Compilation events (20 events):
Event: 1766.289 Thread 0x00007fe5941d01c0 41841       4       com.android.tools.r8.internal.p9::a (86 bytes)
Event: 1766.290 Thread 0x00007fe5941d1870 nmethod 41846 0x00007fe583492b10 code [0x00007fe583492cc0, 0x00007fe583493068]
Event: 1766.298 Thread 0x00007fe5941d01c0 nmethod 41841 0x00007fe58b13ce90 code [0x00007fe58b13d040, 0x00007fe58b13d2f8]
Event: 1766.298 Thread 0x00007fe5941d01c0 41842       4       com.android.tools.r8.graph.p4::a (32 bytes)
Event: 1766.347 Thread 0x00007fe5941d01c0 nmethod 41842 0x00007fe58b13d490 code [0x00007fe58b13d700, 0x00007fe58b13e858]
Event: 1766.347 Thread 0x00007fe5941d01c0 41849       4       com.android.tools.r8.graph.p4::a (199 bytes)
Event: 1766.572 Thread 0x00007fe5941d01c0 nmethod 41849 0x00007fe58b13f290 code [0x00007fe58b13f660, 0x00007fe58b141b80]
Event: 1766.572 Thread 0x00007fe5941d01c0 41847       4       com.android.tools.r8.internal.vd::b (34 bytes)
Event: 1766.581 Thread 0x00007fe5941d01c0 nmethod 41847 0x00007fe58b142a10 code [0x00007fe58b142ba0, 0x00007fe58b142dd8]
Event: 1766.581 Thread 0x00007fe5941d01c0 41840       4       com.android.tools.r8.graph.l4::a (129 bytes)
Event: 1766.714 Thread 0x00007fe5941d01c0 nmethod 41840 0x00007fe58b142f10 code [0x00007fe58b143120, 0x00007fe58b1441f0]
Event: 1766.714 Thread 0x00007fe5941d01c0 41848       4       com.android.tools.r8.graph.p4::c (153 bytes)
Event: 1766.847 Thread 0x00007fe5941d01c0 nmethod 41848 0x00007fe58b144890 code [0x00007fe58b144bc0, 0x00007fe58b146d58]
Event: 1766.847 Thread 0x00007fe5941d01c0 41811       4       com.android.tools.r8.graph.Q::a (100 bytes)
Event: 1766.978 Thread 0x00007fe5941d01c0 nmethod 41811 0x00007fe58b147c90 code [0x00007fe58b147e40, 0x00007fe58b1480f8]
Event: 1766.978 Thread 0x00007fe5941d01c0 41804       4       com.android.tools.r8.graph.p3$$Lambda/0x0000000101494070::accept (20 bytes)
Event: 1767.002 Thread 0x00007fe5941d01c0 nmethod 41804 0x00007fe58b148410 code [0x00007fe58b1485e0, 0x00007fe58b148818]
Event: 1767.002 Thread 0x00007fe5941d01c0 41805       4       com.android.tools.r8.graph.p3$$Lambda/0x0000000101494990::test (8 bytes)
Event: 1767.005 Thread 0x00007fe5941d01c0 nmethod 41805 0x00007fe58b148b10 code [0x00007fe58b148ca0, 0x00007fe58b148d88]
Event: 1767.005 Thread 0x00007fe5941d01c0 41827       4       com.android.tools.r8.synthesis.K::b (251 bytes)

GC Heap History (20 events):
Event: 1699.928 GC heap before
{Heap before GC invocations=312 (full 0):
 garbage-first heap   total 1048576K, used 873626K [0x00000000c0000000, 0x0000000100000000)
  region size 1024K, 51 young (52224K), 4 survivors (4096K)
 Metaspace       used 176538K, committed 177856K, reserved 1245184K
  class space    used 23395K, committed 24000K, reserved 1048576K
}
Event: 1699.950 GC heap after
{Heap after GC invocations=313 (full 0):
 garbage-first heap   total 1048576K, used 827349K [0x00000000c0000000, 0x0000000100000000)
  region size 1024K, 5 young (5120K), 5 survivors (5120K)
 Metaspace       used 176538K, committed 177856K, reserved 1245184K
  class space    used 23395K, committed 24000K, reserved 1048576K
}
Event: 1700.759 GC heap before
{Heap before GC invocations=313 (full 0):
 garbage-first heap   total 1048576K, used 873429K [0x00000000c0000000, 0x0000000100000000)
  region size 1024K, 51 young (52224K), 5 survivors (5120K)
 Metaspace       used 176538K, committed 177856K, reserved 1245184K
  class space    used 23395K, committed 24000K, reserved 1048576K
}
Event: 1701.080 GC heap after
{Heap after GC invocations=314 (full 0):
 garbage-first heap   total 1048576K, used 827321K [0x00000000c0000000, 0x0000000100000000)
  region size 1024K, 4 young (4096K), 4 survivors (4096K)
 Metaspace       used 176538K, committed 177856K, reserved 1245184K
  class space    used 23395K, committed 24000K, reserved 1048576K
}
Event: 1701.575 GC heap before
{Heap before GC invocations=314 (full 0):
 garbage-first heap   total 1048576K, used 874425K [0x00000000c0000000, 0x0000000100000000)
  region size 1024K, 51 young (52224K), 4 survivors (4096K)
 Metaspace       used 176539K, committed 177856K, reserved 1245184K
  class space    used 23395K, committed 24000K, reserved 1048576K
}
Event: 1701.601 GC heap after
{Heap after GC invocations=315 (full 0):
 garbage-first heap   total 1048576K, used 828246K [0x00000000c0000000, 0x0000000100000000)
  region size 1024K, 5 young (5120K), 5 survivors (5120K)
 Metaspace       used 176539K, committed 177856K, reserved 1245184K
  class space    used 23395K, committed 24000K, reserved 1048576K
}
Event: 1702.103 GC heap before
{Heap before GC invocations=315 (full 0):
 garbage-first heap   total 1048576K, used 874326K [0x00000000c0000000, 0x0000000100000000)
  region size 1024K, 51 young (52224K), 5 survivors (5120K)
 Metaspace       used 176541K, committed 177856K, reserved 1245184K
  class space    used 23395K, committed 24000K, reserved 1048576K
}
Event: 1702.371 GC heap after
{Heap after GC invocations=316 (full 0):
 garbage-first heap   total 1048576K, used 828333K [0x00000000c0000000, 0x0000000100000000)
  region size 1024K, 4 young (4096K), 4 survivors (4096K)
 Metaspace       used 176541K, committed 177856K, reserved 1245184K
  class space    used 23395K, committed 24000K, reserved 1048576K
}
Event: 1702.823 GC heap before
{Heap before GC invocations=316 (full 0):
 garbage-first heap   total 1048576K, used 876461K [0x00000000c0000000, 0x0000000100000000)
  region size 1024K, 51 young (52224K), 4 survivors (4096K)
 Metaspace       used 176543K, committed 177856K, reserved 1245184K
  class space    used 23395K, committed 24000K, reserved 1048576K
}
Event: 1702.856 GC heap after
{Heap after GC invocations=317 (full 0):
 garbage-first heap   total 1048576K, used 828443K [0x00000000c0000000, 0x0000000100000000)
  region size 1024K, 4 young (4096K), 4 survivors (4096K)
 Metaspace       used 176543K, committed 177856K, reserved 1245184K
  class space    used 23395K, committed 24000K, reserved 1048576K
}
Event: 1703.405 GC heap before
{Heap before GC invocations=317 (full 0):
 garbage-first heap   total 1048576K, used 876571K [0x00000000c0000000, 0x0000000100000000)
  region size 1024K, 51 young (52224K), 4 survivors (4096K)
 Metaspace       used 176544K, committed 177856K, reserved 1245184K
  class space    used 23395K, committed 24000K, reserved 1048576K
}
Event: 1703.442 GC heap after
{Heap after GC invocations=318 (full 0):
 garbage-first heap   total 1048576K, used 829294K [0x00000000c0000000, 0x0000000100000000)
  region size 1024K, 5 young (5120K), 5 survivors (5120K)
 Metaspace       used 176544K, committed 177856K, reserved 1245184K
  class space    used 23395K, committed 24000K, reserved 1048576K
}
Event: 1718.151 GC heap before
{Heap before GC invocations=318 (full 0):
 garbage-first heap   total 1048576K, used 876398K [0x00000000c0000000, 0x0000000100000000)
  region size 1024K, 52 young (53248K), 5 survivors (5120K)
 Metaspace       used 176734K, committed 177984K, reserved 1245184K
  class space    used 23430K, committed 24000K, reserved 1048576K
}
Event: 1718.917 GC heap after
{Heap after GC invocations=319 (full 0):
 garbage-first heap   total 1048576K, used 833377K [0x00000000c0000000, 0x0000000100000000)
  region size 1024K, 7 young (7168K), 7 survivors (7168K)
 Metaspace       used 176734K, committed 177984K, reserved 1245184K
  class space    used 23430K, committed 24000K, reserved 1048576K
}
Event: 1722.746 GC heap before
{Heap before GC invocations=319 (full 0):
 garbage-first heap   total 1048576K, used 877409K [0x00000000c0000000, 0x0000000100000000)
  region size 1024K, 51 young (52224K), 7 survivors (7168K)
 Metaspace       used 176734K, committed 177984K, reserved 1245184K
  class space    used 23430K, committed 24000K, reserved 1048576K
}
Event: 1723.219 GC heap after
{Heap after GC invocations=320 (full 0):
 garbage-first heap   total 1048576K, used 834453K [0x00000000c0000000, 0x0000000100000000)
  region size 1024K, 1 young (1024K), 1 survivors (1024K)
 Metaspace       used 176734K, committed 177984K, reserved 1245184K
  class space    used 23430K, committed 24000K, reserved 1048576K
}
Event: 1732.743 GC heap before
{Heap before GC invocations=320 (full 0):
 garbage-first heap   total 1048576K, used 888725K [0x00000000c0000000, 0x0000000100000000)
  region size 1024K, 51 young (52224K), 1 survivors (1024K)
 Metaspace       used 176899K, committed 178176K, reserved 1245184K
  class space    used 23447K, committed 24000K, reserved 1048576K
}
Event: 1732.760 GC heap after
{Heap after GC invocations=321 (full 0):
 garbage-first heap   total 1048576K, used 841100K [0x00000000c0000000, 0x0000000100000000)
  region size 1024K, 6 young (6144K), 6 survivors (6144K)
 Metaspace       used 176899K, committed 178176K, reserved 1245184K
  class space    used 23447K, committed 24000K, reserved 1048576K
}
Event: 1760.363 GC heap before
{Heap before GC invocations=321 (full 0):
 garbage-first heap   total 1048576K, used 886156K [0x00000000c0000000, 0x0000000100000000)
  region size 1024K, 51 young (52224K), 6 survivors (6144K)
 Metaspace       used 177125K, committed 178368K, reserved 1245184K
  class space    used 23480K, committed 24064K, reserved 1048576K
}
Event: 1765.730 GC heap after
{Heap after GC invocations=322 (full 0):
 garbage-first heap   total 1048576K, used 855532K [0x00000000c0000000, 0x0000000100000000)
  region size 1024K, 7 young (7168K), 7 survivors (7168K)
 Metaspace       used 177125K, committed 178368K, reserved 1245184K
  class space    used 23480K, committed 24064K, reserved 1048576K
}

Dll operation events (14 events):
Event: 0.092 Loaded shared library /home/elonmusk/Downloads/android-studio/jbr/lib/libjava.so
Event: 0.112 Loaded shared library /home/elonmusk/Downloads/android-studio/jbr/lib/libzip.so
Event: 0.708 Loaded shared library /home/elonmusk/Downloads/android-studio/jbr/lib/libnio.so
Event: 0.734 Loaded shared library /home/elonmusk/Downloads/android-studio/jbr/lib/libinstrument.so
Event: 0.751 Loaded shared library /home/elonmusk/Downloads/android-studio/jbr/lib/libzip.so
Event: 1.151 Loaded shared library /home/elonmusk/Downloads/android-studio/jbr/lib/libnet.so
Event: 2.421 Loaded shared library /home/elonmusk/Downloads/android-studio/jbr/lib/libjimage.so
Event: 3.602 Loaded shared library /home/elonmusk/Downloads/android-studio/jbr/lib/libverify.so
Event: 4.328 Loaded shared library /home/elonmusk/.gradle/native/c067742578af261105cb4f569cf0c3c89f3d7b1fecec35dd04571415982c5e48/linux-amd64/libnative-platform.so
Event: 4.395 Loaded shared library /home/elonmusk/.gradle/native/100fb08df4bc3b14c8652ba06237920a3bd2aa13389f12d3474272988ae205f9/linux-amd64/libnative-platform-file-events.so
Event: 10.001 Loaded shared library /home/elonmusk/Downloads/android-studio/jbr/lib/libmanagement.so
Event: 10.007 Loaded shared library /home/elonmusk/Downloads/android-studio/jbr/lib/libmanagement_ext.so
Event: 10.767 Loaded shared library /home/elonmusk/Downloads/android-studio/jbr/lib/libextnet.so
Event: 212.047 Loaded shared library /home/elonmusk/Downloads/android-studio/jbr/lib/librmi.so

Deoptimization events (20 events):
Event: 1757.393 Thread 0x00007fe5002a37b0 Uncommon trap: trap_request=0xffffffde fr.pc=0x00007fe58a69a614 relative=0x0000000000000074
Event: 1757.393 Thread 0x00007fe5002a37b0 Uncommon trap: reason=class_check action=maybe_recompile pc=0x00007fe58a69a614 method=com.android.tools.r8.utils.w.a0()Z @ 6 c2
Event: 1757.394 Thread 0x00007fe5002a37b0 DEOPT PACKING pc=0x00007fe58a69a614 sp=0x00007fe4f663a5a0
Event: 1757.400 Thread 0x00007fe51c034f10 Uncommon trap: trap_request=0xffffffde fr.pc=0x00007fe58a69a614 relative=0x0000000000000074
Event: 1757.400 Thread 0x00007fe51c034f10 Uncommon trap: reason=class_check action=maybe_recompile pc=0x00007fe58a69a614 method=com.android.tools.r8.utils.w.a0()Z @ 6 c2
Event: 1757.400 Thread 0x00007fe51c034f10 DEOPT PACKING pc=0x00007fe58a69a614 sp=0x00007fe4f1efc5a0
Event: 1757.400 Thread 0x00007fe51c034f10 DEOPT UNPACKING pc=0x00007fe58938af93 sp=0x00007fe4f1efc560 mode 2
Event: 1757.404 Thread 0x00007fe4fc2c4540 Uncommon trap: trap_request=0xffffffde fr.pc=0x00007fe58a69a614 relative=0x0000000000000074
Event: 1757.404 Thread 0x00007fe4fc2c4540 Uncommon trap: reason=class_check action=maybe_recompile pc=0x00007fe58a69a614 method=com.android.tools.r8.utils.w.a0()Z @ 6 c2
Event: 1757.404 Thread 0x00007fe4fc2c4540 DEOPT PACKING pc=0x00007fe58a69a614 sp=0x00007fe4f6ae85a0
Event: 1757.404 Thread 0x00007fe59555c840 Uncommon trap: trap_request=0xffffffde fr.pc=0x00007fe58a69a614 relative=0x0000000000000074
Event: 1757.404 Thread 0x00007fe59555c840 Uncommon trap: reason=class_check action=maybe_recompile pc=0x00007fe58a69a614 method=com.android.tools.r8.utils.w.a0()Z @ 6 c2
Event: 1757.404 Thread 0x00007fe59555c840 DEOPT PACKING pc=0x00007fe58a69a614 sp=0x00007fe4f6fed5a0
Event: 1757.404 Thread 0x00007fe59555c840 DEOPT UNPACKING pc=0x00007fe58938af93 sp=0x00007fe4f6fed560 mode 2
Event: 1757.405 Thread 0x00007fe5002a37b0 DEOPT UNPACKING pc=0x00007fe58938af93 sp=0x00007fe4f663a560 mode 2
Event: 1757.423 Thread 0x00007fe4fc2c4540 DEOPT UNPACKING pc=0x00007fe58938af93 sp=0x00007fe4f6ae8560 mode 2
Event: 1758.149 Thread 0x00007fe51c034f10 Uncommon trap: trap_request=0xffffffde fr.pc=0x00007fe58a4c01d8 relative=0x0000000000000a98
Event: 1758.149 Thread 0x00007fe51c034f10 Uncommon trap: reason=class_check action=maybe_recompile pc=0x00007fe58a4c01d8 method=com.android.tools.r8.utils.w.a0()Z @ 6 c2
Event: 1758.149 Thread 0x00007fe51c034f10 DEOPT PACKING pc=0x00007fe58a4c01d8 sp=0x00007fe4f1efb820
Event: 1758.160 Thread 0x00007fe51c034f10 DEOPT UNPACKING pc=0x00007fe58938af93 sp=0x00007fe4f1efb7a0 mode 2

Classes loaded (20 events):
Event: 1589.942 Loading class sun/nio/ch/FileChannelImpl$Unmapper done
Event: 1589.942 Loading class sun/nio/ch/FileChannelImpl$DefaultUnmapper done
Event: 1589.943 Loading class sun/nio/ch/Util$4
Event: 1589.943 Loading class sun/nio/ch/Util$4 done
Event: 1590.136 Loading class java/util/regex/Pattern$Bound
Event: 1590.162 Loading class java/util/regex/Pattern$Bound done
Event: 1609.300 Loading class java/text/BreakIterator
Event: 1609.300 Loading class java/text/BreakIterator done
Event: 1609.698 Loading class java/util/function/ToIntBiFunction
Event: 1609.698 Loading class java/util/function/ToIntBiFunction done
Event: 1609.702 Loading class java/nio/file/Path$1
Event: 1609.702 Loading class java/nio/file/Path$1 done
Event: 1609.741 Loading class java/util/EnumMap$Values
Event: 1609.741 Loading class java/util/EnumMap$Values done
Event: 1609.741 Loading class java/util/EnumMap$ValueIterator
Event: 1609.742 Loading class java/util/EnumMap$ValueIterator done
Event: 1612.325 Loading class java/nio/BufferMismatch
Event: 1612.326 Loading class java/nio/BufferMismatch done
Event: 1630.184 Loading class jdk/internal/math/FloatToDecimal
Event: 1630.195 Loading class jdk/internal/math/FloatToDecimal done

Classes unloaded (20 events):
Event: 660.116 Thread 0x00007fe5940ee0a0 Unloading class 0x00000001001c4400 'java/lang/invoke/LambdaForm$MH+0x00000001001c4400'
Event: 660.116 Thread 0x00007fe5940ee0a0 Unloading class 0x00000001001c4000 'java/lang/invoke/LambdaForm$BMH+0x00000001001c4000'
Event: 660.116 Thread 0x00007fe5940ee0a0 Unloading class 0x0000000100195000 'java/lang/invoke/LambdaForm$MH+0x0000000100195000'
Event: 660.116 Thread 0x00007fe5940ee0a0 Unloading class 0x0000000100194c00 'java/lang/invoke/LambdaForm$MH+0x0000000100194c00'
Event: 660.116 Thread 0x00007fe5940ee0a0 Unloading class 0x0000000100194800 'java/lang/invoke/LambdaForm$MH+0x0000000100194800'
Event: 660.116 Thread 0x00007fe5940ee0a0 Unloading class 0x000000010013d000 'java/lang/invoke/LambdaForm$MH+0x000000010013d000'
Event: 660.129 Thread 0x00007fe5940ee0a0 Unloading class 0x000000010013cc00 'java/lang/invoke/LambdaForm$MH+0x000000010013cc00'
Event: 660.129 Thread 0x00007fe5940ee0a0 Unloading class 0x0000000100124000 'java/lang/invoke/LambdaForm$DMH+0x0000000100124000'
Event: 660.129 Thread 0x00007fe5940ee0a0 Unloading class 0x0000000100118400 'java/lang/invoke/LambdaForm$MH+0x0000000100118400'
Event: 660.129 Thread 0x00007fe5940ee0a0 Unloading class 0x000000010010cc00 'java/lang/invoke/LambdaForm$MH+0x000000010010cc00'
Event: 660.129 Thread 0x00007fe5940ee0a0 Unloading class 0x000000010010c800 'java/lang/invoke/LambdaForm$MH+0x000000010010c800'
Event: 660.132 Thread 0x00007fe5940ee0a0 Unloading class 0x000000010010c400 'java/lang/invoke/LambdaForm$MH+0x000000010010c400'
Event: 660.132 Thread 0x00007fe5940ee0a0 Unloading class 0x000000010010c000 'java/lang/invoke/LambdaForm$MH+0x000000010010c000'
Event: 660.132 Thread 0x00007fe5940ee0a0 Unloading class 0x00000001000c1800 'java/lang/invoke/LambdaForm$MH+0x00000001000c1800'
Event: 660.157 Thread 0x00007fe5940ee0a0 Unloading class 0x00000001000c1400 'java/lang/invoke/LambdaForm$MH+0x00000001000c1400'
Event: 660.157 Thread 0x00007fe5940ee0a0 Unloading class 0x00000001000c1000 'java/lang/invoke/LambdaForm$MH+0x00000001000c1000'
Event: 660.157 Thread 0x00007fe5940ee0a0 Unloading class 0x00000001000c0800 'java/lang/invoke/LambdaForm$MH+0x00000001000c0800'
Event: 783.198 Thread 0x00007fe5940ee0a0 Unloading class 0x00000001016e3000 'java/lang/invoke/LambdaForm$MH+0x00000001016e3000'
Event: 783.198 Thread 0x00007fe5940ee0a0 Unloading class 0x00000001016e2c00 'java/lang/invoke/LambdaForm$MH+0x00000001016e2c00'
Event: 783.209 Thread 0x00007fe5940ee0a0 Unloading class 0x00000001016e2800 'java/lang/invoke/LambdaForm$MH+0x00000001016e2800'

Classes redefined (0 events):
No events

Internal exceptions (20 events):
Event: 1681.098 Thread 0x00007fe59433c3b0 Exception <a 'sun/nio/fs/UnixException'{0x00000000fe1623c8}> (0x00000000fe1623c8) 
thrown [src/hotspot/share/prims/jni.cpp, line 537]
Event: 1681.099 Thread 0x00007fe59433c3b0 Exception <a 'sun/nio/fs/UnixException'{0x00000000fe168748}> (0x00000000fe168748) 
thrown [src/hotspot/share/prims/jni.cpp, line 537]
Event: 1692.286 Thread 0x00007fe59433c3b0 Exception <a 'sun/nio/fs/UnixException'{0x00000000ffae0480}> (0x00000000ffae0480) 
thrown [src/hotspot/share/prims/jni.cpp, line 537]
Event: 1692.378 Thread 0x00007fe59433c3b0 Exception <a 'sun/nio/fs/UnixException'{0x00000000fee2d490}> (0x00000000fee2d490) 
thrown [src/hotspot/share/prims/jni.cpp, line 537]
Event: 1701.098 Thread 0x00007fe59433c3b0 Exception <a 'sun/nio/fs/UnixException'{0x00000000ff9d7890}> (0x00000000ff9d7890) 
thrown [src/hotspot/share/prims/jni.cpp, line 537]
Event: 1701.099 Thread 0x00007fe59433c3b0 Exception <a 'sun/nio/fs/UnixException'{0x00000000ff800f58}> (0x00000000ff800f58) 
thrown [src/hotspot/share/prims/jni.cpp, line 537]
Event: 1705.489 Thread 0x00007fe510012440 Exception <a 'java/lang/NoSuchMethodError'{0x00000000fddac7e8}: static Lorg/gradle/internal/build/event/types/DefaultJavaCompileTaskSuccessResult;.<clinit>()V> (0x00000000fddac7e8) 
thrown [src/hotspot/share/prims/jni.cpp, line 1144]
Event: 1711.098 Thread 0x00007fe59433c3b0 Exception <a 'sun/nio/fs/UnixException'{0x00000000fdcd44a8}> (0x00000000fdcd44a8) 
thrown [src/hotspot/share/prims/jni.cpp, line 537]
Event: 1711.099 Thread 0x00007fe59433c3b0 Exception <a 'sun/nio/fs/UnixException'{0x00000000fdcda828}> (0x00000000fdcda828) 
thrown [src/hotspot/share/prims/jni.cpp, line 537]
Event: 1721.099 Thread 0x00007fe59433c3b0 Exception <a 'sun/nio/fs/UnixException'{0x00000000fe76d1b8}> (0x00000000fe76d1b8) 
thrown [src/hotspot/share/prims/jni.cpp, line 537]
Event: 1721.100 Thread 0x00007fe59433c3b0 Exception <a 'sun/nio/fs/UnixException'{0x00000000fe773538}> (0x00000000fe773538) 
thrown [src/hotspot/share/prims/jni.cpp, line 537]
Event: 1731.098 Thread 0x00007fe59433c3b0 Exception <a 'sun/nio/fs/UnixException'{0x00000000fccd5a28}> (0x00000000fccd5a28) 
thrown [src/hotspot/share/prims/jni.cpp, line 537]
Event: 1731.099 Thread 0x00007fe59433c3b0 Exception <a 'sun/nio/fs/UnixException'{0x00000000fccdbd90}> (0x00000000fccdbd90) 
thrown [src/hotspot/share/prims/jni.cpp, line 537]
Event: 1741.098 Thread 0x00007fe59433c3b0 Exception <a 'sun/nio/fs/UnixException'{0x00000000ff3015c0}> (0x00000000ff3015c0) 
thrown [src/hotspot/share/prims/jni.cpp, line 537]
Event: 1741.099 Thread 0x00007fe59433c3b0 Exception <a 'sun/nio/fs/UnixException'{0x00000000ff307928}> (0x00000000ff307928) 
thrown [src/hotspot/share/prims/jni.cpp, line 537]
Event: 1750.302 Thread 0x00007fe5000e1110 Exception <a 'java/lang/NoSuchMethodError'{0x00000000fefcd4a8}: static Lcom/android/build/gradle/internal/tasks/DexArchiveBuilderTaskDelegate$ClasspathServiceKey;.<clinit>()V> (0x00000000fefcd4a8) 
thrown [src/hotspot/share/prims/jni.cpp, line 1144]
Event: 1751.098 Thread 0x00007fe59433c3b0 Exception <a 'sun/nio/fs/UnixException'{0x00000000fed32650}> (0x00000000fed32650) 
thrown [src/hotspot/share/prims/jni.cpp, line 537]
Event: 1751.099 Thread 0x00007fe59433c3b0 Exception <a 'sun/nio/fs/UnixException'{0x00000000fed38bc8}> (0x00000000fed38bc8) 
thrown [src/hotspot/share/prims/jni.cpp, line 537]
Event: 1765.731 Thread 0x00007fe59433c3b0 Exception <a 'sun/nio/fs/UnixException'{0x00000000ffa02438}> (0x00000000ffa02438) 
thrown [src/hotspot/share/prims/jni.cpp, line 537]
Event: 1765.732 Thread 0x00007fe59433c3b0 Exception <a 'sun/nio/fs/UnixException'{0x00000000ffa087a0}> (0x00000000ffa087a0) 
thrown [src/hotspot/share/prims/jni.cpp, line 537]

ZGC Phase Switch (0 events):
No events

VM Operations (20 events):
Event: 1748.767 Executing VM operation: Cleanup
Event: 1748.808 Executing VM operation: Cleanup done
Event: 1749.809 Executing VM operation: Cleanup
Event: 1749.859 Executing VM operation: Cleanup done
Event: 1750.859 Executing VM operation: Cleanup
Event: 1750.883 Executing VM operation: Cleanup done
Event: 1751.848 Executing VM operation: HandshakeAllThreads (Deoptimize)
Event: 1751.852 Executing VM operation: HandshakeAllThreads (Deoptimize) done
Event: 1751.969 Executing VM operation: HandshakeAllThreads (Deoptimize)
Event: 1752.002 Executing VM operation: HandshakeAllThreads (Deoptimize) done
Event: 1752.002 Executing VM operation: Cleanup
Event: 1752.144 Executing VM operation: Cleanup done
Event: 1758.145 Executing VM operation: Cleanup
Event: 1758.405 Executing VM operation: Cleanup done
Event: 1758.772 Executing VM operation: HandshakeAllThreads (Deoptimize)
Event: 1758.864 Executing VM operation: HandshakeAllThreads (Deoptimize) done
Event: 1759.864 Executing VM operation: Cleanup
Event: 1759.938 Executing VM operation: Cleanup done
Event: 1760.329 Executing VM operation: G1CollectForAllocation (G1 Evacuation Pause)
Event: 1765.732 Executing VM operation: G1CollectForAllocation (G1 Evacuation Pause) done

Memory protections (20 events):
Event: 631.033 Protecting memory [0x00007fe4f653d000,0x00007fe4f6541000] with protection modes 0
Event: 631.434 Protecting memory [0x00007fe4f643c000,0x00007fe4f6440000] with protection modes 0
Event: 631.438 Protecting memory [0x00007fe4f633b000,0x00007fe4f633f000] with protection modes 0
Event: 631.442 Protecting memory [0x00007fe4f6139000,0x00007fe4f613d000] with protection modes 0
Event: 631.444 Protecting memory [0x00007fe4f623a000,0x00007fe4f623e000] with protection modes 0
Event: 632.536 Protecting memory [0x00007fe4f6038000,0x00007fe4f603c000] with protection modes 0
Event: 632.689 Protecting memory [0x00007fe4f1f00000,0x00007fe4f1f04000] with protection modes 0
Event: 638.464 Protecting memory [0x00007fe4f1dff000,0x00007fe4f1e03000] with protection modes 0
Event: 730.992 Protecting memory [0x00007fe4f1dff000,0x00007fe4f1e03000] with protection modes 0
Event: 891.888 Protecting memory [0x00007fe52c0ca000,0x00007fe52c0ce000] with protection modes 0
Event: 1218.492 Protecting memory [0x00007fe52c0ca000,0x00007fe52c0ce000] with protection modes 0
Event: 1441.324 Protecting memory [0x00007fe52c0ca000,0x00007fe52c0ce000] with protection modes 0
Event: 1443.531 Protecting memory [0x00007fe593fbb000,0x00007fe593fbf000] with protection modes 0
Event: 1444.586 Protecting memory [0x00007fe4f643c000,0x00007fe4f6440000] with protection modes 0
Event: 1444.617 Protecting memory [0x00007fe4f6139000,0x00007fe4f613d000] with protection modes 0
Event: 1527.843 Protecting memory [0x00007fe4f623a000,0x00007fe4f623e000] with protection modes 0
Event: 1537.782 Protecting memory [0x00007fe4f633b000,0x00007fe4f633f000] with protection modes 0
Event: 1610.757 Protecting memory [0x00007fe4f6139000,0x00007fe4f613d000] with protection modes 0
Event: 1610.758 Protecting memory [0x00007fe52c0ca000,0x00007fe52c0ce000] with protection modes 0
Event: 1610.758 Protecting memory [0x00007fe4f643c000,0x00007fe4f6440000] with protection modes 0

Nmethod flushes (20 events):
Event: 787.667 Thread 0x00007fe5940ee0a0 flushing  nmethod 0x00007fe58503a710
Event: 787.667 Thread 0x00007fe5940ee0a0 flushing  nmethod 0x00007fe58503c890
Event: 787.667 Thread 0x00007fe5940ee0a0 flushing  nmethod 0x00007fe58503d090
Event: 787.667 Thread 0x00007fe5940ee0a0 flushing  nmethod 0x00007fe58503eb90
Event: 787.667 Thread 0x00007fe5940ee0a0 flushing  nmethod 0x00007fe58503fd10
Event: 787.667 Thread 0x00007fe5940ee0a0 flushing  nmethod 0x00007fe585043f10
Event: 787.667 Thread 0x00007fe5940ee0a0 flushing  nmethod 0x00007fe585045410
Event: 787.667 Thread 0x00007fe5940ee0a0 flushing  nmethod 0x00007fe585049690
Event: 787.667 Thread 0x00007fe5940ee0a0 flushing  nmethod 0x00007fe5850cca10
Event: 787.667 Thread 0x00007fe5940ee0a0 flushing  nmethod 0x00007fe5850ccf10
Event: 787.667 Thread 0x00007fe5940ee0a0 flushing  nmethod 0x00007fe5850cd810
Event: 787.667 Thread 0x00007fe5940ee0a0 flushing  nmethod 0x00007fe5850cdd90
Event: 787.667 Thread 0x00007fe5940ee0a0 flushing  nmethod 0x00007fe5850f1e90
Event: 787.667 Thread 0x00007fe5940ee0a0 flushing  nmethod 0x00007fe585104590
Event: 787.667 Thread 0x00007fe5940ee0a0 flushing  nmethod 0x00007fe585107010
Event: 787.667 Thread 0x00007fe5940ee0a0 flushing  nmethod 0x00007fe585107490
Event: 787.667 Thread 0x00007fe5940ee0a0 flushing  nmethod 0x00007fe585107890
Event: 787.667 Thread 0x00007fe5940ee0a0 flushing  nmethod 0x00007fe585130510
Event: 787.667 Thread 0x00007fe5940ee0a0 flushing  nmethod 0x00007fe585130890
Event: 787.667 Thread 0x00007fe5940ee0a0 flushing  nmethod 0x00007fe585133f10

Events (20 events):
Event: 735.925 Thread 0x00007fe52003b570 Thread exited: 0x00007fe52003b570
Event: 755.270 Thread 0x00007fe500553fc0 Thread exited: 0x00007fe500553fc0
Event: 891.888 Thread 0x00007fe595552800 Thread added: 0x00007fe508010c30
Event: 1012.738 Thread 0x00007fe508010c30 Thread exited: 0x00007fe508010c30
Event: 1218.492 Thread 0x00007fe595552800 Thread added: 0x00007fe508010c30
Event: 1333.689 Thread 0x00007fe508010c30 Thread exited: 0x00007fe508010c30
Event: 1441.324 Thread 0x00007fe5132f59d0 Thread added: 0x00007fe5004be350
Event: 1443.531 Thread 0x00007fe5004be350 Thread added: 0x00007fe55832daa0
Event: 1444.586 Thread 0x00007fe5004be350 Thread added: 0x00007fe5583438a0
Event: 1444.617 Thread 0x00007fe5004be350 Thread added: 0x00007fe558344ea0
Event: 1527.843 Thread 0x00007fe5132f59d0 Thread added: 0x00007fe5001242d0
Event: 1537.782 Thread 0x00007fe595552800 Thread added: 0x00007fe508010c30
Event: 1541.826 Thread 0x00007fe5583438a0 Thread exited: 0x00007fe5583438a0
Event: 1541.826 Thread 0x00007fe55832daa0 Thread exited: 0x00007fe55832daa0
Event: 1541.826 Thread 0x00007fe5004be350 Thread exited: 0x00007fe5004be350
Event: 1541.863 Thread 0x00007fe558344ea0 Thread exited: 0x00007fe558344ea0
Event: 1610.757 Thread 0x00007fe5132f59d0 Thread added: 0x00007fe5007781e0
Event: 1610.758 Thread 0x00007fe5132f59d0 Thread added: 0x00007fe5007791b0
Event: 1610.758 Thread 0x00007fe5132f59d0 Thread added: 0x00007fe500659960
Event: 1612.980 Thread 0x00007fe508010c30 Thread exited: 0x00007fe508010c30


Dynamic libraries:
c0000000-fe900000 rw-p 00000000 00:00 0 
fe900000-100040000 rw-p 00000000 00:00 0 
100040000-1000c0000 rw-p 00000000 00:00 0 
1000c0000-100100000 rw-p 00000000 00:00 0 
100100000-100180000 rw-p 00000000 00:00 0 
100180000-100240000 rw-p 00000000 00:00 0 
100240000-100280000 rw-p 00000000 00:00 0 
100280000-1006c0000 rw-p 00000000 00:00 0 
1006c0000-100840000 rw-p 00000000 00:00 0 
100840000-100b40000 rw-p 00000000 00:00 0 
100b40000-100b80000 rw-p 00000000 00:00 0 
100b80000-101100000 rw-p 00000000 00:00 0 
101100000-101240000 rw-p 00000000 00:00 0 
101240000-101280000 rw-p 00000000 00:00 0 
101280000-1012c0000 rw-p 00000000 00:00 0 
1012c0000-101300000 rw-p 00000000 00:00 0 
101300000-1013e0000 rw-p 00000000 00:00 0 
1013e0000-101400000 rw-p 00000000 00:00 0 
101400000-101780000 rw-p 00000000 00:00 0 
101780000-140000000 ---p 00000000 00:00 0 
55b6fe285000-55b6fe286000 r--p 00000000 08:01 12323833                   /home/elonmusk/Downloads/android-studio/jbr/bin/java
55b6fe286000-55b6fe287000 r-xp 00000000 08:01 12323833                   /home/elonmusk/Downloads/android-studio/jbr/bin/java
55b6fe287000-55b6fe289000 r--p 00000000 08:01 12323833                   /home/elonmusk/Downloads/android-studio/jbr/bin/java
55b6fe289000-55b6fe28a000 rw-p 00001000 08:01 12323833                   /home/elonmusk/Downloads/android-studio/jbr/bin/java
55b70a507000-55b70a9b0000 rw-p 00000000 00:00 0                          [heap]
7fe4ec000000-7fe4ecfdd000 rw-p 00000000 00:00 0 
7fe4ecfdd000-7fe4f0000000 ---p 00000000 00:00 0 
7fe4f1800000-7fe4f1bb1000 r--s 00000000 08:01 17701944                   /home/elonmusk/.gradle/caches/8.10.2/transforms/4598b28005914214c0fc86a4b1d135b9/transformed/output/jdkImage/lib/modules
7fe4f1cfd000-7fe4f1dff000 rw-p 00000000 00:00 0 
7fe4f1dff000-7fe4f1e03000 ---p 00000000 00:00 0 
7fe4f1e03000-7fe4f1f00000 rw-p 00000000 00:00 0 
7fe4f1f00000-7fe4f1f04000 ---p 00000000 00:00 0 
7fe4f1f04000-7fe4f2000000 rw-p 00000000 00:00 0 
7fe4f2000000-7fe4f3380000 rw-p 00000000 00:00 0 
7fe4f3380000-7fe4f33c0000 rw-p 00000000 00:00 0 
7fe4f33c0000-7fe4f3400000 ---p 00000000 00:00 0 
7fe4f3400000-7fe4f3720000 rw-p 00000000 00:00 0 
7fe4f3720000-7fe4f6000000 ---p 00000000 00:00 0 
7fe4f6037000-7fe4f6038000 rw-p 00000000 00:00 0 
7fe4f6038000-7fe4f603c000 ---p 00000000 00:00 0 
7fe4f603c000-7fe4f6139000 rw-p 00000000 00:00 0 
7fe4f6139000-7fe4f613d000 ---p 00000000 00:00 0 
7fe4f613d000-7fe4f623a000 rw-p 00000000 00:00 0 
7fe4f623a000-7fe4f623e000 ---p 00000000 00:00 0 
7fe4f623e000-7fe4f633b000 rw-p 00000000 00:00 0 
7fe4f633b000-7fe4f633f000 ---p 00000000 00:00 0 
7fe4f633f000-7fe4f643c000 rw-p 00000000 00:00 0 
7fe4f643c000-7fe4f6440000 ---p 00000000 00:00 0 
7fe4f6440000-7fe4f653d000 rw-p 00000000 00:00 0 
7fe4f653d000-7fe4f6541000 ---p 00000000 00:00 0 
7fe4f6541000-7fe4f663d000 rw-p 00000000 00:00 0 
7fe4f663d000-7fe4f69ea000 rw-p 00000000 00:00 0 
7fe4f69ea000-7fe4f69eb000 rw-p 00000000 00:00 0 
7fe4f69eb000-7fe4f69ef000 ---p 00000000 00:00 0 
7fe4f69ef000-7fe4f6aec000 rw-p 00000000 00:00 0 
7fe4f6aec000-7fe4f6af0000 ---p 00000000 00:00 0 
7fe4f6af0000-7fe4f6bed000 rw-p 00000000 00:00 0 
7fe4f6bed000-7fe4f6bf1000 ---p 00000000 00:00 0 
7fe4f6bf1000-7fe4f6cee000 rw-p 00000000 00:00 0 
7fe4f6cee000-7fe4f6cf2000 ---p 00000000 00:00 0 
7fe4f6cf2000-7fe4f6def000 rw-p 00000000 00:00 0 
7fe4f6def000-7fe4f6df3000 ---p 00000000 00:00 0 
7fe4f6df3000-7fe4f6ef0000 rw-p 00000000 00:00 0 
7fe4f6ef0000-7fe4f6ef4000 ---p 00000000 00:00 0 
7fe4f6ef4000-7fe4f6ff1000 rw-p 00000000 00:00 0 
7fe4f6ff1000-7fe4f6ff5000 ---p 00000000 00:00 0 
7fe4f6ff5000-7fe4f70f2000 rw-p 00000000 00:00 0 
7fe4f70f2000-7fe4f70f6000 ---p 00000000 00:00 0 
7fe4f70f6000-7fe4f71f3000 rw-p 00000000 00:00 0 
7fe4f71f3000-7fe4f71f7000 ---p 00000000 00:00 0 
7fe4f71f7000-7fe4f72f4000 rw-p 00000000 00:00 0 
7fe4f72f4000-7fe4f72f8000 ---p 00000000 00:00 0 
7fe4f72f8000-7fe4f73f5000 rw-p 00000000 00:00 0 
7fe4f73f5000-7fe4f73f9000 ---p 00000000 00:00 0 
7fe4f73f9000-7fe4f74f6000 rw-p 00000000 00:00 0 
7fe4f74f6000-7fe4f74fa000 ---p 00000000 00:00 0 
7fe4f74fa000-7fe4f75f7000 rw-p 00000000 00:00 0 
7fe4f75f7000-7fe4f75fb000 ---p 00000000 00:00 0 
7fe4f75fb000-7fe4f76f8000 rw-p 00000000 00:00 0 
7fe4f76f8000-7fe4f76fc000 ---p 00000000 00:00 0 
7fe4f76fc000-7fe4f77f9000 rw-p 00000000 00:00 0 
7fe4f77f9000-7fe4f77fd000 ---p 00000000 00:00 0 
7fe4f77fd000-7fe4f78fa000 rw-p 00000000 00:00 0 
7fe4f78fa000-7fe4f78fe000 ---p 00000000 00:00 0 
7fe4f78fe000-7fe4f79fb000 rw-p 00000000 00:00 0 
7fe4f79fb000-7fe4f79ff000 ---p 00000000 00:00 0 
7fe4f79ff000-7fe4f7afc000 rw-p 00000000 00:00 0 
7fe4f7afc000-7fe4f7b00000 ---p 00000000 00:00 0 
7fe4f7b00000-7fe4f7bfd000 rw-p 00000000 00:00 0 
7fe4f7bfd000-7fe4f7c01000 ---p 00000000 00:00 0 
7fe4f7c01000-7fe4f7cfe000 rw-p 00000000 00:00 0 
7fe4f7cfe000-7fe4f7d02000 ---p 00000000 00:00 0 
7fe4f7d02000-7fe4f7dff000 rw-p 00000000 00:00 0 
7fe4f7dff000-7fe4f7e03000 ---p 00000000 00:00 0 
7fe4f7e03000-7fe4f7f00000 rw-p 00000000 00:00 0 
7fe4f7f00000-7fe4f7f04000 ---p 00000000 00:00 0 
7fe4f7f04000-7fe4f8000000 rw-p 00000000 00:00 0 
7fe4f8000000-7fe4f8100000 rw-p 00000000 00:00 0 
7fe4f8100000-7fe4f8200000 rw-p 00000000 00:00 0 
7fe4f8200000-7fe4f8b80000 rw-p 00000000 00:00 0 
7fe4f8b80000-7fe4f8c00000 rw-p 00000000 00:00 0 
7fe4f8c00000-7fe4f8d00000 rw-p 00000000 00:00 0 
7fe4f8d00000-7fe4f8e00000 rw-p 00000000 00:00 0 
7fe4f8e00000-7fe4fa200000 rw-p 00000000 00:00 0 
7fe4fa200000-7fe4fa700000 rw-p 00000000 00:00 0 
7fe4fa700000-7fe4fa800000 rw-p 00000000 00:00 0 
7fe4fa800000-7fe4fac00000 rw-p 00000000 00:00 0 
7fe4fac00000-7fe4fad00000 rw-p 00000000 00:00 0 
7fe4fad00000-7fe4fae00000 rw-p 00000000 00:00 0 
7fe4fae00000-7fe4fae80000 rw-p 00000000 00:00 0 
7fe4fae80000-7fe4faf00000 rw-p 00000000 00:00 0 
7fe4faf00000-7fe4fb600000 rw-p 00000000 00:00 0 
7fe4fb600000-7fe4fb900000 rw-p 00000000 00:00 0 
7fe4fb900000-7fe4fba00000 rw-p 00000000 00:00 0 
7fe4fba00000-7fe4fc000000 rw-p 00000000 00:00 0 
7fe4fc000000-7fe4fd821000 rw-p 00000000 00:00 0 
7fe4fd821000-7fe500000000 ---p 00000000 00:00 0 
7fe500000000-7fe500993000 rw-p 00000000 00:00 0 
7fe500993000-7fe504000000 ---p 00000000 00:00 0 
7fe504000000-7fe5040c0000 rw-p 00000000 00:00 0 
7fe5040c0000-7fe508000000 ---p 00000000 00:00 0 
7fe508000000-7fe508a39000 rw-p 00000000 00:00 0 
7fe508a39000-7fe50c000000 ---p 00000000 00:00 0 
7fe50c000000-7fe50c15f000 rw-p 00000000 00:00 0 
7fe50c15f000-7fe510000000 ---p 00000000 00:00 0 
7fe510000000-7fe51357d000 rw-p 00000000 00:00 0 
7fe51357d000-7fe514000000 ---p 00000000 00:00 0 
7fe514000000-7fe514059000 rw-p 00000000 00:00 0 
7fe514059000-7fe518000000 ---p 00000000 00:00 0 
7fe518000000-7fe5188c5000 rw-p 00000000 00:00 0 
7fe5188c5000-7fe51c000000 ---p 00000000 00:00 0 
7fe51c000000-7fe51c0bb000 rw-p 00000000 00:00 0 
7fe51c0bb000-7fe520000000 ---p 00000000 00:00 0 
7fe520000000-7fe5201df000 rw-p 00000000 00:00 0 
7fe5201df000-7fe524000000 ---p 00000000 00:00 0 
7fe524000000-7fe524e59000 rw-p 00000000 00:00 0 
7fe524e59000-7fe528000000 ---p 00000000 00:00 0 
7fe528000000-7fe52877b000 rw-p 00000000 00:00 0 
7fe52877b000-7fe52c000000 ---p 00000000 00:00 0 
7fe52c0c9000-7fe52c0ca000 rw-p 00000000 00:00 0 
7fe52c0ca000-7fe52c0ce000 ---p 00000000 00:00 0 
7fe52c0ce000-7fe52c1cb000 rw-p 00000000 00:00 0 
7fe52c1cb000-7fe52c1cf000 ---p 00000000 00:00 0 
7fe52c1cf000-7fe52c2cc000 rw-p 00000000 00:00 0 
7fe52c2cc000-7fe52c2d0000 ---p 00000000 00:00 0 
7fe52c2d0000-7fe52c3cd000 rw-p 00000000 00:00 0 
7fe52c3cd000-7fe52c3d1000 ---p 00000000 00:00 0 
7fe52c3d1000-7fe52c4ce000 rw-p 00000000 00:00 0 
7fe52c4ce000-7fe52c4d2000 ---p 00000000 00:00 0 
7fe52c4d2000-7fe52c5cf000 rw-p 00000000 00:00 0 
7fe52c5cf000-7fe52c5d3000 ---p 00000000 00:00 0 
7fe52c5d3000-7fe52c6d0000 rw-p 00000000 00:00 0 
7fe52c6d0000-7fe52c6d4000 ---p 00000000 00:00 0 
7fe52c6d4000-7fe52c7d1000 rw-p 00000000 00:00 0 
7fe52c7d1000-7fe52c7d5000 ---p 00000000 00:00 0 
7fe52c7d5000-7fe52c8d2000 rw-p 00000000 00:00 0 
7fe52c8d2000-7fe52c8d6000 ---p 00000000 00:00 0 
7fe52c8d6000-7fe52c9d3000 rw-p 00000000 00:00 0 
7fe52c9d3000-7fe52c9d7000 ---p 00000000 00:00 0 
7fe52c9d7000-7fe52cad4000 rw-p 00000000 00:00 0 
7fe52cad4000-7fe52cad8000 ---p 00000000 00:00 0 
7fe52cad8000-7fe52cbd5000 rw-p 00000000 00:00 0 
7fe52cbd5000-7fe52cbd9000 ---p 00000000 00:00 0 
7fe52cbd9000-7fe52ccd6000 rw-p 00000000 00:00 0 
7fe52ccd6000-7fe52ccda000 ---p 00000000 00:00 0 
7fe52ccda000-7fe52cdd7000 rw-p 00000000 00:00 0 
7fe52cdd7000-7fe52cddb000 ---p 00000000 00:00 0 
7fe52cddb000-7fe52ced8000 rw-p 00000000 00:00 0 
7fe52ced8000-7fe52cedc000 ---p 00000000 00:00 0 
7fe52cedc000-7fe52cfd9000 rw-p 00000000 00:00 0 
7fe52cfd9000-7fe52cfdd000 ---p 00000000 00:00 0 
7fe52cfdd000-7fe52d0da000 rw-p 00000000 00:00 0 
7fe52d0da000-7fe52d0de000 ---p 00000000 00:00 0 
7fe52d0de000-7fe52d1db000 rw-p 00000000 00:00 0 
7fe52d1db000-7fe52d1df000 ---p 00000000 00:00 0 
7fe52d1df000-7fe52d2dc000 rw-p 00000000 00:00 0 
7fe52d2dc000-7fe52d2e0000 ---p 00000000 00:00 0 
7fe52d2e0000-7fe52d3dd000 rw-p 00000000 00:00 0 
7fe52d3dd000-7fe52d3e1000 ---p 00000000 00:00 0 
7fe52d3e1000-7fe52d4de000 rw-p 00000000 00:00 0 
7fe52d4de000-7fe52d4e2000 ---p 00000000 00:00 0 
7fe52d4e2000-7fe52d5df000 rw-p 00000000 00:00 0 
7fe52d5df000-7fe52d5e3000 ---p 00000000 00:00 0 
7fe52d5e3000-7fe52d6e0000 rw-p 00000000 00:00 0 
7fe52d6e0000-7fe52d6e4000 ---p 00000000 00:00 0 
7fe52d6e4000-7fe52d7e1000 rw-p 00000000 00:00 0 
7fe52d7e1000-7fe52d7e5000 ---p 00000000 00:00 0 
7fe52d7e5000-7fe52d8e2000 rw-p 00000000 00:00 0 
7fe52d8e2000-7fe52d8e6000 ---p 00000000 00:00 0 
7fe52d8e6000-7fe52d9e3000 rw-p 00000000 00:00 0 
7fe52d9e3000-7fe52d9e7000 ---p 00000000 00:00 0 
7fe52d9e7000-7fe52dae4000 rw-p 00000000 00:00 0 
7fe52dae4000-7fe52dae8000 ---p 00000000 00:00 0 
7fe52dae8000-7fe52dbe5000 rw-p 00000000 00:00 0 
7fe52dbe5000-7fe52dbe9000 ---p 00000000 00:00 0 
7fe52dbe9000-7fe52dce6000 rw-p 00000000 00:00 0 
7fe52dce6000-7fe52dcea000 ---p 00000000 00:00 0 
7fe52dcea000-7fe52dde7000 rw-p 00000000 00:00 0 
7fe52dde7000-7fe52ddeb000 ---p 00000000 00:00 0 
7fe52ddeb000-7fe52dee8000 rw-p 00000000 00:00 0 
7fe52dee8000-7fe52deec000 ---p 00000000 00:00 0 
7fe52deec000-7fe52dfe9000 rw-p 00000000 00:00 0 
7fe52dfe9000-7fe52dfed000 ---p 00000000 00:00 0 
7fe52dfed000-7fe52e0ea000 rw-p 00000000 00:00 0 
7fe52e0ea000-7fe52e0ee000 ---p 00000000 00:00 0 
7fe52e0ee000-7fe52e1eb000 rw-p 00000000 00:00 0 
7fe52e1eb000-7fe52e1ef000 ---p 00000000 00:00 0 
7fe52e1ef000-7fe52e2ec000 rw-p 00000000 00:00 0 
7fe52e2ec000-7fe52e2f0000 ---p 00000000 00:00 0 
7fe52e2f0000-7fe52e3ed000 rw-p 00000000 00:00 0 
7fe52e3ed000-7fe52e3f1000 ---p 00000000 00:00 0 
7fe52e3f1000-7fe52e4ee000 rw-p 00000000 00:00 0 
7fe52e4ee000-7fe52e4f2000 ---p 00000000 00:00 0 
7fe52e4f2000-7fe52e5ef000 rw-p 00000000 00:00 0 
7fe52e5ef000-7fe52e5f3000 ---p 00000000 00:00 0 
7fe52e5f3000-7fe52e6f0000 rw-p 00000000 00:00 0 
7fe52e6f0000-7fe52e6f4000 ---p 00000000 00:00 0 
7fe52e6f4000-7fe52e7f1000 rw-p 00000000 00:00 0 
7fe52e7f1000-7fe52e7f5000 ---p 00000000 00:00 0 
7fe52e7f5000-7fe52e8f2000 rw-p 00000000 00:00 0 
7fe52e8f2000-7fe52e8f6000 ---p 00000000 00:00 0 
7fe52e8f6000-7fe52e9f3000 rw-p 00000000 00:00 0 
7fe52e9f3000-7fe52e9f7000 ---p 00000000 00:00 0 
7fe52e9f7000-7fe52eaf4000 rw-p 00000000 00:00 0 
7fe52eaf4000-7fe52eaf8000 ---p 00000000 00:00 0 
7fe52eaf8000-7fe52ebf5000 rw-p 00000000 00:00 0 
7fe52ebf5000-7fe52ebf9000 ---p 00000000 00:00 0 
7fe52ebf9000-7fe52ecf6000 rw-p 00000000 00:00 0 
7fe52ecf6000-7fe52ecfa000 ---p 00000000 00:00 0 
7fe52ecfa000-7fe52edf7000 rw-p 00000000 00:00 0 
7fe52edf7000-7fe52edfb000 ---p 00000000 00:00 0 
7fe52edfb000-7fe52eef8000 rw-p 00000000 00:00 0 
7fe52eef8000-7fe52eefc000 ---p 00000000 00:00 0 
7fe52eefc000-7fe52eff9000 rw-p 00000000 00:00 0 
7fe52eff9000-7fe52effd000 ---p 00000000 00:00 0 
7fe52effd000-7fe52f0fa000 rw-p 00000000 00:00 0 
7fe52f0fa000-7fe52f0fe000 ---p 00000000 00:00 0 
7fe52f0fe000-7fe52f1fb000 rw-p 00000000 00:00 0 
7fe52f1fb000-7fe52f1ff000 ---p 00000000 00:00 0 
7fe52f1ff000-7fe52f2fc000 rw-p 00000000 00:00 0 
7fe52f2fc000-7fe52f300000 ---p 00000000 00:00 0 
7fe52f300000-7fe52f3fd000 rw-p 00000000 00:00 0 
7fe52f3fd000-7fe52f401000 ---p 00000000 00:00 0 
7fe52f401000-7fe52f4fe000 rw-p 00000000 00:00 0 
7fe52f4fe000-7fe52f502000 ---p 00000000 00:00 0 
7fe52f502000-7fe52f5ff000 rw-p 00000000 00:00 0 
7fe52f5ff000-7fe52f603000 ---p 00000000 00:00 0 
7fe52f603000-7fe52f700000 rw-p 00000000 00:00 0 
7fe52f700000-7fe52f704000 ---p 00000000 00:00 0 
7fe52f704000-7fe52f800000 rw-p 00000000 00:00 0 
7fe52f800000-7fe52f8a3000 r--p 00000000 08:01 4064415                    /usr/lib/x86_64-linux-gnu/libstdc++.so.6.0.35
7fe52f8a3000-7fe52f9e3000 r-xp 000a3000 08:01 4064415                    /usr/lib/x86_64-linux-gnu/libstdc++.so.6.0.35
7fe52f9e3000-7fe52fa70000 r--p 001e3000 08:01 4064415                    /usr/lib/x86_64-linux-gnu/libstdc++.so.6.0.35
7fe52fa70000-7fe52fa7f000 r--p 0026f000 08:01 4064415                    /usr/lib/x86_64-linux-gnu/libstdc++.so.6.0.35
7fe52fa7f000-7fe52fa82000 rw-p 0027e000 08:01 4064415                    /usr/lib/x86_64-linux-gnu/libstdc++.so.6.0.35
7fe52fa82000-7fe52fa86000 rw-p 00000000 00:00 0 
7fe52faff000-7fe52fb00000 rw-p 00000000 00:00 0 
7fe52fb00000-7fe52fb04000 ---p 00000000 00:00 0 
7fe52fb04000-7fe52fc00000 rw-p 00000000 00:00 0 
7fe52fc00000-7fe52fc53000 r-xp 00000000 08:01 17310283                   /home/elonmusk/.gradle/native/100fb08df4bc3b14c8652ba06237920a3bd2aa13389f12d3474272988ae205f9/linux-amd64/libnative-platform-file-events.so
7fe52fc53000-7fe52fe52000 ---p 00053000 08:01 17310283                   /home/elonmusk/.gradle/native/100fb08df4bc3b14c8652ba06237920a3bd2aa13389f12d3474272988ae205f9/linux-amd64/libnative-platform-file-events.so
7fe52fe52000-7fe52fe53000 r--p 00052000 08:01 17310283                   /home/elonmusk/.gradle/native/100fb08df4bc3b14c8652ba06237920a3bd2aa13389f12d3474272988ae205f9/linux-amd64/libnative-platform-file-events.so
7fe52fe53000-7fe52fe55000 rw-p 00053000 08:01 17310283                   /home/elonmusk/.gradle/native/100fb08df4bc3b14c8652ba06237920a3bd2aa13389f12d3474272988ae205f9/linux-amd64/libnative-platform-file-events.so
7fe52feff000-7fe52ff00000 rw-p 00000000 00:00 0 
7fe52ff00000-7fe52ff04000 ---p 00000000 00:00 0 
7fe52ff04000-7fe530000000 rw-p 00000000 00:00 0 
7fe530000000-7fe530df9000 rw-p 00000000 00:00 0 
7fe530df9000-7fe534000000 ---p 00000000 00:00 0 
7fe534000000-7fe534c06000 rw-p 00000000 00:00 0 
7fe534c06000-7fe538000000 ---p 00000000 00:00 0 
7fe538000000-7fe539ea0000 rw-p 00000000 00:00 0 
7fe539ea0000-7fe53c000000 ---p 00000000 00:00 0 
7fe53c000000-7fe53c075000 rw-p 00000000 00:00 0 
7fe53c075000-7fe540000000 ---p 00000000 00:00 0 
7fe540000000-7fe5402a6000 rw-p 00000000 00:00 0 
7fe5402a6000-7fe544000000 ---p 00000000 00:00 0 
7fe544000000-7fe547f41000 rw-p 00000000 00:00 0 
7fe547f41000-7fe548000000 ---p 00000000 00:00 0 
7fe548000000-7fe54a7a7000 rw-p 00000000 00:00 0 
7fe54a7a7000-7fe54c000000 ---p 00000000 00:00 0 
7fe54c000000-7fe54c2fe000 rw-p 00000000 00:00 0 
7fe54c2fe000-7fe550000000 ---p 00000000 00:00 0 
7fe550000000-7fe553fff000 rw-p 00000000 00:00 0 
7fe553fff000-7fe554000000 ---p 00000000 00:00 0 
7fe554000000-7fe5550ca000 rw-p 00000000 00:00 0 
7fe5550ca000-7fe558000000 ---p 00000000 00:00 0 
7fe558000000-7fe558348000 rw-p 00000000 00:00 0 
7fe558348000-7fe55c000000 ---p 00000000 00:00 0 
7fe55c000000-7fe55c68b000 rw-p 00000000 00:00 0 
7fe55c68b000-7fe560000000 ---p 00000000 00:00 0 
7fe560000000-7fe560500000 rw-p 00000000 00:00 0 
7fe560500000-7fe560520000 rw-p 00000000 00:00 0 
7fe560520000-7fe560540000 rw-p 00000000 00:00 0 
7fe560540000-7fe560580000 rw-p 00000000 00:00 0 
7fe560580000-7fe560700000 rw-p 00000000 00:00 0 
7fe560700000-7fe560780000 rw-p 00000000 00:00 0 
7fe560780000-7fe560900000 rw-p 00000000 00:00 0 
7fe560900000-7fe560a00000 rw-p 00000000 00:00 0 
7fe560a00000-7fe560b00000 rw-p 00000000 00:00 0 
7fe560b00000-7fe560c00000 rw-p 00000000 00:00 0 
7fe560c00000-7fe560d00000 rw-p 00000000 00:00 0 
7fe560d00000-7fe560f00000 rw-p 00000000 00:00 0 
7fe560f00000-7fe560fc0000 rw-p 00000000 00:00 0 
7fe560fc0000-7fe561100000 rw-p 00000000 00:00 0 
7fe561100000-7fe561200000 rw-p 00000000 00:00 0 
7fe561200000-7fe561500000 rw-p 00000000 00:00 0 
7fe561500000-7fe561600000 rw-p 00000000 00:00 0 
7fe561600000-7fe562300000 rw-p 00000000 00:00 0 
7fe562300000-7fe562400000 rw-p 00000000 00:00 0 
7fe562400000-7fe5625a0000 rw-p 00000000 00:00 0 
7fe5625a0000-7fe5625c0000 rw-p 00000000 00:00 0 
7fe5625c0000-7fe562700000 rw-p 00000000 00:00 0 
7fe562700000-7fe562800000 rw-p 00000000 00:00 0 
7fe562800000-7fe562900000 rw-p 00000000 00:00 0 
7fe562900000-7fe562a00000 rw-p 00000000 00:00 0 
7fe562a00000-7fe563d00000 rw-p 00000000 00:00 0 
7fe563d00000-7fe563e00000 rw-p 00000000 00:00 0 
7fe563e00000-7fe564000000 rw-p 00000000 00:00 0 
7fe564000000-7fe5648d2000 rw-p 00000000 00:00 0 
7fe5648d2000-7fe568000000 ---p 00000000 00:00 0 
7fe568000000-7fe568b3c000 rw-p 00000000 00:00 0 
7fe568b3c000-7fe56c000000 ---p 00000000 00:00 0 
7fe56c000000-7fe56ca31000 rw-p 00000000 00:00 0 
7fe56ca31000-7fe570000000 ---p 00000000 00:00 0 
7fe5700fd000-7fe5700fe000 rw-p 00000000 00:00 0 
7fe5700fe000-7fe570102000 ---p 00000000 00:00 0 
7fe570102000-7fe5701ff000 rw-p 00000000 00:00 0 
7fe5701ff000-7fe570203000 ---p 00000000 00:00 0 
7fe570203000-7fe570300000 rw-p 00000000 00:00 0 
7fe570300000-7fe570304000 ---p 00000000 00:00 0 
7fe570304000-7fe570400000 rw-p 00000000 00:00 0 
7fe570400000-7fe570405000 r-xp 00000000 08:01 17310276                   /home/elonmusk/.gradle/native/c067742578af261105cb4f569cf0c3c89f3d7b1fecec35dd04571415982c5e48/linux-amd64/libnative-platform.so
7fe570405000-7fe570605000 ---p 00005000 08:01 17310276                   /home/elonmusk/.gradle/native/c067742578af261105cb4f569cf0c3c89f3d7b1fecec35dd04571415982c5e48/linux-amd64/libnative-platform.so
7fe570605000-7fe570606000 r--p 00005000 08:01 17310276                   /home/elonmusk/.gradle/native/c067742578af261105cb4f569cf0c3c89f3d7b1fecec35dd04571415982c5e48/linux-amd64/libnative-platform.so
7fe570606000-7fe570607000 rw-p 00006000 08:01 17310276                   /home/elonmusk/.gradle/native/c067742578af261105cb4f569cf0c3c89f3d7b1fecec35dd04571415982c5e48/linux-amd64/libnative-platform.so
7fe5706f3000-7fe5706f4000 rw-p 00000000 00:00 0 
7fe5706f4000-7fe5706f8000 ---p 00000000 00:00 0 
7fe5706f8000-7fe5709f7000 rw-p 00000000 00:00 0 
7fe5709f7000-7fe5709fb000 ---p 00000000 00:00 0 
7fe5709fb000-7fe570af8000 rw-p 00000000 00:00 0 
7fe570af8000-7fe570afc000 ---p 00000000 00:00 0 
7fe570afc000-7fe570bf9000 rw-p 00000000 00:00 0 
7fe570bf9000-7fe570bfd000 ---p 00000000 00:00 0 
7fe570bfd000-7fe570cfa000 rw-p 00000000 00:00 0 
7fe570cfa000-7fe570cfe000 ---p 00000000 00:00 0 
7fe570cfe000-7fe570dfb000 rw-p 00000000 00:00 0 
7fe570dfb000-7fe570dff000 ---p 00000000 00:00 0 
7fe570dff000-7fe570efc000 rw-p 00000000 00:00 0 
7fe570efc000-7fe570f00000 ---p 00000000 00:00 0 
7fe570f00000-7fe570ffd000 rw-p 00000000 00:00 0 
7fe570ffd000-7fe571001000 ---p 00000000 00:00 0 
7fe571001000-7fe5710fe000 rw-p 00000000 00:00 0 
7fe5710fe000-7fe571102000 ---p 00000000 00:00 0 
7fe571102000-7fe5711ff000 rw-p 00000000 00:00 0 
7fe5711ff000-7fe571203000 ---p 00000000 00:00 0 
7fe571203000-7fe571300000 rw-p 00000000 00:00 0 
7fe571300000-7fe571304000 ---p 00000000 00:00 0 
7fe571304000-7fe571400000 rw-p 00000000 00:00 0 
7fe571400000-7fe5716ec000 r--p 00000000 08:01 4108431                    /usr/lib/locale/locale-archive
7fe5717df000-7fe5719e1000 rw-p 00000000 00:00 0 
7fe571afb000-7fe571cfd000 rw-p 00000000 00:00 0 
7fe571cfd000-7fe5740ce000 rw-p 00000000 00:00 0 
7fe5740ce000-7fe578000000 ---p 00000000 00:00 0 
7fe578000000-7fe578c04000 rw-p 00000000 00:00 0 
7fe578c04000-7fe57c000000 ---p 00000000 00:00 0 
7fe57c000000-7fe57cc61000 rw-p 00000000 00:00 0 
7fe57cc61000-7fe580000000 ---p 00000000 00:00 0 
7fe5800ac000-7fe5800b0000 r--p 00000000 08:01 4063867                    /usr/lib/x86_64-linux-gnu/libgcc_s.so.1
7fe5800b0000-7fe5800d4000 r-xp 00004000 08:01 4063867                    /usr/lib/x86_64-linux-gnu/libgcc_s.so.1
7fe5800d4000-7fe5800d8000 r--p 00028000 08:01 4063867                    /usr/lib/x86_64-linux-gnu/libgcc_s.so.1
7fe5800d8000-7fe5800d9000 r--p 0002b000 08:01 4063867                    /usr/lib/x86_64-linux-gnu/libgcc_s.so.1
7fe5800d9000-7fe5800da000 rw-p 0002c000 08:01 4063867                    /usr/lib/x86_64-linux-gnu/libgcc_s.so.1
7fe5800e8000-7fe5800e9000 r--p 00000000 08:01 4113479                    /usr/lib/x86_64-linux-gnu/libnss_mdns4_minimal.so.2
7fe5800e9000-7fe5800eb000 r-xp 00001000 08:01 4113479                    /usr/lib/x86_64-linux-gnu/libnss_mdns4_minimal.so.2
7fe5800eb000-7fe5800ec000 r--p 00003000 08:01 4113479                    /usr/lib/x86_64-linux-gnu/libnss_mdns4_minimal.so.2
7fe5800ec000-7fe5800ed000 r--p 00003000 08:01 4113479                    /usr/lib/x86_64-linux-gnu/libnss_mdns4_minimal.so.2
7fe5800ed000-7fe5800ee000 rw-p 00004000 08:01 4113479                    /usr/lib/x86_64-linux-gnu/libnss_mdns4_minimal.so.2
7fe5800ee000-7fe5800f5000 r--s 00000000 08:01 4063826                    /usr/lib/x86_64-linux-gnu/gconv/gconv-modules.cache
7fe5800f5000-7fe5800f8000 r--p 00000000 08:01 12324195                   /home/elonmusk/Downloads/android-studio/jbr/lib/libmanagement_ext.so
7fe5800f8000-7fe5800fb000 r-xp 00002000 08:01 12324195                   /home/elonmusk/Downloads/android-studio/jbr/lib/libmanagement_ext.so
7fe5800fb000-7fe5800fc000 r--p 00004000 08:01 12324195                   /home/elonmusk/Downloads/android-studio/jbr/lib/libmanagement_ext.so
7fe5800fc000-7fe5800fd000 rw-p 00004000 08:01 12324195                   /home/elonmusk/Downloads/android-studio/jbr/lib/libmanagement_ext.so
7fe5800fd000-7fe5801fe000 rw-p 00000000 00:00 0 
7fe5801fe000-7fe580400000 rw-p 00000000 00:00 0 
7fe580400000-7fe5813a4000 rw-p 00000000 00:00 0 
7fe5813a4000-7fe5815f4000 rw-p 00000000 00:00 0 
7fe5815f4000-7fe5817f4000 rw-p 00000000 00:00 0 
7fe5817f4000-7fe581800000 rw-p 00000000 00:00 0 
7fe581800000-7fe581806000 r--p 00000000 08:01 12324184                   /home/elonmusk/Downloads/android-studio/jbr/lib/libverify.so
7fe581806000-7fe58180e000 r-xp 00005000 08:01 12324184                   /home/elonmusk/Downloads/android-studio/jbr/lib/libverify.so
7fe58180e000-7fe581810000 r--p 0000c000 08:01 12324184                   /home/elonmusk/Downloads/android-studio/jbr/lib/libverify.so
7fe581810000-7fe581811000 rw-p 0000d000 08:01 12324184                   /home/elonmusk/Downloads/android-studio/jbr/lib/libverify.so
7fe581811000-7fe581815000 r--p 00000000 08:01 12324125                   /home/elonmusk/Downloads/android-studio/jbr/lib/libnet.so
7fe581815000-7fe58181d000 r-xp 00003000 08:01 12324125                   /home/elonmusk/Downloads/android-studio/jbr/lib/libnet.so
7fe58181d000-7fe58181e000 r--p 0000a000 08:01 12324125                   /home/elonmusk/Downloads/android-studio/jbr/lib/libnet.so
7fe58181e000-7fe58181f000 rw-p 0000a000 08:01 12324125                   /home/elonmusk/Downloads/android-studio/jbr/lib/libnet.so
7fe58181f000-7fe5818fb000 rw-p 00000000 00:00 0 
7fe5818fb000-7fe5819fc000 rw-p 00000000 00:00 0 
7fe5819fc000-7fe581e00000 rw-p 00000000 00:00 0 
7fe581e00000-7fe5853f0000 rwxp 00000000 00:00 0 
7fe5853f0000-7fe589337000 ---p 00000000 00:00 0 
7fe589337000-7fe589647000 rwxp 00000000 00:00 0 
7fe589647000-7fe5898c8000 ---p 00000000 00:00 0 
7fe5898c8000-7fe58b168000 rwxp 00000000 00:00 0 
7fe58b168000-7fe590e00000 ---p 00000000 00:00 0 
7fe590e00000-7fe593f7b000 r--s 00000000 08:01 12324112                   /home/elonmusk/Downloads/android-studio/jbr/lib/modules
7fe593f7b000-7fe593f7c000 r--p 00000000 08:01 12324220                   /home/elonmusk/Downloads/android-studio/jbr/lib/librmi.so
7fe593f7c000-7fe593f7d000 r-xp 00000000 08:01 12324220                   /home/elonmusk/Downloads/android-studio/jbr/lib/librmi.so
7fe593f7d000-7fe593f7e000 r--p 00000000 08:01 12324220                   /home/elonmusk/Downloads/android-studio/jbr/lib/librmi.so
7fe593f7e000-7fe593f7f000 rw-p 00000000 08:01 12324220                   /home/elonmusk/Downloads/android-studio/jbr/lib/librmi.so
7fe593f7f000-7fe593f82000 r--p 00000000 08:01 12324211                   /home/elonmusk/Downloads/android-studio/jbr/lib/libmanagement.so
7fe593f82000-7fe593f84000 r-xp 00002000 08:01 12324211                   /home/elonmusk/Downloads/android-studio/jbr/lib/libmanagement.so
7fe593f84000-7fe593f85000 r--p 00003000 08:01 12324211                   /home/elonmusk/Downloads/android-studio/jbr/lib/libmanagement.so
7fe593f85000-7fe593f86000 rw-p 00003000 08:01 12324211                   /home/elonmusk/Downloads/android-studio/jbr/lib/libmanagement.so
7fe593f86000-7fe593f91000 r--p 00000000 08:01 12324221                   /home/elonmusk/Downloads/android-studio/jbr/lib/libnio.so
7fe593f91000-7fe593f9a000 r-xp 0000a000 08:01 12324221                   /home/elonmusk/Downloads/android-studio/jbr/lib/libnio.so
7fe593f9a000-7fe593f9b000 r--p 00012000 08:01 12324221                   /home/elonmusk/Downloads/android-studio/jbr/lib/libnio.so
7fe593f9b000-7fe593f9c000 rw-p 00012000 08:01 12324221                   /home/elonmusk/Downloads/android-studio/jbr/lib/libnio.so
7fe593fba000-7fe593fbb000 rw-p 00000000 00:00 0 
7fe593fbb000-7fe593fbf000 ---p 00000000 00:00 0 
7fe593fbf000-7fe593fdd000 rw-p 00000000 00:00 0 
7fe593fdd000-7fe595685000 rw-p 00000000 00:00 0 
7fe595685000-7fe598000000 ---p 00000000 00:00 0 
7fe598000000-7fe598009000 r--p 00000000 08:01 12324117                   /home/elonmusk/Downloads/android-studio/jbr/lib/libzip.so
7fe598009000-7fe59801e000 r-xp 00008000 08:01 12324117                   /home/elonmusk/Downloads/android-studio/jbr/lib/libzip.so
7fe59801e000-7fe59801f000 r--p 0001c000 08:01 12324117                   /home/elonmusk/Downloads/android-studio/jbr/lib/libzip.so
7fe59801f000-7fe598020000 rw-p 0001c000 08:01 12324117                   /home/elonmusk/Downloads/android-studio/jbr/lib/libzip.so
7fe598020000-7fe598052000 rw-p 00000000 00:00 0 
7fe598052000-7fe59810b000 ---p 00000000 00:00 0 
7fe59810b000-7fe598177000 rw-p 00000000 00:00 0 
7fe598177000-7fe5981f6000 ---p 00000000 00:00 0 
7fe5981f6000-7fe5981fd000 rw-p 00000000 00:00 0 
7fe5981fd000-7fe598202000 ---p 00000000 00:00 0 
7fe598202000-7fe59820a000 rw-s 00000000 00:29 3425                       /tmp/hsperfdata_elonmusk/80480
7fe59820a000-7fe59820e000 ---p 00000000 00:00 0 
7fe59820e000-7fe59830a000 rw-p 00000000 00:00 0 
7fe59830a000-7fe59831b000 r--p 00000000 08:01 4063837                    /usr/lib/x86_64-linux-gnu/libm.so.6
7fe59831b000-7fe59839e000 r-xp 00011000 08:01 4063837                    /usr/lib/x86_64-linux-gnu/libm.so.6
7fe59839e000-7fe5983fe000 r--p 00094000 08:01 4063837                    /usr/lib/x86_64-linux-gnu/libm.so.6
7fe5983fe000-7fe5983ff000 r--p 000f3000 08:01 4063837                    /usr/lib/x86_64-linux-gnu/libm.so.6
7fe5983ff000-7fe598400000 rw-p 000f4000 08:01 4063837                    /usr/lib/x86_64-linux-gnu/libm.so.6
7fe598400000-7fe59895c000 r--p 00000000 08:01 12324192                   /home/elonmusk/Downloads/android-studio/jbr/lib/server/libjvm.so
7fe59895c000-7fe5994e4000 r-xp 0055b000 08:01 12324192                   /home/elonmusk/Downloads/android-studio/jbr/lib/server/libjvm.so
7fe5994e4000-7fe5995b1000 r--p 010e2000 08:01 12324192                   /home/elonmusk/Downloads/android-studio/jbr/lib/server/libjvm.so
7fe5995b1000-7fe5995d5000 rw-p 011ae000 08:01 12324192                   /home/elonmusk/Downloads/android-studio/jbr/lib/server/libjvm.so
7fe5995d5000-7fe59964c000 rw-p 00000000 00:00 0 
7fe59964c000-7fe59964e000 r--p 00000000 08:01 12324210                   /home/elonmusk/Downloads/android-studio/jbr/lib/libextnet.so
7fe59964e000-7fe59964f000 r-xp 00001000 08:01 12324210                   /home/elonmusk/Downloads/android-studio/jbr/lib/libextnet.so
7fe59964f000-7fe599650000 r--p 00001000 08:01 12324210                   /home/elonmusk/Downloads/android-studio/jbr/lib/libextnet.so
7fe599650000-7fe599651000 rw-p 00001000 08:01 12324210                   /home/elonmusk/Downloads/android-studio/jbr/lib/libextnet.so
7fe599651000-7fe599663000 r--p 00000000 08:01 12324116                   /home/elonmusk/Downloads/android-studio/jbr/lib/libjava.so
7fe599663000-7fe599672000 r-xp 00011000 08:01 12324116                   /home/elonmusk/Downloads/android-studio/jbr/lib/libjava.so
7fe599672000-7fe599673000 r--p 0001f000 08:01 12324116                   /home/elonmusk/Downloads/android-studio/jbr/lib/libjava.so
7fe599673000-7fe599675000 rw-p 0001f000 08:01 12324116                   /home/elonmusk/Downloads/android-studio/jbr/lib/libjava.so
7fe599675000-7fe599679000 r--p 00000000 08:01 12324202                   /home/elonmusk/Downloads/android-studio/jbr/lib/libinstrument.so
7fe599679000-7fe599680000 r-xp 00003000 08:01 12324202                   /home/elonmusk/Downloads/android-studio/jbr/lib/libinstrument.so
7fe599680000-7fe599681000 r--p 00009000 08:01 12324202                   /home/elonmusk/Downloads/android-studio/jbr/lib/libinstrument.so
7fe599681000-7fe599682000 rw-p 00009000 08:01 12324202                   /home/elonmusk/Downloads/android-studio/jbr/lib/libinstrument.so
7fe599682000-7fe599683000 ---p 00000000 00:00 0 
7fe599683000-7fe599684000 r--p 00000000 00:00 0 
7fe599684000-7fe599685000 ---p 00000000 00:00 0 
7fe599685000-7fe599686000 r--p 00000000 08:01 4063851                    /usr/lib/x86_64-linux-gnu/librt.so.1
7fe599686000-7fe599687000 r-xp 00001000 08:01 4063851                    /usr/lib/x86_64-linux-gnu/librt.so.1
7fe599687000-7fe599688000 r--p 00002000 08:01 4063851                    /usr/lib/x86_64-linux-gnu/librt.so.1
7fe599688000-7fe599689000 r--p 00002000 08:01 4063851                    /usr/lib/x86_64-linux-gnu/librt.so.1
7fe599689000-7fe59968a000 rw-p 00003000 08:01 4063851                    /usr/lib/x86_64-linux-gnu/librt.so.1
7fe59968a000-7fe59968c000 rw-p 00000000 00:00 0 
7fe59968c000-7fe5996b4000 r--p 00000000 08:01 4063833                    /usr/lib/x86_64-linux-gnu/libc.so.6
7fe5996b4000-7fe59981c000 r-xp 00028000 08:01 4063833                    /usr/lib/x86_64-linux-gnu/libc.so.6
7fe59981c000-7fe59986f000 r--p 00190000 08:01 4063833                    /usr/lib/x86_64-linux-gnu/libc.so.6
7fe59986f000-7fe599873000 r--p 001e3000 08:01 4063833                    /usr/lib/x86_64-linux-gnu/libc.so.6
7fe599873000-7fe599875000 rw-p 001e7000 08:01 4063833                    /usr/lib/x86_64-linux-gnu/libc.so.6
7fe599875000-7fe599882000 rw-p 00000000 00:00 0 
7fe599882000-7fe599883000 r--p 00000000 08:01 4063835                    /usr/lib/x86_64-linux-gnu/libdl.so.2
7fe599883000-7fe599884000 r-xp 00001000 08:01 4063835                    /usr/lib/x86_64-linux-gnu/libdl.so.2
7fe599884000-7fe599885000 r--p 00002000 08:01 4063835                    /usr/lib/x86_64-linux-gnu/libdl.so.2
7fe599885000-7fe599886000 r--p 00002000 08:01 4063835                    /usr/lib/x86_64-linux-gnu/libdl.so.2
7fe599886000-7fe599887000 rw-p 00003000 08:01 4063835                    /usr/lib/x86_64-linux-gnu/libdl.so.2
7fe599887000-7fe599888000 r--p 00000000 08:01 4063848                    /usr/lib/x86_64-linux-gnu/libpthread.so.0
7fe599888000-7fe599889000 r-xp 00001000 08:01 4063848                    /usr/lib/x86_64-linux-gnu/libpthread.so.0
7fe599889000-7fe59988a000 r--p 00002000 08:01 4063848                    /usr/lib/x86_64-linux-gnu/libpthread.so.0
7fe59988a000-7fe59988b000 r--p 00002000 08:01 4063848                    /usr/lib/x86_64-linux-gnu/libpthread.so.0
7fe59988b000-7fe59988c000 rw-p 00003000 08:01 4063848                    /usr/lib/x86_64-linux-gnu/libpthread.so.0
7fe59988c000-7fe599897000 r--p 00000000 08:01 12324123                   /home/elonmusk/Downloads/android-studio/jbr/lib/libjimage.so
7fe599897000-7fe5998ab000 r-xp 0000a000 08:01 12324123                   /home/elonmusk/Downloads/android-studio/jbr/lib/libjimage.so
7fe5998ab000-7fe5998ad000 r--p 0001d000 08:01 12324123                   /home/elonmusk/Downloads/android-studio/jbr/lib/libjimage.so
7fe5998ad000-7fe5998ae000 rw-p 0001e000 08:01 12324123                   /home/elonmusk/Downloads/android-studio/jbr/lib/libjimage.so
7fe5998ae000-7fe5998af000 rw-p 00000000 00:00 0 
7fe5998af000-7fe5998b8000 r--p 00000000 08:01 12324122                   /home/elonmusk/Downloads/android-studio/jbr/lib/libjli.so
7fe5998b8000-7fe5998c7000 r-xp 00008000 08:01 12324122                   /home/elonmusk/Downloads/android-studio/jbr/lib/libjli.so
7fe5998c7000-7fe5998c8000 r--p 00016000 08:01 12324122                   /home/elonmusk/Downloads/android-studio/jbr/lib/libjli.so
7fe5998c8000-7fe5998c9000 rw-p 00016000 08:01 12324122                   /home/elonmusk/Downloads/android-studio/jbr/lib/libjli.so
7fe5998c9000-7fe5998cb000 rw-p 00000000 00:00 0 
7fe5998cb000-7fe5998cf000 r--p 00000000 00:00 0                          [vvar]
7fe5998cf000-7fe5998d1000 r--p 00000000 00:00 0                          [vvar_vclock]
7fe5998d1000-7fe5998d3000 r-xp 00000000 00:00 0                          [vdso]
7fe5998d3000-7fe5998d4000 r--p 00000000 08:01 4063829                    /usr/lib/x86_64-linux-gnu/ld-linux-x86-64.so.2
7fe5998d4000-7fe5998fc000 r-xp 00001000 08:01 4063829                    /usr/lib/x86_64-linux-gnu/ld-linux-x86-64.so.2
7fe5998fc000-7fe599907000 r--p 00029000 08:01 4063829                    /usr/lib/x86_64-linux-gnu/ld-linux-x86-64.so.2
7fe599907000-7fe599909000 r--p 00034000 08:01 4063829                    /usr/lib/x86_64-linux-gnu/ld-linux-x86-64.so.2
7fe599909000-7fe59990a000 rw-p 00036000 08:01 4063829                    /usr/lib/x86_64-linux-gnu/ld-linux-x86-64.so.2
7fe59990a000-7fe59990b000 rw-p 00000000 00:00 0 
7ffdcc05d000-7ffdcc07e000 rw-p 00000000 00:00 0                          [stack]
Total number of mappings: 503

JVMTI agents:
/home/elonmusk/.gradle/wrapper/dists/gradle-8.10.2-bin/a04bxjujx95o3nb99gddekhwo/gradle-8.10.2/lib/agents/gradle-instrumentation-agent-8.10.2.jar path:none, loaded, initialized, instrumentlib options:none


VM Arguments:
jvm_args: --add-opens=java.base/java.util=ALL-UNNAMED --add-opens=java.base/java.lang=ALL-UNNAMED --add-opens=java.base/java.lang.invoke=ALL-UNNAMED --add-opens=java.prefs/java.util.prefs=ALL-UNNAMED --add-exports=jdk.compiler/com.sun.tools.javac.api=ALL-UNNAMED --add-exports=jdk.compiler/com.sun.tools.javac.util=ALL-UNNAMED --add-opens=java.base/java.nio.charset=ALL-UNNAMED --add-opens=java.base/java.net=ALL-UNNAMED --add-opens=java.base/java.util.concurrent.atomic=ALL-UNNAMED -Xmx1024m -Dfile.encoding=UTF-8 -Duser.country=US -Duser.language=en -Duser.variant -javaagent:/home/elonmusk/.gradle/wrapper/dists/gradle-8.10.2-bin/a04bxjujx95o3nb99gddekhwo/gradle-8.10.2/lib/agents/gradle-instrumentation-agent-8.10.2.jar -Dawt.toolkit.name=XToolkit 
java_command: org.gradle.launcher.daemon.bootstrap.GradleDaemon 8.10.2
java_class_path (initial): /home/elonmusk/.gradle/wrapper/dists/gradle-8.10.2-bin/a04bxjujx95o3nb99gddekhwo/gradle-8.10.2/lib/gradle-daemon-main-8.10.2.jar
Launcher Type: SUN_STANDARD

[Global flags]
     intx CICompilerCount                          = 3                                         {product} {ergonomic}
     uint ConcGCThreads                            = 1                                         {product} {ergonomic}
     uint G1ConcRefinementThreads                  = 4                                         {product} {ergonomic}
   size_t G1HeapRegionSize                         = 1048576                                   {product} {ergonomic}
    uintx GCDrainStackTargetSize                   = 64                                        {product} {ergonomic}
   size_t InitialHeapSize                          = 90177536                                  {product} {ergonomic}
   size_t MarkStackSize                            = 4194304                                   {product} {ergonomic}
   size_t MaxHeapSize                              = 1073741824                                {product} {command line}
   size_t MaxNewSize                               = 643825664                                 {product} {ergonomic}
   size_t MinHeapDeltaBytes                        = 1048576                                   {product} {ergonomic}
   size_t MinHeapSize                              = 8388608                                   {product} {ergonomic}
    uintx NonNMethodCodeHeapSize                   = 5832780                                {pd product} {ergonomic}
    uintx NonProfiledCodeHeapSize                  = 122912730                              {pd product} {ergonomic}
    uintx ProfiledCodeHeapSize                     = 122912730                              {pd product} {ergonomic}
    uintx ReservedCodeCacheSize                    = 251658240                              {pd product} {ergonomic}
     bool SegmentedCodeCache                       = true                                      {product} {ergonomic}
   size_t SoftMaxHeapSize                          = 1073741824                             {manageable} {ergonomic}
     bool UseCompressedOops                        = true                           {product lp64_product} {ergonomic}
     bool UseG1GC                                  = true                                      {product} {ergonomic}

Logging:
Log output configuration:
 #0: stdout all=warning uptime,level,tags foldmultilines=false
 #1: stderr all=off uptime,level,tags foldmultilines=false

Release file:
JAVA_VERSION="21.0.9"
MODULES="java.base java.compiler java.datatransfer java.xml java.prefs java.desktop java.instrument java.logging java.management java.security.sasl java.naming java.rmi java.management.rmi java.net.http java.scripting java.security.jgss java.transaction.xa java.sql java.sql.rowset java.xml.crypto java.se java.smartcardio jdk.accessibility jdk.internal.jvmstat jdk.attach jdk.charsets jdk.internal.opt jdk.zipfs jdk.compiler jdk.crypto.ec jdk.crypto.cryptoki jdk.dynalink jdk.hotspot.agent jdk.httpserver jdk.internal.ed jdk.internal.le jdk.internal.vm.ci jdk.jartool jdk.javadoc jdk.jcmd jdk.jdeps jdk.jdwp.agent jdk.jdi jdk.jfr jdk.jlink jdk.jsobject jdk.localedata jdk.management jdk.management.agent jdk.management.jfr jdk.naming.dns jdk.naming.rmi jdk.net jdk.sctp jdk.security.auth jdk.security.jgss jdk.unsupported jdk.unsupported.desktop jdk.xml.dom"
IMPLEMENTOR="JetBrains s.r.o."
JAVA_RUNTIME_VERSION="21.0.9+-14649483-b1163.86"
LIBC="gnu"
OS_ARCH="x86_64"
OS_NAME="Linux"
SOURCE=".:git:554d0c326095"

Environment Variables:
PATH=/home/elonmusk/.local/bin:/usr/local/sbin:/usr/sbin:/sbin:/usr/local/bin:/usr/bin:/bin:/usr/local/games:/usr/games:/snap/bin:/home/elonmusk/.dotnet/tools
XDG_CACHE_HOME=/home/elonmusk/.cache
XDG_CONFIG_HOME=/home/elonmusk/.config
SHELL=/bin/bash
DISPLAY=:0.0
LANG=en_US.UTF-8

Active Locale:
LC_ALL=en_US.UTF-8
LC_COLLATE=en_US.UTF-8
LC_CTYPE=en_US.UTF-8
LC_MESSAGES=en_US.UTF-8
LC_MONETARY=en_US.UTF-8
LC_NUMERIC=en_US.UTF-8
LC_TIME=en_US.UTF-8

Signal Handlers:
   SIGSEGV: crash_handler in libjvm.so, mask=11100100010111111101111111111110, flags=SA_RESTART|SA_SIGINFO, unblocked
    SIGBUS: crash_handler in libjvm.so, mask=11100100010111111101111111111110, flags=SA_RESTART|SA_SIGINFO, unblocked
    SIGFPE: crash_handler in libjvm.so, mask=11100100010111111101111111111110, flags=SA_RESTART|SA_SIGINFO, unblocked
   SIGPIPE: javaSignalHandler in libjvm.so, mask=11100100010111111101111111111110, flags=SA_RESTART|SA_SIGINFO, blocked
   SIGXFSZ: javaSignalHandler in libjvm.so, mask=11100100010111111101111111111110, flags=SA_RESTART|SA_SIGINFO, blocked
    SIGILL: crash_handler in libjvm.so, mask=11100100010111111101111111111110, flags=SA_RESTART|SA_SIGINFO, unblocked
   SIGUSR2: SR_handler in libjvm.so, mask=00000000000000000000000000000000, flags=SA_RESTART|SA_SIGINFO, blocked
    SIGHUP: UserHandler in libjvm.so, mask=11100100010111111101111111111110, flags=SA_RESTART|SA_SIGINFO, blocked
    SIGINT: UserHandler in libjvm.so, mask=11100100010111111101111111111110, flags=SA_RESTART|SA_SIGINFO, blocked
   SIGTERM: UserHandler in libjvm.so, mask=11100100010111111101111111111110, flags=SA_RESTART|SA_SIGINFO, blocked
   SIGQUIT: UserHandler in libjvm.so, mask=11100100010111111101111111111110, flags=SA_RESTART|SA_SIGINFO, blocked
   SIGTRAP: crash_handler in libjvm.so, mask=11100100010111111101111111111110, flags=SA_RESTART|SA_SIGINFO, unblocked


Periodic native trim disabled

JNI global refs:
JNI global refs: 26, weak refs: 0

JNI global refs memory usage: 859, weak refs: 857

Process memory usage:
Resident Set Size: 1057076K (19% of 5530548K total physical memory with 357176K free physical memory)

OOME stack traces (most recent first):
Classloader memory used:
Loader org.gradle.internal.classloader.VisitableURLClassLoader$InstrumentingVisitableURLClassLoader: 64241K
Loader org.gradle.internal.classloader.VisitableURLClassLoader                         : 48478K
Loader bootstrap                                                                       : 33802K
Loader org.gradle.initialization.MixInLegacyTypesClassLoader                           : 15850K
Loader jdk.internal.loader.ClassLoaders$AppClassLoader                                 : 7310K
Loader java.net.URLClassLoader                                                         : 5247K
Loader jdk.internal.loader.ClassLoaders$PlatformClassLoader                            : 1028K
Loader jdk.internal.reflect.DelegatingClassLoader                                      : 491K
Loader org.gradle.internal.classloader.VisitableURLClassLoader                         : 380K
Loader jdk.internal.jrtfs.JrtFileSystemProvider$JrtFsLoader                            : 279K
Loader org.gradle.groovy.scripts.internal.DefaultScriptCompilationHandler$ScriptClassLoader: 178K
Loader sun.reflect.misc.MethodUtil                                                     : 2984B

Classes loaded by more than one classloader:
Class Program                                                                         : loaded 5 times (x 72B)
Class Build_gradle$1                                                                  : loaded 3 times (x 75B)
Class Build_gradle                                                                    : loaded 3 times (x 130B)
Class kotlin.NotImplementedError                                                      : loaded 2 times (x 82B)
Class kotlin.text.StringsKt__StringsKt                                                : loaded 2 times (x 71B)
Class com.google.common.base.Equivalence$Identity                                     : loaded 2 times (x 82B)
Class com.google.common.base.PairwiseEquivalence                                      : loaded 2 times (x 83B)
Class com.google.common.collect.RegularImmutableMap$KeySet                            : loaded 2 times (x 150B)
Class org.gradle.internal.classloader.FilteringClassLoader                            : loaded 2 times (x 105B)
Class jdk.internal.jimage.BasicImageReader                                            : loaded 2 times (x 95B)
Class org.jetbrains.org.objectweb.asm.TypeReference                                   : loaded 2 times (x 80B)
Class kotlin.jvm.internal.CollectionToArray                                           : loaded 2 times (x 71B)
Class kotlin.io.FilesKt__FileTreeWalkKt                                               : loaded 2 times (x 71B)
Class kotlin.sequences.FilteringSequence$iterator$1                                   : loaded 2 times (x 79B)
Class kotlin.sequences.SequencesKt__SequenceBuilderKt                                 : loaded 2 times (x 71B)
Class kotlin.collections.CollectionsKt__ReversedViewsKt                               : loaded 2 times (x 71B)
Class com.google.common.collect.SortedSetMultimap                                     : loaded 2 times (x 70B)
Class com.google.common.io.FileWriteMode                                              : loaded 2 times (x 79B)
Class [Lcom.google.common.base.AbstractIterator$State;                                : loaded 2 times (x 69B)
Class com.google.common.base.CharMatcher$IsEither                                     : loaded 2 times (x 111B)
Class org.gradle.internal.classloader.ClassLoaderHierarchy                            : loaded 2 times (x 70B)
Class com.google.common.collect.AbstractMapBasedMultimap$WrappedCollection            : loaded 2 times (x 124B)
Class com.google.common.collect.ImmutableEnumSet                                      : loaded 2 times (x 146B)
Class com.google.common.util.concurrent.ExecutionError                                : loaded 2 times (x 82B)
Class com.google.common.collect.ImmutableList$1                                       : loaded 2 times (x 97B)
Class org.gradle.api.internal.classpath.ManifestUtil                                  : loaded 2 times (x 71B)
Class com.google.common.io.ByteArrayDataOutput                                        : loaded 2 times (x 70B)
Class com.google.gson.stream.MalformedJsonException                                   : loaded 2 times (x 82B)
Class com.google.common.collect.RegularImmutableMap                                   : loaded 2 times (x 121B)
Class com.google.common.collect.ImmutableMap$MapViewOfValuesAsSingletonSets           : loaded 2 times (x 125B)
Class com.google.common.reflect.TypeCapture                                           : loaded 2 times (x 71B)
Class [Lorg.objectweb.asm.Symbol;                                                     : loaded 2 times (x 69B)
Class org.objectweb.asm.ClassVisitor                                                  : loaded 2 times (x 88B)
Class com.google.common.collect.UnmodifiableListIterator                              : loaded 2 times (x 95B)
Class org.objectweb.asm.MethodTooLargeException                                       : loaded 2 times (x 83B)
Class [Lcom.google.common.cache.CacheBuilder$OneWeigher;                              : loaded 2 times (x 69B)
Class com.google.common.base.Suppliers                                                : loaded 2 times (x 71B)
Class com.google.common.base.Platform$JdkPatternCompiler                              : loaded 2 times (x 75B)
Class org.gradle.internal.classloader.DefaultClassLoaderFactory                       : loaded 2 times (x 82B)
Class org.jetbrains.org.objectweb.asm.ClassVisitor                                    : loaded 2 times (x 87B)
Class kotlin.sequences.SequencesKt___SequencesKt                                      : loaded 2 times (x 71B)
Class kotlin.collections.AbstractList$Companion                                       : loaded 2 times (x 71B)
Class com.google.common.io.ByteSource$ConcatenatedByteSource                          : loaded 2 times (x 85B)
Class org.apache.commons.io.file.PathUtils                                            : loaded 2 times (x 71B)
Class [Lcom.google.common.collect.AbstractIterator$State;                             : loaded 2 times (x 69B)
Class com.google.common.base.CharMatcher$None                                         : loaded 2 times (x 112B)
Class org.gradle.internal.classloader.ClassLoaderVisitor                              : loaded 2 times (x 76B)
Class org.jetbrains.org.objectweb.asm.ClassReader                                     : loaded 2 times (x 91B)
Class [Lcom.google.common.collect.ImmutableMapEntry;                                  : loaded 2 times (x 69B)
Class org.gradle.api.internal.classpath.EffectiveClassPath                            : loaded 2 times (x 90B)
Class kotlin.text.StringsKt__AppendableKt                                             : loaded 2 times (x 71B)
Class com.google.common.collect.AbstractIterator$1                                    : loaded 2 times (x 71B)
Class [Lorg.apache.commons.io.StandardLineSeparator;                                  : loaded 2 times (x 69B)
Class org.apache.commons.io.output.StringBuilderWriter                                : loaded 2 times (x 100B)
Class com.google.common.collect.ImmutableRangeSet                                     : loaded 2 times (x 115B)
Class com.google.common.collect.ImmutableEnumMap                                      : loaded 2 times (x 125B)
Class com.google.common.collect.ListMultimap                                          : loaded 2 times (x 70B)
Class ijJvmDebugger1_1nxz8iacv3bg692g0l3pkvalm$_run_closure1                          : loaded 2 times (x 139B)
Class [Lkotlin.reflect.KCallable;                                                     : loaded 2 times (x 69B)
Class com.google.common.collect.ImmutableSet$SerializedForm                           : loaded 2 times (x 73B)
Class com.google.common.collect.Iterators$EmptyModifiableIterator                     : loaded 2 times (x 86B)
Class com.google.common.collect.Sets$1                                                : loaded 2 times (x 139B)
Class org.objectweb.asm.AnnotationVisitor                                             : loaded 2 times (x 78B)
Class com.google.common.base.Splitter                                                 : loaded 2 times (x 72B)
Class org.gradle.api.internal.DefaultClassPathProvider                                : loaded 2 times (x 76B)
Class kotlin.sequences.Sequence                                                       : loaded 2 times (x 70B)
Class kotlin.text.StringsKt__StringNumberConversionsJVMKt                             : loaded 2 times (x 71B)
Class com.google.common.io.CharSource$ConcatenatedCharSource                          : loaded 2 times (x 86B)
Class com.google.common.collect.Maps$ViewCachingAbstractMap                           : loaded 2 times (x 125B)
Class com.google.common.collect.Sets$2                                                : loaded 2 times (x 139B)
Class [Lorg.gradle.api.internal.ClassPathProvider;                                    : loaded 2 times (x 69B)
Class org.gradle.api.internal.ClassPathProvider                                       : loaded 2 times (x 70B)
Class jdk.internal.jrtfs.SystemImage                                                  : loaded 2 times (x 74B)
Class com.google.common.reflect.Types$ClassOwnership$1                                : loaded 2 times (x 80B)
Class [Lorg.objectweb.asm.AnnotationVisitor;                                          : loaded 2 times (x 69B)
Class com.google.common.collect.Sets$3                                                : loaded 2 times (x 139B)
Class com.google.common.util.concurrent.AbstractFuture$SafeAtomicHelper               : loaded 2 times (x 79B)
Class com.google.common.cache.LocalCache$LocalLoadingCache                            : loaded 2 times (x 134B)
Class com.google.common.base.AbstractIterator$State                                   : loaded 2 times (x 79B)
Class org.gradle.internal.service.UnknownServiceException                             : loaded 2 times (x 83B)
Class [Lorg.jetbrains.org.objectweb.asm.Attribute;                                    : loaded 2 times (x 69B)
Class com.google.common.reflect.Types$ClassOwnership$2                                : loaded 2 times (x 80B)
Class com.google.common.reflect.TypeResolver                                          : loaded 2 times (x 72B)
Class com.google.common.io.ByteArrayDataInput                                         : loaded 2 times (x 70B)
Class com.google.common.collect.Sets$4                                                : loaded 2 times (x 139B)
Class org.objectweb.asm.ModuleVisitor                                                 : loaded 2 times (x 81B)
Class com.google.common.cache.LocalCache$Strength$1                                   : loaded 2 times (x 81B)
Class com.google.common.reflect.Types$ClassOwnership$3                                : loaded 2 times (x 71B)
Class org.apache.commons.io.output.QueueOutputStream                                  : loaded 2 times (x 87B)
Class com.google.common.util.concurrent.SettableFuture                                : loaded 2 times (x 114B)
Class com.google.common.cache.LocalCache$Strength$2                                   : loaded 2 times (x 81B)
Class kotlin.collections.ArraysKt___ArraysJvmKt                                       : loaded 2 times (x 71B)
Class kotlin.collections.CollectionsKt__CollectionsKt                                 : loaded 2 times (x 71B)
Class kotlin.text.StringsKt__RegexExtensionsJVMKt                                     : loaded 2 times (x 71B)
Class com.google.common.io.ByteStreams                                                : loaded 2 times (x 71B)
Class com.google.common.cache.LocalCache$Strength$3                                   : loaded 2 times (x 81B)
Class com.google.common.collect.MapDifference                                         : loaded 2 times (x 70B)
Class com.google.common.base.Splitter$1                                               : loaded 2 times (x 77B)
Class kotlin._Assertions                                                              : loaded 2 times (x 71B)
Class com.google.common.reflect.Invokable                                             : loaded 2 times (x 103B)
Class org.objectweb.asm.FieldWriter                                                   : loaded 2 times (x 78B)
Class com.google.common.cache.CacheBuilder$NullListener                               : loaded 2 times (x 82B)
Class org.gradle.internal.classpath.TransformedClassPath                              : loaded 2 times (x 96B)
Class org.gradle.internal.classloader.InstrumentingClassLoader                        : loaded 2 times (x 70B)
Class jdk.internal.jrtfs.SystemImage$1                                                : loaded 2 times (x 78B)
Class kotlin.jvm.internal.FunctionReference                                           : loaded 2 times (x 122B)
Class kotlin.jvm.internal.FunctionBase                                                : loaded 2 times (x 70B)
Class [Lorg.jetbrains.org.objectweb.asm.SymbolTable$Entry;                            : loaded 2 times (x 69B)
Class kotlin.enums.EnumEntriesList                                                    : loaded 2 times (x 223B)
Class com.google.common.reflect.Types$ParameterizedTypeImpl                           : loaded 2 times (x 81B)
Class org.apache.commons.io.output.UnsynchronizedByteArrayOutputStream                : loaded 2 times (x 102B)
Class com.google.common.collect.ImmutableRangeSet$AsSet                               : loaded 2 times (x 299B)
Class com.google.common.cache.CacheLoader$FunctionToCacheLoader                       : loaded 2 times (x 75B)
Class com.google.common.collect.Iterators$ArrayItr                                    : loaded 2 times (x 97B)
Class com.google.common.collect.ImmutableCollection$Builder                           : loaded 2 times (x 76B)
Class jdk.internal.jrtfs.SystemImage$2                                                : loaded 2 times (x 76B)
Class kotlin.comparisons.ComparisonsKt___ComparisonsJvmKt                             : loaded 2 times (x 71B)
Class kotlin.collections.CollectionsKt__IteratorsJVMKt                                : loaded 2 times (x 71B)
Class com.google.common.reflect.TypeResolver$TypeVariableKey                          : loaded 2 times (x 72B)
Class org.apache.commons.io.output.ByteArrayOutputStream                              : loaded 2 times (x 102B)
Class com.google.common.base.Joiner                                                   : loaded 2 times (x 79B)
Class com.google.common.base.MoreObjects                                              : loaded 2 times (x 71B)
Class org.jetbrains.kotlin.build.report.metrics.GradleBuildTime                       : loaded 2 times (x 86B)
Class [Lorg.objectweb.asm.Type;                                                       : loaded 2 times (x 69B)
Class com.google.common.collect.Platform                                              : loaded 2 times (x 71B)
Class com.google.common.collect.UnmodifiableIterator                                  : loaded 2 times (x 80B)
Class org.gradle.internal.service.ServiceLocator                                      : loaded 2 times (x 70B)
Class jdk.internal.jrtfs.JrtFileSystemProvider                                        : loaded 2 times (x 101B)
Class kotlin.Pair                                                                     : loaded 2 times (x 72B)
Class [Lkotlin.Function;                                                              : loaded 2 times (x 69B)
Class org.apache.commons.io.FileExistsException                                       : loaded 2 times (x 82B)
Class com.google.common.collect.HashBiMap$BiEntry                                     : loaded 2 times (x 83B)
Class com.google.common.base.Ascii                                                    : loaded 2 times (x 71B)
Class com.google.common.collect.SingletonImmutableBiMap                               : loaded 2 times (x 143B)
Class com.google.common.cache.LocalCache$1                                            : loaded 2 times (x 89B)
Class com.google.common.collect.AbstractMapEntry                                      : loaded 2 times (x 81B)
Class kotlin.io.CloseableKt                                                           : loaded 2 times (x 71B)
Class kotlin.collections.CollectionsKt__MutableCollectionsKt                          : loaded 2 times (x 71B)
Class com.google.common.collect.AbstractSetMultimap                                   : loaded 2 times (x 174B)
Class com.google.common.io.CharSource$StringCharSource                                : loaded 2 times (x 86B)
Class com.google.common.io.ByteSource$ByteArrayByteSource                             : loaded 2 times (x 85B)
Class com.google.common.reflect.TypeToken$SimpleTypeToken                             : loaded 2 times (x 73B)
Class com.google.common.collect.Sets$ImprovedAbstractSet                              : loaded 2 times (x 135B)
Class com.google.common.collect.ImmutableList$Builder                                 : loaded 2 times (x 77B)
Class com.google.common.cache.LocalCache$2                                            : loaded 2 times (x 142B)
Class com.google.common.collect.AbstractMultimap                                      : loaded 2 times (x 123B)
Class kotlin.reflect.KCallable                                                        : loaded 2 times (x 70B)
Class kotlin.io.TerminateException                                                    : loaded 2 times (x 82B)
Class kotlin.io.FilesKt__FilePathComponentsKt                                         : loaded 2 times (x 71B)
Class com.google.common.collect.ImmutableRangeSet$1                                   : loaded 2 times (x 209B)
Class com.google.common.util.concurrent.AbstractFuture$UnsafeAtomicHelper$1           : loaded 2 times (x 76B)
Class com.google.common.collect.RegularImmutableAsList                                : loaded 2 times (x 216B)
Class com.google.common.base.Optional                                                 : loaded 2 times (x 80B)
Class com.google.common.collect.Range                                                 : loaded 2 times (x 87B)
Class com.google.common.util.concurrent.AbstractFuture$Trusted                        : loaded 2 times (x 70B)
Class com.google.common.collect.Iterators                                             : loaded 2 times (x 71B)
Class com.google.common.base.CharMatcher$RangesMatcher                                : loaded 2 times (x 112B)
Class jdk.internal.jrtfs.JrtDirectoryStream$1                                         : loaded 2 times (x 83B)
Class jdk.internal.jimage.ImageLocation                                               : loaded 2 times (x 90B)
Class [Lorg.jetbrains.kotlin.build.report.metrics.BuildTime;                          : loaded 2 times (x 69B)
Class com.google.common.io.ByteSink$AsCharSink                                        : loaded 2 times (x 80B)
Class com.google.common.util.concurrent.UncheckedExecutionException                   : loaded 2 times (x 82B)
Class com.google.common.collect.Lists$StringAsImmutableList                           : loaded 2 times (x 207B)
Class org.gradle.kotlin.dsl.VersionCatalogAccessorsKt                                 : loaded 2 times (x 71B)
Class org.jetbrains.org.objectweb.asm.ClassTooLargeException                          : loaded 2 times (x 83B)
Class com.google.common.collect.ImmutableSortedSetFauxverideShim                      : loaded 2 times (x 147B)
Class com.google.common.base.CharMatcher$JavaLetterOrDigit                            : loaded 2 times (x 111B)
Class org.gradle.internal.InternalTransformer                                         : loaded 2 times (x 70B)
Class jdk.internal.jimage.ImageBufferCache$1                                          : loaded 2 times (x 83B)
Class kotlin.collections.EmptyList                                                    : loaded 2 times (x 174B)
Class kotlin.collections.MapsKt__MapsJVMKt                                            : loaded 2 times (x 71B)
Class com.google.common.collect.AbstractMapBasedMultimap$KeySet$1                     : loaded 2 times (x 82B)
Class org.objectweb.asm.ClassWriter                                                   : loaded 2 times (x 106B)
Class com.google.common.cache.CacheLoader$UnsupportedLoadingOperationException        : loaded 2 times (x 82B)
Class com.google.common.base.CharMatcher$And                                          : loaded 2 times (x 112B)
Class org.gradle.internal.classloader.ClasspathUtil$1                                 : loaded 2 times (x 76B)
Class jdk.internal.jimage.ImageBufferCache$2                                          : loaded 2 times (x 91B)
Class com.google.common.base.Objects                                                  : loaded 2 times (x 71B)
Class org.objectweb.asm.FieldVisitor                                                  : loaded 2 times (x 77B)
Class com.google.common.collect.IndexedImmutableSet                                   : loaded 2 times (x 150B)
Class com.google.common.collect.ImmutableMap$1                                        : loaded 2 times (x 81B)
Class com.google.common.collect.BiMap                                                 : loaded 2 times (x 70B)
Class org.gradle.api.internal.classpath.DefaultModuleRegistry$DefaultModule           : loaded 2 times (x 86B)
Class com.google.common.base.Absent                                                   : loaded 2 times (x 80B)
Class com.google.common.reflect.Reflection                                            : loaded 2 times (x 71B)
Class com.google.common.primitives.Ints                                               : loaded 2 times (x 71B)
Class com.google.common.collect.AbstractIterator                                      : loaded 2 times (x 82B)
Class ijKotlinCoroutineJvmDebugInit1_84wf0hjeca84oepavwu4apobm$_run_closure1          : loaded 2 times (x 139B)
Class kotlin.collections.IndexingIterable                                             : loaded 2 times (x 79B)
Class org.jetbrains.org.objectweb.asm.FieldVisitor                                    : loaded 2 times (x 76B)
Class kotlin.collections.ArraysKt__ArraysKt                                           : loaded 2 times (x 71B)
Class com.google.common.math.MathPreconditions                                        : loaded 2 times (x 71B)
Class com.google.common.collect.Multiset                                              : loaded 2 times (x 70B)
Class com.google.common.collect.ArrayListMultimapGwtSerializationDependencies         : loaded 2 times (x 172B)
Class com.google.common.collect.ObjectArrays                                          : loaded 2 times (x 71B)
Class com.google.common.collect.AbstractIndexedListIterator                           : loaded 2 times (x 96B)
Class kotlin.collections.SetsKt__SetsJVMKt                                            : loaded 2 times (x 71B)
Class kotlin.Function                                                                 : loaded 2 times (x 70B)
Class org.apache.commons.io.output.NullOutputStream                                   : loaded 2 times (x 85B)
Class com.google.common.collect.ImmutableMapEntrySet                                  : loaded 2 times (x 151B)
Class org.gradle.api.internal.classpath.Module                                        : loaded 2 times (x 70B)
Class kotlin.internal.ProgressionUtilKt                                               : loaded 2 times (x 71B)
Class kotlin.io.FileAlreadyExistsException                                            : loaded 2 times (x 82B)
Class com.google.common.cache.Weigher                                                 : loaded 2 times (x 70B)
Class org.gradle.api.internal.classpath.UnknownModuleException                        : loaded 2 times (x 82B)
Class jdk.internal.jimage.ImageHeader                                                 : loaded 2 times (x 71B)
Class org.apache.commons.io.Charsets                                                  : loaded 2 times (x 71B)
Class com.google.common.base.Stopwatch                                                : loaded 2 times (x 72B)
Class com.google.common.cache.LocalCache$Strength                                     : loaded 2 times (x 81B)
Class com.google.common.cache.Cache                                                   : loaded 2 times (x 70B)
Class com.google.gson.stream.JsonReader$1                                             : loaded 2 times (x 72B)
Class kotlin.collections.IndexingIterator                                             : loaded 2 times (x 79B)
Class org.jetbrains.kotlin.build.report.metrics.BuildMetricsReporter                  : loaded 2 times (x 70B)
Class org.apache.commons.io.filefilter.IOFileFilter                                   : loaded 2 times (x 70B)
Class com.google.common.io.Files$2                                                    : loaded 2 times (x 76B)
Class com.google.common.util.concurrent.AbstractFuture$Cancellation                   : loaded 2 times (x 72B)
Class com.google.common.collect.ImmutableMap$Builder                                  : loaded 2 times (x 82B)
Class com.google.common.base.NullnessCasts                                            : loaded 2 times (x 71B)
Class [Lkotlin.reflect.KAnnotatedElement;                                             : loaded 2 times (x 69B)
Class org.jetbrains.org.objectweb.asm.FieldWriter                                     : loaded 2 times (x 77B)
Class org.jetbrains.org.objectweb.asm.MethodVisitor                                   : loaded 2 times (x 104B)
Class kotlin.io.ByteStreamsKt                                                         : loaded 2 times (x 71B)
Class com.google.common.collect.AbstractMapBasedMultimap$WrappedCollection$WrappedIterator: loaded 2 times (x 84B)
Class com.google.common.base.Present                                                  : loaded 2 times (x 81B)
Class com.google.common.cache.RemovalListener                                         : loaded 2 times (x 70B)
Class org.gradle.api.internal.DefaultClassPathRegistry                                : loaded 2 times (x 76B)
Class org.apache.commons.io.file.DeleteOption                                         : loaded 2 times (x 70B)
Class com.google.common.reflect.Invokable$ConstructorInvokable                        : loaded 2 times (x 107B)
Class com.google.common.primitives.IntsMethodsForWeb                                  : loaded 2 times (x 71B)
Class com.google.common.collect.Multimap                                              : loaded 2 times (x 70B)
Class org.gradle.api.internal.ClassPathRegistry                                       : loaded 2 times (x 70B)
Class org.gradle.internal.classpath.DefaultClassPath$ImmutableUniqueList              : loaded 2 times (x 199B)
Class org.jetbrains.org.objectweb.asm.ByteVector                                      : loaded 2 times (x 78B)
Class kotlin.text.StringsKt__StringsJVMKt                                             : loaded 2 times (x 71B)
Class com.google.common.reflect.TypeToken                                             : loaded 2 times (x 73B)
Class com.google.common.collect.NullnessCasts                                         : loaded 2 times (x 71B)
Class com.google.common.base.ExtraObjectsMethodsForWeb                                : loaded 2 times (x 71B)
Class org.apache.commons.io.IOUtils                                                   : loaded 2 times (x 71B)
Class [Lorg.jetbrains.org.objectweb.asm.AnnotationWriter;                             : loaded 2 times (x 69B)
Class kotlin.collections.SetsKt                                                       : loaded 2 times (x 71B)
Class kotlin.text.StringsKt__IndentKt                                                 : loaded 2 times (x 71B)
Class com.google.common.io.ByteSink                                                   : loaded 2 times (x 76B)
Class com.google.common.cache.CacheBuilder                                            : loaded 2 times (x 72B)
Class com.google.common.collect.SingletonImmutableList                                : loaded 2 times (x 207B)
Class Settings_gradle$1                                                               : loaded 2 times (x 74B)
Class org.gradle.internal.classpath.ClassPath                                         : loaded 2 times (x 70B)
Class org.gradle.api.UncheckedIOException                                             : loaded 2 times (x 82B)
Class kotlin.reflect.KFunction                                                        : loaded 2 times (x 70B)
Class kotlin.sequences.SequencesKt__SequencesKt$asSequence$$inlined$Sequence$1        : loaded 2 times (x 75B)
Class com.google.common.io.Files$FileByteSource                                       : loaded 2 times (x 85B)
Class [Lcom.google.common.reflect.Types$JavaVersion;                                  : loaded 2 times (x 69B)
Class com.google.common.collect.ImmutableList$ReverseImmutableList                    : loaded 2 times (x 208B)
Class com.google.common.base.JdkPattern                                               : loaded 2 times (x 75B)
Class ijKotlinCoroutineJvmDebugInit1_84wf0hjeca84oepavwu4apobm$_run_closure1$_closure2: loaded 2 times (x 139B)
Class kotlin.collections.MapsKt__MapsKt                                               : loaded 2 times (x 71B)
Class com.google.common.io.CharSource$CharSequenceCharSource                          : loaded 2 times (x 86B)
Class org.objectweb.asm.SymbolTable$Entry                                             : loaded 2 times (x 74B)
Class com.google.common.util.concurrent.AbstractFuture$AtomicHelper                   : loaded 2 times (x 78B)
Class com.google.gson.internal.JsonReaderInternalAccess                               : loaded 2 times (x 72B)
Class org.gradle.internal.Factory                                                     : loaded 2 times (x 70B)
Class jdk.internal.jimage.ImageStringsReader                                          : loaded 2 times (x 80B)
Class org.jetbrains.org.objectweb.asm.ClassWriter                                     : loaded 2 times (x 104B)
Class org.objectweb.asm.Edge                                                          : loaded 2 times (x 72B)
Class com.google.common.base.Suppliers$SupplierOfInstance                             : loaded 2 times (x 79B)
Class com.google.common.collect.Iterators$1                                           : loaded 2 times (x 81B)
Class kotlin.UninitializedPropertyAccessException                                     : loaded 2 times (x 82B)
Class com.google.common.reflect.TypeToken$1                                           : loaded 2 times (x 110B)
Class com.google.common.cache.LocalCache$ComputingValueReference                      : loaded 2 times (x 96B)
Class com.google.common.collect.SingletonImmutableSet                                 : loaded 2 times (x 146B)
Class com.google.common.collect.ImmutableMap$IteratorBasedImmutableMap                : loaded 2 times (x 125B)
Class jdk.internal.jimage.ImageReader                                                 : loaded 2 times (x 75B)
Class com.google.common.reflect.TypeToken$2                                           : loaded 2 times (x 110B)
Class com.google.common.cache.LocalCache$Segment                                      : loaded 2 times (x 154B)
Class jdk.internal.jimage.ImageReader$SharedImageReader                               : loaded 2 times (x 95B)
Class com.google.common.collect.SortedIterable                                        : loaded 2 times (x 70B)
Class [Lorg.objectweb.asm.SymbolTable$Entry;                                          : loaded 2 times (x 69B)
Class com.google.common.cache.CacheLoader                                             : loaded 2 times (x 74B)
Class com.google.common.collect.Iterators$4                                           : loaded 2 times (x 82B)
Class com.google.common.collect.ImmutableBiMap                                        : loaded 2 times (x 143B)
Class com.google.common.collect.AbstractListMultimap                                  : loaded 2 times (x 172B)
Class org.gradle.internal.installation.GradleInstallation$1                           : loaded 2 times (x 75B)
Class org.gradle.api.internal.classpath.ModuleRegistry                                : loaded 2 times (x 70B)
Class org.jetbrains.org.objectweb.asm.AnnotationVisitor                               : loaded 2 times (x 77B)
Class org.apache.commons.io.output.NullWriter                                         : loaded 2 times (x 99B)
Class com.google.common.util.concurrent.internal.InternalFutureFailureAccess          : loaded 2 times (x 72B)
Class com.google.common.collect.Iterators$5                                           : loaded 2 times (x 82B)
Class com.google.common.collect.ImmutableSet$JdkBackedSetBuilderImpl                  : loaded 2 times (x 76B)
Class com.google.common.base.Splitter$SplittingIterator                               : loaded 2 times (x 84B)
Class [Lorg.jetbrains.org.objectweb.asm.Type;                                         : loaded 2 times (x 69B)
Class com.google.common.io.Closer$SuppressingSuppressor                               : loaded 2 times (x 75B)
Class com.google.common.collect.HashBiMap$Inverse                                     : loaded 2 times (x 142B)
Class com.google.common.util.concurrent.AbstractFuture$UnsafeAtomicHelper             : loaded 2 times (x 78B)
Class com.google.common.cache.LocalCache$LocalManualCache$1                           : loaded 2 times (x 75B)
Class com.google.common.base.CharMatcher$ForPredicate                                 : loaded 2 times (x 112B)
Class jdk.internal.jimage.ImageReader$Node                                            : loaded 2 times (x 84B)
Class kotlin.io.FilesKt__UtilsKt                                                      : loaded 2 times (x 71B)
Class kotlin.collections.CollectionsKt__CollectionsJVMKt                              : loaded 2 times (x 71B)
Class com.google.common.collect.Multimaps$CustomSetMultimap                           : loaded 2 times (x 178B)
Class com.google.common.collect.ImmutableCollection                                   : loaded 2 times (x 125B)
Class com.google.common.base.CharMatcher$AnyOf                                        : loaded 2 times (x 112B)
Class org.gradle.api.internal.classpath.DefaultModuleRegistry                         : loaded 2 times (x 86B)
Class jdk.internal.jimage.BasicImageReader$1                                          : loaded 2 times (x 77B)
Class kotlin.collections.IndexedValue                                                 : loaded 2 times (x 72B)
Class org.jetbrains.org.objectweb.asm.AnnotationWriter                                : loaded 2 times (x 78B)
Class kotlin.sequences.SequencesKt                                                    : loaded 2 times (x 71B)
Class kotlin.collections.CollectionsKt__IteratorsKt                                   : loaded 2 times (x 71B)
Class org.jetbrains.kotlin.build.report.metrics.GradleBuildTime$Companion             : loaded 2 times (x 71B)
Class com.google.common.util.concurrent.ListenableFuture                              : loaded 2 times (x 70B)
Class com.google.common.cache.ReferenceEntry                                          : loaded 2 times (x 70B)
Class com.google.common.collect.ImmutableSet$CachingAsList                            : loaded 2 times (x 147B)
Class com.google.common.base.Converter                                                : loaded 2 times (x 90B)
Class com.google.common.collect.Lists                                                 : loaded 2 times (x 71B)
Class com.google.common.base.CharMatcher$Any                                          : loaded 2 times (x 112B)
Class kotlin.text.StringsKt                                                           : loaded 2 times (x 71B)
Class com.google.common.util.concurrent.AbstractFuture                                : loaded 2 times (x 106B)
Class com.google.common.base.FunctionalEquivalence                                    : loaded 2 times (x 83B)
Class com.google.common.collect.Iterators$9                                           : loaded 2 times (x 81B)
Class com.google.common.collect.AbstractMapBasedMultimap                              : loaded 2 times (x 139B)
Class com.google.common.collect.ImmutableAsList                                       : loaded 2 times (x 209B)
Class kotlin.LazyKt__LazyJVMKt                                                        : loaded 2 times (x 71B)
Class com.google.common.reflect.TypeResolver$TypeTable                                : loaded 2 times (x 73B)
Class org.objectweb.asm.RecordComponentVisitor                                        : loaded 2 times (x 77B)
Class com.google.common.cache.CacheLoader$SupplierToCacheLoader                       : loaded 2 times (x 75B)
Class jdk.internal.jimage.decompressor.Decompressor                                   : loaded 2 times (x 72B)
Class jdk.internal.jimage.ImageReader$Resource                                        : loaded 2 times (x 84B)
Class kotlin.io.FilesKt__FileReadWriteKt                                              : loaded 2 times (x 71B)
Class kotlin.text.StringsKt__StringNumberConversionsKt                                : loaded 2 times (x 71B)
Class com.google.common.reflect.TypeResolver$TypeTable$1                              : loaded 2 times (x 73B)
Class com.google.common.collect.Maps$EntryTransformer                                 : loaded 2 times (x 70B)
Class org.gradle.internal.service.ServiceLookupException                              : loaded 2 times (x 82B)
Class jdk.internal.jrtfs.JrtFileAttributes                                            : loaded 2 times (x 83B)
Class com.google.common.collect.Lists$ReverseList                                     : loaded 2 times (x 200B)
Class com.google.common.collect.ImmutableSortedSet                                    : loaded 2 times (x 299B)
Class [Lcom.google.common.cache.LocalCache$EntryFactory;                              : loaded 2 times (x 69B)
Class com.google.common.base.CharMatcher$JavaLetter                                   : loaded 2 times (x 111B)
Class ijJvmDebugger1_1nxz8iacv3bg692g0l3pkvalm$_run_closure1$_closure2                : loaded 2 times (x 140B)
Class org.gradle.internal.classloader.ClassLoaderFactory                              : loaded 2 times (x 70B)
Class org.apache.commons.io.CloseableURLConnection                                    : loaded 2 times (x 117B)
Class com.google.common.cache.LocalCache$LocalManualCache                             : loaded 2 times (x 99B)
Class com.google.common.base.CharMatcher$IsNot                                        : loaded 2 times (x 111B)
Class com.google.common.base.CommonPattern                                            : loaded 2 times (x 74B)
Class org.gradle.internal.service.CachingServiceLocator                               : loaded 2 times (x 82B)
Class kotlin.jvm.internal.CallableReference                                           : loaded 2 times (x 106B)
Class com.google.common.collect.AbstractMapBasedMultimap$KeySet                       : loaded 2 times (x 137B)
Class com.google.common.collect.RegularImmutableSortedSet                             : loaded 2 times (x 299B)
Class com.google.common.math.IntMath                                                  : loaded 2 times (x 71B)
Class org.jetbrains.kotlin.build.report.metrics.BuildTime                             : loaded 2 times (x 70B)
Class com.google.common.reflect.Types$TypeVariableInvocationHandler                   : loaded 2 times (x 75B)
Class [Lcom.google.common.collect.HashBiMap$BiEntry;                                  : loaded 2 times (x 69B)
Class com.google.common.collect.Iterators$10                                          : loaded 2 times (x 81B)
Class com.google.common.collect.ImmutableMapEntry                                     : loaded 2 times (x 85B)
Class com.google.common.base.CharMatcher$JavaDigit                                    : loaded 2 times (x 111B)
Class org.jetbrains.org.objectweb.asm.Type                                            : loaded 2 times (x 72B)
Class kotlin.enums.EnumEntries                                                        : loaded 2 times (x 70B)
Class org.jetbrains.kotlin.build.report.metrics.DoNothingBuildMetricsReporter         : loaded 2 times (x 86B)
Class com.google.common.base.Equivalence                                              : loaded 2 times (x 82B)
Class com.google.common.collect.ImmutableMapEntry$NonTerminalImmutableMapEntry        : loaded 2 times (x 85B)
Class com.google.common.base.Function                                                 : loaded 2 times (x 70B)
Class org.jetbrains.org.objectweb.asm.TypePath                                        : loaded 2 times (x 72B)
Class com.google.common.collect.IndexedImmutableSet$1                                 : loaded 2 times (x 212B)
Class org.apache.commons.io.output.AbstractByteArrayOutputStream                      : loaded 2 times (x 102B)
Class com.google.common.cache.CacheBuilder$OneWeigher                                 : loaded 2 times (x 82B)
Class com.google.common.collect.RegularImmutableList                                  : loaded 2 times (x 212B)
Class jdk.internal.jimage.ImageBufferCache                                            : loaded 2 times (x 71B)
Class jdk.internal.jrtfs.JrtPath                                                      : loaded 2 times (x 118B)
Class com.google.common.reflect.Types$ClassOwnership$1LocalClass                      : loaded 2 times (x 71B)
Class com.google.common.collect.ImmutableBiMapFauxverideShim                          : loaded 2 times (x 120B)
Class org.gradle.internal.classloader.ClasspathUtil                                   : loaded 2 times (x 71B)
Class kotlin.io.FileSystemException                                                   : loaded 2 times (x 82B)
Class com.google.common.base.Charsets                                                 : loaded 2 times (x 71B)
Class com.google.common.util.concurrent.Uninterruptibles                              : loaded 2 times (x 71B)
Class kotlin.jvm.internal.DefaultConstructorMarker                                    : loaded 2 times (x 71B)
Class org.jetbrains.org.objectweb.asm.ModuleVisitor                                   : loaded 2 times (x 80B)
Class com.google.common.collect.AbstractMapBasedMultimap$WrappedSet                   : loaded 2 times (x 142B)
Class com.google.common.io.CharSource                                                 : loaded 2 times (x 85B)
Class com.google.common.collect.Maps                                                  : loaded 2 times (x 71B)
Class com.google.common.base.CharMatcher$JavaUpperCase                                : loaded 2 times (x 111B)
Class org.gradle.api.specs.Spec                                                       : loaded 2 times (x 70B)
Class jdk.internal.jimage.ImageReader$SharedImageReader$LocationVisitor               : loaded 2 times (x 70B)
Class org.apache.commons.io.file.PathFilter                                           : loaded 2 times (x 70B)
Class com.google.common.reflect.Types$JavaVersion                                     : loaded 2 times (x 83B)
Class [Lcom.google.common.collect.ImmutableEntry;                                     : loaded 2 times (x 69B)
Class org.jetbrains.org.objectweb.asm.Symbol                                          : loaded 2 times (x 73B)
Class com.google.common.cache.LocalCache$LoadingValueReference                        : loaded 2 times (x 96B)
Class kotlin.collections.EmptyIterator                                                : loaded 2 times (x 89B)
Class kotlin.SynchronizedLazyImpl                                                     : loaded 2 times (x 76B)
Class kotlin.text.StringsKt__RegexExtensionsKt                                        : loaded 2 times (x 71B)
Class com.google.common.reflect.Invokable$MethodInvokable                             : loaded 2 times (x 107B)
Class com.google.common.base.Platform                                                 : loaded 2 times (x 71B)
Class jdk.internal.jimage.ImageReader$Directory                                       : loaded 2 times (x 84B)
Class kotlin.sequences.SequencesKt__SequencesJVMKt                                    : loaded 2 times (x 71B)
Class kotlin.collections.AbstractList                                                 : loaded 2 times (x 197B)
Class kotlin.collections.AbstractCollection                                           : loaded 2 times (x 117B)
Class [Lorg.objectweb.asm.AnnotationWriter;                                           : loaded 2 times (x 69B)
Class com.google.common.primitives.Ints$IntConverter                                  : loaded 2 times (x 90B)
Class com.google.common.collect.Maps$8                                                : loaded 2 times (x 82B)
Class ijKotlinCoroutineJvmDebugInit1_84wf0hjeca84oepavwu4apobm                        : loaded 2 times (x 179B)
Class kotlin.collections.ArrayAsCollection                                            : loaded 2 times (x 105B)
Class kotlin.LazyKt__LazyKt                                                           : loaded 2 times (x 71B)
Class kotlin.text.StringsKt__StringBuilderJVMKt                                       : loaded 2 times (x 71B)
Class [Lcom.google.common.collect.Iterators$EmptyModifiableIterator;                  : loaded 2 times (x 69B)
Class com.google.common.collect.Lists$ReverseList$1                                   : loaded 2 times (x 99B)
Class com.google.common.collect.ImmutableRangeSet$Builder                             : loaded 2 times (x 77B)
Class com.google.common.collect.Sets$SetView                                          : loaded 2 times (x 138B)
Class com.google.common.cache.LocalCache$StrongValueReference                         : loaded 2 times (x 90B)
Class com.google.common.util.concurrent.AbstractFuture$SynchronizedHelper             : loaded 2 times (x 78B)
Class com.google.common.base.CharMatcher$Invisible                                    : loaded 2 times (x 112B)
Class kotlin.UNINITIALIZED_VALUE                                                      : loaded 2 times (x 71B)
Class com.google.common.graph.SuccessorsFunction                                      : loaded 2 times (x 70B)
Class [Lcom.google.gson.stream.JsonToken;                                             : loaded 2 times (x 69B)
Class org.objectweb.asm.Type                                                          : loaded 2 times (x 72B)
Class org.gradle.internal.classloader.VisitableURLClassLoader$InstrumentingVisitableURLClassLoader: loaded 2 times (x 123B)
Class kotlin.comparisons.ComparisonsKt__ComparisonsKt                                 : loaded 2 times (x 71B)
Class kotlin.ranges.RangesKt__RangesKt                                                : loaded 2 times (x 71B)
Class kotlin.collections.SetsKt___SetsKt                                              : loaded 2 times (x 71B)
Class kotlin.sequences.SequencesKt__SequencesKt                                       : loaded 2 times (x 71B)
Class org.apache.commons.io.FileUtils                                                 : loaded 2 times (x 71B)
Class com.google.common.io.Files$FileByteSink                                         : loaded 2 times (x 77B)
Class org.objectweb.asm.ByteVector                                                    : loaded 2 times (x 79B)
Class [Lcom.google.common.cache.CacheBuilder$NullListener;                            : loaded 2 times (x 69B)
Class com.google.common.math.IntMath$1                                                : loaded 2 times (x 71B)
Class org.gradle.internal.classloader.VisitableURLClassLoader$Spec                    : loaded 2 times (x 74B)
Class org.gradle.internal.classpath.DefaultClassPath                                  : loaded 2 times (x 90B)
Class kotlin.comparisons.ComparisonsKt                                                : loaded 2 times (x 71B)
Class kotlin.comparisons.ComparisonsKt___ComparisonsKt                                : loaded 2 times (x 71B)
Class kotlin.sequences.FilteringSequence                                              : loaded 2 times (x 75B)
Class [Lorg.jetbrains.kotlin.build.report.metrics.GradleBuildTime;                    : loaded 2 times (x 69B)
Class com.google.common.reflect.Types$ClassOwnership                                  : loaded 2 times (x 80B)
Class org.objectweb.asm.Symbol                                                        : loaded 2 times (x 73B)
Class com.google.common.base.AbstractIterator                                         : loaded 2 times (x 80B)
Class com.google.common.io.Closer                                                     : loaded 2 times (x 78B)
Class com.google.common.collect.RegularImmutableMap$Values                            : loaded 2 times (x 207B)
Class com.google.common.collect.ImmutableSet                                          : loaded 2 times (x 145B)
Class com.google.common.base.CharMatcher$Ascii                                        : loaded 2 times (x 112B)
Class com.google.common.base.CharMatcher$BitSetMatcher                                : loaded 2 times (x 112B)
Class org.gradle.internal.classloader.ClassLoaderSpec                                 : loaded 2 times (x 71B)
Class kotlin.jvm.internal.FunctionReferenceImpl                                       : loaded 2 times (x 122B)
Class kotlin.collections.CollectionsKt___CollectionsJvmKt                             : loaded 2 times (x 71B)
Class com.google.common.io.ByteSource$EmptyByteSource                                 : loaded 2 times (x 85B)
Class org.objectweb.asm.AnnotationWriter                                              : loaded 2 times (x 79B)
Class com.google.common.cache.CacheStats                                              : loaded 2 times (x 71B)
Class kotlin.TuplesKt                                                                 : loaded 2 times (x 71B)
Class kotlin.Unit                                                                     : loaded 2 times (x 71B)
Class kotlin.sequences.SequencesKt___SequencesJvmKt                                   : loaded 2 times (x 71B)
Class com.google.common.io.LineProcessor                                              : loaded 2 times (x 70B)
Class com.google.common.io.Closer$Suppressor                                          : loaded 2 times (x 70B)
Class org.objectweb.asm.RecordComponentWriter                                         : loaded 2 times (x 78B)
Class com.google.common.util.concurrent.AbstractFuture$Listener                       : loaded 2 times (x 72B)
Class com.google.common.base.CharMatcher$Or                                           : loaded 2 times (x 112B)
Class Settings_gradle$1$1                                                             : loaded 2 times (x 74B)
Class kotlin.ranges.RangesKt                                                          : loaded 2 times (x 71B)
Class org.objectweb.asm.Attribute                                                     : loaded 2 times (x 77B)
Class com.google.common.base.Supplier                                                 : loaded 2 times (x 70B)
Class org.gradle.internal.classloader.VisitableURLClassLoader                         : loaded 2 times (x 117B)
Class kotlin.collections.ArraysUtilJVM                                                : loaded 2 times (x 71B)
Class kotlin.jvm.functions.Function0                                                  : loaded 2 times (x 70B)
Class com.google.common.io.CharSource$AsByteSource                                    : loaded 2 times (x 85B)
Class com.google.common.collect.ImmutableList$SerializedForm                          : loaded 2 times (x 73B)
Class com.google.common.util.concurrent.AbstractFuture$Waiter                         : loaded 2 times (x 72B)
Class Settings_gradle                                                                 : loaded 2 times (x 128B)
Class org.gradle.internal.Cast                                                        : loaded 2 times (x 71B)
Class org.gradle.api.Action                                                           : loaded 2 times (x 70B)
Class kotlin.jvm.functions.Function1                                                  : loaded 2 times (x 70B)
Class com.google.common.collect.HashBiMap                                             : loaded 2 times (x 143B)
Class com.google.common.collect.Sets                                                  : loaded 2 times (x 71B)
Class org.objectweb.asm.Handler                                                       : loaded 2 times (x 72B)
Class com.google.common.base.Ticker                                                   : loaded 2 times (x 72B)
Class com.google.common.base.Strings                                                  : loaded 2 times (x 71B)
Class com.google.common.base.CharMatcher$FastMatcher                                  : loaded 2 times (x 111B)
Class kotlin.jvm.functions.Function2                                                  : loaded 2 times (x 70B)
Class [Lcom.google.common.cache.LocalCache$Segment;                                   : loaded 2 times (x 69B)
Class [Lcom.google.common.cache.LocalCache$Strength;                                  : loaded 2 times (x 69B)
Class com.google.common.cache.CacheBuilder$1                                          : loaded 2 times (x 85B)
Class com.google.common.collect.ImmutableMap                                          : loaded 2 times (x 120B)
Class com.google.common.base.Predicate                                                : loaded 2 times (x 70B)
Class org.gradle.internal.classpath.DefaultClassPath$ImmutableUniqueList$Builder      : loaded 2 times (x 75B)
Class kotlin.jvm.functions.Function3                                                  : loaded 2 times (x 70B)
Class kotlin.collections.MapsKt___MapsJvmKt                                           : loaded 2 times (x 71B)
Class com.google.gson.stream.JsonToken                                                : loaded 2 times (x 79B)
Class com.google.common.collect.AbstractRangeSet                                      : loaded 2 times (x 114B)
Class com.google.common.cache.LocalCache                                              : loaded 2 times (x 187B)
Class com.google.common.cache.CacheBuilder$2                                          : loaded 2 times (x 72B)
Class com.google.common.base.CharMatcher$NegatedFastMatcher                           : loaded 2 times (x 113B)
Class kotlin.collections.EmptySet                                                     : loaded 2 times (x 122B)
Class kotlin.collections.CollectionsKt___CollectionsKt                                : loaded 2 times (x 71B)
Class [Lcom.google.common.collect.AbstractMapEntry;                                   : loaded 2 times (x 69B)
Class com.google.common.collect.ImmutableEntry                                        : loaded 2 times (x 82B)
Class com.google.common.collect.ArrayListMultimap                                     : loaded 2 times (x 172B)
Class com.google.common.base.AbstractIterator$1                                       : loaded 2 times (x 71B)
Class com.google.common.base.CharMatcher$Digit                                        : loaded 2 times (x 112B)
Class org.gradle.api.GradleException                                                  : loaded 2 times (x 82B)
Class jdk.internal.jimage.ImageStrings                                                : loaded 2 times (x 70B)
Class kotlin.reflect.KDeclarationContainer                                            : loaded 2 times (x 70B)
Class org.jetbrains.org.objectweb.asm.SymbolTable$Entry                               : loaded 2 times (x 74B)
Class kotlin.text.StringsKt___StringsJvmKt                                            : loaded 2 times (x 71B)
Class com.google.common.io.CharSource$EmptyCharSource                                 : loaded 2 times (x 86B)
Class com.google.common.base.Suppliers$MemoizingSupplier                              : loaded 2 times (x 79B)
Class org.apache.commons.io.StandardLineSeparator                                     : loaded 2 times (x 79B)
Class com.google.common.collect.CollectPreconditions                                  : loaded 2 times (x 71B)
Class com.google.common.base.CharMatcher$JavaIsoControl                               : loaded 2 times (x 112B)
Class kotlin.collections.MapsKt___MapsKt                                              : loaded 2 times (x 71B)
Class kotlin.io.FilesKt                                                               : loaded 2 times (x 71B)
Class kotlin.collections.ArraysKt___ArraysKt                                          : loaded 2 times (x 71B)
Class [Lcom.google.common.io.FileWriteMode;                                           : loaded 2 times (x 69B)
Class com.google.common.collect.SortedMapDifference                                   : loaded 2 times (x 70B)
Class com.google.common.base.CharMatcher$JavaLowerCase                                : loaded 2 times (x 111B)
Class [Lorg.jetbrains.org.objectweb.asm.Symbol;                                       : loaded 2 times (x 69B)
Class kotlin.collections.MapsKt__MapWithDefaultKt                                     : loaded 2 times (x 71B)
Class com.google.common.io.Files                                                      : loaded 2 times (x 71B)
Class com.google.common.cache.LocalCache$EntryFactory                                 : loaded 2 times (x 83B)
Class kotlin.collections.CollectionsKt__MutableCollectionsJVMKt                       : loaded 2 times (x 71B)
Class kotlin.enums.EnumEntriesKt                                                      : loaded 2 times (x 71B)
Class kotlin.text.StringsKt___StringsKt                                               : loaded 2 times (x 71B)
Class com.google.common.reflect.Types$NativeTypeVariableEquals                        : loaded 2 times (x 71B)
Class com.google.common.reflect.TypeParameter                                         : loaded 2 times (x 72B)
Class com.google.common.cache.LocalCache$AbstractReferenceEntry                       : loaded 2 times (x 107B)
Class com.google.common.base.Splitter$1$1                                             : loaded 2 times (x 86B)
Class com.google.common.base.CharMatcher$Whitespace                                   : loaded 2 times (x 112B)
Class org.gradle.internal.IoActions                                                   : loaded 2 times (x 71B)
Class org.jetbrains.org.objectweb.asm.Attribute                                       : loaded 2 times (x 75B)
Class org.jetbrains.org.objectweb.asm.Label                                           : loaded 2 times (x 72B)
Class com.google.common.collect.ImmutableMapKeySet                                    : loaded 2 times (x 150B)
Class com.google.common.collect.ImmutableRangeSet$ComplementRanges                    : loaded 2 times (x 207B)
Class org.objectweb.asm.SymbolTable                                                   : loaded 2 times (x 72B)
Class com.google.common.cache.CacheLoader$InvalidCacheLoadException                   : loaded 2 times (x 82B)
Class com.google.common.collect.ImmutableSet$RegularSetBuilderImpl                    : loaded 2 times (x 77B)
Class com.google.common.base.CharMatcher$SingleWidth                                  : loaded 2 times (x 112B)
Class org.gradle.internal.classloader.SystemClassLoaderSpec                           : loaded 2 times (x 71B)
Class kotlin.reflect.KAnnotatedElement                                                : loaded 2 times (x 70B)
Class org.jetbrains.org.objectweb.asm.Frame                                           : loaded 2 times (x 73B)
Class kotlin.jvm.internal.Intrinsics                                                  : loaded 2 times (x 71B)
Class com.google.common.cache.LocalCache$StrongEntry                                  : loaded 2 times (x 108B)
Class com.google.common.util.concurrent.AbstractFuture$TrustedFuture                  : loaded 2 times (x 114B)
Class com.google.common.cache.LoadingCache                                            : loaded 2 times (x 70B)
Class jdk.internal.jrtfs.JrtFileSystem                                                : loaded 2 times (x 102B)
Class kotlin.collections.MapsKt                                                       : loaded 2 times (x 71B)
Class kotlin.collections.CollectionsKt__IterablesKt                                   : loaded 2 times (x 71B)
Class com.google.common.io.ByteStreams$LimitedInputStream                             : loaded 2 times (x 92B)
Class com.google.common.base.Suppliers$NonSerializableMemoizingSupplier               : loaded 2 times (x 79B)
Class org.objectweb.asm.MethodWriter                                                  : loaded 2 times (x 106B)
Class [Lcom.google.common.cache.Weigher;                                              : loaded 2 times (x 69B)
Class com.google.common.collect.RegularImmutableMap$BucketOverflowException           : loaded 2 times (x 82B)
Class kotlin.KotlinNullPointerException                                               : loaded 2 times (x 83B)
Class kotlin.ranges.RangesKt___RangesKt                                               : loaded 2 times (x 71B)
Class com.google.common.reflect.Types$JavaVersion$1                                   : loaded 2 times (x 83B)
Class com.google.common.collect.AbstractIterator$State                                : loaded 2 times (x 79B)
Class com.google.common.collect.RegularImmutableBiMap                                 : loaded 2 times (x 148B)
Class com.google.common.cache.LocalCache$ValueReference                               : loaded 2 times (x 70B)
Class com.google.common.base.CharMatcher$Is                                           : loaded 2 times (x 111B)
Class com.google.common.base.CharMatcher$Negated                                      : loaded 2 times (x 113B)
Class org.jetbrains.org.objectweb.asm.Opcodes                                         : loaded 2 times (x 70B)
Class [Lorg.jetbrains.org.objectweb.asm.AnnotationVisitor;                            : loaded 2 times (x 69B)
Class kotlin.collections.ArraysKt                                                     : loaded 2 times (x 71B)
Class com.google.common.hash.PrimitiveSink                                            : loaded 2 times (x 70B)
Class com.google.common.reflect.Types$JavaVersion$2                                   : loaded 2 times (x 83B)
Class com.google.common.reflect.Types                                                 : loaded 2 times (x 71B)
Class com.google.common.util.concurrent.AbstractFuture$Failure                        : loaded 2 times (x 72B)
Class com.google.common.base.Equivalence$Equals                                       : loaded 2 times (x 82B)
Class com.google.common.collect.Hashing                                               : loaded 2 times (x 71B)
Class com.google.common.base.PatternCompiler                                          : loaded 2 times (x 70B)
Class com.google.common.base.Preconditions                                            : loaded 2 times (x 71B)
Class kotlin.collections.SetsKt__SetsKt                                               : loaded 2 times (x 71B)
Class kotlin.LazyKt                                                                   : loaded 2 times (x 71B)
Class com.google.common.io.CharSink                                                   : loaded 2 times (x 79B)
Class [Lorg.apache.commons.io.file.DeleteOption;                                      : loaded 2 times (x 69B)
Class com.google.common.reflect.Types$JavaVersion$3                                   : loaded 2 times (x 83B)
Class com.google.common.base.Joiner$1                                                 : loaded 2 times (x 80B)
Class org.objectweb.asm.Label                                                         : loaded 2 times (x 73B)
Class org.objectweb.asm.CurrentFrame                                                  : loaded 2 times (x 73B)
Class org.objectweb.asm.ClassTooLargeException                                        : loaded 2 times (x 83B)
Class com.google.gson.stream.JsonReader                                               : loaded 2 times (x 97B)
Class com.google.common.collect.PeekingIterator                                       : loaded 2 times (x 70B)
Class com.google.common.base.CharMatcher                                              : loaded 2 times (x 111B)
Class org.jetbrains.org.objectweb.asm.RecordComponentWriter                           : loaded 2 times (x 78B)
Class kotlin.collections.ArraysKt__ArraysJVMKt                                        : loaded 2 times (x 71B)
Class com.google.common.io.ByteSource$AsCharSource                                    : loaded 2 times (x 86B)
Class com.google.common.reflect.Types$JavaVersion$4                                   : loaded 2 times (x 83B)
Class com.google.common.collect.Table                                                 : loaded 2 times (x 70B)
Class com.google.common.collect.Maps$IteratorBasedAbstractMap                         : loaded 2 times (x 125B)
Class com.google.common.collect.RangeGwtSerializationDependencies                     : loaded 2 times (x 71B)
Class com.google.common.base.Joiner$2                                                 : loaded 2 times (x 79B)
Class org.objectweb.asm.Frame                                                         : loaded 2 times (x 73B)
Class org.objectweb.asm.MethodVisitor                                                 : loaded 2 times (x 105B)
Class com.google.common.cache.LocalCache$EntryFactory$1                               : loaded 2 times (x 83B)
Class [Lcom.google.common.cache.RemovalListener;                                      : loaded 2 times (x 69B)
Class com.google.common.base.CharMatcher$1                                            : loaded 2 times (x 113B)
Class com.google.common.base.CharMatcher$NamedFastMatcher                             : loaded 2 times (x 112B)
Class kotlin.jvm.internal.CallableReference$NoReceiver                                : loaded 2 times (x 71B)
Class org.jetbrains.org.objectweb.asm.MethodWriter                                    : loaded 2 times (x 105B)
Class kotlin.text.StringsKt__StringBuilderKt                                          : loaded 2 times (x 71B)
Class com.google.common.reflect.Types$JavaVersion$5                                   : loaded 2 times (x 71B)
Class [Lcom.google.common.reflect.Types$ClassOwnership;                               : loaded 2 times (x 69B)
Class com.google.common.collect.RangeSet                                              : loaded 2 times (x 70B)
Class com.google.common.cache.LocalCache$EntryFactory$2                               : loaded 2 times (x 83B)
Class org.gradle.api.internal.classpath.GlobalCacheRootsProvider                      : loaded 2 times (x 70B)
Class kotlin.Lazy                                                                     : loaded 2 times (x 70B)
Class kotlin.NoWhenBranchMatchedException                                             : loaded 2 times (x 82B)
Class com.google.common.collect.Multimaps                                             : loaded 2 times (x 71B)
Class com.google.common.collect.CollectCollectors                                     : loaded 2 times (x 71B)
Class org.objectweb.asm.ModuleWriter                                                  : loaded 2 times (x 82B)
Class com.google.common.cache.LocalCache$EntryFactory$3                               : loaded 2 times (x 83B)
Class com.google.common.base.Ticker$1                                                 : loaded 2 times (x 72B)
Class com.google.common.collect.ImmutableMapEntrySet$RegularEntrySet                  : loaded 2 times (x 151B)
Class com.google.common.collect.Maps$BiMapConverter                                   : loaded 2 times (x 90B)
Class [Lkotlin.jvm.functions.Function1;                                               : loaded 2 times (x 69B)
Class org.jetbrains.org.objectweb.asm.RecordComponentVisitor                          : loaded 2 times (x 77B)
Class com.google.common.collect.SetMultimap                                           : loaded 2 times (x 70B)
Class com.google.common.cache.LocalCache$EntryFactory$4                               : loaded 2 times (x 83B)
Class com.google.common.collect.ImmutableSet$Builder                                  : loaded 2 times (x 85B)
Class com.google.common.base.CharMatcher$InRange                                      : loaded 2 times (x 111B)
Class org.jetbrains.org.objectweb.asm.MethodTooLargeException                         : loaded 2 times (x 83B)
Class org.jetbrains.org.objectweb.asm.Context                                         : loaded 2 times (x 72B)
Class kotlin.sequences.ConstrainedOnceSequence                                        : loaded 2 times (x 75B)
Class com.google.common.io.ByteStreams$1                                              : loaded 2 times (x 85B)
Class com.google.common.cache.LocalCache$EntryFactory$5                               : loaded 2 times (x 83B)
Class org.jetbrains.org.objectweb.asm.CurrentFrame                                    : loaded 2 times (x 73B)
Class kotlin.jvm.internal.markers.KMappedMarker                                       : loaded 2 times (x 70B)
Class org.apache.commons.io.output.AppendableWriter                                   : loaded 2 times (x 100B)
Class com.google.common.cache.LocalCache$EntryFactory$6                               : loaded 2 times (x 83B)
Class org.gradle.internal.installation.CurrentGradleInstallationLocator               : loaded 2 times (x 71B)
Class com.google.common.io.ByteSource$SlicedByteSource                                : loaded 2 times (x 85B)
Class org.apache.commons.io.output.ThresholdingOutputStream                           : loaded 2 times (x 94B)
Class com.google.common.collect.Maps$KeySet                                           : loaded 2 times (x 137B)
Class com.google.common.cache.LocalCache$EntryFactory$7                               : loaded 2 times (x 83B)
Class com.google.common.collect.ImmutableSet$EmptySetBuilderImpl                      : loaded 2 times (x 76B)
Class com.google.common.collect.ImmutableList                                         : loaded 2 times (x 206B)
Class org.gradle.internal.service.DefaultServiceLocator                               : loaded 2 times (x 83B)
Class jdk.internal.jrtfs.JrtDirectoryStream                                           : loaded 2 times (x 89B)
Class org.jetbrains.org.objectweb.asm.SymbolTable                                     : loaded 2 times (x 72B)
Class com.google.common.cache.LocalCache$EntryFactory$8                               : loaded 2 times (x 83B)
Class com.google.common.collect.ImmutableSet$SetBuilderImpl                           : loaded 2 times (x 76B)
Class org.gradle.internal.installation.CurrentGradleInstallation                      : loaded 2 times (x 73B)
Class org.jetbrains.org.objectweb.asm.ModuleWriter                                    : loaded 2 times (x 81B)
Class com.google.common.cache.CacheLoader$1                                           : loaded 2 times (x 75B)
Class com.google.common.collect.ForwardingObject                                      : loaded 2 times (x 72B)
Class com.google.common.collect.ImmutableList$SubList                                 : loaded 2 times (x 208B)
Class org.gradle.util.internal.GUtil                                                  : loaded 2 times (x 71B)
Class [Lorg.jetbrains.org.objectweb.asm.Label;                                        : loaded 2 times (x 69B)
Class kotlin.io.NoSuchFileException                                                   : loaded 2 times (x 82B)
Class kotlin.collections.CollectionsKt                                                : loaded 2 times (x 71B)
Class com.google.common.io.ByteSource                                                 : loaded 2 times (x 84B)
Class com.google.common.util.concurrent.AbstractFuture$SetFuture                      : loaded 2 times (x 75B)
Class com.google.common.cache.AbstractCache$StatsCounter                              : loaded 2 times (x 70B)
Class com.google.common.reflect.Types$TypeVariableImpl                                : loaded 2 times (x 72B)
Class com.google.common.collect.Iterators$MergingIterator                             : loaded 2 times (x 81B)
Class com.google.common.collect.RegularImmutableSet                                   : loaded 2 times (x 148B)
Class org.gradle.internal.installation.GradleInstallation                             : loaded 2 times (x 75B)
Class kotlin.collections.CollectionsKt__IteratorsJVMKt$iterator$1                     : loaded 2 times (x 79B)
Class com.google.common.collect.Iterables                                             : loaded 2 times (x 71B)
Class com.google.common.base.Splitter$Strategy                                        : loaded 2 times (x 70B)
Class kotlin.jvm.KotlinReflectionNotSupportedError                                    : loaded 2 times (x 82B)
Class com.google.common.collect.Lists$RandomAccessReverseList                         : loaded 2 times (x 200B)
Class ijJvmDebugger1_1nxz8iacv3bg692g0l3pkvalm                                        : loaded 2 times (x 179B)

---------------  S Y S T E M  ---------------

OS:
PRETTY_NAME="Kali GNU/Linux Rolling"
NAME="Kali GNU/Linux"
VERSION_ID="2026.1"
VERSION="2026.1"
VERSION_CODENAME=kali-rolling
ID=kali
ID_LIKE=debian
HOME_URL="https://www.kali.org/"
SUPPORT_URL="https://forums.kali.org/"
BUG_REPORT_URL="https://bugs.kali.org/"
ANSI_COLOR="1;31"
uname: Linux 6.19.11+kali-amd64 #1 SMP PREEMPT_DYNAMIC Kali 6.19.11-1kali1 (2026-04-09) x86_64
OS uptime: 0 days 2:46 hours
libc: glibc 2.42 NPTL 2.42 
rlimit (soft/hard): STACK 8192k/infinity , CORE 0k/infinity , NPROC 20770/20770 , NOFILE 524288/524288 , AS infinity/infinity , CPU infinity/infinity , DATA infinity/infinity , FSIZE infinity/infinity , MEMLOCK 8192k/8192k
load average: 9.99 8.40 8.49

/proc/meminfo:
MemTotal:        5530548 kB
MemFree:          129564 kB
MemAvailable:     350128 kB
Buffers:           16416 kB
Cached:           404544 kB
SwapCached:       185164 kB
Active:          2652772 kB
Inactive:        2346424 kB
Active(anon):    2528860 kB
Inactive(anon):  2054716 kB
Active(file):     123912 kB
Inactive(file):   291708 kB
Unevictable:         128 kB
Mlocked:             128 kB
SwapTotal:       5741564 kB
SwapFree:        2756536 kB
Zswap:                 0 kB
Zswapped:              0 kB
Dirty:             35632 kB
Writeback:            32 kB
AnonPages:       4452320 kB
Mapped:            82468 kB
Shmem:              5536 kB
KReclaimable:     123300 kB
Slab:             216376 kB
SReclaimable:     123300 kB
SUnreclaim:        93076 kB
KernelStack:       11776 kB
PageTables:        32868 kB
SecPageTables:         0 kB
NFS_Unstable:          0 kB
Bounce:                0 kB
WritebackTmp:          0 kB
CommitLimit:     8506836 kB
Committed_AS:   10982164 kB
VmallocTotal:   34359738367 kB
VmallocUsed:       68232 kB
VmallocChunk:          0 kB
Percpu:             2432 kB
HardwareCorrupted:     0 kB
AnonHugePages:   1785856 kB
ShmemHugePages:        0 kB
ShmemPmdMapped:        0 kB
FileHugePages:         0 kB
FilePmdMapped:         0 kB
Unaccepted:            0 kB
Balloon:               0 kB
HugePages_Total:       0
HugePages_Free:        0
HugePages_Rsvd:        0
HugePages_Surp:        0
Hugepagesize:       2048 kB
Hugetlb:               0 kB
DirectMap4k:      638760 kB
DirectMap2M:     5105664 kB
DirectMap1G:           0 kB

/sys/kernel/mm/transparent_hugepage/enabled: [always] madvise never
/sys/kernel/mm/transparent_hugepage/hpage_pmd_size: 2097152
/sys/kernel/mm/transparent_hugepage/defrag (defrag/compaction efforts parameter): always defer defer+madvise [madvise] never

Process Memory:
Virtual Size: 4912756K (peak: 4962744K)
Resident Set Size: 1056892K (peak: 1651320K) (anon: 1037928K, file: 18948K, shmem: 16K)
Swapped out: 696376K
C-Heap outstanding allocations: 150416K, retained: 302019K
glibc malloc tunables: (default)

/proc/sys/kernel/threads-max (system-wide limit on the number of threads): 41540
/proc/sys/vm/max_map_count (maximum number of memory map areas a process may have): 1048576
/proc/sys/vm/swappiness (control to define how aggressively the kernel swaps out anonymous memory): 60
/proc/sys/kernel/pid_max (system-wide limit on number of process identifiers): 4194304

container information not found.
Steal ticks since vm start: 0
Steal ticks percentage since vm start:  0.000

CPU: total 4 (initial active 4) (4 cores per cpu, 1 threads per core) family 18 model 1 stepping 0 microcode 0x3000027, cx8, cmov, fxsr, mmx, 3dnowpref, sse, sse2, sse3, sse4a, popcnt, lzcnt, tsc, tscinvbit, clflush, rdtscp
CPU Model and flags from /proc/cpuinfo:
model name	: AMD A8-3520M APU with Radeon(tm) HD Graphics
flags		: fpu vme de pse tsc msr pae mce cx8 apic sep mtrr pge mca cmov pat pse36 clflush mmx fxsr sse sse2 ht syscall nx mmxext fxsr_opt pdpe1gb rdtscp lm 3dnowext 3dnow constant_tsc rep_good nopl nonstop_tsc cpuid extd_apicid aperfmperf pni monitor cx16 popcnt lahf_lm cmp_legacy svm extapic cr8_legacy abm sse4a misalignsse 3dnowprefetch osvw ibs skinit wdt cpb hw_pstate vmmcall arat npt lbrv svm_lock nrip_save pausefilter

Online cpus: 0-3
Offline cpus: 
BIOS frequency limitation: 1600000
Frequency switch latency (ns): 0
Available cpu frequencies: 1600000 1400000 1200000 1100000 1000000 900000 800000 
Current governor: ondemand
Core performance/turbo boost: 1

Memory: 4k page, physical 5530548k(448536k free), swap 5741564k(2717272k free)
Page Sizes: 4k

vm_info: OpenJDK 64-Bit Server VM (21.0.9+-14649483-b1163.86) for linux-amd64 JRE (21.0.9+-14649483-b1163.86), built on 2025-12-30T22:08:12Z by "builder" with clang Android (14488419, +pgo, +bolt, +lto, +mlgo, based on r584948) Clang 22.0.0 (https://android.googlesource.com/toolchain/llvm-project 2d65e4108033380e6fe8e08b1f1826cd2bfb0c99)

END.
