#
# A fatal error has been detected by the Java Runtime Environment:
#
#  SIGSEGV (0xb) at pc=0x00007fd79b1e0c1d, pid=5879, tid=5917
#
# JRE version: OpenJDK Runtime Environment (21.0.10) (build 21.0.10+-14961533-b1163.108)
# Java VM: OpenJDK 64-Bit Server VM (21.0.10+-14961533-b1163.108, mixed mode, tiered, compressed oops, compressed class ptrs, g1 gc, linux-amd64)
# Problematic frame:
# V  [libjvm.so+0x9e0c1d]  void G1ParScanThreadState::do_oop_evac<narrowOop>(narrowOop*)+0x9d
#
# No core dump will be written. Core dumps have been disabled. To enable core dumping, try "ulimit -c unlimited" before starting Java again
#
# If you would like to submit a bug report, please visit:
#   https://youtrack.jetbrains.com/issues/JBR
#

---------------  S U M M A R Y ------------

Command Line: --add-opens=java.base/java.lang=ALL-UNNAMED --add-opens=java.base/java.lang.invoke=ALL-UNNAMED --add-opens=java.base/java.util=ALL-UNNAMED --add-opens=java.prefs/java.util.prefs=ALL-UNNAMED --add-exports=jdk.compiler/com.sun.tools.javac.api=ALL-UNNAMED --add-exports=jdk.compiler/com.sun.tools.javac.util=ALL-UNNAMED --add-opens=java.base/java.util=ALL-UNNAMED --add-opens=java.prefs/java.util.prefs=ALL-UNNAMED --add-opens=java.base/java.nio.charset=ALL-UNNAMED --add-opens=java.base/java.net=ALL-UNNAMED --add-opens=java.base/java.util.concurrent.atomic=ALL-UNNAMED --add-opens=java.xml/javax.xml.namespace=ALL-UNNAMED -Xmx1024m -Dfile.encoding=UTF-8 -Duser.country=US -Duser.language=en -Duser.variant -javaagent:/home/elonmusk/.gradle/wrapper/dists/gradle-8.13-bin/5xuhj0ry160q40clulazy9h7d/gradle-8.13/lib/agents/gradle-instrumentation-agent-8.13.jar -Dawt.toolkit.name=XToolkit org.gradle.launcher.daemon.bootstrap.GradleDaemon 8.13

Host: AMD A8-3520M APU with Radeon(tm) HD Graphics, 4 cores, 5G, Kali GNU/Linux Rolling
Time: Fri Jul 10 05:55:11 2026 CDT elapsed time: 318.422425 seconds (0d 0h 5m 18s)

---------------  T H R E A D  ---------------

Current thread (0x00007fd75800ad20):  WorkerThread "GC Thread#3"    [id=5917, stack(0x00007fd780b00000,0x00007fd780c00000) (1024K)]

Stack: [0x00007fd780b00000,0x00007fd780c00000],  sp=0x00007fd780bfe970,  free space=1018k
Native frames: (J=compiled Java code, j=interpreted, Vv=VM code, C=native code)
V  [libjvm.so+0x9e0c1d]  void G1ParScanThreadState::do_oop_evac<narrowOop>(narrowOop*)+0x9d
V  [libjvm.so+0x9ddd0b]  G1ParScanThreadState::trim_queue_to_threshold(unsigned int)+0x9b
V  [libjvm.so+0x9ec3d0]  G1ScanHRForRegionClosure::scan_memregion(unsigned int, MemRegion)+0x860
V  [libjvm.so+0x9ebaa9]  void G1ScanHRForRegionClosure::ChunkScanner::on_dirty_cards<G1ScanHRForRegionClosure::scan_heap_roots(HeapRegion*)::{lambda(unsigned char*, unsigned char*)#1}>(G1ScanHRForRegionClosure::scan_heap_roots(HeapRegion*)::{lambda(unsigned char*, unsigned char*)#1}&&)+0x3c9
V  [libjvm.so+0x9eb650]  G1ScanHRForRegionClosure::scan_heap_roots(HeapRegion*)+0x140
V  [libjvm.so+0x9eb4f3]  G1ScanHRForRegionClosure::do_heap_region(HeapRegion*)+0x53
V  [libjvm.so+0x9e9830]  G1RemSet::scan_heap_roots(G1ParScanThreadState*, unsigned int, G1GCPhaseTimes::GCParPhases, G1GCPhaseTimes::GCParPhases, bool)+0x130
V  [libjvm.so+0xa07e96]  G1EvacuateRegionsTask::scan_roots(G1ParScanThreadState*, unsigned int)+0x46
V  [libjvm.so+0xa07d71]  G1EvacuateRegionsBaseTask::work(unsigned int)+0x81
V  [libjvm.so+0x10cfa54]  WorkerThread::run()+0x84
V  [libjvm.so+0x101a33e]  Thread::call_run()+0xae
V  [libjvm.so+0xe66c54]  thread_native_entry(Thread*)+0x114

siginfo: si_signo: 11 (SIGSEGV), si_code: 1 (SEGV_MAPERR), si_addr: 0x0000000000000010

Registers:
RAX=0x0000000000000001, RBX=0x0000000000000001, RCX=0x0000000000000003, RDX=0x00007fd79b9b6e80
RSP=0x00007fd780bfe970, RBP=0x00007fd780bfe9e0, RSI=0x00007fd7940413d0, RDI=0x0000000000000008
R8 =0x00007fd728023800, R9 =0x00007fd780bfe9f0, R10=0x0000000000000000, R11=0x00007fd79bda8000
R12=0xea9fa64000000000, R13=0x00000000d6e9f51c, R14=0x0000000000000000, R15=0x00000000ea9fa638
RIP=0x00007fd79b1e0c1d, EFLAGS=0x0000000000010202, CSGSFS=0x002b000000000033, ERR=0x0000000000000004
  TRAPNO=0x000000000000000e

XMM[0]=0xffffffffffffffff 0xffffffffffffffff
XMM[1]=0x6d6d6f632f656c67 0x6f6f672f6d6f634c
XMM[2]=0x754265686361432f 0x65686361632f6e6f
XMM[3]=0x64726f6365522463 0x6570537265646c69
XMM[4]=0x000000003b726573 0x7261507374617453
XMM[5]=0x64726f6365522463 0x6570537265646c69
XMM[6]=0x754265686361432f 0x65686361632f6e6f
XMM[7]=0x6d6d6f632f656c67 0x6f6f672f6d6f634c
XMM[8]=0x66207463656a626f 0x207d746c75736552
XMM[9]=0x8fffffff8fffffff 0x2fffffff2fffffff
XMM[10]=0x4700001b2fffffff 0x2fffffff2fffffff
XMM[11]=0x8fffffff8fffffff 0x2fffffff2fffffff
XMM[12]=0x4700001b00000000 0x0000000000000000
XMM[13]=0x0000000000000000 0x0000000000000000
XMM[14]=0x0000000000000000 0x0000000000000000
XMM[15]=0x0000000000000000 0x0000000000000000
  MXCSR=0x00001fa3


Register to memory mapping:

RAX=0x0000000000000001 is an unknown value
RBX=0x0000000000000001 is an unknown value
RCX=0x0000000000000003 is an unknown value
RDX=0x00007fd79b9b6e80: <offset 0x00000000011b6e80> in /home/elonmusk/Desktop/android_studio/android-studio/jbr/lib/server/libjvm.so at 0x00007fd79a800000
RSP=0x00007fd780bfe970 points into unknown readable memory: 0x00007fd780bfe9a0 | a0 e9 bf 80 d7 7f 00 00
RBP=0x00007fd780bfe9e0 points into unknown readable memory: 0x00007fd780bfea20 | 20 ea bf 80 d7 7f 00 00
RSI=0x00007fd7940413d0 points into unknown readable memory: 0x00007fd79b998198 | 98 81 99 9b d7 7f 00 00
RDI=0x0000000000000008 is an unknown value
R8 =0x00007fd728023800 points into unknown readable memory: 0x00007fd79b999880 | 80 98 99 9b d7 7f 00 00
R9 =0x00007fd780bfe9f0 points into unknown readable memory: 0x0000004a1b09ca8d | 8d ca 09 1b 4a 00 00 00
R10=0x0 is null
R11=0x00007fd79bda8000 points into unknown readable memory: 0x000000010003ff6a | 6a ff 03 00 01 00 00 00
R12=0xea9fa64000000000 is an unknown value
R13=0x00000000d6e9f51c is pointing into object: [Ljava.util.concurrent.ConcurrentHashMap$Node; 
{0x00000000d6e00000} - klass: 'java/util/concurrent/ConcurrentHashMap$Node'[]
 - length: 262144
R14=0x0 is null
R15=
[error occurred during error reporting (printing register info), id 0xb, SIGSEGV (0xb) at pc=0x00007fd79b19ad90]

Top of Stack: (sp=0x00007fd780bfe970)
0x00007fd780bfe970:   00007fd780bfe9a0 00007fd758298900
0x00007fd780bfe980:   0000000199c9ecca 0000000100099850
0x00007fd780bfe990:   0000000000000001 0000000000000001
0x00007fd780bfe9a0:   00000000d6e9f51c 00007fd728023800
0x00007fd780bfe9b0:   0001000000000001 0000000000000040
0x00007fd780bfe9c0:   00007fd794049e50 0000000000000020
0x00007fd780bfe9d0:   00007fd728023800 ffffffff00000000
0x00007fd780bfe9e0:   00007fd780bfea20 00007fd79b1ddd0b
0x00007fd780bfe9f0:   0000004a1b09ca8d 00000000d6ea0000
0x00007fd780bfea00:   0000000000000000 0000000000000020
0x00007fd780bfea10:   00007fd728023800 0000004a1b09ca8d
0x00007fd780bfea20:   00007fd780bfeab0 00007fd79b1ec3d0
0x00007fd780bfea30:   00007fd79b999a38 0000000000000000
0x00007fd780bfea40:   00007fd7940413d0 00007fd728023800
0x00007fd780bfea50:   00007fd780bfec60 000000001620ad4f
0x00007fd780bfea60:   00007fd780bfec10 00007fd79b8274cb
0x00007fd780bfea70:   00000000d597f600 0000000000000800
0x00007fd780bfea80:   00000000d597fc00 00000000d6e9c000
0x00007fd780bfea90:   00007fd780bfec10 0000000000000020
0x00007fd780bfeaa0:   000000000000016e 00007fd799cb7500
0x00007fd780bfeab0:   00007fd780bfeb00 00007fd79b1ebaa9
0x00007fd780bfeac0:   00007fd781dfe108 00007fd780bfeb38
0x00007fd780bfead0:   00007fd780bfeb28 00000000000005b8
0x00007fd780bfeae0:   00007fd794055bf0 000000000000016e
0x00007fd780bfeaf0:   00007fd780bfeb74 00007fd79b9e9f70
0x00007fd780bfeb00:   00007fd780bfeba0 00007fd79b1eb650
0x00007fd780bfeb10:   00007fd7380333a0 00007fd738033778
0x00007fd780bfeb20:   00007fd780bfeb50 00007fd799cb74e0
0x00007fd780bfeb30:   00007fd799cb7500 00007fd780bfec10
0x00007fd780bfeb40:   00007fd780bfeb74 00007fd738033390
0x00007fd780bfeb50:   00007fd7380333a0 00007fd780bfec10
0x00007fd780bfeb60:   00007fd75800c5f0 00000000000003d8 

Instructions: (pc=0x00007fd79b1e0c1d)
0x00007fd79b1e0b1d:   01 00 00 74 19 48 8d 7b 18 48 01 f0 49 89 f6 48
0x00007fd79b1e0b2d:   89 c6 e8 7c 78 00 00 4c 89 b3 b8 01 00 00 48 83
0x00007fd79b1e0b3d:   c4 08 5b 41 5c 41 5d 41 5e 41 5f 5d c3 cc cc cc
0x00007fd79b1e0b4d:   cc cc cc 55 48 89 e5 b8 01 00 00 00 5d c3 cc cc
0x00007fd79b1e0b5d:   cc cc cc 55 48 89 e5 0f 57 c0 0f 11 47 14 0f 11
0x00007fd79b1e0b6d:   47 08 5d c3 cc cc cc cc cc cc cc cc cc cc cc cc
0x00007fd79b1e0b7d:   cc cc cc 55 48 89 e5 41 57 41 56 41 55 41 54 53
0x00007fd79b1e0b8d:   48 83 ec 48 49 89 f5 49 89 f8 44 8b 3e 48 8d 05
0x00007fd79b1e0b9d:   cf 62 7d 00 48 8b 10 8b 40 08 89 c1 49 d3 e7 49
0x00007fd79b1e0bad:   01 d7 48 8b 77 08 0f b6 8e b8 05 00 00 4c 89 ff
0x00007fd79b1e0bbd:   48 d3 ef 48 8b 8e a8 05 00 00 0f b7 1c 79 66 85
0x00007fd79b1e0bcd:   db 0f 88 80 06 00 00 4d 8b 27 45 89 e6 41 83 e6
0x00007fd79b1e0bdd:   03 49 83 fe 03 75 0c 49 83 e4 fc 4c 89 e3 e9 c5
0x00007fd79b1e0bed:   05 00 00 48 8d 05 79 68 7d 00 0f b6 00 3c 01 4c
0x00007fd79b1e0bfd:   89 6d c0 75 17 41 8b 7f 08 48 8d 15 73 62 7d 00
0x00007fd79b1e0c0d:   0f b6 4a 08 48 d3 e7 48 03 3a eb 04 49 8b 7f 08
0x00007fd79b1e0c1d:   44 8b 6f 08 45 85 ed 4c 89 45 c8 48 89 7d a8 7e
0x00007fd79b1e0c2d:   0c 41 f6 c5 01 75 0b 41 c1 ed 03 eb 51 45 85 ed
0x00007fd79b1e0c3d:   78 15 48 8b 07 4c 89 fe ff 90 00 01 00 00 4c 8b
0x00007fd79b1e0c4d:   45 c8 49 89 c5 eb 37 34 01 0f b6 c0 49 63 44 87
0x00007fd79b1e0c5d:   0c 44 89 e9 48 d3 e0 41 c1 ed 10 41 0f b6 cd 48
0x00007fd79b1e0c6d:   01 c1 48 8d 05 e2 65 7d 00 48 63 00 48 01 c1 48
0x00007fd79b1e0c7d:   ff c9 f7 d8 4c 63 e8 49 21 cd 49 c1 ed 03 4c 89
0x00007fd79b1e0c8d:   65 b8 0f b7 c3 89 45 a4 3d ff 00 00 00 77 50 48
0x00007fd79b1e0c9d:   8d 05 89 6f 7d 00 31 c9 41 83 fe 02 0f 94 c1 31
0x00007fd79b1e0cad:   d2 41 f6 c4 01 0f 94 c2 83 38 02 0f 44 d1 4d 89
0x00007fd79b1e0cbd:   e6 80 fa 01 75 10 48 8d 7d b8 e8 d4 16 3f 00 4c
0x00007fd79b1e0ccd:   8b 45 c8 49 89 c6 41 c1 ee 03 41 83 e6 0f 45 3b
0x00007fd79b1e0cdd:   b0 80 01 00 00 b8 00 01 00 00 0f 42 c3 eb 07 66
0x00007fd79b1e0ced:   b8 00 01 45 31 f6 66 89 45 d6 49 8b 50 08 48 8b
0x00007fd79b1e0cfd:   b2 10 02 00 00 0f b6 8a 18 02 00 00 48 d3 e6 4c
0x00007fd79b1e0d0d:   89 ff 48 29 f7 48 8d 0d 3f 92 80 00 0f b6 09 48 


Stack slot to memory mapping:

stack at sp + 0 slots: 0x00007fd780bfe9a0 points into unknown readable memory: 0x00000000d6e9f51c | 1c f5 e9 d6 00 00 00 00
stack at sp + 1 slots: 0x00007fd758298900 points into unknown readable memory: 0x00000000ea700000 | 00 00 70 ea 00 00 00 00
stack at sp + 2 slots: 0x0000000199c9ecca is an unknown value
stack at sp + 3 slots: 0x0000000100099850 is a pointer to class: 
java.util.concurrent.ConcurrentHashMap$ForwardingNode {0x0000000100099850}
 - instance size:     4
 - klass size:        80
 - access:            final synchronized 
 - flags:             rewritten has_nonstatic_fields 
 - state:             fully_initialized
 - name:              'java/util/concurrent/ConcurrentHashMap$ForwardingNode'
 - super:             'java/util/concurrent/ConcurrentHashMap$Node'
 - sub:               
 - arrays:            null
 - methods:           Array<T>(0x00007fd7606077a8)
 - method ordering:   Array<T>(0x00007fd760000018)
 - local interfaces:  Array<T>(0x00007fd760000058)
 - trans. interfaces: Array<T>(0x00007fd7601f6d38)
 - secondary supers: Array<T>(0x00007fd7601f6d38)
 - hash_slot:         48
 - bitmap:            0x0000000800000000
 - constants:         constant pool [71] {0x00007fd7606074f8} for 'java/util/concurrent/ConcurrentHashMap$ForwardingNode' cache=0x00007fd760507e98
 - class loader data:  loader data: 0x00007fd7940dced0 of 'bootstrap'
 - generic signature: '<K:Ljava/lang/Object;V:Ljava/lang/Object;>Ljava/util/concurrent/ConcurrentHashMap$Node<TK;TV;>;'
 - inner classes:     Array<T>(0x00007fd7606079d0)
 - nest members:     Array<T>(0x00007fd760000028)
 - permitted subclasses:     Array<T>(0x00007fd760000028)
 - java mirror:       a 'java/lang/Class'{0x00000000c0626338} = 'java/util/concurrent/ConcurrentHashMap$ForwardingNode'
 - vtable length      6  (start addr: 0x0000000100099a50)
 - itable length      9 (start addr: 0x0000000100099a80)
 - ---- static fields (0 words):
 - ---- non-static fields (5 words):
 - final 'hash' 'I' @12 
 - final 'key' 'Ljava/lang/Object;' @16 
 - volatile 'val' 'Ljava/lang/Object;' @20 
 - volatile 'next' 'Ljava/util/concurrent/ConcurrentHashMap$Node;' @24 
 - final 'nextTable' '[Ljava/util/concurrent/ConcurrentHashMap$Node;' @28 
 - non-static oop maps: 16-28 
stack at sp + 4 slots: 0x0000000000000001 is an unknown value
stack at sp + 5 slots: 0x0000000000000001 is an unknown value
stack at sp + 6 slots: 0x00000000d6e9f51c is pointing into object: [Ljava.util.concurrent.ConcurrentHashMap$Node; 
{0x00000000d6e00000} - klass: 'java/util/concurrent/ConcurrentHashMap$Node'[]
 - length: 262144
stack at sp + 7 slots: 0x00007fd728023800 points into unknown readable memory: 0x00007fd79b999880 | 80 98 99 9b d7 7f 00 00


---------------  P R O C E S S  ---------------

Threads class SMR info:
_java_thread_list=0x00007fd7501d4540, length=70, elements={
0x00007fd79402e640, 0x00007fd7941ad660, 0x00007fd7941b9ba0, 0x00007fd7941bac30,
0x00007fd7941bc4c0, 0x00007fd7941bdb10, 0x00007fd7941c72f0, 0x00007fd7941c8860,
0x00007fd7941c9f20, 0x00007fd794377dd0, 0x00007fd794b342a0, 0x00007fd7955cef70,
0x00007fd7955fdaa0, 0x00007fd714236ed0, 0x00007fd714243750, 0x00007fd71410a490,
0x00007fd71496ed10, 0x00007fd714970dd0, 0x00007fd7149a8840, 0x00007fd7149a9530,
0x00007fd7149aa6f0, 0x00007fd7149ab890, 0x00007fd714fd7ff0, 0x00007fd716822bf0,
0x00007fd716f5b5d0, 0x00007fd72001b270, 0x00007fd70c20e150, 0x00007fd70c001ea0,
0x00007fd70c255340, 0x00007fd73c007f00, 0x00007fd73c008ee0, 0x00007fd73c009c00,
0x00007fd73c00be00, 0x00007fd73c00ca50, 0x00007fd73c003380, 0x00007fd73c00de30,
0x00007fd73c0125d0, 0x00007fd73c014960, 0x00007fd73c013df0, 0x00007fd73c00ff50,
0x00007fd73c0111d0, 0x00007fd73c01e7c0, 0x00007fd73c107820, 0x00007fd73c10eca0,
0x00007fd73c10f980, 0x00007fd794b05ba0, 0x00007fd7954dfcd0, 0x00005586a7250b40,
0x00005586a72bbab0, 0x00007fd79553ad80, 0x00007fd79553b860, 0x00005586a72a1dd0,
0x00005586a72a28c0, 0x00005586a72a3c30, 0x00005586a72ac020, 0x00005586a72ad350,
0x00007fd79549bb50, 0x00005586a7285a20, 0x00005586a730db50, 0x00007fd7954f9e60,
0x00007fd7954f8150, 0x00007fd795501c90, 0x00007fd7954feb90, 0x00007fd795629350,
0x00007fd795b78630, 0x00007fd795c163f0, 0x00007fd7501d18f0, 0x00007fd7501d2580,
0x00007fd75818fa00, 0x00007fd7501d3400
}

Java Threads: ( => current thread )
  0x00007fd79402e640 JavaThread "main"                              [_thread_blocked, id=5882, stack(0x00007fd79a700000,0x00007fd79a800000) (1024K)]
  0x00007fd7941ad660 JavaThread "Common-Cleaner"             daemon [_thread_blocked, id=5890, stack(0x00007fd781900000,0x00007fd781a00000) (1024K)]
  0x00007fd7941b9ba0 JavaThread "Reference Handler"          daemon [_thread_blocked, id=5891, stack(0x00007fd7817ff000,0x00007fd7818ff000) (1024K)]
  0x00007fd7941bac30 JavaThread "Finalizer"                  daemon [_thread_blocked, id=5892, stack(0x00007fd7816fe000,0x00007fd7817fe000) (1024K)]
  0x00007fd7941bc4c0 JavaThread "Signal Dispatcher"          daemon [_thread_blocked, id=5893, stack(0x00007fd7815fd000,0x00007fd7816fd000) (1024K)]
  0x00007fd7941bdb10 JavaThread "Service Thread"             daemon [_thread_blocked, id=5894, stack(0x00007fd7814fc000,0x00007fd7815fc000) (1024K)]
  0x00007fd7941c72f0 JavaThread "Monitor Deflation Thread"   daemon [_thread_blocked, id=5895, stack(0x00007fd7813fb000,0x00007fd7814fb000) (1024K)]
  0x00007fd7941c8860 JavaThread "C2 CompilerThread0"         daemon [_thread_blocked, id=5896, stack(0x00007fd7812fa000,0x00007fd7813fa000) (1024K)]
  0x00007fd7941c9f20 JavaThread "C1 CompilerThread0"         daemon [_thread_blocked, id=5897, stack(0x00007fd7811f9000,0x00007fd7812f9000) (1024K)]
  0x00007fd794377dd0 JavaThread "Notification Thread"        daemon [_thread_blocked, id=5898, stack(0x00007fd7810f8000,0x00007fd7811f8000) (1024K)]
  0x00007fd794b342a0 JavaThread "Daemon health stats"               [_thread_blocked, id=5950, stack(0x00007fd7809ff000,0x00007fd780aff000) (1024K)]
  0x00007fd7955cef70 JavaThread "Incoming local TCP Connector on port 33379"        [_thread_in_native, id=5951, stack(0x00007fd7808fe000,0x00007fd7809fe000) (1024K)]
  0x00007fd7955fdaa0 JavaThread "Daemon periodic checks"            [_thread_blocked, id=5952, stack(0x00007fd7807fd000,0x00007fd7808fd000) (1024K)]
  0x00007fd714236ed0 JavaThread "Cache worker for journal cache (/home/elonmusk/.gradle/caches/journal-1)"        [_thread_blocked, id=5976, stack(0x00007fd771f00000,0x00007fd772000000) (1024K)]
  0x00007fd714243750 JavaThread "File lock request listener"        [_thread_in_native, id=5977, stack(0x00007fd771dff000,0x00007fd771eff000) (1024K)]
  0x00007fd71410a490 JavaThread "Cache worker for file hash cache (/home/elonmusk/.gradle/caches/8.13/fileHashes)"        [_thread_blocked, id=5978, stack(0x00007fd771cfe000,0x00007fd771dfe000) (1024K)]
  0x00007fd71496ed10 JavaThread "File watcher server"        daemon [_thread_blocked, id=6005, stack(0x00007fd7719fb000,0x00007fd771afb000) (1024K)]
  0x00007fd714970dd0 JavaThread "File watcher consumer"      daemon [_thread_blocked, id=6006, stack(0x00007fd7718fa000,0x00007fd7719fa000) (1024K)]
  0x00007fd7149a8840 JavaThread "jar transforms"                    [_thread_blocked, id=6016, stack(0x00007fd7717f9000,0x00007fd7718f9000) (1024K)]
  0x00007fd7149a9530 JavaThread "jar transforms Thread 2"           [_thread_blocked, id=6017, stack(0x00007fd7716f8000,0x00007fd7717f8000) (1024K)]
  0x00007fd7149aa6f0 JavaThread "jar transforms Thread 3"           [_thread_blocked, id=6018, stack(0x00007fd7715f7000,0x00007fd7716f7000) (1024K)]
  0x00007fd7149ab890 JavaThread "jar transforms Thread 4"           [_thread_blocked, id=6019, stack(0x00007fd7714f6000,0x00007fd7715f6000) (1024K)]
  0x00007fd714fd7ff0 JavaThread "Cache worker for file content cache (/home/elonmusk/.gradle/caches/8.13/fileContent)"        [_thread_blocked, id=6061, stack(0x00007fd7712f4000,0x00007fd7713f4000) (1024K)]
  0x00007fd716822bf0 JavaThread "Memory manager"                    [_thread_blocked, id=6365, stack(0x00007fd7704e6000,0x00007fd7705e6000) (1024K)]
  0x00007fd716f5b5d0 JavaThread "pool-3-thread-1"                   [_thread_blocked, id=6486, stack(0x00007fd7703e5000,0x00007fd7704e5000) (1024K)]
  0x00007fd72001b270 JavaThread "Daemon Thread 2"                   [_thread_blocked, id=8323, stack(0x00007fd7806fc000,0x00007fd7807fc000) (1024K)]
  0x00007fd70c20e150 JavaThread "Handler for socket connection from /127.0.0.1:33379 to /127.0.0.1:42490"        [_thread_in_native, id=8324, stack(0x00007fd7802f8000,0x00007fd7803f8000) (1024K)]
  0x00007fd70c001ea0 JavaThread "Cancel handler"                    [_thread_blocked, id=8325, stack(0x00007fd7803f9000,0x00007fd7804f9000) (1024K)]
  0x00007fd70c255340 JavaThread "Daemon worker Thread 2"            [_thread_blocked, id=8326, stack(0x00007fd7705e7000,0x00007fd7706e7000) (1024K)]
  0x00007fd73c007f00 JavaThread "Asynchronous log dispatcher for DefaultDaemonConnection: socket connection from /127.0.0.1:33379 to /127.0.0.1:42490"        [_thread_blocked, id=8327, stack(0x00007fd7702e4000,0x00007fd7703e4000) (1024K)]
  0x00007fd73c008ee0 JavaThread "Stdin handler"                     [_thread_blocked, id=8328, stack(0x00007fd7805fb000,0x00007fd7806fb000) (1024K)]
  0x00007fd73c009c00 JavaThread "Daemon client event forwarder"        [_thread_blocked, id=8329, stack(0x00007fd7804fa000,0x00007fd7805fa000) (1024K)]
  0x00007fd73c00be00 JavaThread "Cache worker for file hash cache (/home/elonmusk/AndroidStudioProjects/POS/.gradle/8.13/fileHashes)"        [_thread_blocked, id=8330, stack(0x00007fd7701e3000,0x00007fd7702e3000) (1024K)]
  0x00007fd73c00ca50 JavaThread "Cache worker for Build Output Cleanup Cache (/home/elonmusk/AndroidStudioProjects/POS/.gradle/buildOutputCleanup)"        [_thread_blocked, id=8331, stack(0x00007fd7801f7000,0x00007fd7802f7000) (1024K)]
  0x00007fd73c003380 JavaThread "Cache worker for checksums cache (/home/elonmusk/AndroidStudioProjects/POS/.gradle/8.13/checksums)"        [_thread_blocked, id=8332, stack(0x00007fd7800f6000,0x00007fd7801f6000) (1024K)]
  0x00007fd73c00de30 JavaThread "Cache worker for cache directory md-supplier (/home/elonmusk/.gradle/caches/8.13/md-supplier)"        [_thread_blocked, id=8333, stack(0x00007fd7707e9000,0x00007fd7708e9000) (1024K)]
  0x00007fd73c0125d0 JavaThread "Cache worker for cache directory md-rule (/home/elonmusk/.gradle/caches/8.13/md-rule)"        [_thread_blocked, id=8334, stack(0x00007fd6fb3f5000,0x00007fd6fb4f5000) (1024K)]
  0x00007fd73c014960 JavaThread "Unconstrained build operations"        [_thread_blocked, id=8335, stack(0x00007fd770def000,0x00007fd770eef000) (1024K)]
  0x00007fd73c013df0 JavaThread "Unconstrained build operations Thread 2"        [_thread_blocked, id=8336, stack(0x00007fd7709eb000,0x00007fd770aeb000) (1024K)]
  0x00007fd73c00ff50 JavaThread "Unconstrained build operations Thread 3"        [_thread_blocked, id=8345, stack(0x00007fd770bed000,0x00007fd770ced000) (1024K)]
  0x00007fd73c0111d0 JavaThread "Unconstrained build operations Thread 4"        [_thread_blocked, id=8346, stack(0x00007fd6fbdff000,0x00007fd6fbeff000) (1024K)]
  0x00007fd73c01e7c0 JavaThread "build event listener"              [_thread_blocked, id=8355, stack(0x00007fd770ef0000,0x00007fd770ff0000) (1024K)]
  0x00007fd73c107820 JavaThread "pool-6-thread-1"                   [_thread_blocked, id=8366, stack(0x00007fd6fb2f4000,0x00007fd6fb3f4000) (1024K)]
  0x00007fd73c10eca0 JavaThread "build event listener"              [_thread_blocked, id=8367, stack(0x00007fd770cee000,0x00007fd770dee000) (1024K)]
  0x00007fd73c10f980 JavaThread "included builds"                   [_thread_blocked, id=8368, stack(0x00007fd6fbcfe000,0x00007fd6fbdfe000) (1024K)]
  0x00007fd794b05ba0 JavaThread "Execution worker"                  [_thread_blocked, id=8369, stack(0x00007fd6fb8fa000,0x00007fd6fb9fa000) (1024K)]
  0x00007fd7954dfcd0 JavaThread "Cache worker for execution history cache (/home/elonmusk/AndroidStudioProjects/POS/.gradle/8.13/executionHistory)"        [_thread_blocked, id=8370, stack(0x00007fd770aec000,0x00007fd770bec000) (1024K)]
  0x00005586a7250b40 JavaThread "Unconstrained build operations Thread 5"        [_thread_blocked, id=8400, stack(0x00007fd6fb6f8000,0x00007fd6fb7f8000) (1024K)]
  0x00005586a72bbab0 JavaThread "Unconstrained build operations Thread 6"        [_thread_blocked, id=8419, stack(0x00007fd7706e8000,0x00007fd7707e8000) (1024K)]
  0x00007fd79553ad80 JavaThread "Unconstrained build operations Thread 7"        [_thread_blocked, id=8436, stack(0x00007fd6fb4f6000,0x00007fd6fb5f6000) (1024K)]
  0x00007fd79553b860 JavaThread "Unconstrained build operations Thread 8"        [_thread_blocked, id=8446, stack(0x00007fd6fb5f7000,0x00007fd6fb6f7000) (1024K)]
  0x00005586a72a1dd0 JavaThread "Unconstrained build operations Thread 9"        [_thread_blocked, id=8565, stack(0x00007fd770ff1000,0x00007fd7710f1000) (1024K)]
  0x00005586a72a28c0 JavaThread "Unconstrained build operations Thread 10"        [_thread_blocked, id=8566, stack(0x00007fd6fb9fb000,0x00007fd6fbafb000) (1024K)]
  0x00005586a72a3c30 JavaThread "Unconstrained build operations Thread 11"        [_thread_blocked, id=8575, stack(0x00007fd6fb7f9000,0x00007fd6fb8f9000) (1024K)]
  0x00005586a72ac020 JavaThread "Unconstrained build operations Thread 12"        [_thread_blocked, id=8576, stack(0x00007fd7708ea000,0x00007fd7709ea000) (1024K)]
  0x00005586a72ad350 JavaThread "Unconstrained build operations Thread 13"        [_thread_blocked, id=8585, stack(0x00007fd6fbafc000,0x00007fd6fbbfc000) (1024K)]
  0x00007fd79549bb50 JavaThread "Unconstrained build operations Thread 14"        [_thread_blocked, id=8587, stack(0x00007fd7713f5000,0x00007fd7714f5000) (1024K)]
  0x00005586a7285a20 JavaThread "Unconstrained build operations Thread 15"        [_thread_blocked, id=8596, stack(0x00007fd771bfd000,0x00007fd771cfd000) (1024K)]
  0x00005586a730db50 JavaThread "Unconstrained build operations Thread 16"        [_thread_blocked, id=8597, stack(0x00007fd7710f2000,0x00007fd7711f2000) (1024K)]
  0x00007fd7954f9e60 JavaThread "Unconstrained build operations Thread 17"        [_thread_blocked, id=8606, stack(0x00007fd7700e2000,0x00007fd7701e2000) (1024K)]
  0x00007fd7954f8150 JavaThread "Unconstrained build operations Thread 18"        [_thread_blocked, id=8615, stack(0x00007fd771afc000,0x00007fd771bfc000) (1024K)]
  0x00007fd795501c90 JavaThread "Unconstrained build operations Thread 19"        [_thread_blocked, id=8624, stack(0x00007fd7711f3000,0x00007fd7712f3000) (1024K)]
  0x00007fd7954feb90 JavaThread "Unconstrained build operations Thread 20"        [_thread_blocked, id=8625, stack(0x00007fd6fbf00000,0x00007fd6fc000000) (1024K)]
  0x00007fd795629350 JavaThread "Cache worker for Java compile cache (/home/elonmusk/.gradle/caches/8.13/javaCompile)"        [_thread_blocked, id=8642, stack(0x00007fd6fbbfd000,0x00007fd6fbcfd000) (1024K)]
  0x00007fd795b78630 JavaThread "Build operations"                  [_thread_blocked, id=8676, stack(0x00007fd6fb0f2000,0x00007fd6fb1f2000) (1024K)]
  0x00007fd795c163f0 JavaThread "WorkerExecutor Queue"              [_thread_blocked, id=8717, stack(0x00007fd6fb1f3000,0x00007fd6fb2f3000) (1024K)]
  0x00007fd7501d18f0 JavaThread "ForkJoinPool-1-worker-1"    daemon [_thread_blocked, id=8827, stack(0x00007fd6f6f00000,0x00007fd6f7000000) (1024K)]
  0x00007fd7501d2580 JavaThread "ForkJoinPool-1-worker-2"    daemon [_thread_blocked, id=8828, stack(0x00007fd6f6dff000,0x00007fd6f6eff000) (1024K)]
  0x00007fd75818fa00 JavaThread "ForkJoinPool-1-worker-3"    daemon [_thread_blocked, id=8829, stack(0x00007fd6f6cfe000,0x00007fd6f6dfe000) (1024K)]
  0x00007fd7501d3400 JavaThread "ForkJoinPool-1-worker-4"    daemon [_thread_blocked, id=8830, stack(0x00007fd6f6bfd000,0x00007fd6f6cfd000) (1024K)]
Total: 70

Other Threads:
  0x00007fd7940ee670 VMThread "VM Thread"                           [id=5889, stack(0x00007fd781d00000,0x00007fd781e00000) (1024K)]
  0x00007fd7940e3490 WatcherThread "VM Periodic Task Thread"        [id=5888, stack(0x00007fd79805c000,0x00007fd79815c000) (1024K)]
  0x00007fd7940695f0 WorkerThread "GC Thread#0"                     [id=5883, stack(0x00007fd798b00000,0x00007fd798c00000) (1024K)]
  0x00007fd7580068e0 WorkerThread "GC Thread#1"                     [id=5899, stack(0x00007fd780ff7000,0x00007fd7810f7000) (1024K)]
  0x00007fd75800baa0 WorkerThread "GC Thread#2"                     [id=5900, stack(0x00007fd780ef6000,0x00007fd780ff6000) (1024K)]
=>0x00007fd75800ad20 WorkerThread "GC Thread#3"                     [id=5917, stack(0x00007fd780b00000,0x00007fd780c00000) (1024K)]
  0x00007fd794072bf0 ConcurrentGCThread "G1 Main Marker"            [id=5884, stack(0x00007fd7989ff000,0x00007fd798aff000) (1024K)]
  0x00007fd794073b90 WorkerThread "G1 Conc#0"                       [id=5885, stack(0x00007fd7988fe000,0x00007fd7989fe000) (1024K)]
  0x00007fd7940d37a0 ConcurrentGCThread "G1 Refine#0"               [id=5886, stack(0x00007fd7983f9000,0x00007fd7984f9000) (1024K)]
  0x00007fd7940d4760 ConcurrentGCThread "G1 Service"                [id=5887, stack(0x00007fd7982f8000,0x00007fd7983f8000) (1024K)]
Total: 10

Threads with active compile tasks:
C2 CompilerThread0  318474 21154 %     4       com.android.tools.r8.internal.gt::a @ 2725 (4509 bytes)
Total: 1

VM state: at safepoint (normal execution)

VM Mutex/Monitor currently owned by a thread:  ([mutex/lock_event])
[0x00007fd79ba06008] Threads_lock - owner thread: 0x00007fd7940ee670
[0x00007fd79ba06108] Heap_lock - owner thread: 0x00007fd795c163f0

Heap address: 0x00000000c0000000, size: 1024 MB, Compressed Oops mode: 32-bit

CDS archive(s) not mapped
Compressed class space mapped at: 0x0000000100000000-0x0000000140000000, reserved size: 1073741824
Narrow klass base: 0x0000000000000000, Narrow klass shift: 3, Narrow klass range: 0x140000000

GC Precious Log:
 CardTable entry size: 512
 Card Set container configuration: InlinePtr #cards 5 size 8 Array Of Cards #cards 12 size 40 Howl #buckets 4 coarsen threshold 1843 Howl Bitmap #cards 512 size 80 coarsen threshold 460 Card regions per heap region 1 cards per card region 2048
 CPUs: 4 total, 4 available
 Memory: 5400M
 Large Page Support: Disabled
 NUMA Support: Disabled
 Compressed Oops: Enabled (32-bit)
 Heap Region Size: 1M
 Heap Min Capacity: 8M
 Heap Initial Capacity: 86M
 Heap Max Capacity: 1G
 Pre-touch: Disabled
 Parallel Workers: 4
 Concurrent Workers: 1
 Concurrent Refinement Workers: 4
 Periodic GC: Disabled

Heap:
 garbage-first heap   total 826368K, used 670720K [0x00000000c0000000, 0x0000000100000000)
  region size 1024K, 182 young (186368K), 23 survivors (23552K)
 Metaspace       used 173202K, committed 175744K, reserved 1245184K
  class space    used 23404K, committed 24640K, reserved 1048576K

Heap Regions: E=young(eden), S=young(survivor), O=old, HS=humongous(starts), HC=humongous(continues), CS=collection set, F=free, TAMS=top-at-mark-start, PB=parsable bottom
|   0|0x00000000c0000000, 0x00000000c0100000, 0x00000000c0100000|100%|HS|  |TAMS 0x00000000c0000000| PB 0x00000000c0000000| Complete 
|   1|0x00000000c0100000, 0x00000000c0200000, 0x00000000c0200000|100%|HC|  |TAMS 0x00000000c0100000| PB 0x00000000c0100000| Complete 
|   2|0x00000000c0200000, 0x00000000c0300000, 0x00000000c0300000|100%|HC|  |TAMS 0x00000000c0200000| PB 0x00000000c0200000| Complete 
|   3|0x00000000c0300000, 0x00000000c0400000, 0x00000000c0400000|100%| O|  |TAMS 0x00000000c0300000| PB 0x00000000c0300000| Untracked 
|   4|0x00000000c0400000, 0x00000000c0500000, 0x00000000c0500000|100%| O|  |TAMS 0x00000000c0400000| PB 0x00000000c0400000| Untracked 
|   5|0x00000000c0500000, 0x00000000c0600000, 0x00000000c0600000|100%| O|  |TAMS 0x00000000c0500000| PB 0x00000000c0500000| Untracked 
|   6|0x00000000c0600000, 0x00000000c0700000, 0x00000000c0700000|100%| O|  |TAMS 0x00000000c0600000| PB 0x00000000c0600000| Untracked 
|   7|0x00000000c0700000, 0x00000000c0800000, 0x00000000c0800000|100%|HS|  |TAMS 0x00000000c0700000| PB 0x00000000c0700000| Complete 
|   8|0x00000000c0800000, 0x00000000c0900000, 0x00000000c0900000|100%| O|  |TAMS 0x00000000c0800000| PB 0x00000000c0800000| Untracked 
|   9|0x00000000c0900000, 0x00000000c0a00000, 0x00000000c0a00000|100%| O|  |TAMS 0x00000000c0900000| PB 0x00000000c0900000| Untracked 
|  10|0x00000000c0a00000, 0x00000000c0b00000, 0x00000000c0b00000|100%| O|  |TAMS 0x00000000c0a00000| PB 0x00000000c0a00000| Untracked 
|  11|0x00000000c0b00000, 0x00000000c0c00000, 0x00000000c0c00000|100%| O|  |TAMS 0x00000000c0b00000| PB 0x00000000c0b00000| Untracked 
|  12|0x00000000c0c00000, 0x00000000c0d00000, 0x00000000c0d00000|100%| O|  |TAMS 0x00000000c0c00000| PB 0x00000000c0c00000| Untracked 
|  13|0x00000000c0d00000, 0x00000000c0e00000, 0x00000000c0e00000|100%| O|  |TAMS 0x00000000c0d00000| PB 0x00000000c0d00000| Untracked 
|  14|0x00000000c0e00000, 0x00000000c0f00000, 0x00000000c0f00000|100%| O|  |TAMS 0x00000000c0e00000| PB 0x00000000c0e00000| Untracked 
|  15|0x00000000c0f00000, 0x00000000c1000000, 0x00000000c1000000|100%| O|  |TAMS 0x00000000c0f00000| PB 0x00000000c0f00000| Untracked 
|  16|0x00000000c1000000, 0x00000000c1100000, 0x00000000c1100000|100%| O|  |TAMS 0x00000000c1000000| PB 0x00000000c1000000| Untracked 
|  17|0x00000000c1100000, 0x00000000c1200000, 0x00000000c1200000|100%| O|  |TAMS 0x00000000c1100000| PB 0x00000000c1100000| Untracked 
|  18|0x00000000c1200000, 0x00000000c1300000, 0x00000000c1300000|100%| O|  |TAMS 0x00000000c1200000| PB 0x00000000c1200000| Untracked 
|  19|0x00000000c1300000, 0x00000000c1400000, 0x00000000c1400000|100%| O|  |TAMS 0x00000000c1300000| PB 0x00000000c1300000| Untracked 
|  20|0x00000000c1400000, 0x00000000c1500000, 0x00000000c1500000|100%| O|  |TAMS 0x00000000c1400000| PB 0x00000000c1400000| Untracked 
|  21|0x00000000c1500000, 0x00000000c1600000, 0x00000000c1600000|100%|HS|  |TAMS 0x00000000c1500000| PB 0x00000000c1500000| Complete 
|  22|0x00000000c1600000, 0x00000000c1700000, 0x00000000c1700000|100%|HC|  |TAMS 0x00000000c1600000| PB 0x00000000c1600000| Complete 
|  23|0x00000000c1700000, 0x00000000c1800000, 0x00000000c1800000|100%|HC|  |TAMS 0x00000000c1700000| PB 0x00000000c1700000| Complete 
|  24|0x00000000c1800000, 0x00000000c1900000, 0x00000000c1900000|100%|HC|  |TAMS 0x00000000c1800000| PB 0x00000000c1800000| Complete 
|  25|0x00000000c1900000, 0x00000000c1a00000, 0x00000000c1a00000|100%|HC|  |TAMS 0x00000000c1900000| PB 0x00000000c1900000| Complete 
|  26|0x00000000c1a00000, 0x00000000c1b00000, 0x00000000c1b00000|100%|HC|  |TAMS 0x00000000c1a00000| PB 0x00000000c1a00000| Complete 
|  27|0x00000000c1b00000, 0x00000000c1c00000, 0x00000000c1c00000|100%|HS|  |TAMS 0x00000000c1b00000| PB 0x00000000c1b00000| Complete 
|  28|0x00000000c1c00000, 0x00000000c1d00000, 0x00000000c1d00000|100%|HS|  |TAMS 0x00000000c1c00000| PB 0x00000000c1c00000| Complete 
|  29|0x00000000c1d00000, 0x00000000c1e00000, 0x00000000c1e00000|100%|HS|  |TAMS 0x00000000c1d00000| PB 0x00000000c1d00000| Complete 
|  30|0x00000000c1e00000, 0x00000000c1f00000, 0x00000000c1f00000|100%|HS|  |TAMS 0x00000000c1e00000| PB 0x00000000c1e00000| Complete 
|  31|0x00000000c1f00000, 0x00000000c2000000, 0x00000000c2000000|100%| O|  |TAMS 0x00000000c1f00000| PB 0x00000000c1f00000| Untracked 
|  32|0x00000000c2000000, 0x00000000c2100000, 0x00000000c2100000|100%| O|  |TAMS 0x00000000c2000000| PB 0x00000000c2000000| Untracked 
|  33|0x00000000c2100000, 0x00000000c2200000, 0x00000000c2200000|100%| O|  |TAMS 0x00000000c2100000| PB 0x00000000c2100000| Untracked 
|  34|0x00000000c2200000, 0x00000000c2300000, 0x00000000c2300000|100%| O|  |TAMS 0x00000000c2200000| PB 0x00000000c2200000| Untracked 
|  35|0x00000000c2300000, 0x00000000c2400000, 0x00000000c2400000|100%| O|  |TAMS 0x00000000c2300000| PB 0x00000000c2300000| Untracked 
|  36|0x00000000c2400000, 0x00000000c2500000, 0x00000000c2500000|100%| O|  |TAMS 0x00000000c2400000| PB 0x00000000c2400000| Untracked 
|  37|0x00000000c2500000, 0x00000000c2600000, 0x00000000c2600000|100%|HS|  |TAMS 0x00000000c2500000| PB 0x00000000c2500000| Complete 
|  38|0x00000000c2600000, 0x00000000c2700000, 0x00000000c2700000|100%|HC|  |TAMS 0x00000000c2600000| PB 0x00000000c2600000| Complete 
|  39|0x00000000c2700000, 0x00000000c2800000, 0x00000000c2800000|100%|HC|  |TAMS 0x00000000c2700000| PB 0x00000000c2700000| Complete 
|  40|0x00000000c2800000, 0x00000000c2900000, 0x00000000c2900000|100%|HC|  |TAMS 0x00000000c2800000| PB 0x00000000c2800000| Complete 
|  41|0x00000000c2900000, 0x00000000c2a00000, 0x00000000c2a00000|100%|HC|  |TAMS 0x00000000c2900000| PB 0x00000000c2900000| Complete 
|  42|0x00000000c2a00000, 0x00000000c2b00000, 0x00000000c2b00000|100%|HC|  |TAMS 0x00000000c2a00000| PB 0x00000000c2a00000| Complete 
|  43|0x00000000c2b00000, 0x00000000c2c00000, 0x00000000c2c00000|100%| O|  |TAMS 0x00000000c2b00000| PB 0x00000000c2b00000| Untracked 
|  44|0x00000000c2c00000, 0x00000000c2d00000, 0x00000000c2d00000|100%| O|  |TAMS 0x00000000c2c00000| PB 0x00000000c2c00000| Untracked 
|  45|0x00000000c2d00000, 0x00000000c2e00000, 0x00000000c2e00000|100%| O|  |TAMS 0x00000000c2d00000| PB 0x00000000c2d00000| Untracked 
|  46|0x00000000c2e00000, 0x00000000c2f00000, 0x00000000c2f00000|100%| O|  |TAMS 0x00000000c2e00000| PB 0x00000000c2e00000| Untracked 
|  47|0x00000000c2f00000, 0x00000000c3000000, 0x00000000c3000000|100%| O|  |TAMS 0x00000000c2f00000| PB 0x00000000c2f00000| Untracked 
|  48|0x00000000c3000000, 0x00000000c3100000, 0x00000000c3100000|100%| O|  |TAMS 0x00000000c3000000| PB 0x00000000c3000000| Untracked 
|  49|0x00000000c3100000, 0x00000000c3200000, 0x00000000c3200000|100%| O|  |TAMS 0x00000000c3100000| PB 0x00000000c3100000| Untracked 
|  50|0x00000000c3200000, 0x00000000c3300000, 0x00000000c3300000|100%| O|  |TAMS 0x00000000c3200000| PB 0x00000000c3200000| Untracked 
|  51|0x00000000c3300000, 0x00000000c3400000, 0x00000000c3400000|100%|HS|  |TAMS 0x00000000c3300000| PB 0x00000000c3300000| Complete 
|  52|0x00000000c3400000, 0x00000000c3500000, 0x00000000c3500000|100%| O|  |TAMS 0x00000000c3400000| PB 0x00000000c3400000| Untracked 
|  53|0x00000000c3500000, 0x00000000c3600000, 0x00000000c3600000|100%| O|  |TAMS 0x00000000c3500000| PB 0x00000000c3500000| Untracked 
|  54|0x00000000c3600000, 0x00000000c3700000, 0x00000000c3700000|100%| O|  |TAMS 0x00000000c3600000| PB 0x00000000c3600000| Untracked 
|  55|0x00000000c3700000, 0x00000000c3800000, 0x00000000c3800000|100%| O|  |TAMS 0x00000000c3700000| PB 0x00000000c3700000| Untracked 
|  56|0x00000000c3800000, 0x00000000c3900000, 0x00000000c3900000|100%| O|  |TAMS 0x00000000c3800000| PB 0x00000000c3800000| Untracked 
|  57|0x00000000c3900000, 0x00000000c3a00000, 0x00000000c3a00000|100%| O|  |TAMS 0x00000000c3900000| PB 0x00000000c3900000| Untracked 
|  58|0x00000000c3a00000, 0x00000000c3b00000, 0x00000000c3b00000|100%|HS|  |TAMS 0x00000000c3a00000| PB 0x00000000c3a00000| Complete 
|  59|0x00000000c3b00000, 0x00000000c3c00000, 0x00000000c3c00000|100%| O|  |TAMS 0x00000000c3b00000| PB 0x00000000c3b00000| Untracked 
|  60|0x00000000c3c00000, 0x00000000c3d00000, 0x00000000c3d00000|100%|HS|  |TAMS 0x00000000c3c00000| PB 0x00000000c3c00000| Complete 
|  61|0x00000000c3d00000, 0x00000000c3e00000, 0x00000000c3e00000|100%| O|  |TAMS 0x00000000c3d00000| PB 0x00000000c3d00000| Untracked 
|  62|0x00000000c3e00000, 0x00000000c3f00000, 0x00000000c3f00000|100%| O|  |TAMS 0x00000000c3e00000| PB 0x00000000c3e00000| Untracked 
|  63|0x00000000c3f00000, 0x00000000c4000000, 0x00000000c4000000|100%| O|  |TAMS 0x00000000c3f00000| PB 0x00000000c3f00000| Untracked 
|  64|0x00000000c4000000, 0x00000000c4100000, 0x00000000c4100000|100%| O|  |TAMS 0x00000000c4000000| PB 0x00000000c4000000| Untracked 
|  65|0x00000000c4100000, 0x00000000c4200000, 0x00000000c4200000|100%| O|  |TAMS 0x00000000c4100000| PB 0x00000000c4100000| Untracked 
|  66|0x00000000c4200000, 0x00000000c4300000, 0x00000000c4300000|100%| O|  |TAMS 0x00000000c4200000| PB 0x00000000c4200000| Untracked 
|  67|0x00000000c4300000, 0x00000000c4400000, 0x00000000c4400000|100%|HS|  |TAMS 0x00000000c4300000| PB 0x00000000c4300000| Complete 
|  68|0x00000000c4400000, 0x00000000c4500000, 0x00000000c4500000|100%|HS|  |TAMS 0x00000000c4400000| PB 0x00000000c4400000| Complete 
|  69|0x00000000c4500000, 0x00000000c4600000, 0x00000000c4600000|100%| O|  |TAMS 0x00000000c4500000| PB 0x00000000c4500000| Untracked 
|  70|0x00000000c4600000, 0x00000000c4700000, 0x00000000c4700000|100%| O|  |TAMS 0x00000000c4600000| PB 0x00000000c4600000| Untracked 
|  71|0x00000000c4700000, 0x00000000c4800000, 0x00000000c4800000|100%| O|  |TAMS 0x00000000c4700000| PB 0x00000000c4700000| Untracked 
|  72|0x00000000c4800000, 0x00000000c4900000, 0x00000000c4900000|100%|HS|  |TAMS 0x00000000c4800000| PB 0x00000000c4800000| Complete 
|  73|0x00000000c4900000, 0x00000000c4a00000, 0x00000000c4a00000|100%|HC|  |TAMS 0x00000000c4900000| PB 0x00000000c4900000| Complete 
|  74|0x00000000c4a00000, 0x00000000c4b00000, 0x00000000c4b00000|100%| O|  |TAMS 0x00000000c4a00000| PB 0x00000000c4a00000| Untracked 
|  75|0x00000000c4b00000, 0x00000000c4c00000, 0x00000000c4c00000|100%| O|  |TAMS 0x00000000c4b00000| PB 0x00000000c4b00000| Untracked 
|  76|0x00000000c4c00000, 0x00000000c4d00000, 0x00000000c4d00000|100%| O|  |TAMS 0x00000000c4c00000| PB 0x00000000c4c00000| Untracked 
|  77|0x00000000c4d00000, 0x00000000c4e00000, 0x00000000c4e00000|100%|HS|  |TAMS 0x00000000c4d00000| PB 0x00000000c4d00000| Complete 
|  78|0x00000000c4e00000, 0x00000000c4f00000, 0x00000000c4f00000|100%|HC|  |TAMS 0x00000000c4e00000| PB 0x00000000c4e00000| Complete 
|  79|0x00000000c4f00000, 0x00000000c5000000, 0x00000000c5000000|100%|HS|  |TAMS 0x00000000c4f00000| PB 0x00000000c4f00000| Complete 
|  80|0x00000000c5000000, 0x00000000c5100000, 0x00000000c5100000|100%|HS|  |TAMS 0x00000000c5000000| PB 0x00000000c5000000| Complete 
|  81|0x00000000c5100000, 0x00000000c5200000, 0x00000000c5200000|100%| O|  |TAMS 0x00000000c5100000| PB 0x00000000c5100000| Untracked 
|  82|0x00000000c5200000, 0x00000000c5300000, 0x00000000c5300000|100%| O|  |TAMS 0x00000000c5200000| PB 0x00000000c5200000| Untracked 
|  83|0x00000000c5300000, 0x00000000c5400000, 0x00000000c5400000|100%| O|  |TAMS 0x00000000c5300000| PB 0x00000000c5300000| Untracked 
|  84|0x00000000c5400000, 0x00000000c5500000, 0x00000000c5500000|100%| O|  |TAMS 0x00000000c5400000| PB 0x00000000c5400000| Untracked 
|  85|0x00000000c5500000, 0x00000000c5600000, 0x00000000c5600000|100%| O|  |TAMS 0x00000000c5500000| PB 0x00000000c5500000| Untracked 
|  86|0x00000000c5600000, 0x00000000c5700000, 0x00000000c5700000|100%| O|  |TAMS 0x00000000c5600000| PB 0x00000000c5600000| Untracked 
|  87|0x00000000c5700000, 0x00000000c5800000, 0x00000000c5800000|100%|HS|  |TAMS 0x00000000c5700000| PB 0x00000000c5700000| Complete 
|  88|0x00000000c5800000, 0x00000000c5900000, 0x00000000c5900000|100%| O|  |TAMS 0x00000000c5800000| PB 0x00000000c5800000| Untracked 
|  89|0x00000000c5900000, 0x00000000c5a00000, 0x00000000c5a00000|100%| O|  |TAMS 0x00000000c5900000| PB 0x00000000c5900000| Untracked 
|  90|0x00000000c5a00000, 0x00000000c5b00000, 0x00000000c5b00000|100%| O|  |TAMS 0x00000000c5a00000| PB 0x00000000c5a00000| Untracked 
|  91|0x00000000c5b00000, 0x00000000c5c00000, 0x00000000c5c00000|100%| O|  |TAMS 0x00000000c5b00000| PB 0x00000000c5b00000| Untracked 
|  92|0x00000000c5c00000, 0x00000000c5d00000, 0x00000000c5d00000|100%| O|  |TAMS 0x00000000c5c00000| PB 0x00000000c5c00000| Untracked 
|  93|0x00000000c5d00000, 0x00000000c5e00000, 0x00000000c5e00000|100%| O|  |TAMS 0x00000000c5d00000| PB 0x00000000c5d00000| Untracked 
|  94|0x00000000c5e00000, 0x00000000c5f00000, 0x00000000c5f00000|100%| O|  |TAMS 0x00000000c5e00000| PB 0x00000000c5e00000| Untracked 
|  95|0x00000000c5f00000, 0x00000000c6000000, 0x00000000c6000000|100%| O|  |TAMS 0x00000000c5f00000| PB 0x00000000c5f00000| Untracked 
|  96|0x00000000c6000000, 0x00000000c6100000, 0x00000000c6100000|100%| O|  |TAMS 0x00000000c6000000| PB 0x00000000c6000000| Untracked 
|  97|0x00000000c6100000, 0x00000000c6200000, 0x00000000c6200000|100%| O|  |TAMS 0x00000000c6100000| PB 0x00000000c6100000| Untracked 
|  98|0x00000000c6200000, 0x00000000c6300000, 0x00000000c6300000|100%| O|  |TAMS 0x00000000c6200000| PB 0x00000000c6200000| Untracked 
|  99|0x00000000c6300000, 0x00000000c6400000, 0x00000000c6400000|100%| O|  |TAMS 0x00000000c6300000| PB 0x00000000c6300000| Untracked 
| 100|0x00000000c6400000, 0x00000000c6500000, 0x00000000c6500000|100%| O|  |TAMS 0x00000000c6400000| PB 0x00000000c6400000| Untracked 
| 101|0x00000000c6500000, 0x00000000c6600000, 0x00000000c6600000|100%| O|  |TAMS 0x00000000c6500000| PB 0x00000000c6500000| Untracked 
| 102|0x00000000c6600000, 0x00000000c6700000, 0x00000000c6700000|100%| O|  |TAMS 0x00000000c6600000| PB 0x00000000c6600000| Untracked 
| 103|0x00000000c6700000, 0x00000000c6800000, 0x00000000c6800000|100%| O|  |TAMS 0x00000000c6700000| PB 0x00000000c6700000| Untracked 
| 104|0x00000000c6800000, 0x00000000c6900000, 0x00000000c6900000|100%| O|  |TAMS 0x00000000c6800000| PB 0x00000000c6800000| Untracked 
| 105|0x00000000c6900000, 0x00000000c6a00000, 0x00000000c6a00000|100%| O|  |TAMS 0x00000000c6900000| PB 0x00000000c6900000| Untracked 
| 106|0x00000000c6a00000, 0x00000000c6b00000, 0x00000000c6b00000|100%| O|  |TAMS 0x00000000c6a00000| PB 0x00000000c6a00000| Untracked 
| 107|0x00000000c6b00000, 0x00000000c6c00000, 0x00000000c6c00000|100%| O|  |TAMS 0x00000000c6b00000| PB 0x00000000c6b00000| Untracked 
| 108|0x00000000c6c00000, 0x00000000c6d00000, 0x00000000c6d00000|100%| O|  |TAMS 0x00000000c6c00000| PB 0x00000000c6c00000| Untracked 
| 109|0x00000000c6d00000, 0x00000000c6e00000, 0x00000000c6e00000|100%| O|  |TAMS 0x00000000c6d00000| PB 0x00000000c6d00000| Untracked 
| 110|0x00000000c6e00000, 0x00000000c6f00000, 0x00000000c6f00000|100%| O|  |TAMS 0x00000000c6e00000| PB 0x00000000c6e00000| Untracked 
| 111|0x00000000c6f00000, 0x00000000c7000000, 0x00000000c7000000|100%| O|  |TAMS 0x00000000c6f00000| PB 0x00000000c6f00000| Untracked 
| 112|0x00000000c7000000, 0x00000000c7100000, 0x00000000c7100000|100%| O|  |TAMS 0x00000000c7000000| PB 0x00000000c7000000| Untracked 
| 113|0x00000000c7100000, 0x00000000c7200000, 0x00000000c7200000|100%| O|  |TAMS 0x00000000c7100000| PB 0x00000000c7100000| Untracked 
| 114|0x00000000c7200000, 0x00000000c7300000, 0x00000000c7300000|100%| O|  |TAMS 0x00000000c7200000| PB 0x00000000c7200000| Untracked 
| 115|0x00000000c7300000, 0x00000000c7400000, 0x00000000c7400000|100%| O|  |TAMS 0x00000000c7300000| PB 0x00000000c7300000| Untracked 
| 116|0x00000000c7400000, 0x00000000c7500000, 0x00000000c7500000|100%| O|  |TAMS 0x00000000c7400000| PB 0x00000000c7400000| Untracked 
| 117|0x00000000c7500000, 0x00000000c7600000, 0x00000000c7600000|100%| O|  |TAMS 0x00000000c7500000| PB 0x00000000c7500000| Untracked 
| 118|0x00000000c7600000, 0x00000000c7700000, 0x00000000c7700000|100%| O|  |TAMS 0x00000000c7600000| PB 0x00000000c7600000| Untracked 
| 119|0x00000000c7700000, 0x00000000c7800000, 0x00000000c7800000|100%| O|  |TAMS 0x00000000c7700000| PB 0x00000000c7700000| Untracked 
| 120|0x00000000c7800000, 0x00000000c7900000, 0x00000000c7900000|100%| O|  |TAMS 0x00000000c7800000| PB 0x00000000c7800000| Untracked 
| 121|0x00000000c7900000, 0x00000000c7a00000, 0x00000000c7a00000|100%| O|  |TAMS 0x00000000c7900000| PB 0x00000000c7900000| Untracked 
| 122|0x00000000c7a00000, 0x00000000c7b00000, 0x00000000c7b00000|100%| O|  |TAMS 0x00000000c7a00000| PB 0x00000000c7a00000| Untracked 
| 123|0x00000000c7b00000, 0x00000000c7c00000, 0x00000000c7c00000|100%| O|  |TAMS 0x00000000c7b00000| PB 0x00000000c7b00000| Untracked 
| 124|0x00000000c7c00000, 0x00000000c7d00000, 0x00000000c7d00000|100%| O|  |TAMS 0x00000000c7c00000| PB 0x00000000c7c00000| Untracked 
| 125|0x00000000c7d00000, 0x00000000c7e00000, 0x00000000c7e00000|100%| O|  |TAMS 0x00000000c7d00000| PB 0x00000000c7d00000| Untracked 
| 126|0x00000000c7e00000, 0x00000000c7f00000, 0x00000000c7f00000|100%| O|  |TAMS 0x00000000c7e00000| PB 0x00000000c7e00000| Untracked 
| 127|0x00000000c7f00000, 0x00000000c8000000, 0x00000000c8000000|100%| O|  |TAMS 0x00000000c7f00000| PB 0x00000000c7f00000| Untracked 
| 128|0x00000000c8000000, 0x00000000c8100000, 0x00000000c8100000|100%| O|  |TAMS 0x00000000c8000000| PB 0x00000000c8000000| Untracked 
| 129|0x00000000c8100000, 0x00000000c8200000, 0x00000000c8200000|100%| O|  |TAMS 0x00000000c8100000| PB 0x00000000c8100000| Untracked 
| 130|0x00000000c8200000, 0x00000000c8300000, 0x00000000c8300000|100%| O|  |TAMS 0x00000000c8200000| PB 0x00000000c8200000| Untracked 
| 131|0x00000000c8300000, 0x00000000c8400000, 0x00000000c8400000|100%| O|  |TAMS 0x00000000c8300000| PB 0x00000000c8300000| Untracked 
| 132|0x00000000c8400000, 0x00000000c8500000, 0x00000000c8500000|100%| O|  |TAMS 0x00000000c8400000| PB 0x00000000c8400000| Untracked 
| 133|0x00000000c8500000, 0x00000000c8600000, 0x00000000c8600000|100%| O|  |TAMS 0x00000000c8500000| PB 0x00000000c8500000| Untracked 
| 134|0x00000000c8600000, 0x00000000c8700000, 0x00000000c8700000|100%| O|  |TAMS 0x00000000c8600000| PB 0x00000000c8600000| Untracked 
| 135|0x00000000c8700000, 0x00000000c8800000, 0x00000000c8800000|100%| O|  |TAMS 0x00000000c8700000| PB 0x00000000c8700000| Untracked 
| 136|0x00000000c8800000, 0x00000000c8900000, 0x00000000c8900000|100%| O|  |TAMS 0x00000000c8800000| PB 0x00000000c8800000| Untracked 
| 137|0x00000000c8900000, 0x00000000c8a00000, 0x00000000c8a00000|100%| O|  |TAMS 0x00000000c8900000| PB 0x00000000c8900000| Untracked 
| 138|0x00000000c8a00000, 0x00000000c8b00000, 0x00000000c8b00000|100%| O|  |TAMS 0x00000000c8a00000| PB 0x00000000c8a00000| Untracked 
| 139|0x00000000c8b00000, 0x00000000c8c00000, 0x00000000c8c00000|100%| O|Cm|TAMS 0x00000000c8b00000| PB 0x00000000c8b00000| Complete 
| 140|0x00000000c8c00000, 0x00000000c8d00000, 0x00000000c8d00000|100%| O|  |TAMS 0x00000000c8c00000| PB 0x00000000c8c00000| Untracked 
| 141|0x00000000c8d00000, 0x00000000c8e00000, 0x00000000c8e00000|100%| O|  |TAMS 0x00000000c8d00000| PB 0x00000000c8d00000| Untracked 
| 142|0x00000000c8e00000, 0x00000000c8f00000, 0x00000000c8f00000|100%| O|  |TAMS 0x00000000c8e00000| PB 0x00000000c8e00000| Untracked 
| 143|0x00000000c8f00000, 0x00000000c9000000, 0x00000000c9000000|100%| O|  |TAMS 0x00000000c8f00000| PB 0x00000000c8f00000| Untracked 
| 144|0x00000000c9000000, 0x00000000c9100000, 0x00000000c9100000|100%| O|  |TAMS 0x00000000c9000000| PB 0x00000000c9000000| Untracked 
| 145|0x00000000c9100000, 0x00000000c9200000, 0x00000000c9200000|100%| O|  |TAMS 0x00000000c9100000| PB 0x00000000c9100000| Untracked 
| 146|0x00000000c9200000, 0x00000000c9300000, 0x00000000c9300000|100%| O|  |TAMS 0x00000000c9200000| PB 0x00000000c9200000| Untracked 
| 147|0x00000000c9300000, 0x00000000c9400000, 0x00000000c9400000|100%| O|  |TAMS 0x00000000c9300000| PB 0x00000000c9300000| Untracked 
| 148|0x00000000c9400000, 0x00000000c9500000, 0x00000000c9500000|100%| O|  |TAMS 0x00000000c9400000| PB 0x00000000c9400000| Untracked 
| 149|0x00000000c9500000, 0x00000000c9600000, 0x00000000c9600000|100%| O|  |TAMS 0x00000000c9500000| PB 0x00000000c9500000| Untracked 
| 150|0x00000000c9600000, 0x00000000c9700000, 0x00000000c9700000|100%| O|  |TAMS 0x00000000c9600000| PB 0x00000000c9600000| Untracked 
| 151|0x00000000c9700000, 0x00000000c9800000, 0x00000000c9800000|100%| O|  |TAMS 0x00000000c9700000| PB 0x00000000c9700000| Untracked 
| 152|0x00000000c9800000, 0x00000000c9900000, 0x00000000c9900000|100%| O|  |TAMS 0x00000000c9800000| PB 0x00000000c9800000| Untracked 
| 153|0x00000000c9900000, 0x00000000c9a00000, 0x00000000c9a00000|100%| O|  |TAMS 0x00000000c9900000| PB 0x00000000c9900000| Untracked 
| 154|0x00000000c9a00000, 0x00000000c9b00000, 0x00000000c9b00000|100%| O|  |TAMS 0x00000000c9a00000| PB 0x00000000c9a00000| Untracked 
| 155|0x00000000c9b00000, 0x00000000c9c00000, 0x00000000c9c00000|100%| O|  |TAMS 0x00000000c9b00000| PB 0x00000000c9b00000| Untracked 
| 156|0x00000000c9c00000, 0x00000000c9d00000, 0x00000000c9d00000|100%| O|  |TAMS 0x00000000c9c00000| PB 0x00000000c9c00000| Untracked 
| 157|0x00000000c9d00000, 0x00000000c9e00000, 0x00000000c9e00000|100%| O|  |TAMS 0x00000000c9d00000| PB 0x00000000c9d00000| Untracked 
| 158|0x00000000c9e00000, 0x00000000c9f00000, 0x00000000c9f00000|100%| O|  |TAMS 0x00000000c9e00000| PB 0x00000000c9e00000| Untracked 
| 159|0x00000000c9f00000, 0x00000000ca000000, 0x00000000ca000000|100%| O|  |TAMS 0x00000000c9f00000| PB 0x00000000c9f00000| Untracked 
| 160|0x00000000ca000000, 0x00000000ca100000, 0x00000000ca100000|100%| O|  |TAMS 0x00000000ca000000| PB 0x00000000ca000000| Untracked 
| 161|0x00000000ca100000, 0x00000000ca200000, 0x00000000ca200000|100%| O|  |TAMS 0x00000000ca100000| PB 0x00000000ca100000| Untracked 
| 162|0x00000000ca200000, 0x00000000ca300000, 0x00000000ca300000|100%| O|  |TAMS 0x00000000ca200000| PB 0x00000000ca200000| Untracked 
| 163|0x00000000ca300000, 0x00000000ca400000, 0x00000000ca400000|100%| O|  |TAMS 0x00000000ca300000| PB 0x00000000ca300000| Untracked 
| 164|0x00000000ca400000, 0x00000000ca500000, 0x00000000ca500000|100%| O|  |TAMS 0x00000000ca400000| PB 0x00000000ca400000| Untracked 
| 165|0x00000000ca500000, 0x00000000ca600000, 0x00000000ca600000|100%| O|  |TAMS 0x00000000ca500000| PB 0x00000000ca500000| Untracked 
| 166|0x00000000ca600000, 0x00000000ca700000, 0x00000000ca700000|100%| O|  |TAMS 0x00000000ca600000| PB 0x00000000ca600000| Untracked 
| 167|0x00000000ca700000, 0x00000000ca800000, 0x00000000ca800000|100%| O|  |TAMS 0x00000000ca700000| PB 0x00000000ca700000| Untracked 
| 168|0x00000000ca800000, 0x00000000ca900000, 0x00000000ca900000|100%| O|  |TAMS 0x00000000ca800000| PB 0x00000000ca800000| Untracked 
| 169|0x00000000ca900000, 0x00000000caa00000, 0x00000000caa00000|100%| O|  |TAMS 0x00000000ca900000| PB 0x00000000ca900000| Untracked 
| 170|0x00000000caa00000, 0x00000000cab00000, 0x00000000cab00000|100%| O|  |TAMS 0x00000000caa00000| PB 0x00000000caa00000| Untracked 
| 171|0x00000000cab00000, 0x00000000cac00000, 0x00000000cac00000|100%| O|  |TAMS 0x00000000cab00000| PB 0x00000000cab00000| Untracked 
| 172|0x00000000cac00000, 0x00000000cad00000, 0x00000000cad00000|100%| O|  |TAMS 0x00000000cac00000| PB 0x00000000cac00000| Untracked 
| 173|0x00000000cad00000, 0x00000000cae00000, 0x00000000cae00000|100%| O|  |TAMS 0x00000000cad00000| PB 0x00000000cad00000| Untracked 
| 174|0x00000000cae00000, 0x00000000caf00000, 0x00000000caf00000|100%| O|  |TAMS 0x00000000cae00000| PB 0x00000000cae00000| Untracked 
| 175|0x00000000caf00000, 0x00000000cb000000, 0x00000000cb000000|100%| O|  |TAMS 0x00000000caf00000| PB 0x00000000caf00000| Untracked 
| 176|0x00000000cb000000, 0x00000000cb100000, 0x00000000cb100000|100%| O|  |TAMS 0x00000000cb000000| PB 0x00000000cb000000| Untracked 
| 177|0x00000000cb100000, 0x00000000cb200000, 0x00000000cb200000|100%| O|  |TAMS 0x00000000cb100000| PB 0x00000000cb100000| Untracked 
| 178|0x00000000cb200000, 0x00000000cb300000, 0x00000000cb300000|100%| O|Cm|TAMS 0x00000000cb200000| PB 0x00000000cb200000| Complete 
| 179|0x00000000cb300000, 0x00000000cb400000, 0x00000000cb400000|100%| O|  |TAMS 0x00000000cb300000| PB 0x00000000cb300000| Untracked 
| 180|0x00000000cb400000, 0x00000000cb500000, 0x00000000cb500000|100%| O|  |TAMS 0x00000000cb400000| PB 0x00000000cb400000| Untracked 
| 181|0x00000000cb500000, 0x00000000cb600000, 0x00000000cb600000|100%| O|  |TAMS 0x00000000cb500000| PB 0x00000000cb500000| Untracked 
| 182|0x00000000cb600000, 0x00000000cb700000, 0x00000000cb700000|100%| O|  |TAMS 0x00000000cb600000| PB 0x00000000cb600000| Untracked 
| 183|0x00000000cb700000, 0x00000000cb800000, 0x00000000cb800000|100%| O|  |TAMS 0x00000000cb700000| PB 0x00000000cb700000| Untracked 
| 184|0x00000000cb800000, 0x00000000cb900000, 0x00000000cb900000|100%| O|  |TAMS 0x00000000cb800000| PB 0x00000000cb800000| Untracked 
| 185|0x00000000cb900000, 0x00000000cba00000, 0x00000000cba00000|100%| O|  |TAMS 0x00000000cb900000| PB 0x00000000cb900000| Untracked 
| 186|0x00000000cba00000, 0x00000000cbb00000, 0x00000000cbb00000|100%| O|  |TAMS 0x00000000cba00000| PB 0x00000000cba00000| Untracked 
| 187|0x00000000cbb00000, 0x00000000cbc00000, 0x00000000cbc00000|100%| O|  |TAMS 0x00000000cbb00000| PB 0x00000000cbb00000| Untracked 
| 188|0x00000000cbc00000, 0x00000000cbd00000, 0x00000000cbd00000|100%| O|  |TAMS 0x00000000cbc00000| PB 0x00000000cbc00000| Untracked 
| 189|0x00000000cbd00000, 0x00000000cbe00000, 0x00000000cbe00000|100%| O|  |TAMS 0x00000000cbd00000| PB 0x00000000cbd00000| Untracked 
| 190|0x00000000cbe00000, 0x00000000cbf00000, 0x00000000cbf00000|100%| O|  |TAMS 0x00000000cbe00000| PB 0x00000000cbe00000| Untracked 
| 191|0x00000000cbf00000, 0x00000000cc000000, 0x00000000cc000000|100%| O|  |TAMS 0x00000000cbf00000| PB 0x00000000cbf00000| Untracked 
| 192|0x00000000cc000000, 0x00000000cc100000, 0x00000000cc100000|100%| O|  |TAMS 0x00000000cc000000| PB 0x00000000cc000000| Untracked 
| 193|0x00000000cc100000, 0x00000000cc200000, 0x00000000cc200000|100%| O|  |TAMS 0x00000000cc100000| PB 0x00000000cc100000| Untracked 
| 194|0x00000000cc200000, 0x00000000cc300000, 0x00000000cc300000|100%| O|  |TAMS 0x00000000cc200000| PB 0x00000000cc200000| Untracked 
| 195|0x00000000cc300000, 0x00000000cc400000, 0x00000000cc400000|100%| O|  |TAMS 0x00000000cc300000| PB 0x00000000cc300000| Untracked 
| 196|0x00000000cc400000, 0x00000000cc500000, 0x00000000cc500000|100%| O|  |TAMS 0x00000000cc400000| PB 0x00000000cc400000| Untracked 
| 197|0x00000000cc500000, 0x00000000cc600000, 0x00000000cc600000|100%| O|  |TAMS 0x00000000cc500000| PB 0x00000000cc500000| Untracked 
| 198|0x00000000cc600000, 0x00000000cc700000, 0x00000000cc700000|100%| O|  |TAMS 0x00000000cc600000| PB 0x00000000cc600000| Untracked 
| 199|0x00000000cc700000, 0x00000000cc800000, 0x00000000cc800000|100%| O|  |TAMS 0x00000000cc700000| PB 0x00000000cc700000| Untracked 
| 200|0x00000000cc800000, 0x00000000cc900000, 0x00000000cc900000|100%| O|  |TAMS 0x00000000cc800000| PB 0x00000000cc800000| Untracked 
| 201|0x00000000cc900000, 0x00000000cca00000, 0x00000000cca00000|100%| O|  |TAMS 0x00000000cc900000| PB 0x00000000cc900000| Untracked 
| 202|0x00000000cca00000, 0x00000000ccb00000, 0x00000000ccb00000|100%| O|  |TAMS 0x00000000cca00000| PB 0x00000000cca00000| Untracked 
| 203|0x00000000ccb00000, 0x00000000ccc00000, 0x00000000ccc00000|100%| O|  |TAMS 0x00000000ccb00000| PB 0x00000000ccb00000| Untracked 
| 204|0x00000000ccc00000, 0x00000000ccd00000, 0x00000000ccd00000|100%| O|  |TAMS 0x00000000ccc00000| PB 0x00000000ccc00000| Untracked 
| 205|0x00000000ccd00000, 0x00000000cce00000, 0x00000000cce00000|100%| O|  |TAMS 0x00000000ccd00000| PB 0x00000000ccd00000| Untracked 
| 206|0x00000000cce00000, 0x00000000ccf00000, 0x00000000ccf00000|100%| O|  |TAMS 0x00000000cce00000| PB 0x00000000cce00000| Untracked 
| 207|0x00000000ccf00000, 0x00000000cd000000, 0x00000000cd000000|100%| O|  |TAMS 0x00000000ccf00000| PB 0x00000000ccf00000| Untracked 
| 208|0x00000000cd000000, 0x00000000cd100000, 0x00000000cd100000|100%| O|  |TAMS 0x00000000cd000000| PB 0x00000000cd000000| Untracked 
| 209|0x00000000cd100000, 0x00000000cd200000, 0x00000000cd200000|100%| O|  |TAMS 0x00000000cd100000| PB 0x00000000cd100000| Untracked 
| 210|0x00000000cd200000, 0x00000000cd300000, 0x00000000cd300000|100%| O|  |TAMS 0x00000000cd200000| PB 0x00000000cd200000| Untracked 
| 211|0x00000000cd300000, 0x00000000cd400000, 0x00000000cd400000|100%| O|  |TAMS 0x00000000cd300000| PB 0x00000000cd300000| Untracked 
| 212|0x00000000cd400000, 0x00000000cd500000, 0x00000000cd500000|100%| O|  |TAMS 0x00000000cd400000| PB 0x00000000cd400000| Untracked 
| 213|0x00000000cd500000, 0x00000000cd600000, 0x00000000cd600000|100%| O|  |TAMS 0x00000000cd500000| PB 0x00000000cd500000| Untracked 
| 214|0x00000000cd600000, 0x00000000cd700000, 0x00000000cd700000|100%| O|  |TAMS 0x00000000cd600000| PB 0x00000000cd600000| Untracked 
| 215|0x00000000cd700000, 0x00000000cd800000, 0x00000000cd800000|100%| O|  |TAMS 0x00000000cd700000| PB 0x00000000cd700000| Untracked 
| 216|0x00000000cd800000, 0x00000000cd900000, 0x00000000cd900000|100%| O|  |TAMS 0x00000000cd800000| PB 0x00000000cd800000| Untracked 
| 217|0x00000000cd900000, 0x00000000cda00000, 0x00000000cda00000|100%| O|  |TAMS 0x00000000cd900000| PB 0x00000000cd900000| Untracked 
| 218|0x00000000cda00000, 0x00000000cdb00000, 0x00000000cdb00000|100%| O|  |TAMS 0x00000000cda00000| PB 0x00000000cda00000| Untracked 
| 219|0x00000000cdb00000, 0x00000000cdc00000, 0x00000000cdc00000|100%| O|  |TAMS 0x00000000cdb00000| PB 0x00000000cdb00000| Untracked 
| 220|0x00000000cdc00000, 0x00000000cdd00000, 0x00000000cdd00000|100%| O|  |TAMS 0x00000000cdc00000| PB 0x00000000cdc00000| Untracked 
| 221|0x00000000cdd00000, 0x00000000cde00000, 0x00000000cde00000|100%| O|  |TAMS 0x00000000cdd00000| PB 0x00000000cdd00000| Untracked 
| 222|0x00000000cde00000, 0x00000000cdf00000, 0x00000000cdf00000|100%| O|  |TAMS 0x00000000cde00000| PB 0x00000000cde00000| Untracked 
| 223|0x00000000cdf00000, 0x00000000ce000000, 0x00000000ce000000|100%| O|  |TAMS 0x00000000cdf00000| PB 0x00000000cdf00000| Untracked 
| 224|0x00000000ce000000, 0x00000000ce100000, 0x00000000ce100000|100%| O|  |TAMS 0x00000000ce000000| PB 0x00000000ce000000| Untracked 
| 225|0x00000000ce100000, 0x00000000ce200000, 0x00000000ce200000|100%| O|  |TAMS 0x00000000ce100000| PB 0x00000000ce100000| Untracked 
| 226|0x00000000ce200000, 0x00000000ce300000, 0x00000000ce300000|100%| O|  |TAMS 0x00000000ce200000| PB 0x00000000ce200000| Untracked 
| 227|0x00000000ce300000, 0x00000000ce400000, 0x00000000ce400000|100%| O|  |TAMS 0x00000000ce300000| PB 0x00000000ce300000| Untracked 
| 228|0x00000000ce400000, 0x00000000ce500000, 0x00000000ce500000|100%| O|  |TAMS 0x00000000ce400000| PB 0x00000000ce400000| Untracked 
| 229|0x00000000ce500000, 0x00000000ce600000, 0x00000000ce600000|100%| O|  |TAMS 0x00000000ce500000| PB 0x00000000ce500000| Untracked 
| 230|0x00000000ce600000, 0x00000000ce700000, 0x00000000ce700000|100%| O|  |TAMS 0x00000000ce600000| PB 0x00000000ce600000| Untracked 
| 231|0x00000000ce700000, 0x00000000ce800000, 0x00000000ce800000|100%| O|  |TAMS 0x00000000ce700000| PB 0x00000000ce700000| Untracked 
| 232|0x00000000ce800000, 0x00000000ce900000, 0x00000000ce900000|100%| O|  |TAMS 0x00000000ce800000| PB 0x00000000ce800000| Untracked 
| 233|0x00000000ce900000, 0x00000000cea00000, 0x00000000cea00000|100%| O|  |TAMS 0x00000000ce900000| PB 0x00000000ce900000| Untracked 
| 234|0x00000000cea00000, 0x00000000ceb00000, 0x00000000ceb00000|100%| O|Cm|TAMS 0x00000000cea00000| PB 0x00000000cea00000| Complete 
| 235|0x00000000ceb00000, 0x00000000cec00000, 0x00000000cec00000|100%| O|  |TAMS 0x00000000ceb00000| PB 0x00000000ceb00000| Untracked 
| 236|0x00000000cec00000, 0x00000000ced00000, 0x00000000ced00000|100%| O|  |TAMS 0x00000000cec00000| PB 0x00000000cec00000| Untracked 
| 237|0x00000000ced00000, 0x00000000cee00000, 0x00000000cee00000|100%| O|  |TAMS 0x00000000ced00000| PB 0x00000000ced00000| Untracked 
| 238|0x00000000cee00000, 0x00000000cef00000, 0x00000000cef00000|100%| O|  |TAMS 0x00000000cee00000| PB 0x00000000cee00000| Untracked 
| 239|0x00000000cef00000, 0x00000000cf000000, 0x00000000cf000000|100%| O|  |TAMS 0x00000000cef00000| PB 0x00000000cef00000| Untracked 
| 240|0x00000000cf000000, 0x00000000cf100000, 0x00000000cf100000|100%| O|  |TAMS 0x00000000cf000000| PB 0x00000000cf000000| Untracked 
| 241|0x00000000cf100000, 0x00000000cf200000, 0x00000000cf200000|100%| O|  |TAMS 0x00000000cf100000| PB 0x00000000cf100000| Untracked 
| 242|0x00000000cf200000, 0x00000000cf300000, 0x00000000cf300000|100%| O|  |TAMS 0x00000000cf200000| PB 0x00000000cf200000| Untracked 
| 243|0x00000000cf300000, 0x00000000cf400000, 0x00000000cf400000|100%| O|  |TAMS 0x00000000cf300000| PB 0x00000000cf300000| Untracked 
| 244|0x00000000cf400000, 0x00000000cf500000, 0x00000000cf500000|100%| O|  |TAMS 0x00000000cf400000| PB 0x00000000cf400000| Untracked 
| 245|0x00000000cf500000, 0x00000000cf600000, 0x00000000cf600000|100%| O|  |TAMS 0x00000000cf500000| PB 0x00000000cf500000| Untracked 
| 246|0x00000000cf600000, 0x00000000cf700000, 0x00000000cf700000|100%| O|  |TAMS 0x00000000cf600000| PB 0x00000000cf600000| Untracked 
| 247|0x00000000cf700000, 0x00000000cf800000, 0x00000000cf800000|100%| O|  |TAMS 0x00000000cf700000| PB 0x00000000cf700000| Untracked 
| 248|0x00000000cf800000, 0x00000000cf900000, 0x00000000cf900000|100%| O|  |TAMS 0x00000000cf800000| PB 0x00000000cf800000| Untracked 
| 249|0x00000000cf900000, 0x00000000cfa00000, 0x00000000cfa00000|100%| O|  |TAMS 0x00000000cf900000| PB 0x00000000cf900000| Untracked 
| 250|0x00000000cfa00000, 0x00000000cfb00000, 0x00000000cfb00000|100%| O|  |TAMS 0x00000000cfa00000| PB 0x00000000cfa00000| Untracked 
| 251|0x00000000cfb00000, 0x00000000cfc00000, 0x00000000cfc00000|100%| O|  |TAMS 0x00000000cfb00000| PB 0x00000000cfb00000| Untracked 
| 252|0x00000000cfc00000, 0x00000000cfd00000, 0x00000000cfd00000|100%| O|  |TAMS 0x00000000cfc00000| PB 0x00000000cfc00000| Untracked 
| 253|0x00000000cfd00000, 0x00000000cfe00000, 0x00000000cfe00000|100%| O|  |TAMS 0x00000000cfd00000| PB 0x00000000cfd00000| Untracked 
| 254|0x00000000cfe00000, 0x00000000cff00000, 0x00000000cff00000|100%| O|  |TAMS 0x00000000cfe00000| PB 0x00000000cfe00000| Untracked 
| 255|0x00000000cff00000, 0x00000000d0000000, 0x00000000d0000000|100%| O|  |TAMS 0x00000000cff00000| PB 0x00000000cff00000| Untracked 
| 256|0x00000000d0000000, 0x00000000d0100000, 0x00000000d0100000|100%| O|  |TAMS 0x00000000d0000000| PB 0x00000000d0000000| Untracked 
| 257|0x00000000d0100000, 0x00000000d0200000, 0x00000000d0200000|100%| O|  |TAMS 0x00000000d0100000| PB 0x00000000d0100000| Untracked 
| 258|0x00000000d0200000, 0x00000000d0300000, 0x00000000d0300000|100%| O|  |TAMS 0x00000000d0200000| PB 0x00000000d0200000| Untracked 
| 259|0x00000000d0300000, 0x00000000d0400000, 0x00000000d0400000|100%| O|  |TAMS 0x00000000d0300000| PB 0x00000000d0300000| Untracked 
| 260|0x00000000d0400000, 0x00000000d0500000, 0x00000000d0500000|100%| O|  |TAMS 0x00000000d0400000| PB 0x00000000d0400000| Untracked 
| 261|0x00000000d0500000, 0x00000000d0600000, 0x00000000d0600000|100%| O|  |TAMS 0x00000000d0500000| PB 0x00000000d0500000| Untracked 
| 262|0x00000000d0600000, 0x00000000d0700000, 0x00000000d0700000|100%| O|  |TAMS 0x00000000d0600000| PB 0x00000000d0600000| Untracked 
| 263|0x00000000d0700000, 0x00000000d0800000, 0x00000000d0800000|100%| O|  |TAMS 0x00000000d0700000| PB 0x00000000d0700000| Untracked 
| 264|0x00000000d0800000, 0x00000000d0900000, 0x00000000d0900000|100%| O|Cm|TAMS 0x00000000d0800000| PB 0x00000000d0800000| Complete 
| 265|0x00000000d0900000, 0x00000000d0a00000, 0x00000000d0a00000|100%| O|  |TAMS 0x00000000d0900000| PB 0x00000000d0900000| Untracked 
| 266|0x00000000d0a00000, 0x00000000d0b00000, 0x00000000d0b00000|100%| O|  |TAMS 0x00000000d0a00000| PB 0x00000000d0a00000| Untracked 
| 267|0x00000000d0b00000, 0x00000000d0c00000, 0x00000000d0c00000|100%| O|  |TAMS 0x00000000d0b00000| PB 0x00000000d0b00000| Untracked 
| 268|0x00000000d0c00000, 0x00000000d0d00000, 0x00000000d0d00000|100%| O|Cm|TAMS 0x00000000d0c00000| PB 0x00000000d0c00000| Complete 
| 269|0x00000000d0d00000, 0x00000000d0e00000, 0x00000000d0e00000|100%| O|  |TAMS 0x00000000d0d00000| PB 0x00000000d0d00000| Untracked 
| 270|0x00000000d0e00000, 0x00000000d0f00000, 0x00000000d0f00000|100%|HS|  |TAMS 0x00000000d0e00000| PB 0x00000000d0e00000| Complete 
| 271|0x00000000d0f00000, 0x00000000d1000000, 0x00000000d1000000|100%| O|  |TAMS 0x00000000d0f00000| PB 0x00000000d0f00000| Untracked 
| 272|0x00000000d1000000, 0x00000000d1100000, 0x00000000d1100000|100%| O|  |TAMS 0x00000000d1000000| PB 0x00000000d1000000| Untracked 
| 273|0x00000000d1100000, 0x00000000d1200000, 0x00000000d1200000|100%| O|  |TAMS 0x00000000d1100000| PB 0x00000000d1100000| Untracked 
| 274|0x00000000d1200000, 0x00000000d1300000, 0x00000000d1300000|100%| O|  |TAMS 0x00000000d1200000| PB 0x00000000d1200000| Untracked 
| 275|0x00000000d1300000, 0x00000000d1400000, 0x00000000d1400000|100%| O|  |TAMS 0x00000000d1300000| PB 0x00000000d1300000| Untracked 
| 276|0x00000000d1400000, 0x00000000d1500000, 0x00000000d1500000|100%| O|  |TAMS 0x00000000d1400000| PB 0x00000000d1400000| Untracked 
| 277|0x00000000d1500000, 0x00000000d1600000, 0x00000000d1600000|100%| O|  |TAMS 0x00000000d1500000| PB 0x00000000d1500000| Untracked 
| 278|0x00000000d1600000, 0x00000000d1700000, 0x00000000d1700000|100%| O|  |TAMS 0x00000000d1600000| PB 0x00000000d1600000| Untracked 
| 279|0x00000000d1700000, 0x00000000d1800000, 0x00000000d1800000|100%| O|  |TAMS 0x00000000d1700000| PB 0x00000000d1700000| Untracked 
| 280|0x00000000d1800000, 0x00000000d1900000, 0x00000000d1900000|100%| O|Cm|TAMS 0x00000000d1800000| PB 0x00000000d1800000| Complete 
| 281|0x00000000d1900000, 0x00000000d1a00000, 0x00000000d1a00000|100%| O|  |TAMS 0x00000000d1900000| PB 0x00000000d1900000| Untracked 
| 282|0x00000000d1a00000, 0x00000000d1b00000, 0x00000000d1b00000|100%| O|Cm|TAMS 0x00000000d1a00000| PB 0x00000000d1a00000| Complete 
| 283|0x00000000d1b00000, 0x00000000d1c00000, 0x00000000d1c00000|100%|HS|  |TAMS 0x00000000d1b00000| PB 0x00000000d1b00000| Complete 
| 284|0x00000000d1c00000, 0x00000000d1d00000, 0x00000000d1d00000|100%|HC|  |TAMS 0x00000000d1c00000| PB 0x00000000d1c00000| Complete 
| 285|0x00000000d1d00000, 0x00000000d1e00000, 0x00000000d1e00000|100%| O|  |TAMS 0x00000000d1d00000| PB 0x00000000d1d00000| Untracked 
| 286|0x00000000d1e00000, 0x00000000d1f00000, 0x00000000d1f00000|100%| O|  |TAMS 0x00000000d1e00000| PB 0x00000000d1e00000| Untracked 
| 287|0x00000000d1f00000, 0x00000000d2000000, 0x00000000d2000000|100%| O|  |TAMS 0x00000000d1f00000| PB 0x00000000d1f00000| Untracked 
| 288|0x00000000d2000000, 0x00000000d2100000, 0x00000000d2100000|100%| O|  |TAMS 0x00000000d2000000| PB 0x00000000d2000000| Untracked 
| 289|0x00000000d2100000, 0x00000000d2200000, 0x00000000d2200000|100%| O|  |TAMS 0x00000000d2100000| PB 0x00000000d2100000| Untracked 
| 290|0x00000000d2200000, 0x00000000d2300000, 0x00000000d2300000|100%| O|  |TAMS 0x00000000d2200000| PB 0x00000000d2200000| Untracked 
| 291|0x00000000d2300000, 0x00000000d2400000, 0x00000000d2400000|100%| O|  |TAMS 0x00000000d2300000| PB 0x00000000d2300000| Untracked 
| 292|0x00000000d2400000, 0x00000000d2500000, 0x00000000d2500000|100%| O|  |TAMS 0x00000000d2400000| PB 0x00000000d2400000| Untracked 
| 293|0x00000000d2500000, 0x00000000d2600000, 0x00000000d2600000|100%| O|  |TAMS 0x00000000d2500000| PB 0x00000000d2500000| Untracked 
| 294|0x00000000d2600000, 0x00000000d2700000, 0x00000000d2700000|100%| O|  |TAMS 0x00000000d2600000| PB 0x00000000d2600000| Untracked 
| 295|0x00000000d2700000, 0x00000000d2800000, 0x00000000d2800000|100%| O|  |TAMS 0x00000000d2700000| PB 0x00000000d2700000| Untracked 
| 296|0x00000000d2800000, 0x00000000d2900000, 0x00000000d2900000|100%| O|  |TAMS 0x00000000d2800000| PB 0x00000000d2800000| Untracked 
| 297|0x00000000d2900000, 0x00000000d2a00000, 0x00000000d2a00000|100%| O|  |TAMS 0x00000000d2900000| PB 0x00000000d2900000| Untracked 
| 298|0x00000000d2a00000, 0x00000000d2b00000, 0x00000000d2b00000|100%| O|  |TAMS 0x00000000d2a00000| PB 0x00000000d2a00000| Untracked 
| 299|0x00000000d2b00000, 0x00000000d2c00000, 0x00000000d2c00000|100%| O|Cm|TAMS 0x00000000d2b00000| PB 0x00000000d2b00000| Complete 
| 300|0x00000000d2c00000, 0x00000000d2d00000, 0x00000000d2d00000|100%| O|  |TAMS 0x00000000d2c00000| PB 0x00000000d2c00000| Untracked 
| 301|0x00000000d2d00000, 0x00000000d2e00000, 0x00000000d2e00000|100%| O|  |TAMS 0x00000000d2d00000| PB 0x00000000d2d00000| Untracked 
| 302|0x00000000d2e00000, 0x00000000d2f00000, 0x00000000d2f00000|100%| O|  |TAMS 0x00000000d2e00000| PB 0x00000000d2e00000| Untracked 
| 303|0x00000000d2f00000, 0x00000000d3000000, 0x00000000d3000000|100%| O|  |TAMS 0x00000000d2f00000| PB 0x00000000d2f00000| Untracked 
| 304|0x00000000d3000000, 0x00000000d3100000, 0x00000000d3100000|100%| O|  |TAMS 0x00000000d3000000| PB 0x00000000d3000000| Untracked 
| 305|0x00000000d3100000, 0x00000000d3200000, 0x00000000d3200000|100%| O|  |TAMS 0x00000000d3100000| PB 0x00000000d3100000| Untracked 
| 306|0x00000000d3200000, 0x00000000d3300000, 0x00000000d3300000|100%| O|  |TAMS 0x00000000d3200000| PB 0x00000000d3200000| Untracked 
| 307|0x00000000d3300000, 0x00000000d3400000, 0x00000000d3400000|100%| O|  |TAMS 0x00000000d3300000| PB 0x00000000d3300000| Untracked 
| 308|0x00000000d3400000, 0x00000000d3500000, 0x00000000d3500000|100%| O|  |TAMS 0x00000000d3400000| PB 0x00000000d3400000| Untracked 
| 309|0x00000000d3500000, 0x00000000d3600000, 0x00000000d3600000|100%| O|  |TAMS 0x00000000d3500000| PB 0x00000000d3500000| Untracked 
| 310|0x00000000d3600000, 0x00000000d3700000, 0x00000000d3700000|100%| O|  |TAMS 0x00000000d3600000| PB 0x00000000d3600000| Untracked 
| 311|0x00000000d3700000, 0x00000000d3800000, 0x00000000d3800000|100%| O|  |TAMS 0x00000000d3700000| PB 0x00000000d3700000| Untracked 
| 312|0x00000000d3800000, 0x00000000d3900000, 0x00000000d3900000|100%| O|  |TAMS 0x00000000d3800000| PB 0x00000000d3800000| Untracked 
| 313|0x00000000d3900000, 0x00000000d3a00000, 0x00000000d3a00000|100%| O|  |TAMS 0x00000000d3900000| PB 0x00000000d3900000| Untracked 
| 314|0x00000000d3a00000, 0x00000000d3b00000, 0x00000000d3b00000|100%| O|  |TAMS 0x00000000d3a00000| PB 0x00000000d3a00000| Untracked 
| 315|0x00000000d3b00000, 0x00000000d3c00000, 0x00000000d3c00000|100%| O|  |TAMS 0x00000000d3b00000| PB 0x00000000d3b00000| Untracked 
| 316|0x00000000d3c00000, 0x00000000d3d00000, 0x00000000d3d00000|100%| O|  |TAMS 0x00000000d3c00000| PB 0x00000000d3c00000| Untracked 
| 317|0x00000000d3d00000, 0x00000000d3e00000, 0x00000000d3e00000|100%| O|  |TAMS 0x00000000d3d00000| PB 0x00000000d3d00000| Untracked 
| 318|0x00000000d3e00000, 0x00000000d3f00000, 0x00000000d3f00000|100%| O|  |TAMS 0x00000000d3e00000| PB 0x00000000d3e00000| Untracked 
| 319|0x00000000d3f00000, 0x00000000d4000000, 0x00000000d4000000|100%| O|  |TAMS 0x00000000d3f00000| PB 0x00000000d3f00000| Untracked 
| 320|0x00000000d4000000, 0x00000000d4100000, 0x00000000d4100000|100%| O|  |TAMS 0x00000000d4000000| PB 0x00000000d4000000| Untracked 
| 321|0x00000000d4100000, 0x00000000d4200000, 0x00000000d4200000|100%| O|  |TAMS 0x00000000d4100000| PB 0x00000000d4100000| Untracked 
| 322|0x00000000d4200000, 0x00000000d4300000, 0x00000000d4300000|100%| O|  |TAMS 0x00000000d4200000| PB 0x00000000d4200000| Untracked 
| 323|0x00000000d4300000, 0x00000000d4400000, 0x00000000d4400000|100%| O|  |TAMS 0x00000000d4300000| PB 0x00000000d4300000| Untracked 
| 324|0x00000000d4400000, 0x00000000d4500000, 0x00000000d4500000|100%| O|  |TAMS 0x00000000d4400000| PB 0x00000000d4400000| Untracked 
| 325|0x00000000d4500000, 0x00000000d4600000, 0x00000000d4600000|100%| O|Cm|TAMS 0x00000000d4500000| PB 0x00000000d4500000| Complete 
| 326|0x00000000d4600000, 0x00000000d4700000, 0x00000000d4700000|100%| O|  |TAMS 0x00000000d4600000| PB 0x00000000d4600000| Untracked 
| 327|0x00000000d4700000, 0x00000000d4800000, 0x00000000d4800000|100%| O|  |TAMS 0x00000000d4700000| PB 0x00000000d4700000| Untracked 
| 328|0x00000000d4800000, 0x00000000d4900000, 0x00000000d4900000|100%| O|  |TAMS 0x00000000d4800000| PB 0x00000000d4800000| Untracked 
| 329|0x00000000d4900000, 0x00000000d4a00000, 0x00000000d4a00000|100%| O|  |TAMS 0x00000000d4900000| PB 0x00000000d4900000| Untracked 
| 330|0x00000000d4a00000, 0x00000000d4b00000, 0x00000000d4b00000|100%| O|  |TAMS 0x00000000d4a00000| PB 0x00000000d4a00000| Untracked 
| 331|0x00000000d4b00000, 0x00000000d4c00000, 0x00000000d4c00000|100%| O|  |TAMS 0x00000000d4b00000| PB 0x00000000d4b00000| Untracked 
| 332|0x00000000d4c00000, 0x00000000d4d00000, 0x00000000d4d00000|100%| O|  |TAMS 0x00000000d4c00000| PB 0x00000000d4c00000| Untracked 
| 333|0x00000000d4d00000, 0x00000000d4e00000, 0x00000000d4e00000|100%| O|  |TAMS 0x00000000d4d00000| PB 0x00000000d4d00000| Untracked 
| 334|0x00000000d4e00000, 0x00000000d4f00000, 0x00000000d4f00000|100%| O|  |TAMS 0x00000000d4e00000| PB 0x00000000d4e00000| Untracked 
| 335|0x00000000d4f00000, 0x00000000d5000000, 0x00000000d5000000|100%| O|  |TAMS 0x00000000d4f00000| PB 0x00000000d4f00000| Untracked 
| 336|0x00000000d5000000, 0x00000000d5100000, 0x00000000d5100000|100%| O|  |TAMS 0x00000000d5000000| PB 0x00000000d5000000| Untracked 
| 337|0x00000000d5100000, 0x00000000d5200000, 0x00000000d5200000|100%| O|  |TAMS 0x00000000d5100000| PB 0x00000000d5100000| Untracked 
| 338|0x00000000d5200000, 0x00000000d5300000, 0x00000000d5300000|100%| O|  |TAMS 0x00000000d5200000| PB 0x00000000d5200000| Untracked 
| 339|0x00000000d5300000, 0x00000000d5400000, 0x00000000d5400000|100%|HS|  |TAMS 0x00000000d5300000| PB 0x00000000d5300000| Complete 
| 340|0x00000000d5400000, 0x00000000d5500000, 0x00000000d5500000|100%|HS|  |TAMS 0x00000000d5400000| PB 0x00000000d5400000| Complete 
| 341|0x00000000d5500000, 0x00000000d5600000, 0x00000000d5600000|100%|HS|  |TAMS 0x00000000d5500000| PB 0x00000000d5500000| Complete 
| 342|0x00000000d5600000, 0x00000000d5700000, 0x00000000d5700000|100%|HS|  |TAMS 0x00000000d5600000| PB 0x00000000d5600000| Complete 
| 343|0x00000000d5700000, 0x00000000d5800000, 0x00000000d5800000|100%| O|  |TAMS 0x00000000d5700000| PB 0x00000000d5700000| Untracked 
| 344|0x00000000d5800000, 0x00000000d5900000, 0x00000000d5900000|100%| O|  |TAMS 0x00000000d5800000| PB 0x00000000d5800000| Untracked 
| 345|0x00000000d5900000, 0x00000000d5a00000, 0x00000000d5a00000|100%| O|  |TAMS 0x00000000d5900000| PB 0x00000000d5900000| Untracked 
| 346|0x00000000d5a00000, 0x00000000d5b00000, 0x00000000d5b00000|100%| O|  |TAMS 0x00000000d5a00000| PB 0x00000000d5a00000| Untracked 
| 347|0x00000000d5b00000, 0x00000000d5c00000, 0x00000000d5c00000|100%| O|  |TAMS 0x00000000d5b00000| PB 0x00000000d5b00000| Untracked 
| 348|0x00000000d5c00000, 0x00000000d5d00000, 0x00000000d5d00000|100%| O|  |TAMS 0x00000000d5c00000| PB 0x00000000d5c00000| Untracked 
| 349|0x00000000d5d00000, 0x00000000d5e00000, 0x00000000d5e00000|100%| O|  |TAMS 0x00000000d5d00000| PB 0x00000000d5d00000| Untracked 
| 350|0x00000000d5e00000, 0x00000000d5f00000, 0x00000000d5f00000|100%| O|  |TAMS 0x00000000d5e00000| PB 0x00000000d5e00000| Untracked 
| 351|0x00000000d5f00000, 0x00000000d6000000, 0x00000000d6000000|100%| O|  |TAMS 0x00000000d5f00000| PB 0x00000000d5f00000| Untracked 
| 352|0x00000000d6000000, 0x00000000d6100000, 0x00000000d6100000|100%| O|  |TAMS 0x00000000d6000000| PB 0x00000000d6000000| Untracked 
| 353|0x00000000d6100000, 0x00000000d6200000, 0x00000000d6200000|100%| O|  |TAMS 0x00000000d6100000| PB 0x00000000d6100000| Untracked 
| 354|0x00000000d6200000, 0x00000000d6300000, 0x00000000d6300000|100%| O|  |TAMS 0x00000000d6200000| PB 0x00000000d6200000| Untracked 
| 355|0x00000000d6300000, 0x00000000d6400000, 0x00000000d6400000|100%| O|  |TAMS 0x00000000d6300000| PB 0x00000000d6300000| Untracked 
| 356|0x00000000d6400000, 0x00000000d6500000, 0x00000000d6500000|100%| O|  |TAMS 0x00000000d6400000| PB 0x00000000d6400000| Untracked 
| 357|0x00000000d6500000, 0x00000000d6600000, 0x00000000d6600000|100%| O|  |TAMS 0x00000000d6500000| PB 0x00000000d6500000| Untracked 
| 358|0x00000000d6600000, 0x00000000d6700000, 0x00000000d6700000|100%| O|  |TAMS 0x00000000d6600000| PB 0x00000000d6600000| Untracked 
| 359|0x00000000d6700000, 0x00000000d6800000, 0x00000000d6800000|100%| O|  |TAMS 0x00000000d6700000| PB 0x00000000d6700000| Untracked 
| 360|0x00000000d6800000, 0x00000000d6900000, 0x00000000d6900000|100%| O|  |TAMS 0x00000000d6800000| PB 0x00000000d6800000| Untracked 
| 361|0x00000000d6900000, 0x00000000d6a00000, 0x00000000d6a00000|100%| O|  |TAMS 0x00000000d6900000| PB 0x00000000d6900000| Untracked 
| 362|0x00000000d6a00000, 0x00000000d6b00000, 0x00000000d6b00000|100%| O|  |TAMS 0x00000000d6a00000| PB 0x00000000d6a00000| Untracked 
| 363|0x00000000d6b00000, 0x00000000d6c00000, 0x00000000d6c00000|100%| O|  |TAMS 0x00000000d6b00000| PB 0x00000000d6b00000| Untracked 
| 364|0x00000000d6c00000, 0x00000000d6d00000, 0x00000000d6d00000|100%| O|  |TAMS 0x00000000d6c00000| PB 0x00000000d6c00000| Untracked 
| 365|0x00000000d6d00000, 0x00000000d6e00000, 0x00000000d6e00000|100%| O|  |TAMS 0x00000000d6d00000| PB 0x00000000d6d00000| Untracked 
| 366|0x00000000d6e00000, 0x00000000d6f00000, 0x00000000d6f00000|100%|HS|  |TAMS 0x00000000d6e00000| PB 0x00000000d6e00000| Complete 
| 367|0x00000000d6f00000, 0x00000000d7000000, 0x00000000d7000000|100%|HC|  |TAMS 0x00000000d6f00000| PB 0x00000000d6f00000| Complete 
| 368|0x00000000d7000000, 0x00000000d7100000, 0x00000000d7100000|100%| O|  |TAMS 0x00000000d7000000| PB 0x00000000d7000000| Untracked 
| 369|0x00000000d7100000, 0x00000000d7200000, 0x00000000d7200000|100%| O|  |TAMS 0x00000000d7100000| PB 0x00000000d7100000| Untracked 
| 370|0x00000000d7200000, 0x00000000d7300000, 0x00000000d7300000|100%| O|  |TAMS 0x00000000d7200000| PB 0x00000000d7200000| Untracked 
| 371|0x00000000d7300000, 0x00000000d7400000, 0x00000000d7400000|100%| O|  |TAMS 0x00000000d7300000| PB 0x00000000d7300000| Untracked 
| 372|0x00000000d7400000, 0x00000000d7500000, 0x00000000d7500000|100%| O|  |TAMS 0x00000000d7400000| PB 0x00000000d7400000| Untracked 
| 373|0x00000000d7500000, 0x00000000d7600000, 0x00000000d7600000|100%| O|  |TAMS 0x00000000d7500000| PB 0x00000000d7500000| Untracked 
| 374|0x00000000d7600000, 0x00000000d7700000, 0x00000000d7700000|100%| O|  |TAMS 0x00000000d7600000| PB 0x00000000d7600000| Untracked 
| 375|0x00000000d7700000, 0x00000000d7800000, 0x00000000d7800000|100%| O|  |TAMS 0x00000000d7700000| PB 0x00000000d7700000| Untracked 
| 376|0x00000000d7800000, 0x00000000d7900000, 0x00000000d7900000|100%| O|  |TAMS 0x00000000d7800000| PB 0x00000000d7800000| Untracked 
| 377|0x00000000d7900000, 0x00000000d7a00000, 0x00000000d7a00000|100%| O|  |TAMS 0x00000000d7900000| PB 0x00000000d7900000| Untracked 
| 378|0x00000000d7a00000, 0x00000000d7b00000, 0x00000000d7b00000|100%| O|  |TAMS 0x00000000d7a00000| PB 0x00000000d7a00000| Untracked 
| 379|0x00000000d7b00000, 0x00000000d7c00000, 0x00000000d7c00000|100%| O|  |TAMS 0x00000000d7b00000| PB 0x00000000d7b00000| Untracked 
| 380|0x00000000d7c00000, 0x00000000d7d00000, 0x00000000d7d00000|100%| O|  |TAMS 0x00000000d7c00000| PB 0x00000000d7c00000| Untracked 
| 381|0x00000000d7d00000, 0x00000000d7e00000, 0x00000000d7e00000|100%| O|  |TAMS 0x00000000d7d00000| PB 0x00000000d7d00000| Untracked 
| 382|0x00000000d7e00000, 0x00000000d7f00000, 0x00000000d7f00000|100%| O|  |TAMS 0x00000000d7e00000| PB 0x00000000d7e00000| Untracked 
| 383|0x00000000d7f00000, 0x00000000d8000000, 0x00000000d8000000|100%| O|  |TAMS 0x00000000d7f00000| PB 0x00000000d7f00000| Untracked 
| 384|0x00000000d8000000, 0x00000000d8100000, 0x00000000d8100000|100%| O|  |TAMS 0x00000000d8000000| PB 0x00000000d8000000| Untracked 
| 385|0x00000000d8100000, 0x00000000d8200000, 0x00000000d8200000|100%| O|  |TAMS 0x00000000d8100000| PB 0x00000000d8100000| Untracked 
| 386|0x00000000d8200000, 0x00000000d8300000, 0x00000000d8300000|100%| O|  |TAMS 0x00000000d8200000| PB 0x00000000d8200000| Untracked 
| 387|0x00000000d8300000, 0x00000000d8400000, 0x00000000d8400000|100%| O|  |TAMS 0x00000000d8300000| PB 0x00000000d8300000| Untracked 
| 388|0x00000000d8400000, 0x00000000d8500000, 0x00000000d8500000|100%| O|  |TAMS 0x00000000d8400000| PB 0x00000000d8400000| Untracked 
| 389|0x00000000d8500000, 0x00000000d8600000, 0x00000000d8600000|100%| O|  |TAMS 0x00000000d8500000| PB 0x00000000d8500000| Untracked 
| 390|0x00000000d8600000, 0x00000000d8700000, 0x00000000d8700000|100%| O|  |TAMS 0x00000000d8600000| PB 0x00000000d8600000| Untracked 
| 391|0x00000000d8700000, 0x00000000d8800000, 0x00000000d8800000|100%| O|  |TAMS 0x00000000d8700000| PB 0x00000000d8700000| Untracked 
| 392|0x00000000d8800000, 0x00000000d8900000, 0x00000000d8900000|100%| O|  |TAMS 0x00000000d8800000| PB 0x00000000d8800000| Untracked 
| 393|0x00000000d8900000, 0x00000000d8a00000, 0x00000000d8a00000|100%| O|  |TAMS 0x00000000d8900000| PB 0x00000000d8900000| Untracked 
| 394|0x00000000d8a00000, 0x00000000d8b00000, 0x00000000d8b00000|100%|HS|  |TAMS 0x00000000d8a00000| PB 0x00000000d8a00000| Complete 
| 395|0x00000000d8b00000, 0x00000000d8c00000, 0x00000000d8c00000|100%|HC|  |TAMS 0x00000000d8b00000| PB 0x00000000d8b00000| Complete 
| 396|0x00000000d8c00000, 0x00000000d8d00000, 0x00000000d8d00000|100%|HS|  |TAMS 0x00000000d8c00000| PB 0x00000000d8c00000| Complete 
| 397|0x00000000d8d00000, 0x00000000d8e00000, 0x00000000d8e00000|100%|HC|  |TAMS 0x00000000d8d00000| PB 0x00000000d8d00000| Complete 
| 398|0x00000000d8e00000, 0x00000000d8f00000, 0x00000000d8f00000|100%| O|  |TAMS 0x00000000d8e00000| PB 0x00000000d8e00000| Untracked 
| 399|0x00000000d8f00000, 0x00000000d9000000, 0x00000000d9000000|100%| O|  |TAMS 0x00000000d8f00000| PB 0x00000000d8f00000| Untracked 
| 400|0x00000000d9000000, 0x00000000d9100000, 0x00000000d9100000|100%| O|  |TAMS 0x00000000d9000000| PB 0x00000000d9000000| Untracked 
| 401|0x00000000d9100000, 0x00000000d9200000, 0x00000000d9200000|100%| O|  |TAMS 0x00000000d9100000| PB 0x00000000d9100000| Untracked 
| 402|0x00000000d9200000, 0x00000000d9300000, 0x00000000d9300000|100%| O|  |TAMS 0x00000000d9200000| PB 0x00000000d9200000| Untracked 
| 403|0x00000000d9300000, 0x00000000d9400000, 0x00000000d9400000|100%| O|  |TAMS 0x00000000d9300000| PB 0x00000000d9300000| Untracked 
| 404|0x00000000d9400000, 0x00000000d9500000, 0x00000000d9500000|100%| O|  |TAMS 0x00000000d9400000| PB 0x00000000d9400000| Untracked 
| 405|0x00000000d9500000, 0x00000000d9600000, 0x00000000d9600000|100%| O|  |TAMS 0x00000000d9500000| PB 0x00000000d9500000| Untracked 
| 406|0x00000000d9600000, 0x00000000d9700000, 0x00000000d9700000|100%| O|  |TAMS 0x00000000d9600000| PB 0x00000000d9600000| Untracked 
| 407|0x00000000d9700000, 0x00000000d9800000, 0x00000000d9800000|100%| O|  |TAMS 0x00000000d9700000| PB 0x00000000d9700000| Untracked 
| 408|0x00000000d9800000, 0x00000000d9900000, 0x00000000d9900000|100%| O|  |TAMS 0x00000000d9800000| PB 0x00000000d9800000| Untracked 
| 409|0x00000000d9900000, 0x00000000d9a00000, 0x00000000d9a00000|100%| O|  |TAMS 0x00000000d9900000| PB 0x00000000d9900000| Untracked 
| 410|0x00000000d9a00000, 0x00000000d9b00000, 0x00000000d9b00000|100%| O|  |TAMS 0x00000000d9a00000| PB 0x00000000d9a00000| Untracked 
| 411|0x00000000d9b00000, 0x00000000d9c00000, 0x00000000d9c00000|100%| O|  |TAMS 0x00000000d9b00000| PB 0x00000000d9b00000| Untracked 
| 412|0x00000000d9c00000, 0x00000000d9d00000, 0x00000000d9d00000|100%| O|  |TAMS 0x00000000d9c00000| PB 0x00000000d9c00000| Untracked 
| 413|0x00000000d9d00000, 0x00000000d9e00000, 0x00000000d9e00000|100%| O|  |TAMS 0x00000000d9d00000| PB 0x00000000d9d00000| Untracked 
| 414|0x00000000d9e00000, 0x00000000d9f00000, 0x00000000d9f00000|100%| O|  |TAMS 0x00000000d9e00000| PB 0x00000000d9e00000| Untracked 
| 415|0x00000000d9f00000, 0x00000000da000000, 0x00000000da000000|100%| O|  |TAMS 0x00000000d9f00000| PB 0x00000000d9f00000| Untracked 
| 416|0x00000000da000000, 0x00000000da100000, 0x00000000da100000|100%| O|  |TAMS 0x00000000da000000| PB 0x00000000da000000| Untracked 
| 417|0x00000000da100000, 0x00000000da200000, 0x00000000da200000|100%| O|  |TAMS 0x00000000da100000| PB 0x00000000da100000| Untracked 
| 418|0x00000000da200000, 0x00000000da300000, 0x00000000da300000|100%| O|  |TAMS 0x00000000da200000| PB 0x00000000da200000| Untracked 
| 419|0x00000000da300000, 0x00000000da400000, 0x00000000da400000|100%| O|  |TAMS 0x00000000da300000| PB 0x00000000da300000| Untracked 
| 420|0x00000000da400000, 0x00000000da500000, 0x00000000da500000|100%| O|  |TAMS 0x00000000da400000| PB 0x00000000da400000| Untracked 
| 421|0x00000000da500000, 0x00000000da600000, 0x00000000da600000|100%| O|  |TAMS 0x00000000da500000| PB 0x00000000da500000| Untracked 
| 422|0x00000000da600000, 0x00000000da700000, 0x00000000da700000|100%| O|  |TAMS 0x00000000da600000| PB 0x00000000da600000| Untracked 
| 423|0x00000000da700000, 0x00000000da800000, 0x00000000da800000|100%| O|  |TAMS 0x00000000da700000| PB 0x00000000da700000| Untracked 
| 424|0x00000000da800000, 0x00000000da900000, 0x00000000da900000|100%| O|  |TAMS 0x00000000da800000| PB 0x00000000da800000| Untracked 
| 425|0x00000000da900000, 0x00000000daa00000, 0x00000000daa00000|100%| O|  |TAMS 0x00000000da900000| PB 0x00000000da900000| Untracked 
| 426|0x00000000daa00000, 0x00000000dab00000, 0x00000000dab00000|100%| O|  |TAMS 0x00000000daa00000| PB 0x00000000daa00000| Untracked 
| 427|0x00000000dab00000, 0x00000000dac00000, 0x00000000dac00000|100%| O|  |TAMS 0x00000000dab00000| PB 0x00000000dab00000| Untracked 
| 428|0x00000000dac00000, 0x00000000dad00000, 0x00000000dad00000|100%| O|  |TAMS 0x00000000dac00000| PB 0x00000000dac00000| Untracked 
| 429|0x00000000dad00000, 0x00000000dae00000, 0x00000000dae00000|100%| O|  |TAMS 0x00000000dad00000| PB 0x00000000dad00000| Untracked 
| 430|0x00000000dae00000, 0x00000000daf00000, 0x00000000daf00000|100%| O|  |TAMS 0x00000000dae00000| PB 0x00000000dae00000| Untracked 
| 431|0x00000000daf00000, 0x00000000db000000, 0x00000000db000000|100%| O|  |TAMS 0x00000000daf00000| PB 0x00000000daf00000| Untracked 
| 432|0x00000000db000000, 0x00000000db100000, 0x00000000db100000|100%| O|  |TAMS 0x00000000db000000| PB 0x00000000db000000| Untracked 
| 433|0x00000000db100000, 0x00000000db200000, 0x00000000db200000|100%| O|  |TAMS 0x00000000db100000| PB 0x00000000db100000| Untracked 
| 434|0x00000000db200000, 0x00000000db300000, 0x00000000db300000|100%| O|  |TAMS 0x00000000db200000| PB 0x00000000db200000| Untracked 
| 435|0x00000000db300000, 0x00000000db400000, 0x00000000db400000|100%| O|  |TAMS 0x00000000db300000| PB 0x00000000db300000| Untracked 
| 436|0x00000000db400000, 0x00000000db500000, 0x00000000db500000|100%| O|  |TAMS 0x00000000db400000| PB 0x00000000db400000| Untracked 
| 437|0x00000000db500000, 0x00000000db600000, 0x00000000db600000|100%| O|  |TAMS 0x00000000db500000| PB 0x00000000db500000| Untracked 
| 438|0x00000000db600000, 0x00000000db700000, 0x00000000db700000|100%| O|  |TAMS 0x00000000db600000| PB 0x00000000db600000| Untracked 
| 439|0x00000000db700000, 0x00000000db800000, 0x00000000db800000|100%| O|  |TAMS 0x00000000db700000| PB 0x00000000db700000| Untracked 
| 440|0x00000000db800000, 0x00000000db900000, 0x00000000db900000|100%| O|  |TAMS 0x00000000db800000| PB 0x00000000db800000| Untracked 
| 441|0x00000000db900000, 0x00000000dba00000, 0x00000000dba00000|100%| O|  |TAMS 0x00000000db900000| PB 0x00000000db900000| Untracked 
| 442|0x00000000dba00000, 0x00000000dbb00000, 0x00000000dbb00000|100%| O|  |TAMS 0x00000000dba00000| PB 0x00000000dba00000| Untracked 
| 443|0x00000000dbb00000, 0x00000000dbc00000, 0x00000000dbc00000|100%| O|  |TAMS 0x00000000dbb00000| PB 0x00000000dbb00000| Untracked 
| 444|0x00000000dbc00000, 0x00000000dbd00000, 0x00000000dbd00000|100%| O|  |TAMS 0x00000000dbc00000| PB 0x00000000dbc00000| Untracked 
| 445|0x00000000dbd00000, 0x00000000dbe00000, 0x00000000dbe00000|100%| O|  |TAMS 0x00000000dbd00000| PB 0x00000000dbd00000| Untracked 
| 446|0x00000000dbe00000, 0x00000000dbf00000, 0x00000000dbf00000|100%| O|  |TAMS 0x00000000dbe00000| PB 0x00000000dbe00000| Untracked 
| 447|0x00000000dbf00000, 0x00000000dc000000, 0x00000000dc000000|100%| O|  |TAMS 0x00000000dbf00000| PB 0x00000000dbf00000| Untracked 
| 448|0x00000000dc000000, 0x00000000dc100000, 0x00000000dc100000|100%| O|  |TAMS 0x00000000dc000000| PB 0x00000000dc000000| Untracked 
| 449|0x00000000dc100000, 0x00000000dc200000, 0x00000000dc200000|100%| O|  |TAMS 0x00000000dc100000| PB 0x00000000dc100000| Untracked 
| 450|0x00000000dc200000, 0x00000000dc300000, 0x00000000dc300000|100%|HS|  |TAMS 0x00000000dc200000| PB 0x00000000dc200000| Complete 
| 451|0x00000000dc300000, 0x00000000dc400000, 0x00000000dc400000|100%|HC|  |TAMS 0x00000000dc300000| PB 0x00000000dc300000| Complete 
| 452|0x00000000dc400000, 0x00000000dc500000, 0x00000000dc500000|100%|HC|  |TAMS 0x00000000dc400000| PB 0x00000000dc400000| Complete 
| 453|0x00000000dc500000, 0x00000000dc600000, 0x00000000dc600000|100%|HS|  |TAMS 0x00000000dc500000| PB 0x00000000dc500000| Complete 
| 454|0x00000000dc600000, 0x00000000dc700000, 0x00000000dc700000|100%|HS|  |TAMS 0x00000000dc600000| PB 0x00000000dc600000| Complete 
| 455|0x00000000dc700000, 0x00000000dc800000, 0x00000000dc800000|100%|HC|  |TAMS 0x00000000dc700000| PB 0x00000000dc700000| Complete 
| 456|0x00000000dc800000, 0x00000000dc900000, 0x00000000dc900000|100%| O|  |TAMS 0x00000000dc800000| PB 0x00000000dc800000| Untracked 
| 457|0x00000000dc900000, 0x00000000dca00000, 0x00000000dca00000|100%| O|  |TAMS 0x00000000dc900000| PB 0x00000000dc900000| Untracked 
| 458|0x00000000dca00000, 0x00000000dcb00000, 0x00000000dcb00000|100%| O|  |TAMS 0x00000000dca00000| PB 0x00000000dca00000| Untracked 
| 459|0x00000000dcb00000, 0x00000000dcc00000, 0x00000000dcc00000|100%| O|  |TAMS 0x00000000dcb00000| PB 0x00000000dcb00000| Untracked 
| 460|0x00000000dcc00000, 0x00000000dcd00000, 0x00000000dcd00000|100%| O|  |TAMS 0x00000000dcc00000| PB 0x00000000dcc00000| Untracked 
| 461|0x00000000dcd00000, 0x00000000dce00000, 0x00000000dce00000|100%| O|  |TAMS 0x00000000dcd00000| PB 0x00000000dcd00000| Untracked 
| 462|0x00000000dce00000, 0x00000000dcf00000, 0x00000000dcf00000|100%| O|  |TAMS 0x00000000dce00000| PB 0x00000000dce00000| Untracked 
| 463|0x00000000dcf00000, 0x00000000dd000000, 0x00000000dd000000|100%| O|  |TAMS 0x00000000dcf00000| PB 0x00000000dcf00000| Untracked 
| 464|0x00000000dd000000, 0x00000000dd100000, 0x00000000dd100000|100%| O|  |TAMS 0x00000000dd000000| PB 0x00000000dd000000| Untracked 
| 465|0x00000000dd100000, 0x00000000dd200000, 0x00000000dd200000|100%| O|  |TAMS 0x00000000dd100000| PB 0x00000000dd100000| Untracked 
| 466|0x00000000dd200000, 0x00000000dd300000, 0x00000000dd300000|100%| O|  |TAMS 0x00000000dd200000| PB 0x00000000dd200000| Untracked 
| 467|0x00000000dd300000, 0x00000000dd400000, 0x00000000dd400000|100%| O|  |TAMS 0x00000000dd300000| PB 0x00000000dd300000| Untracked 
| 468|0x00000000dd400000, 0x00000000dd500000, 0x00000000dd500000|100%| O|  |TAMS 0x00000000dd400000| PB 0x00000000dd400000| Untracked 
| 469|0x00000000dd500000, 0x00000000dd600000, 0x00000000dd600000|100%| O|  |TAMS 0x00000000dd500000| PB 0x00000000dd500000| Untracked 
| 470|0x00000000dd600000, 0x00000000dd700000, 0x00000000dd700000|100%| O|  |TAMS 0x00000000dd600000| PB 0x00000000dd600000| Untracked 
| 471|0x00000000dd700000, 0x00000000dd800000, 0x00000000dd800000|100%| O|  |TAMS 0x00000000dd700000| PB 0x00000000dd700000| Untracked 
| 472|0x00000000dd800000, 0x00000000dd900000, 0x00000000dd900000|100%| O|  |TAMS 0x00000000dd800000| PB 0x00000000dd800000| Untracked 
| 473|0x00000000dd900000, 0x00000000dda00000, 0x00000000dda00000|100%| O|  |TAMS 0x00000000dd900000| PB 0x00000000dd900000| Untracked 
| 474|0x00000000dda00000, 0x00000000ddb00000, 0x00000000ddb00000|100%| O|  |TAMS 0x00000000dda00000| PB 0x00000000dda00000| Untracked 
| 475|0x00000000ddb00000, 0x00000000ddc00000, 0x00000000ddc00000|100%| O|  |TAMS 0x00000000ddb00000| PB 0x00000000ddb00000| Untracked 
| 476|0x00000000ddc00000, 0x00000000ddd00000, 0x00000000ddd00000|100%| O|  |TAMS 0x00000000ddc00000| PB 0x00000000ddc00000| Untracked 
| 477|0x00000000ddd00000, 0x00000000dde00000, 0x00000000dde00000|100%| O|  |TAMS 0x00000000ddd00000| PB 0x00000000ddd00000| Untracked 
| 478|0x00000000dde00000, 0x00000000ddf00000, 0x00000000ddf00000|100%| O|  |TAMS 0x00000000dde00000| PB 0x00000000dde00000| Untracked 
| 479|0x00000000ddf00000, 0x00000000de000000, 0x00000000de000000|100%| O|  |TAMS 0x00000000ddf00000| PB 0x00000000ddf00000| Untracked 
| 480|0x00000000de000000, 0x00000000de100000, 0x00000000de100000|100%| O|  |TAMS 0x00000000de000000| PB 0x00000000de000000| Untracked 
| 481|0x00000000de100000, 0x00000000de200000, 0x00000000de200000|100%| O|  |TAMS 0x00000000de100000| PB 0x00000000de100000| Untracked 
| 482|0x00000000de200000, 0x00000000de300000, 0x00000000de300000|100%| O|  |TAMS 0x00000000de200000| PB 0x00000000de200000| Untracked 
| 483|0x00000000de300000, 0x00000000de400000, 0x00000000de400000|100%| O|  |TAMS 0x00000000de300000| PB 0x00000000de300000| Untracked 
| 484|0x00000000de400000, 0x00000000de500000, 0x00000000de500000|100%| O|  |TAMS 0x00000000de400000| PB 0x00000000de400000| Untracked 
| 485|0x00000000de500000, 0x00000000de600000, 0x00000000de600000|100%| O|  |TAMS 0x00000000de500000| PB 0x00000000de500000| Untracked 
| 486|0x00000000de600000, 0x00000000de700000, 0x00000000de700000|100%| O|  |TAMS 0x00000000de600000| PB 0x00000000de600000| Untracked 
| 487|0x00000000de700000, 0x00000000de800000, 0x00000000de800000|100%| O|  |TAMS 0x00000000de700000| PB 0x00000000de700000| Untracked 
| 488|0x00000000de800000, 0x00000000de900000, 0x00000000de900000|100%| O|  |TAMS 0x00000000de800000| PB 0x00000000de800000| Untracked 
| 489|0x00000000de900000, 0x00000000dea00000, 0x00000000dea00000|100%| O|  |TAMS 0x00000000de900000| PB 0x00000000de900000| Untracked 
| 490|0x00000000dea00000, 0x00000000deb00000, 0x00000000deb00000|100%| O|  |TAMS 0x00000000dea00000| PB 0x00000000dea00000| Untracked 
| 491|0x00000000deb00000, 0x00000000dec00000, 0x00000000dec00000|100%| O|  |TAMS 0x00000000deb00000| PB 0x00000000deb00000| Untracked 
| 492|0x00000000dec00000, 0x00000000ded00000, 0x00000000ded00000|100%| O|  |TAMS 0x00000000dec00000| PB 0x00000000dec00000| Untracked 
| 493|0x00000000ded00000, 0x00000000ded00000, 0x00000000dee00000|  0%| F|  |TAMS 0x00000000ded00000| PB 0x00000000ded00000| Untracked 
| 494|0x00000000dee00000, 0x00000000dee00000, 0x00000000def00000|  0%| F|  |TAMS 0x00000000dee00000| PB 0x00000000dee00000| Untracked 
| 495|0x00000000def00000, 0x00000000def00000, 0x00000000df000000|  0%| F|  |TAMS 0x00000000def00000| PB 0x00000000def00000| Untracked 
| 496|0x00000000df000000, 0x00000000df000000, 0x00000000df100000|  0%| F|  |TAMS 0x00000000df000000| PB 0x00000000df000000| Untracked 
| 497|0x00000000df100000, 0x00000000df100000, 0x00000000df200000|  0%| F|  |TAMS 0x00000000df100000| PB 0x00000000df100000| Untracked 
| 498|0x00000000df200000, 0x00000000df200000, 0x00000000df300000|  0%| F|  |TAMS 0x00000000df200000| PB 0x00000000df200000| Untracked 
| 499|0x00000000df300000, 0x00000000df300000, 0x00000000df400000|  0%| F|  |TAMS 0x00000000df300000| PB 0x00000000df300000| Untracked 
| 500|0x00000000df400000, 0x00000000df400000, 0x00000000df500000|  0%| F|  |TAMS 0x00000000df400000| PB 0x00000000df400000| Untracked 
| 501|0x00000000df500000, 0x00000000df500000, 0x00000000df600000|  0%| F|  |TAMS 0x00000000df500000| PB 0x00000000df500000| Untracked 
| 502|0x00000000df600000, 0x00000000df600000, 0x00000000df700000|  0%| F|  |TAMS 0x00000000df600000| PB 0x00000000df600000| Untracked 
| 503|0x00000000df700000, 0x00000000df700000, 0x00000000df800000|  0%| F|  |TAMS 0x00000000df700000| PB 0x00000000df700000| Untracked 
| 504|0x00000000df800000, 0x00000000df800000, 0x00000000df900000|  0%| F|  |TAMS 0x00000000df800000| PB 0x00000000df800000| Untracked 
| 505|0x00000000df900000, 0x00000000df900000, 0x00000000dfa00000|  0%| F|  |TAMS 0x00000000df900000| PB 0x00000000df900000| Untracked 
| 506|0x00000000dfa00000, 0x00000000dfa00000, 0x00000000dfb00000|  0%| F|  |TAMS 0x00000000dfa00000| PB 0x00000000dfa00000| Untracked 
| 507|0x00000000dfb00000, 0x00000000dfb00000, 0x00000000dfc00000|  0%| F|  |TAMS 0x00000000dfb00000| PB 0x00000000dfb00000| Untracked 
| 508|0x00000000dfc00000, 0x00000000dfc00000, 0x00000000dfd00000|  0%| F|  |TAMS 0x00000000dfc00000| PB 0x00000000dfc00000| Untracked 
| 509|0x00000000dfd00000, 0x00000000dfe00000, 0x00000000dfe00000|100%| E|CS|TAMS 0x00000000dfd00000| PB 0x00000000dfd00000| Complete 
| 510|0x00000000dfe00000, 0x00000000dff00000, 0x00000000dff00000|100%| E|CS|TAMS 0x00000000dfe00000| PB 0x00000000dfe00000| Complete 
| 511|0x00000000dff00000, 0x00000000e0000000, 0x00000000e0000000|100%| E|CS|TAMS 0x00000000dff00000| PB 0x00000000dff00000| Complete 
| 512|0x00000000e0000000, 0x00000000e0100000, 0x00000000e0100000|100%| E|CS|TAMS 0x00000000e0000000| PB 0x00000000e0000000| Complete 
| 513|0x00000000e0100000, 0x00000000e0200000, 0x00000000e0200000|100%| E|CS|TAMS 0x00000000e0100000| PB 0x00000000e0100000| Complete 
| 514|0x00000000e0200000, 0x00000000e0300000, 0x00000000e0300000|100%| E|CS|TAMS 0x00000000e0200000| PB 0x00000000e0200000| Complete 
| 515|0x00000000e0300000, 0x00000000e0400000, 0x00000000e0400000|100%| E|CS|TAMS 0x00000000e0300000| PB 0x00000000e0300000| Complete 
| 516|0x00000000e0400000, 0x00000000e0500000, 0x00000000e0500000|100%| E|CS|TAMS 0x00000000e0400000| PB 0x00000000e0400000| Complete 
| 517|0x00000000e0500000, 0x00000000e0600000, 0x00000000e0600000|100%| E|CS|TAMS 0x00000000e0500000| PB 0x00000000e0500000| Complete 
| 518|0x00000000e0600000, 0x00000000e0700000, 0x00000000e0700000|100%| E|CS|TAMS 0x00000000e0600000| PB 0x00000000e0600000| Complete 
| 519|0x00000000e0700000, 0x00000000e0800000, 0x00000000e0800000|100%| E|CS|TAMS 0x00000000e0700000| PB 0x00000000e0700000| Complete 
| 520|0x00000000e0800000, 0x00000000e0900000, 0x00000000e0900000|100%| E|CS|TAMS 0x00000000e0800000| PB 0x00000000e0800000| Complete 
| 521|0x00000000e0900000, 0x00000000e0a00000, 0x00000000e0a00000|100%| E|CS|TAMS 0x00000000e0900000| PB 0x00000000e0900000| Complete 
| 522|0x00000000e0a00000, 0x00000000e0b00000, 0x00000000e0b00000|100%| E|CS|TAMS 0x00000000e0a00000| PB 0x00000000e0a00000| Complete 
| 523|0x00000000e0b00000, 0x00000000e0c00000, 0x00000000e0c00000|100%| E|CS|TAMS 0x00000000e0b00000| PB 0x00000000e0b00000| Complete 
| 524|0x00000000e0c00000, 0x00000000e0d00000, 0x00000000e0d00000|100%| E|CS|TAMS 0x00000000e0c00000| PB 0x00000000e0c00000| Complete 
| 525|0x00000000e0d00000, 0x00000000e0e00000, 0x00000000e0e00000|100%| E|CS|TAMS 0x00000000e0d00000| PB 0x00000000e0d00000| Complete 
| 526|0x00000000e0e00000, 0x00000000e0f00000, 0x00000000e0f00000|100%| E|CS|TAMS 0x00000000e0e00000| PB 0x00000000e0e00000| Complete 
| 527|0x00000000e0f00000, 0x00000000e1000000, 0x00000000e1000000|100%| E|CS|TAMS 0x00000000e0f00000| PB 0x00000000e0f00000| Complete 
| 528|0x00000000e1000000, 0x00000000e1100000, 0x00000000e1100000|100%| E|CS|TAMS 0x00000000e1000000| PB 0x00000000e1000000| Complete 
| 529|0x00000000e1100000, 0x00000000e1200000, 0x00000000e1200000|100%| E|CS|TAMS 0x00000000e1100000| PB 0x00000000e1100000| Complete 
| 530|0x00000000e1200000, 0x00000000e1200000, 0x00000000e1300000|  0%| F|  |TAMS 0x00000000e1200000| PB 0x00000000e1200000| Untracked 
| 531|0x00000000e1300000, 0x00000000e1300000, 0x00000000e1400000|  0%| F|  |TAMS 0x00000000e1300000| PB 0x00000000e1300000| Untracked 
| 532|0x00000000e1400000, 0x00000000e1400000, 0x00000000e1500000|  0%| F|  |TAMS 0x00000000e1400000| PB 0x00000000e1400000| Untracked 
| 533|0x00000000e1500000, 0x00000000e1500000, 0x00000000e1600000|  0%| F|  |TAMS 0x00000000e1500000| PB 0x00000000e1500000| Untracked 
| 534|0x00000000e1600000, 0x00000000e1600000, 0x00000000e1700000|  0%| F|  |TAMS 0x00000000e1600000| PB 0x00000000e1600000| Untracked 
| 535|0x00000000e1700000, 0x00000000e1700000, 0x00000000e1800000|  0%| F|  |TAMS 0x00000000e1700000| PB 0x00000000e1700000| Untracked 
| 536|0x00000000e1800000, 0x00000000e1800000, 0x00000000e1900000|  0%| F|  |TAMS 0x00000000e1800000| PB 0x00000000e1800000| Untracked 
| 537|0x00000000e1900000, 0x00000000e1900000, 0x00000000e1a00000|  0%| F|  |TAMS 0x00000000e1900000| PB 0x00000000e1900000| Untracked 
| 538|0x00000000e1a00000, 0x00000000e1a00000, 0x00000000e1b00000|  0%| F|  |TAMS 0x00000000e1a00000| PB 0x00000000e1a00000| Untracked 
| 539|0x00000000e1b00000, 0x00000000e1b00000, 0x00000000e1c00000|  0%| F|  |TAMS 0x00000000e1b00000| PB 0x00000000e1b00000| Untracked 
| 540|0x00000000e1c00000, 0x00000000e1c00000, 0x00000000e1d00000|  0%| F|  |TAMS 0x00000000e1c00000| PB 0x00000000e1c00000| Untracked 
| 541|0x00000000e1d00000, 0x00000000e1d00000, 0x00000000e1e00000|  0%| F|  |TAMS 0x00000000e1d00000| PB 0x00000000e1d00000| Untracked 
| 542|0x00000000e1e00000, 0x00000000e1e00000, 0x00000000e1f00000|  0%| F|  |TAMS 0x00000000e1e00000| PB 0x00000000e1e00000| Untracked 
| 543|0x00000000e1f00000, 0x00000000e1f00000, 0x00000000e2000000|  0%| F|  |TAMS 0x00000000e1f00000| PB 0x00000000e1f00000| Untracked 
| 544|0x00000000e2000000, 0x00000000e2000000, 0x00000000e2100000|  0%| F|  |TAMS 0x00000000e2000000| PB 0x00000000e2000000| Untracked 
| 545|0x00000000e2100000, 0x00000000e2100000, 0x00000000e2200000|  0%| F|  |TAMS 0x00000000e2100000| PB 0x00000000e2100000| Untracked 
| 546|0x00000000e2200000, 0x00000000e2200000, 0x00000000e2300000|  0%| F|  |TAMS 0x00000000e2200000| PB 0x00000000e2200000| Untracked 
| 547|0x00000000e2300000, 0x00000000e2300000, 0x00000000e2400000|  0%| F|  |TAMS 0x00000000e2300000| PB 0x00000000e2300000| Untracked 
| 548|0x00000000e2400000, 0x00000000e2400000, 0x00000000e2500000|  0%| F|  |TAMS 0x00000000e2400000| PB 0x00000000e2400000| Untracked 
| 549|0x00000000e2500000, 0x00000000e2500000, 0x00000000e2600000|  0%| F|  |TAMS 0x00000000e2500000| PB 0x00000000e2500000| Untracked 
| 550|0x00000000e2600000, 0x00000000e2600000, 0x00000000e2700000|  0%| F|  |TAMS 0x00000000e2600000| PB 0x00000000e2600000| Untracked 
| 551|0x00000000e2700000, 0x00000000e2700000, 0x00000000e2800000|  0%| F|  |TAMS 0x00000000e2700000| PB 0x00000000e2700000| Untracked 
| 552|0x00000000e2800000, 0x00000000e2800000, 0x00000000e2900000|  0%| F|  |TAMS 0x00000000e2800000| PB 0x00000000e2800000| Untracked 
| 553|0x00000000e2900000, 0x00000000e2900000, 0x00000000e2a00000|  0%| F|  |TAMS 0x00000000e2900000| PB 0x00000000e2900000| Untracked 
| 554|0x00000000e2a00000, 0x00000000e2a00000, 0x00000000e2b00000|  0%| F|  |TAMS 0x00000000e2a00000| PB 0x00000000e2a00000| Untracked 
| 555|0x00000000e2b00000, 0x00000000e2b00000, 0x00000000e2c00000|  0%| F|  |TAMS 0x00000000e2b00000| PB 0x00000000e2b00000| Untracked 
| 556|0x00000000e2c00000, 0x00000000e2c00000, 0x00000000e2d00000|  0%| F|  |TAMS 0x00000000e2c00000| PB 0x00000000e2c00000| Untracked 
| 557|0x00000000e2d00000, 0x00000000e2d00000, 0x00000000e2e00000|  0%| F|  |TAMS 0x00000000e2d00000| PB 0x00000000e2d00000| Untracked 
| 558|0x00000000e2e00000, 0x00000000e2e00000, 0x00000000e2f00000|  0%| F|  |TAMS 0x00000000e2e00000| PB 0x00000000e2e00000| Untracked 
| 559|0x00000000e2f00000, 0x00000000e2f00000, 0x00000000e3000000|  0%| F|  |TAMS 0x00000000e2f00000| PB 0x00000000e2f00000| Untracked 
| 560|0x00000000e3000000, 0x00000000e3000000, 0x00000000e3100000|  0%| F|  |TAMS 0x00000000e3000000| PB 0x00000000e3000000| Untracked 
| 561|0x00000000e3100000, 0x00000000e3100000, 0x00000000e3200000|  0%| F|  |TAMS 0x00000000e3100000| PB 0x00000000e3100000| Untracked 
| 562|0x00000000e3200000, 0x00000000e3200000, 0x00000000e3300000|  0%| F|  |TAMS 0x00000000e3200000| PB 0x00000000e3200000| Untracked 
| 563|0x00000000e3300000, 0x00000000e3300000, 0x00000000e3400000|  0%| F|  |TAMS 0x00000000e3300000| PB 0x00000000e3300000| Untracked 
| 564|0x00000000e3400000, 0x00000000e3400000, 0x00000000e3500000|  0%| F|  |TAMS 0x00000000e3400000| PB 0x00000000e3400000| Untracked 
| 565|0x00000000e3500000, 0x00000000e3500000, 0x00000000e3600000|  0%| F|  |TAMS 0x00000000e3500000| PB 0x00000000e3500000| Untracked 
| 566|0x00000000e3600000, 0x00000000e3600000, 0x00000000e3700000|  0%| F|  |TAMS 0x00000000e3600000| PB 0x00000000e3600000| Untracked 
| 567|0x00000000e3700000, 0x00000000e3700000, 0x00000000e3800000|  0%| F|  |TAMS 0x00000000e3700000| PB 0x00000000e3700000| Untracked 
| 568|0x00000000e3800000, 0x00000000e3800000, 0x00000000e3900000|  0%| F|  |TAMS 0x00000000e3800000| PB 0x00000000e3800000| Untracked 
| 569|0x00000000e3900000, 0x00000000e3900000, 0x00000000e3a00000|  0%| F|  |TAMS 0x00000000e3900000| PB 0x00000000e3900000| Untracked 
| 570|0x00000000e3a00000, 0x00000000e3a00000, 0x00000000e3b00000|  0%| F|  |TAMS 0x00000000e3a00000| PB 0x00000000e3a00000| Untracked 
| 571|0x00000000e3b00000, 0x00000000e3b00000, 0x00000000e3c00000|  0%| F|  |TAMS 0x00000000e3b00000| PB 0x00000000e3b00000| Untracked 
| 572|0x00000000e3c00000, 0x00000000e3c00000, 0x00000000e3d00000|  0%| F|  |TAMS 0x00000000e3c00000| PB 0x00000000e3c00000| Untracked 
| 573|0x00000000e3d00000, 0x00000000e3d00000, 0x00000000e3e00000|  0%| F|  |TAMS 0x00000000e3d00000| PB 0x00000000e3d00000| Untracked 
| 574|0x00000000e3e00000, 0x00000000e3e00000, 0x00000000e3f00000|  0%| F|  |TAMS 0x00000000e3e00000| PB 0x00000000e3e00000| Untracked 
| 575|0x00000000e3f00000, 0x00000000e3f00000, 0x00000000e4000000|  0%| F|  |TAMS 0x00000000e3f00000| PB 0x00000000e3f00000| Untracked 
| 576|0x00000000e4000000, 0x00000000e4000000, 0x00000000e4100000|  0%| F|  |TAMS 0x00000000e4000000| PB 0x00000000e4000000| Untracked 
| 577|0x00000000e4100000, 0x00000000e4100000, 0x00000000e4200000|  0%| F|  |TAMS 0x00000000e4100000| PB 0x00000000e4100000| Untracked 
| 578|0x00000000e4200000, 0x00000000e4200000, 0x00000000e4300000|  0%| F|  |TAMS 0x00000000e4200000| PB 0x00000000e4200000| Untracked 
| 579|0x00000000e4300000, 0x00000000e4300000, 0x00000000e4400000|  0%| F|  |TAMS 0x00000000e4300000| PB 0x00000000e4300000| Untracked 
| 580|0x00000000e4400000, 0x00000000e4400000, 0x00000000e4500000|  0%| F|  |TAMS 0x00000000e4400000| PB 0x00000000e4400000| Untracked 
| 581|0x00000000e4500000, 0x00000000e4500000, 0x00000000e4600000|  0%| F|  |TAMS 0x00000000e4500000| PB 0x00000000e4500000| Untracked 
| 582|0x00000000e4600000, 0x00000000e4600000, 0x00000000e4700000|  0%| F|  |TAMS 0x00000000e4600000| PB 0x00000000e4600000| Untracked 
| 583|0x00000000e4700000, 0x00000000e4700000, 0x00000000e4800000|  0%| F|  |TAMS 0x00000000e4700000| PB 0x00000000e4700000| Untracked 
| 584|0x00000000e4800000, 0x00000000e4800000, 0x00000000e4900000|  0%| F|  |TAMS 0x00000000e4800000| PB 0x00000000e4800000| Untracked 
| 585|0x00000000e4900000, 0x00000000e4900000, 0x00000000e4a00000|  0%| F|  |TAMS 0x00000000e4900000| PB 0x00000000e4900000| Untracked 
| 586|0x00000000e4a00000, 0x00000000e4a00000, 0x00000000e4b00000|  0%| F|  |TAMS 0x00000000e4a00000| PB 0x00000000e4a00000| Untracked 
| 587|0x00000000e4b00000, 0x00000000e4b00000, 0x00000000e4c00000|  0%| F|  |TAMS 0x00000000e4b00000| PB 0x00000000e4b00000| Untracked 
| 588|0x00000000e4c00000, 0x00000000e4c00000, 0x00000000e4d00000|  0%| F|  |TAMS 0x00000000e4c00000| PB 0x00000000e4c00000| Untracked 
| 589|0x00000000e4d00000, 0x00000000e4d00000, 0x00000000e4e00000|  0%| F|  |TAMS 0x00000000e4d00000| PB 0x00000000e4d00000| Untracked 
| 590|0x00000000e4e00000, 0x00000000e4e00000, 0x00000000e4f00000|  0%| F|  |TAMS 0x00000000e4e00000| PB 0x00000000e4e00000| Untracked 
| 591|0x00000000e4f00000, 0x00000000e4f00000, 0x00000000e5000000|  0%| F|  |TAMS 0x00000000e4f00000| PB 0x00000000e4f00000| Untracked 
| 592|0x00000000e5000000, 0x00000000e5000000, 0x00000000e5100000|  0%| F|  |TAMS 0x00000000e5000000| PB 0x00000000e5000000| Untracked 
| 593|0x00000000e5100000, 0x00000000e5100000, 0x00000000e5200000|  0%| F|  |TAMS 0x00000000e5100000| PB 0x00000000e5100000| Untracked 
| 594|0x00000000e5200000, 0x00000000e5200000, 0x00000000e5300000|  0%| F|  |TAMS 0x00000000e5200000| PB 0x00000000e5200000| Untracked 
| 595|0x00000000e5300000, 0x00000000e5300000, 0x00000000e5400000|  0%| F|  |TAMS 0x00000000e5300000| PB 0x00000000e5300000| Untracked 
| 596|0x00000000e5400000, 0x00000000e5400000, 0x00000000e5500000|  0%| F|  |TAMS 0x00000000e5400000| PB 0x00000000e5400000| Untracked 
| 597|0x00000000e5500000, 0x00000000e5500000, 0x00000000e5600000|  0%| F|  |TAMS 0x00000000e5500000| PB 0x00000000e5500000| Untracked 
| 598|0x00000000e5600000, 0x00000000e5600000, 0x00000000e5700000|  0%| F|  |TAMS 0x00000000e5600000| PB 0x00000000e5600000| Untracked 
| 599|0x00000000e5700000, 0x00000000e5700000, 0x00000000e5800000|  0%| F|  |TAMS 0x00000000e5700000| PB 0x00000000e5700000| Untracked 
| 600|0x00000000e5800000, 0x00000000e5800000, 0x00000000e5900000|  0%| F|  |TAMS 0x00000000e5800000| PB 0x00000000e5800000| Untracked 
| 601|0x00000000e5900000, 0x00000000e5900000, 0x00000000e5a00000|  0%| F|  |TAMS 0x00000000e5900000| PB 0x00000000e5900000| Untracked 
| 602|0x00000000e5a00000, 0x00000000e5a00000, 0x00000000e5b00000|  0%| F|  |TAMS 0x00000000e5a00000| PB 0x00000000e5a00000| Untracked 
| 603|0x00000000e5b00000, 0x00000000e5b00000, 0x00000000e5c00000|  0%| F|  |TAMS 0x00000000e5b00000| PB 0x00000000e5b00000| Untracked 
| 604|0x00000000e5c00000, 0x00000000e5c00000, 0x00000000e5d00000|  0%| F|  |TAMS 0x00000000e5c00000| PB 0x00000000e5c00000| Untracked 
| 605|0x00000000e5d00000, 0x00000000e5d00000, 0x00000000e5e00000|  0%| F|  |TAMS 0x00000000e5d00000| PB 0x00000000e5d00000| Untracked 
| 606|0x00000000e5e00000, 0x00000000e5f00000, 0x00000000e5f00000|100%| S|  |TAMS 0x00000000e5e00000| PB 0x00000000e5e00000| Complete 
| 607|0x00000000e5f00000, 0x00000000e6000000, 0x00000000e6000000|100%| S|  |TAMS 0x00000000e5f00000| PB 0x00000000e5f00000| Complete 
| 608|0x00000000e6000000, 0x00000000e6100000, 0x00000000e6100000|100%| S|  |TAMS 0x00000000e6000000| PB 0x00000000e6000000| Complete 
| 609|0x00000000e6100000, 0x00000000e6200000, 0x00000000e6200000|100%| S|  |TAMS 0x00000000e6100000| PB 0x00000000e6100000| Complete 
| 610|0x00000000e6200000, 0x00000000e6300000, 0x00000000e6300000|100%| S|  |TAMS 0x00000000e6200000| PB 0x00000000e6200000| Complete 
| 611|0x00000000e6300000, 0x00000000e6400000, 0x00000000e6400000|100%| S|  |TAMS 0x00000000e6300000| PB 0x00000000e6300000| Complete 
| 612|0x00000000e6400000, 0x00000000e6500000, 0x00000000e6500000|100%| S|  |TAMS 0x00000000e6400000| PB 0x00000000e6400000| Complete 
| 613|0x00000000e6500000, 0x00000000e6600000, 0x00000000e6600000|100%| S|  |TAMS 0x00000000e6500000| PB 0x00000000e6500000| Complete 
| 614|0x00000000e6600000, 0x00000000e6700000, 0x00000000e6700000|100%| S|  |TAMS 0x00000000e6600000| PB 0x00000000e6600000| Complete 
| 615|0x00000000e6700000, 0x00000000e6800000, 0x00000000e6800000|100%| S|  |TAMS 0x00000000e6700000| PB 0x00000000e6700000| Complete 
| 616|0x00000000e6800000, 0x00000000e6900000, 0x00000000e6900000|100%| S|  |TAMS 0x00000000e6800000| PB 0x00000000e6800000| Complete 
| 617|0x00000000e6900000, 0x00000000e6a00000, 0x00000000e6a00000|100%| S|  |TAMS 0x00000000e6900000| PB 0x00000000e6900000| Complete 
| 618|0x00000000e6a00000, 0x00000000e6b00000, 0x00000000e6b00000|100%| S|  |TAMS 0x00000000e6a00000| PB 0x00000000e6a00000| Complete 
| 619|0x00000000e6b00000, 0x00000000e6c00000, 0x00000000e6c00000|100%| S|  |TAMS 0x00000000e6b00000| PB 0x00000000e6b00000| Complete 
| 620|0x00000000e6c00000, 0x00000000e6d00000, 0x00000000e6d00000|100%| S|  |TAMS 0x00000000e6c00000| PB 0x00000000e6c00000| Complete 
| 621|0x00000000e6d00000, 0x00000000e6e00000, 0x00000000e6e00000|100%| S|  |TAMS 0x00000000e6d00000| PB 0x00000000e6d00000| Complete 
| 622|0x00000000e6e00000, 0x00000000e6f00000, 0x00000000e6f00000|100%| S|  |TAMS 0x00000000e6e00000| PB 0x00000000e6e00000| Complete 
| 623|0x00000000e6f00000, 0x00000000e7000000, 0x00000000e7000000|100%| S|  |TAMS 0x00000000e6f00000| PB 0x00000000e6f00000| Complete 
| 624|0x00000000e7000000, 0x00000000e7100000, 0x00000000e7100000|100%| S|  |TAMS 0x00000000e7000000| PB 0x00000000e7000000| Complete 
| 625|0x00000000e7100000, 0x00000000e7200000, 0x00000000e7200000|100%| S|  |TAMS 0x00000000e7100000| PB 0x00000000e7100000| Complete 
| 626|0x00000000e7200000, 0x00000000e7300000, 0x00000000e7300000|100%| S|  |TAMS 0x00000000e7200000| PB 0x00000000e7200000| Complete 
| 627|0x00000000e7300000, 0x00000000e7400000, 0x00000000e7400000|100%| S|  |TAMS 0x00000000e7300000| PB 0x00000000e7300000| Complete 
| 628|0x00000000e7400000, 0x00000000e7500000, 0x00000000e7500000|100%| S|  |TAMS 0x00000000e7400000| PB 0x00000000e7400000| Complete 
| 629|0x00000000e7500000, 0x00000000e7600000, 0x00000000e7600000|100%| E|CS|TAMS 0x00000000e7500000| PB 0x00000000e7500000| Complete 
| 630|0x00000000e7600000, 0x00000000e7700000, 0x00000000e7700000|100%| E|CS|TAMS 0x00000000e7600000| PB 0x00000000e7600000| Complete 
| 631|0x00000000e7700000, 0x00000000e7800000, 0x00000000e7800000|100%| E|CS|TAMS 0x00000000e7700000| PB 0x00000000e7700000| Complete 
| 632|0x00000000e7800000, 0x00000000e7900000, 0x00000000e7900000|100%| E|CS|TAMS 0x00000000e7800000| PB 0x00000000e7800000| Complete 
| 633|0x00000000e7900000, 0x00000000e7a00000, 0x00000000e7a00000|100%| E|CS|TAMS 0x00000000e7900000| PB 0x00000000e7900000| Complete 
| 634|0x00000000e7a00000, 0x00000000e7b00000, 0x00000000e7b00000|100%| E|CS|TAMS 0x00000000e7a00000| PB 0x00000000e7a00000| Complete 
| 635|0x00000000e7b00000, 0x00000000e7c00000, 0x00000000e7c00000|100%| E|CS|TAMS 0x00000000e7b00000| PB 0x00000000e7b00000| Complete 
| 636|0x00000000e7c00000, 0x00000000e7d00000, 0x00000000e7d00000|100%| E|CS|TAMS 0x00000000e7c00000| PB 0x00000000e7c00000| Complete 
| 637|0x00000000e7d00000, 0x00000000e7e00000, 0x00000000e7e00000|100%| E|CS|TAMS 0x00000000e7d00000| PB 0x00000000e7d00000| Complete 
| 638|0x00000000e7e00000, 0x00000000e7f00000, 0x00000000e7f00000|100%| E|CS|TAMS 0x00000000e7e00000| PB 0x00000000e7e00000| Complete 
| 639|0x00000000e7f00000, 0x00000000e8000000, 0x00000000e8000000|100%| E|CS|TAMS 0x00000000e7f00000| PB 0x00000000e7f00000| Complete 
| 640|0x00000000e8000000, 0x00000000e8100000, 0x00000000e8100000|100%| E|CS|TAMS 0x00000000e8000000| PB 0x00000000e8000000| Complete 
| 641|0x00000000e8100000, 0x00000000e8200000, 0x00000000e8200000|100%| E|CS|TAMS 0x00000000e8100000| PB 0x00000000e8100000| Complete 
| 642|0x00000000e8200000, 0x00000000e8300000, 0x00000000e8300000|100%| E|CS|TAMS 0x00000000e8200000| PB 0x00000000e8200000| Complete 
| 643|0x00000000e8300000, 0x00000000e8400000, 0x00000000e8400000|100%| E|CS|TAMS 0x00000000e8300000| PB 0x00000000e8300000| Complete 
| 644|0x00000000e8400000, 0x00000000e8500000, 0x00000000e8500000|100%| E|CS|TAMS 0x00000000e8400000| PB 0x00000000e8400000| Complete 
| 645|0x00000000e8500000, 0x00000000e8600000, 0x00000000e8600000|100%| E|CS|TAMS 0x00000000e8500000| PB 0x00000000e8500000| Complete 
| 646|0x00000000e8600000, 0x00000000e8700000, 0x00000000e8700000|100%| E|CS|TAMS 0x00000000e8600000| PB 0x00000000e8600000| Complete 
| 647|0x00000000e8700000, 0x00000000e8800000, 0x00000000e8800000|100%| E|CS|TAMS 0x00000000e8700000| PB 0x00000000e8700000| Complete 
| 648|0x00000000e8800000, 0x00000000e8900000, 0x00000000e8900000|100%| E|CS|TAMS 0x00000000e8800000| PB 0x00000000e8800000| Complete 
| 649|0x00000000e8900000, 0x00000000e8a00000, 0x00000000e8a00000|100%| E|CS|TAMS 0x00000000e8900000| PB 0x00000000e8900000| Complete 
| 650|0x00000000e8a00000, 0x00000000e8b00000, 0x00000000e8b00000|100%| E|CS|TAMS 0x00000000e8a00000| PB 0x00000000e8a00000| Complete 
| 651|0x00000000e8b00000, 0x00000000e8c00000, 0x00000000e8c00000|100%| E|CS|TAMS 0x00000000e8b00000| PB 0x00000000e8b00000| Complete 
| 652|0x00000000e8c00000, 0x00000000e8d00000, 0x00000000e8d00000|100%| E|CS|TAMS 0x00000000e8c00000| PB 0x00000000e8c00000| Complete 
| 653|0x00000000e8d00000, 0x00000000e8e00000, 0x00000000e8e00000|100%| E|CS|TAMS 0x00000000e8d00000| PB 0x00000000e8d00000| Complete 
| 654|0x00000000e8e00000, 0x00000000e8f00000, 0x00000000e8f00000|100%| E|CS|TAMS 0x00000000e8e00000| PB 0x00000000e8e00000| Complete 
| 655|0x00000000e8f00000, 0x00000000e9000000, 0x00000000e9000000|100%| E|CS|TAMS 0x00000000e8f00000| PB 0x00000000e8f00000| Complete 
| 656|0x00000000e9000000, 0x00000000e9100000, 0x00000000e9100000|100%| E|CS|TAMS 0x00000000e9000000| PB 0x00000000e9000000| Complete 
| 657|0x00000000e9100000, 0x00000000e9200000, 0x00000000e9200000|100%| E|CS|TAMS 0x00000000e9100000| PB 0x00000000e9100000| Complete 
| 658|0x00000000e9200000, 0x00000000e9300000, 0x00000000e9300000|100%| E|CS|TAMS 0x00000000e9200000| PB 0x00000000e9200000| Complete 
| 659|0x00000000e9300000, 0x00000000e9400000, 0x00000000e9400000|100%| E|CS|TAMS 0x00000000e9300000| PB 0x00000000e9300000| Complete 
| 660|0x00000000e9400000, 0x00000000e9500000, 0x00000000e9500000|100%| E|CS|TAMS 0x00000000e9400000| PB 0x00000000e9400000| Complete 
| 661|0x00000000e9500000, 0x00000000e9600000, 0x00000000e9600000|100%| E|CS|TAMS 0x00000000e9500000| PB 0x00000000e9500000| Complete 
| 662|0x00000000e9600000, 0x00000000e9700000, 0x00000000e9700000|100%| E|CS|TAMS 0x00000000e9600000| PB 0x00000000e9600000| Complete 
| 663|0x00000000e9700000, 0x00000000e9800000, 0x00000000e9800000|100%| E|CS|TAMS 0x00000000e9700000| PB 0x00000000e9700000| Complete 
| 664|0x00000000e9800000, 0x00000000e9900000, 0x00000000e9900000|100%| E|CS|TAMS 0x00000000e9800000| PB 0x00000000e9800000| Complete 
| 665|0x00000000e9900000, 0x00000000e9a00000, 0x00000000e9a00000|100%| E|CS|TAMS 0x00000000e9900000| PB 0x00000000e9900000| Complete 
| 666|0x00000000e9a00000, 0x00000000e9b00000, 0x00000000e9b00000|100%| E|CS|TAMS 0x00000000e9a00000| PB 0x00000000e9a00000| Complete 
| 667|0x00000000e9b00000, 0x00000000e9c00000, 0x00000000e9c00000|100%| E|CS|TAMS 0x00000000e9b00000| PB 0x00000000e9b00000| Complete 
| 668|0x00000000e9c00000, 0x00000000e9d00000, 0x00000000e9d00000|100%| E|CS|TAMS 0x00000000e9c00000| PB 0x00000000e9c00000| Complete 
| 669|0x00000000e9d00000, 0x00000000e9e00000, 0x00000000e9e00000|100%| E|CS|TAMS 0x00000000e9d00000| PB 0x00000000e9d00000| Complete 
| 670|0x00000000e9e00000, 0x00000000e9f00000, 0x00000000e9f00000|100%| E|CS|TAMS 0x00000000e9e00000| PB 0x00000000e9e00000| Complete 
| 671|0x00000000e9f00000, 0x00000000ea000000, 0x00000000ea000000|100%| E|CS|TAMS 0x00000000e9f00000| PB 0x00000000e9f00000| Complete 
| 672|0x00000000ea000000, 0x00000000ea100000, 0x00000000ea100000|100%| E|CS|TAMS 0x00000000ea000000| PB 0x00000000ea000000| Complete 
| 673|0x00000000ea100000, 0x00000000ea200000, 0x00000000ea200000|100%| E|CS|TAMS 0x00000000ea100000| PB 0x00000000ea100000| Complete 
| 674|0x00000000ea200000, 0x00000000ea300000, 0x00000000ea300000|100%| E|CS|TAMS 0x00000000ea200000| PB 0x00000000ea200000| Complete 
| 675|0x00000000ea300000, 0x00000000ea400000, 0x00000000ea400000|100%| E|CS|TAMS 0x00000000ea300000| PB 0x00000000ea300000| Complete 
| 676|0x00000000ea400000, 0x00000000ea500000, 0x00000000ea500000|100%| E|CS|TAMS 0x00000000ea400000| PB 0x00000000ea400000| Complete 
| 677|0x00000000ea500000, 0x00000000ea600000, 0x00000000ea600000|100%| E|CS|TAMS 0x00000000ea500000| PB 0x00000000ea500000| Complete 
| 678|0x00000000ea600000, 0x00000000ea700000, 0x00000000ea700000|100%| E|CS|TAMS 0x00000000ea600000| PB 0x00000000ea600000| Complete 
| 679|0x00000000ea700000, 0x00000000ea800000, 0x00000000ea800000|100%| E|CS|TAMS 0x00000000ea700000| PB 0x00000000ea700000| Complete 
| 680|0x00000000ea800000, 0x00000000ea900000, 0x00000000ea900000|100%| E|CS|TAMS 0x00000000ea800000| PB 0x00000000ea800000| Complete 
| 681|0x00000000ea900000, 0x00000000eaa00000, 0x00000000eaa00000|100%| E|CS|TAMS 0x00000000ea900000| PB 0x00000000ea900000| Complete 
| 682|0x00000000eaa00000, 0x00000000eab00000, 0x00000000eab00000|100%| E|CS|TAMS 0x00000000eaa00000| PB 0x00000000eaa00000| Complete 
| 683|0x00000000eab00000, 0x00000000eac00000, 0x00000000eac00000|100%| E|CS|TAMS 0x00000000eab00000| PB 0x00000000eab00000| Complete 
| 684|0x00000000eac00000, 0x00000000ead00000, 0x00000000ead00000|100%| E|CS|TAMS 0x00000000eac00000| PB 0x00000000eac00000| Complete 
| 685|0x00000000ead00000, 0x00000000eae00000, 0x00000000eae00000|100%| E|CS|TAMS 0x00000000ead00000| PB 0x00000000ead00000| Complete 
| 686|0x00000000eae00000, 0x00000000eaf00000, 0x00000000eaf00000|100%| E|CS|TAMS 0x00000000eae00000| PB 0x00000000eae00000| Complete 
| 687|0x00000000eaf00000, 0x00000000eb000000, 0x00000000eb000000|100%| E|CS|TAMS 0x00000000eaf00000| PB 0x00000000eaf00000| Complete 
| 688|0x00000000eb000000, 0x00000000eb100000, 0x00000000eb100000|100%| E|CS|TAMS 0x00000000eb000000| PB 0x00000000eb000000| Complete 
| 689|0x00000000eb100000, 0x00000000eb200000, 0x00000000eb200000|100%| E|CS|TAMS 0x00000000eb100000| PB 0x00000000eb100000| Complete 
| 690|0x00000000eb200000, 0x00000000eb300000, 0x00000000eb300000|100%| E|CS|TAMS 0x00000000eb200000| PB 0x00000000eb200000| Complete 
| 691|0x00000000eb300000, 0x00000000eb400000, 0x00000000eb400000|100%| E|CS|TAMS 0x00000000eb300000| PB 0x00000000eb300000| Complete 
| 692|0x00000000eb400000, 0x00000000eb500000, 0x00000000eb500000|100%| E|CS|TAMS 0x00000000eb400000| PB 0x00000000eb400000| Complete 
| 693|0x00000000eb500000, 0x00000000eb600000, 0x00000000eb600000|100%| E|CS|TAMS 0x00000000eb500000| PB 0x00000000eb500000| Complete 
| 694|0x00000000eb600000, 0x00000000eb700000, 0x00000000eb700000|100%| E|CS|TAMS 0x00000000eb600000| PB 0x00000000eb600000| Complete 
| 695|0x00000000eb700000, 0x00000000eb800000, 0x00000000eb800000|100%| E|CS|TAMS 0x00000000eb700000| PB 0x00000000eb700000| Complete 
| 696|0x00000000eb800000, 0x00000000eb900000, 0x00000000eb900000|100%| E|CS|TAMS 0x00000000eb800000| PB 0x00000000eb800000| Complete 
| 697|0x00000000eb900000, 0x00000000eba00000, 0x00000000eba00000|100%| E|CS|TAMS 0x00000000eb900000| PB 0x00000000eb900000| Complete 
| 698|0x00000000eba00000, 0x00000000ebb00000, 0x00000000ebb00000|100%| E|CS|TAMS 0x00000000eba00000| PB 0x00000000eba00000| Complete 
| 699|0x00000000ebb00000, 0x00000000ebc00000, 0x00000000ebc00000|100%| E|CS|TAMS 0x00000000ebb00000| PB 0x00000000ebb00000| Complete 
| 700|0x00000000ebc00000, 0x00000000ebd00000, 0x00000000ebd00000|100%| E|CS|TAMS 0x00000000ebc00000| PB 0x00000000ebc00000| Complete 
| 701|0x00000000ebd00000, 0x00000000ebe00000, 0x00000000ebe00000|100%| E|CS|TAMS 0x00000000ebd00000| PB 0x00000000ebd00000| Complete 
| 702|0x00000000ebe00000, 0x00000000ebf00000, 0x00000000ebf00000|100%| E|CS|TAMS 0x00000000ebe00000| PB 0x00000000ebe00000| Complete 
| 703|0x00000000ebf00000, 0x00000000ec000000, 0x00000000ec000000|100%| E|CS|TAMS 0x00000000ebf00000| PB 0x00000000ebf00000| Complete 
| 704|0x00000000ec000000, 0x00000000ec100000, 0x00000000ec100000|100%| E|CS|TAMS 0x00000000ec000000| PB 0x00000000ec000000| Complete 
| 705|0x00000000ec100000, 0x00000000ec200000, 0x00000000ec200000|100%| E|CS|TAMS 0x00000000ec100000| PB 0x00000000ec100000| Complete 
| 706|0x00000000ec200000, 0x00000000ec300000, 0x00000000ec300000|100%| E|CS|TAMS 0x00000000ec200000| PB 0x00000000ec200000| Complete 
| 707|0x00000000ec300000, 0x00000000ec400000, 0x00000000ec400000|100%| E|CS|TAMS 0x00000000ec300000| PB 0x00000000ec300000| Complete 
| 708|0x00000000ec400000, 0x00000000ec500000, 0x00000000ec500000|100%| E|CS|TAMS 0x00000000ec400000| PB 0x00000000ec400000| Complete 
| 709|0x00000000ec500000, 0x00000000ec600000, 0x00000000ec600000|100%| E|CS|TAMS 0x00000000ec500000| PB 0x00000000ec500000| Complete 
| 710|0x00000000ec600000, 0x00000000ec700000, 0x00000000ec700000|100%| E|CS|TAMS 0x00000000ec600000| PB 0x00000000ec600000| Complete 
| 711|0x00000000ec700000, 0x00000000ec800000, 0x00000000ec800000|100%| E|CS|TAMS 0x00000000ec700000| PB 0x00000000ec700000| Complete 
| 712|0x00000000ec800000, 0x00000000ec900000, 0x00000000ec900000|100%| E|CS|TAMS 0x00000000ec800000| PB 0x00000000ec800000| Complete 
| 713|0x00000000ec900000, 0x00000000eca00000, 0x00000000eca00000|100%| E|CS|TAMS 0x00000000ec900000| PB 0x00000000ec900000| Complete 
| 714|0x00000000eca00000, 0x00000000ecb00000, 0x00000000ecb00000|100%| E|CS|TAMS 0x00000000eca00000| PB 0x00000000eca00000| Complete 
| 715|0x00000000ecb00000, 0x00000000ecc00000, 0x00000000ecc00000|100%| E|CS|TAMS 0x00000000ecb00000| PB 0x00000000ecb00000| Complete 
| 716|0x00000000ecc00000, 0x00000000ecd00000, 0x00000000ecd00000|100%| E|CS|TAMS 0x00000000ecc00000| PB 0x00000000ecc00000| Complete 
| 717|0x00000000ecd00000, 0x00000000ece00000, 0x00000000ece00000|100%| E|CS|TAMS 0x00000000ecd00000| PB 0x00000000ecd00000| Complete 
| 718|0x00000000ece00000, 0x00000000ecf00000, 0x00000000ecf00000|100%| E|CS|TAMS 0x00000000ece00000| PB 0x00000000ece00000| Complete 
| 719|0x00000000ecf00000, 0x00000000ed000000, 0x00000000ed000000|100%| E|CS|TAMS 0x00000000ecf00000| PB 0x00000000ecf00000| Complete 
| 720|0x00000000ed000000, 0x00000000ed100000, 0x00000000ed100000|100%| E|CS|TAMS 0x00000000ed000000| PB 0x00000000ed000000| Complete 
| 721|0x00000000ed100000, 0x00000000ed200000, 0x00000000ed200000|100%| E|CS|TAMS 0x00000000ed100000| PB 0x00000000ed100000| Complete 
| 722|0x00000000ed200000, 0x00000000ed300000, 0x00000000ed300000|100%| E|CS|TAMS 0x00000000ed200000| PB 0x00000000ed200000| Complete 
| 723|0x00000000ed300000, 0x00000000ed400000, 0x00000000ed400000|100%| E|CS|TAMS 0x00000000ed300000| PB 0x00000000ed300000| Complete 
| 724|0x00000000ed400000, 0x00000000ed500000, 0x00000000ed500000|100%| E|CS|TAMS 0x00000000ed400000| PB 0x00000000ed400000| Complete 
| 725|0x00000000ed500000, 0x00000000ed600000, 0x00000000ed600000|100%| E|CS|TAMS 0x00000000ed500000| PB 0x00000000ed500000| Complete 
| 726|0x00000000ed600000, 0x00000000ed700000, 0x00000000ed700000|100%| E|CS|TAMS 0x00000000ed600000| PB 0x00000000ed600000| Complete 
| 727|0x00000000ed700000, 0x00000000ed800000, 0x00000000ed800000|100%| E|CS|TAMS 0x00000000ed700000| PB 0x00000000ed700000| Complete 
| 728|0x00000000ed800000, 0x00000000ed900000, 0x00000000ed900000|100%| E|CS|TAMS 0x00000000ed800000| PB 0x00000000ed800000| Complete 
| 729|0x00000000ed900000, 0x00000000eda00000, 0x00000000eda00000|100%| E|CS|TAMS 0x00000000ed900000| PB 0x00000000ed900000| Complete 
| 730|0x00000000eda00000, 0x00000000edb00000, 0x00000000edb00000|100%| E|CS|TAMS 0x00000000eda00000| PB 0x00000000eda00000| Complete 
| 731|0x00000000edb00000, 0x00000000edc00000, 0x00000000edc00000|100%| E|CS|TAMS 0x00000000edb00000| PB 0x00000000edb00000| Complete 
| 732|0x00000000edc00000, 0x00000000edd00000, 0x00000000edd00000|100%| E|CS|TAMS 0x00000000edc00000| PB 0x00000000edc00000| Complete 
| 733|0x00000000edd00000, 0x00000000ede00000, 0x00000000ede00000|100%| E|CS|TAMS 0x00000000edd00000| PB 0x00000000edd00000| Complete 
| 734|0x00000000ede00000, 0x00000000edf00000, 0x00000000edf00000|100%| E|CS|TAMS 0x00000000ede00000| PB 0x00000000ede00000| Complete 
| 735|0x00000000edf00000, 0x00000000ee000000, 0x00000000ee000000|100%| E|CS|TAMS 0x00000000edf00000| PB 0x00000000edf00000| Complete 
| 736|0x00000000ee000000, 0x00000000ee100000, 0x00000000ee100000|100%| E|CS|TAMS 0x00000000ee000000| PB 0x00000000ee000000| Complete 
| 737|0x00000000ee100000, 0x00000000ee200000, 0x00000000ee200000|100%| E|CS|TAMS 0x00000000ee100000| PB 0x00000000ee100000| Complete 
| 738|0x00000000ee200000, 0x00000000ee300000, 0x00000000ee300000|100%| E|CS|TAMS 0x00000000ee200000| PB 0x00000000ee200000| Complete 
| 739|0x00000000ee300000, 0x00000000ee400000, 0x00000000ee400000|100%| E|CS|TAMS 0x00000000ee300000| PB 0x00000000ee300000| Complete 
| 740|0x00000000ee400000, 0x00000000ee500000, 0x00000000ee500000|100%| E|CS|TAMS 0x00000000ee400000| PB 0x00000000ee400000| Complete 
| 741|0x00000000ee500000, 0x00000000ee600000, 0x00000000ee600000|100%| E|CS|TAMS 0x00000000ee500000| PB 0x00000000ee500000| Complete 
| 742|0x00000000ee600000, 0x00000000ee700000, 0x00000000ee700000|100%| E|CS|TAMS 0x00000000ee600000| PB 0x00000000ee600000| Complete 
| 743|0x00000000ee700000, 0x00000000ee800000, 0x00000000ee800000|100%| E|CS|TAMS 0x00000000ee700000| PB 0x00000000ee700000| Complete 
| 744|0x00000000ee800000, 0x00000000ee900000, 0x00000000ee900000|100%| E|CS|TAMS 0x00000000ee800000| PB 0x00000000ee800000| Complete 
| 745|0x00000000ee900000, 0x00000000eea00000, 0x00000000eea00000|100%| E|CS|TAMS 0x00000000ee900000| PB 0x00000000ee900000| Complete 
| 746|0x00000000eea00000, 0x00000000eeb00000, 0x00000000eeb00000|100%| E|CS|TAMS 0x00000000eea00000| PB 0x00000000eea00000| Complete 
| 747|0x00000000eeb00000, 0x00000000eec00000, 0x00000000eec00000|100%| E|CS|TAMS 0x00000000eeb00000| PB 0x00000000eeb00000| Complete 
| 748|0x00000000eec00000, 0x00000000eed00000, 0x00000000eed00000|100%| E|CS|TAMS 0x00000000eec00000| PB 0x00000000eec00000| Complete 
| 749|0x00000000eed00000, 0x00000000eee00000, 0x00000000eee00000|100%| E|CS|TAMS 0x00000000eed00000| PB 0x00000000eed00000| Complete 
| 750|0x00000000eee00000, 0x00000000eef00000, 0x00000000eef00000|100%| E|CS|TAMS 0x00000000eee00000| PB 0x00000000eee00000| Complete 
| 751|0x00000000eef00000, 0x00000000ef000000, 0x00000000ef000000|100%| E|CS|TAMS 0x00000000eef00000| PB 0x00000000eef00000| Complete 
| 752|0x00000000ef000000, 0x00000000ef100000, 0x00000000ef100000|100%| E|CS|TAMS 0x00000000ef000000| PB 0x00000000ef000000| Complete 
| 753|0x00000000ef100000, 0x00000000ef200000, 0x00000000ef200000|100%| E|CS|TAMS 0x00000000ef100000| PB 0x00000000ef100000| Complete 
| 754|0x00000000ef200000, 0x00000000ef300000, 0x00000000ef300000|100%| E|CS|TAMS 0x00000000ef200000| PB 0x00000000ef200000| Complete 
| 755|0x00000000ef300000, 0x00000000ef400000, 0x00000000ef400000|100%| E|CS|TAMS 0x00000000ef300000| PB 0x00000000ef300000| Complete 
| 756|0x00000000ef400000, 0x00000000ef500000, 0x00000000ef500000|100%| E|CS|TAMS 0x00000000ef400000| PB 0x00000000ef400000| Complete 
| 757|0x00000000ef500000, 0x00000000ef600000, 0x00000000ef600000|100%| E|CS|TAMS 0x00000000ef500000| PB 0x00000000ef500000| Complete 
| 758|0x00000000ef600000, 0x00000000ef700000, 0x00000000ef700000|100%| E|CS|TAMS 0x00000000ef600000| PB 0x00000000ef600000| Complete 
| 759|0x00000000ef700000, 0x00000000ef800000, 0x00000000ef800000|100%| E|CS|TAMS 0x00000000ef700000| PB 0x00000000ef700000| Complete 
| 760|0x00000000ef800000, 0x00000000ef900000, 0x00000000ef900000|100%| E|CS|TAMS 0x00000000ef800000| PB 0x00000000ef800000| Complete 
| 761|0x00000000ef900000, 0x00000000efa00000, 0x00000000efa00000|100%| E|CS|TAMS 0x00000000ef900000| PB 0x00000000ef900000| Complete 
| 762|0x00000000efa00000, 0x00000000efb00000, 0x00000000efb00000|100%| E|CS|TAMS 0x00000000efa00000| PB 0x00000000efa00000| Complete 
| 763|0x00000000efb00000, 0x00000000efc00000, 0x00000000efc00000|100%| E|CS|TAMS 0x00000000efb00000| PB 0x00000000efb00000| Complete 
| 764|0x00000000efc00000, 0x00000000efd00000, 0x00000000efd00000|100%| E|CS|TAMS 0x00000000efc00000| PB 0x00000000efc00000| Complete 
| 765|0x00000000efd00000, 0x00000000efe00000, 0x00000000efe00000|100%| E|CS|TAMS 0x00000000efd00000| PB 0x00000000efd00000| Complete 
| 766|0x00000000efe00000, 0x00000000eff00000, 0x00000000eff00000|100%| E|CS|TAMS 0x00000000efe00000| PB 0x00000000efe00000| Complete 
| 767|0x00000000eff00000, 0x00000000f0000000, 0x00000000f0000000|100%| E|CS|TAMS 0x00000000eff00000| PB 0x00000000eff00000| Complete 
| 768|0x00000000f0000000, 0x00000000f0100000, 0x00000000f0100000|100%| E|CS|TAMS 0x00000000f0000000| PB 0x00000000f0000000| Complete 
| 769|0x00000000f0100000, 0x00000000f0200000, 0x00000000f0200000|100%| E|CS|TAMS 0x00000000f0100000| PB 0x00000000f0100000| Complete 
| 770|0x00000000f0200000, 0x00000000f0300000, 0x00000000f0300000|100%| E|CS|TAMS 0x00000000f0200000| PB 0x00000000f0200000| Complete 
| 771|0x00000000f0300000, 0x00000000f0400000, 0x00000000f0400000|100%| E|CS|TAMS 0x00000000f0300000| PB 0x00000000f0300000| Complete 
| 772|0x00000000f0400000, 0x00000000f0500000, 0x00000000f0500000|100%| E|CS|TAMS 0x00000000f0400000| PB 0x00000000f0400000| Complete 
| 773|0x00000000f0500000, 0x00000000f0600000, 0x00000000f0600000|100%| E|CS|TAMS 0x00000000f0500000| PB 0x00000000f0500000| Complete 
| 774|0x00000000f0600000, 0x00000000f0700000, 0x00000000f0700000|100%| E|CS|TAMS 0x00000000f0600000| PB 0x00000000f0600000| Complete 
| 775|0x00000000f0700000, 0x00000000f0800000, 0x00000000f0800000|100%| E|CS|TAMS 0x00000000f0700000| PB 0x00000000f0700000| Complete 
| 776|0x00000000f0800000, 0x00000000f0900000, 0x00000000f0900000|100%| E|CS|TAMS 0x00000000f0800000| PB 0x00000000f0800000| Complete 
| 777|0x00000000f0900000, 0x00000000f0a00000, 0x00000000f0a00000|100%| E|CS|TAMS 0x00000000f0900000| PB 0x00000000f0900000| Complete 
| 778|0x00000000f0a00000, 0x00000000f0b00000, 0x00000000f0b00000|100%| E|CS|TAMS 0x00000000f0a00000| PB 0x00000000f0a00000| Complete 
| 779|0x00000000f0b00000, 0x00000000f0c00000, 0x00000000f0c00000|100%| E|CS|TAMS 0x00000000f0b00000| PB 0x00000000f0b00000| Complete 
| 780|0x00000000f0c00000, 0x00000000f0d00000, 0x00000000f0d00000|100%| E|CS|TAMS 0x00000000f0c00000| PB 0x00000000f0c00000| Complete 
| 998|0x00000000fe600000, 0x00000000fe700000, 0x00000000fe700000|100%| E|CS|TAMS 0x00000000fe600000| PB 0x00000000fe600000| Complete 
| 999|0x00000000fe700000, 0x00000000fe800000, 0x00000000fe800000|100%| E|CS|TAMS 0x00000000fe700000| PB 0x00000000fe700000| Complete 
|1000|0x00000000fe800000, 0x00000000fe900000, 0x00000000fe900000|100%| O|  |TAMS 0x00000000fe800000| PB 0x00000000fe800000| Untracked 
|1001|0x00000000fe900000, 0x00000000fea00000, 0x00000000fea00000|100%| O|  |TAMS 0x00000000fe900000| PB 0x00000000fe900000| Untracked 
|1002|0x00000000fea00000, 0x00000000feb00000, 0x00000000feb00000|100%| O|  |TAMS 0x00000000fea00000| PB 0x00000000fea00000| Untracked 
|1003|0x00000000feb00000, 0x00000000fec00000, 0x00000000fec00000|100%| O|  |TAMS 0x00000000feb00000| PB 0x00000000feb00000| Untracked 
|1004|0x00000000fec00000, 0x00000000fed00000, 0x00000000fed00000|100%| O|  |TAMS 0x00000000fec00000| PB 0x00000000fec00000| Untracked 
|1005|0x00000000fed00000, 0x00000000fee00000, 0x00000000fee00000|100%| O|  |TAMS 0x00000000fed00000| PB 0x00000000fed00000| Untracked 
|1006|0x00000000fee00000, 0x00000000fef00000, 0x00000000fef00000|100%| E|CS|TAMS 0x00000000fee00000| PB 0x00000000fee00000| Complete 
|1007|0x00000000fef00000, 0x00000000ff000000, 0x00000000ff000000|100%| E|CS|TAMS 0x00000000fef00000| PB 0x00000000fef00000| Complete 
|1008|0x00000000ff000000, 0x00000000ff100000, 0x00000000ff100000|100%| O|  |TAMS 0x00000000ff000000| PB 0x00000000ff000000| Untracked 
|1009|0x00000000ff100000, 0x00000000ff200000, 0x00000000ff200000|100%| O|  |TAMS 0x00000000ff100000| PB 0x00000000ff100000| Untracked 
|1010|0x00000000ff200000, 0x00000000ff300000, 0x00000000ff300000|100%| O|  |TAMS 0x00000000ff200000| PB 0x00000000ff200000| Untracked 
|1011|0x00000000ff300000, 0x00000000ff400000, 0x00000000ff400000|100%| O|  |TAMS 0x00000000ff300000| PB 0x00000000ff300000| Untracked 
|1012|0x00000000ff400000, 0x00000000ff500000, 0x00000000ff500000|100%| O|  |TAMS 0x00000000ff400000| PB 0x00000000ff400000| Untracked 
|1013|0x00000000ff500000, 0x00000000ff600000, 0x00000000ff600000|100%| O|  |TAMS 0x00000000ff500000| PB 0x00000000ff500000| Untracked 
|1014|0x00000000ff600000, 0x00000000ff700000, 0x00000000ff700000|100%| E|CS|TAMS 0x00000000ff600000| PB 0x00000000ff600000| Complete 
|1015|0x00000000ff700000, 0x00000000ff800000, 0x00000000ff800000|100%| O|  |TAMS 0x00000000ff700000| PB 0x00000000ff700000| Untracked 
|1016|0x00000000ff800000, 0x00000000ff900000, 0x00000000ff900000|100%| E|CS|TAMS 0x00000000ff800000| PB 0x00000000ff800000| Complete 
|1017|0x00000000ff900000, 0x00000000ffa00000, 0x00000000ffa00000|100%| E|CS|TAMS 0x00000000ff900000| PB 0x00000000ff900000| Complete 
|1018|0x00000000ffa00000, 0x00000000ffb00000, 0x00000000ffb00000|100%| O|  |TAMS 0x00000000ffa00000| PB 0x00000000ffa00000| Untracked 
|1019|0x00000000ffb00000, 0x00000000ffc00000, 0x00000000ffc00000|100%| O|  |TAMS 0x00000000ffb00000| PB 0x00000000ffb00000| Untracked 
|1020|0x00000000ffc00000, 0x00000000ffd00000, 0x00000000ffd00000|100%| O|  |TAMS 0x00000000ffc00000| PB 0x00000000ffc00000| Untracked 
|1021|0x00000000ffd00000, 0x00000000ffe00000, 0x00000000ffe00000|100%| O|  |TAMS 0x00000000ffd00000| PB 0x00000000ffd00000| Untracked 
|1022|0x00000000ffe00000, 0x00000000fff00000, 0x00000000fff00000|100%| O|  |TAMS 0x00000000ffe00000| PB 0x00000000ffe00000| Untracked 
|1023|0x00000000fff00000, 0x0000000100000000, 0x0000000100000000|100%| O|  |TAMS 0x00000000fff00000| PB 0x00000000fff00000| Untracked 

Card table byte_map: [0x00007fd799c00000,0x00007fd799e00000] _byte_map_base: 0x00007fd799600000

Marking Bits: (CMBitMap*) 0x00007fd79406a120
 Bits: [0x00007fd798c00000, 0x00007fd799c00000)

Polling page: 0x00007fd79bd66000

Metaspace:

Usage:
  Non-class:    146.29 MB used.
      Class:     22.86 MB used.
       Both:    169.14 MB used.

Virtual space:
  Non-class space:      192.00 MB reserved,     147.56 MB ( 77%) committed,  3 nodes.
      Class space:        1.00 GB reserved,      24.06 MB (  2%) committed,  1 nodes.
             Both:        1.19 GB reserved,     171.62 MB ( 14%) committed. 

Chunk freelists:
   Non-Class:  12.44 MB
       Class:  7.95 MB
        Both:  20.39 MB

MaxMetaspaceSize: unlimited
CompressedClassSpaceSize: 1.00 GB
Initial GC threshold: 21.00 MB
Current GC threshold: 286.06 MB
CDS: off
 - commit_granule_bytes: 65536.
 - commit_granule_words: 8192.
 - virtual_space_node_default_size: 8388608.
 - enlarge_chunks_in_place: 1.
 - use_allocation_guard: 0.


Internal statistics:

num_allocs_failed_limit: 6.
num_arena_births: 5046.
num_arena_deaths: 4.
num_vsnodes_births: 4.
num_vsnodes_deaths: 0.
num_space_committed: 2746.
num_space_uncommitted: 2.
num_chunks_returned_to_freelist: 27.
num_chunks_taken_from_freelist: 12516.
num_chunk_merges: 9.
num_chunk_splits: 8314.
num_chunks_enlarged: 5391.
num_inconsistent_stats: 0.

CodeHeap 'non-profiled nmethods': size=120032Kb used=10867Kb max_used=11501Kb free=109164Kb
 bounds [0x00007fd7898c8000, 0x00007fd78a418000, 0x00007fd790e00000]
CodeHeap 'profiled nmethods': size=120028Kb used=28327Kb max_used=28327Kb free=91700Kb
 bounds [0x00007fd781e00000, 0x00007fd783a70000, 0x00007fd789337000]
CodeHeap 'non-nmethods': size=5700Kb used=3070Kb max_used=3125Kb free=2629Kb
 bounds [0x00007fd789337000, 0x00007fd789657000, 0x00007fd7898c8000]
CodeCache: size=245760Kb, used=42264Kb, max_used=42953Kb, free=203493Kb
 total_blobs=15778, nmethods=14628, adapters=1055, full_count=0
Compilation: enabled, stopped_count=0, restarted_count=0

Compilation events (20 events):
Event: 318.179 Thread 0x00007fd7941c9f20 21167   !   2       com.android.tools.r8.internal.bt::a (124 bytes)
Event: 318.181 Thread 0x00007fd7941c9f20 nmethod 21167 0x00007fd7822ac010 code [0x00007fd7822ac2c0, 0x00007fd7822acca8]
Event: 318.181 Thread 0x00007fd7941c9f20 21168       2       com.android.builder.dexing.r8.ClassFileProviderFactory$OrderedClassFileResourceProvider::getProgramResource (36 bytes)
Event: 318.181 Thread 0x00007fd7941c9f20 nmethod 21168 0x00007fd782a82d90 code [0x00007fd782a82f60, 0x00007fd782a831c8]
Event: 318.181 Thread 0x00007fd7941c9f20 21169       2       com.android.builder.dexing.r8.CachingArchiveClassFileProvider::getProgramResource (18 bytes)
Event: 318.182 Thread 0x00007fd7941c9f20 nmethod 21169 0x00007fd782b82790 code [0x00007fd782b82960, 0x00007fd782b82bb0]
Event: 318.182 Thread 0x00007fd7941c9f20 21170       2       com.android.builder.dexing.r8.CachingArchiveClassFileProvider$$Lambda/0x000000010180b568::<init> (10 bytes)
Event: 318.182 Thread 0x00007fd7941c9f20 nmethod 21170 0x00007fd782b82410 code [0x00007fd782b825a0, 0x00007fd782b826e8]
Event: 318.182 Thread 0x00007fd7941c9f20 21171       2       com.android.builder.dexing.r8.CachingArchiveClassFileProvider$$Lambda/0x000000010180b568::apply (12 bytes)
Event: 318.182 Thread 0x00007fd7941c9f20 nmethod 21171 0x00007fd782153d90 code [0x00007fd782153f40, 0x00007fd782154098]
Event: 318.182 Thread 0x00007fd7941c9f20 21172       2       com.android.builder.dexing.r8.CachingArchiveClassFileProvider::lambda$getProgramResource$0 (6 bytes)
Event: 318.182 Thread 0x00007fd7941c9f20 nmethod 21172 0x00007fd782b82090 code [0x00007fd782b82220, 0x00007fd782b82340]
Event: 318.182 Thread 0x00007fd7941c9f20 21173   !   2       com.android.tools.r8.ArchiveClassFileProvider::getProgramResource (133 bytes)
Event: 318.187 Thread 0x00007fd7941c9f20 nmethod 21173 0x00007fd783661b90 code [0x00007fd783661f40, 0x00007fd783662ef8]
Event: 318.187 Thread 0x00007fd7941c9f20 21175       2       com.android.tools.r8.graph.t9::a (36 bytes)
Event: 318.188 Thread 0x00007fd7941c9f20 nmethod 21175 0x00007fd782153890 code [0x00007fd782153a40, 0x00007fd782153c28]
Event: 318.188 Thread 0x00007fd7941c9f20 21176   !   2       com.android.tools.r8.internal.mr::a (171 bytes)
Event: 318.190 Thread 0x00007fd7941c9f20 nmethod 21176 0x00007fd7822c3310 code [0x00007fd7822c34e0, 0x00007fd7822c38c0]
Event: 318.190 Thread 0x00007fd7941c9f20 21174       2       com.android.tools.r8.ArchiveClassFileProvider::b (19 bytes)
Event: 318.193 Thread 0x00007fd7941c9f20 nmethod 21174 0x00007fd7822d1310 code [0x00007fd7822d1580, 0x00007fd7822d1b48]

GC Heap History (20 events):
Event: 303.460 GC heap after
{Heap after GC invocations=81 (full 0):
 garbage-first heap   total 370688K, used 291328K [0x00000000c0000000, 0x0000000100000000)
  region size 1024K, 9 young (9216K), 9 survivors (9216K)
 Metaspace       used 168519K, committed 171072K, reserved 1245184K
  class space    used 22741K, committed 24000K, reserved 1048576K
}
Event: 303.950 GC heap before
{Heap before GC invocations=81 (full 0):
 garbage-first heap   total 370688K, used 337408K [0x00000000c0000000, 0x0000000100000000)
  region size 1024K, 54 young (55296K), 9 survivors (9216K)
 Metaspace       used 168522K, committed 171072K, reserved 1245184K
  class space    used 22741K, committed 24000K, reserved 1048576K
}
Event: 303.970 GC heap after
{Heap after GC invocations=82 (full 0):
 garbage-first heap   total 370688K, used 306176K [0x00000000c0000000, 0x0000000100000000)
  region size 1024K, 7 young (7168K), 7 survivors (7168K)
 Metaspace       used 168522K, committed 171072K, reserved 1245184K
  class space    used 22741K, committed 24000K, reserved 1048576K
}
Event: 304.485 GC heap before
{Heap before GC invocations=82 (full 0):
 garbage-first heap   total 510976K, used 345088K [0x00000000c0000000, 0x0000000100000000)
  region size 1024K, 43 young (44032K), 7 survivors (7168K)
 Metaspace       used 168253K, committed 170944K, reserved 1245184K
  class space    used 22718K, committed 24000K, reserved 1048576K
}
Event: 304.502 GC heap after
{Heap after GC invocations=83 (full 0):
 garbage-first heap   total 510976K, used 317952K [0x00000000c0000000, 0x0000000100000000)
  region size 1024K, 6 young (6144K), 6 survivors (6144K)
 Metaspace       used 168253K, committed 170944K, reserved 1245184K
  class space    used 22718K, committed 24000K, reserved 1048576K
}
Event: 311.667 GC heap before
{Heap before GC invocations=84 (full 0):
 garbage-first heap   total 510976K, used 435712K [0x00000000c0000000, 0x0000000100000000)
  region size 1024K, 119 young (121856K), 6 survivors (6144K)
 Metaspace       used 173028K, committed 175616K, reserved 1245184K
  class space    used 23391K, committed 24640K, reserved 1048576K
}
Event: 311.715 GC heap after
{Heap after GC invocations=85 (full 0):
 garbage-first heap   total 510976K, used 346112K [0x00000000c0000000, 0x0000000100000000)
  region size 1024K, 15 young (15360K), 15 survivors (15360K)
 Metaspace       used 173028K, committed 175616K, reserved 1245184K
  class space    used 23391K, committed 24640K, reserved 1048576K
}
Event: 312.407 GC heap before
{Heap before GC invocations=85 (full 0):
 garbage-first heap   total 510976K, used 445440K [0x00000000c0000000, 0x0000000100000000)
  region size 1024K, 113 young (115712K), 15 survivors (15360K)
 Metaspace       used 173124K, committed 175680K, reserved 1245184K
  class space    used 23394K, committed 24640K, reserved 1048576K
}
Event: 312.496 GC heap after
{Heap after GC invocations=86 (full 0):
 garbage-first heap   total 510976K, used 365056K [0x00000000c0000000, 0x0000000100000000)
  region size 1024K, 15 young (15360K), 15 survivors (15360K)
 Metaspace       used 173124K, committed 175680K, reserved 1245184K
  class space    used 23394K, committed 24640K, reserved 1048576K
}
Event: 312.828 GC heap before
{Heap before GC invocations=86 (full 0):
 garbage-first heap   total 510976K, used 435712K [0x00000000c0000000, 0x0000000100000000)
  region size 1024K, 86 young (88064K), 15 survivors (15360K)
 Metaspace       used 173135K, committed 175744K, reserved 1245184K
  class space    used 23394K, committed 24640K, reserved 1048576K
}
Event: 312.933 GC heap after
{Heap after GC invocations=87 (full 0):
 garbage-first heap   total 589824K, used 379392K [0x00000000c0000000, 0x0000000100000000)
  region size 1024K, 13 young (13312K), 13 survivors (13312K)
 Metaspace       used 173135K, committed 175744K, reserved 1245184K
  class space    used 23394K, committed 24640K, reserved 1048576K
}
Event: 313.726 GC heap before
{Heap before GC invocations=87 (full 0):
 garbage-first heap   total 589824K, used 511488K [0x00000000c0000000, 0x0000000100000000)
  region size 1024K, 139 young (142336K), 13 survivors (13312K)
 Metaspace       used 173145K, committed 175744K, reserved 1245184K
  class space    used 23395K, committed 24640K, reserved 1048576K
}
Event: 313.843 GC heap after
{Heap after GC invocations=88 (full 0):
 garbage-first heap   total 589824K, used 412160K [0x00000000c0000000, 0x0000000100000000)
  region size 1024K, 18 young (18432K), 18 survivors (18432K)
 Metaspace       used 173145K, committed 175744K, reserved 1245184K
  class space    used 23395K, committed 24640K, reserved 1048576K
}
Event: 314.395 GC heap before
{Heap before GC invocations=88 (full 0):
 garbage-first heap   total 589824K, used 525824K [0x00000000c0000000, 0x0000000100000000)
  region size 1024K, 128 young (131072K), 18 survivors (18432K)
 Metaspace       used 173145K, committed 175744K, reserved 1245184K
  class space    used 23395K, committed 24640K, reserved 1048576K
}
Event: 314.533 GC heap after
{Heap after GC invocations=89 (full 0):
 garbage-first heap   total 589824K, used 439296K [0x00000000c0000000, 0x0000000100000000)
  region size 1024K, 16 young (16384K), 16 survivors (16384K)
 Metaspace       used 173145K, committed 175744K, reserved 1245184K
  class space    used 23395K, committed 24640K, reserved 1048576K
}
Event: 315.164 GC heap before
{Heap before GC invocations=89 (full 0):
 garbage-first heap   total 732160K, used 538624K [0x00000000c0000000, 0x0000000100000000)
  region size 1024K, 110 young (112640K), 16 survivors (16384K)
 Metaspace       used 173145K, committed 175744K, reserved 1245184K
  class space    used 23395K, committed 24640K, reserved 1048576K
}
Event: 315.297 GC heap after
{Heap after GC invocations=90 (full 0):
 garbage-first heap   total 732160K, used 465920K [0x00000000c0000000, 0x0000000100000000)
  region size 1024K, 14 young (14336K), 14 survivors (14336K)
 Metaspace       used 173145K, committed 175744K, reserved 1245184K
  class space    used 23395K, committed 24640K, reserved 1048576K
}
Event: 316.142 GC heap before
{Heap before GC invocations=90 (full 0):
 garbage-first heap   total 732160K, used 620544K [0x00000000c0000000, 0x0000000100000000)
  region size 1024K, 166 young (169984K), 14 survivors (14336K)
 Metaspace       used 173145K, committed 175744K, reserved 1245184K
  class space    used 23395K, committed 24640K, reserved 1048576K
}
Event: 316.280 GC heap after
{Heap after GC invocations=91 (full 0):
 garbage-first heap   total 826368K, used 501760K [0x00000000c0000000, 0x0000000100000000)
  region size 1024K, 21 young (21504K), 21 survivors (21504K)
 Metaspace       used 173145K, committed 175744K, reserved 1245184K
  class space    used 23395K, committed 24640K, reserved 1048576K
}
Event: 318.195 GC heap before
{Heap before GC invocations=92 (full 0):
 garbage-first heap   total 826368K, used 670720K [0x00000000c0000000, 0x0000000100000000)
  region size 1024K, 180 young (184320K), 21 survivors (21504K)
 Metaspace       used 173202K, committed 175744K, reserved 1245184K
  class space    used 23404K, committed 24640K, reserved 1048576K
}

Dll operation events (13 events):
Event: 0.061 Loaded shared library /home/elonmusk/Desktop/android_studio/android-studio/jbr/lib/libjava.so
Event: 0.074 Loaded shared library /home/elonmusk/Desktop/android_studio/android-studio/jbr/lib/libzip.so
Event: 0.315 Loaded shared library /home/elonmusk/Desktop/android_studio/android-studio/jbr/lib/libnio.so
Event: 0.325 Loaded shared library /home/elonmusk/Desktop/android_studio/android-studio/jbr/lib/libinstrument.so
Event: 0.338 Loaded shared library /home/elonmusk/Desktop/android_studio/android-studio/jbr/lib/libzip.so
Event: 0.554 Loaded shared library /home/elonmusk/Desktop/android_studio/android-studio/jbr/lib/libnet.so
Event: 1.217 Loaded shared library /home/elonmusk/Desktop/android_studio/android-studio/jbr/lib/libjimage.so
Event: 2.122 Loaded shared library /home/elonmusk/Desktop/android_studio/android-studio/jbr/lib/libverify.so
Event: 2.370 Loaded shared library /home/elonmusk/.gradle/native/1def1411415f61bf3af743bc5b6707747c0891f09f0c88961ee8f79bc544acac/linux-amd64/libnative-platform.so
Event: 2.481 Loaded shared library /home/elonmusk/.gradle/native/0.2.7/x86_64-linux-gnu/libgradle-fileevents.so
Event: 6.210 Loaded shared library /home/elonmusk/Desktop/android_studio/android-studio/jbr/lib/libmanagement.so
Event: 6.212 Loaded shared library /home/elonmusk/Desktop/android_studio/android-studio/jbr/lib/libmanagement_ext.so
Event: 6.440 Loaded shared library /home/elonmusk/Desktop/android_studio/android-studio/jbr/lib/libextnet.so

Deoptimization events (20 events):
Event: 317.687 Thread 0x00007fd795c163f0 DEOPT PACKING pc=0x00007fd783a257b4 sp=0x00007fd6fb2ef3f0
Event: 317.687 Thread 0x00007fd795c163f0 DEOPT UNPACKING pc=0x00007fd78938b710 sp=0x00007fd6fb2eea70 mode 0
Event: 317.902 Thread 0x00007fd795c163f0 DEOPT PACKING pc=0x00007fd782add575 sp=0x00007fd6fb2efb70
Event: 317.902 Thread 0x00007fd795c163f0 DEOPT UNPACKING pc=0x00007fd78938b710 sp=0x00007fd6fb2ef068 mode 0
Event: 318.014 Thread 0x00007fd795c163f0 DEOPT PACKING pc=0x00007fd782add575 sp=0x00007fd6fb2efb70
Event: 318.014 Thread 0x00007fd795c163f0 DEOPT UNPACKING pc=0x00007fd78938b710 sp=0x00007fd6fb2ef068 mode 0
Event: 318.096 Thread 0x00007fd795c163f0 DEOPT PACKING pc=0x00007fd78269b619 sp=0x00007fd6fb2efba0
Event: 318.096 Thread 0x00007fd795c163f0 DEOPT UNPACKING pc=0x00007fd78938b710 sp=0x00007fd6fb2ef0d0 mode 0
Event: 318.104 Thread 0x00007fd795c163f0 Uncommon trap: trap_request=0xffffff45 fr.pc=0x00007fd78a330928 relative=0x0000000000006e48
Event: 318.104 Thread 0x00007fd795c163f0 Uncommon trap: reason=unstable_if action=reinterpret pc=0x00007fd78a330928 method=com.android.tools.r8.internal.l80.e(Ljava/lang/String;)[Ljava/lang/String; @ 163 c2
Event: 318.104 Thread 0x00007fd795c163f0 DEOPT PACKING pc=0x00007fd78a330928 sp=0x00007fd6fb2ef4c0
Event: 318.104 Thread 0x00007fd795c163f0 DEOPT UNPACKING pc=0x00007fd78938af93 sp=0x00007fd6fb2ef308 mode 2
Event: 318.112 Thread 0x00007fd795c163f0 DEOPT PACKING pc=0x00007fd78269b619 sp=0x00007fd6fb2ef190
Event: 318.112 Thread 0x00007fd795c163f0 DEOPT UNPACKING pc=0x00007fd78938b710 sp=0x00007fd6fb2ee6c0 mode 0
Event: 318.114 Thread 0x00007fd795c163f0 DEOPT PACKING pc=0x00007fd7829223ee sp=0x00007fd6fb2ef0c0
Event: 318.114 Thread 0x00007fd795c163f0 DEOPT UNPACKING pc=0x00007fd78938b710 sp=0x00007fd6fb2ee6c0 mode 0
Event: 318.121 Thread 0x00007fd795c163f0 Uncommon trap: trap_request=0xffffff45 fr.pc=0x00007fd789aa02a4 relative=0x0000000000001004
Event: 318.121 Thread 0x00007fd795c163f0 Uncommon trap: reason=unstable_if action=reinterpret pc=0x00007fd789aa02a4 method=java.util.concurrent.ConcurrentHashMap.transfer([Ljava/util/concurrent/ConcurrentHashMap$Node;[Ljava/util/concurrent/ConcurrentHashMap$Node;)V @ 352 c2
Event: 318.121 Thread 0x00007fd795c163f0 DEOPT PACKING pc=0x00007fd789aa02a4 sp=0x00007fd6fb2ef250
Event: 318.121 Thread 0x00007fd795c163f0 DEOPT UNPACKING pc=0x00007fd78938af93 sp=0x00007fd6fb2ef1b8 mode 2

Classes loaded (20 events):
Event: 299.110 Loading class java/util/zip/ZipInputStream
Event: 299.111 Loading class java/util/zip/ZipInputStream done
Event: 299.869 Loading class java/util/zip/ZipFile$ZipEntryIterator
Event: 299.870 Loading class java/util/zip/ZipFile$ZipEntryIterator done
Event: 299.874 Loading class java/util/zip/ZipOutputStream
Event: 299.875 Loading class java/util/zip/ZipOutputStream done
Event: 300.827 Loading class java/nio/file/FileTreeIterator
Event: 300.828 Loading class java/nio/file/FileTreeIterator done
Event: 310.809 Loading class java/util/concurrent/ForkJoinTask$AdaptedInterruptibleCallable
Event: 310.809 Loading class java/util/concurrent/ForkJoinTask$InterruptibleTask
Event: 310.810 Loading class java/util/concurrent/ForkJoinTask$InterruptibleTask done
Event: 310.810 Loading class java/util/concurrent/ForkJoinTask$AdaptedInterruptibleCallable done
Event: 310.810 Loading class java/util/concurrent/ForkJoinPool$DefaultForkJoinWorkerThreadFactory$1
Event: 310.810 Loading class java/util/concurrent/ForkJoinPool$DefaultForkJoinWorkerThreadFactory$1 done
Event: 310.861 Loading class java/util/concurrent/CountedCompleter
Event: 310.861 Loading class java/util/concurrent/CountedCompleter done
Event: 312.398 Loading class java/util/concurrent/ConcurrentHashMap$TreeNode
Event: 312.402 Loading class java/util/concurrent/ConcurrentHashMap$TreeNode done
Event: 312.403 Loading class java/util/concurrent/ConcurrentHashMap$TreeBin
Event: 312.403 Loading class java/util/concurrent/ConcurrentHashMap$TreeBin done

Classes unloaded (20 events):
Event: 304.137 Thread 0x00007fd7940ee670 Unloading class 0x00000001016eb210 'jdk/internal/jimage/BasicImageReader$2'
Event: 304.137 Thread 0x00007fd7940ee670 Unloading class 0x00000001016eafa8 'jdk/internal/jimage/BasicImageReader$1'
Event: 304.137 Thread 0x00007fd7940ee670 Unloading class 0x00000001016ead08 'jdk/internal/jimage/ImageReader$Resource'
Event: 304.137 Thread 0x00007fd7940ee670 Unloading class 0x00000001016eaa68 'jdk/internal/jimage/ImageReader$LinkNode'
Event: 304.137 Thread 0x00007fd7940ee670 Unloading class 0x00000001016ea7c8 'jdk/internal/jimage/ImageReader$Directory'
Event: 304.137 Thread 0x00007fd7940ee670 Unloading class 0x00000001016ea528 'jdk/internal/jimage/ImageReader$Node'
Event: 304.137 Thread 0x00007fd7940ee670 Unloading class 0x00000001016ea2f8 'jdk/internal/jimage/ImageStrings'
Event: 304.137 Thread 0x00007fd7940ee670 Unloading class 0x00000001016ea000 'jdk/internal/jimage/ImageReader$SharedImageReader'
Event: 304.137 Thread 0x00007fd7940ee670 Unloading class 0x00000001016e9be0 'jdk/internal/jimage/BasicImageReader'
Event: 304.137 Thread 0x00007fd7940ee670 Unloading class 0x00000001016e9988 'jdk/internal/jimage/ImageReader'
Event: 304.137 Thread 0x00007fd7940ee670 Unloading class 0x00000001016e9728 'jdk/internal/jrtfs/SystemImage$2'
Event: 304.137 Thread 0x00007fd7940ee670 Unloading class 0x00000001016e94d8 'jdk/internal/jrtfs/SystemImage$$Lambda+0x00000001016e94d8'
Event: 304.137 Thread 0x00007fd7940ee670 Unloading class 0x00000001016e9270 'jdk/internal/jrtfs/ExplodedImage'
Event: 304.137 Thread 0x00007fd7940ee670 Unloading class 0x00000001016e9000 'jdk/internal/jrtfs/SystemImage$1'
Event: 304.137 Thread 0x00007fd7940ee670 Unloading class 0x00000001016e8ca0 'jdk/internal/jrtfs/SystemImage'
Event: 304.137 Thread 0x00007fd7940ee670 Unloading class 0x00000001016e8a08 'jdk/internal/jrtfs/JrtFileStore'
Event: 304.137 Thread 0x00007fd7940ee670 Unloading class 0x00000001016e8658 'jdk/internal/jrtfs/JrtPath'
Event: 304.137 Thread 0x00007fd7940ee670 Unloading class 0x00000001016e8328 'jdk/internal/jrtfs/JrtFileSystem'
Event: 304.137 Thread 0x00007fd7940ee670 Unloading class 0x00000001016e8000 'jdk/internal/jrtfs/JrtFileSystemProvider'
Event: 314.603 Thread 0x00007fd7940ee670 Unloading class 0x0000000101804400 'java/lang/invoke/LambdaForm$DMH+0x0000000101804400'

Classes redefined (0 events):
No events

Internal exceptions (20 events):
Event: 297.539 Thread 0x00007fd795c163f0 Exception <a 'sun/nio/fs/UnixException'{0x00000000cf720af8}> (0x00000000cf720af8) 
thrown [src/hotspot/share/prims/jni.cpp, line 537]
Event: 297.566 Thread 0x00007fd794b05ba0 Exception <a 'sun/nio/fs/UnixException'{0x00000000cf8cace0}> (0x00000000cf8cace0) 
thrown [src/hotspot/share/prims/jni.cpp, line 537]
Event: 299.654 Thread 0x00007fd795c163f0 Exception <a 'sun/nio/fs/UnixException'{0x00000000d42cb678}> (0x00000000d42cb678) 
thrown [src/hotspot/share/prims/jni.cpp, line 537]
Event: 299.654 Thread 0x00007fd795c163f0 Exception <a 'sun/nio/fs/UnixException'{0x00000000d42cb730}> (0x00000000d42cb730) 
thrown [src/hotspot/share/prims/jni.cpp, line 537]
Event: 299.654 Thread 0x00007fd795c163f0 Exception <a 'sun/nio/fs/UnixException'{0x00000000d42cb7e8}> (0x00000000d42cb7e8) 
thrown [src/hotspot/share/prims/jni.cpp, line 537]
Event: 299.654 Thread 0x00007fd795c163f0 Exception <a 'sun/nio/fs/UnixException'{0x00000000d42cb8a0}> (0x00000000d42cb8a0) 
thrown [src/hotspot/share/prims/jni.cpp, line 537]
Event: 299.654 Thread 0x00007fd795c163f0 Exception <a 'sun/nio/fs/UnixException'{0x00000000d42cb958}> (0x00000000d42cb958) 
thrown [src/hotspot/share/prims/jni.cpp, line 537]
Event: 299.654 Thread 0x00007fd795c163f0 Exception <a 'sun/nio/fs/UnixException'{0x00000000d42cba50}> (0x00000000d42cba50) 
thrown [src/hotspot/share/prims/jni.cpp, line 537]
Event: 299.870 Thread 0x00007fd795c163f0 Implicit null exception at 0x00007fd789b00d69 to 0x00007fd789b017ac
Event: 306.755 Thread 0x00007fd7955fdaa0 Exception <a 'sun/nio/fs/UnixException'{0x00000000da0015b0}> (0x00000000da0015b0) 
thrown [src/hotspot/share/prims/jni.cpp, line 537]
Event: 306.757 Thread 0x00007fd7955fdaa0 Exception <a 'sun/nio/fs/UnixException'{0x00000000da0070e0}> (0x00000000da0070e0) 
thrown [src/hotspot/share/prims/jni.cpp, line 537]
Event: 309.527 Thread 0x00007fd795c163f0 Exception <a 'java/lang/IncompatibleClassChangeError'{0x00000000d9513b98}: Found class java.lang.Object, but interface was expected> (0x00000000d9513b98) 
thrown [src/hotspot/share/interpreter/linkResolver.cpp, line 851]
Event: 310.806 Thread 0x00007fd795c163f0 Exception <a 'java/lang/NoSuchMethodError'{0x00000000d8b88e58}: 'java.lang.Object java.lang.invoke.DirectMethodHandle$Holder.invokeStaticInit(java.lang.Object, java.lang.Object, java.lang.Object, java.lang.Object, java.lang.Object, java.lang.Object, java.lang.Object, java.lang.Object, java.lang.Object, java.lang.Object, java.lang.Object, java.lang.Object, java.lang.Object, java.lang.Object, java.lang.Object, java.lang.Object, java.lang.Object, java.lang.Object, java.lang.Object, java.lang.Object, int, java
Event: 310.808 Thread 0x00007fd795c163f0 Exception <a 'java/lang/IncompatibleClassChangeError'{0x00000000d8b9eed8}: Found class java.lang.Object, but interface was expected> (0x00000000d8b9eed8) 
thrown [src/hotspot/share/interpreter/linkResolver.cpp, line 851]
Event: 310.808 Thread 0x00007fd795c163f0 Exception <a 'java/lang/IncompatibleClassChangeError'{0x00000000d8ba87f0}: Found class java.lang.Object, but interface was expected> (0x00000000d8ba87f0) 
thrown [src/hotspot/share/interpreter/linkResolver.cpp, line 851]
Event: 310.815 Thread 0x00007fd75818fa00 Implicit null exception at 0x00007fd789dee3b5 to 0x00007fd789df51c8
Event: 310.857 Thread 0x00007fd75818fa00 Exception <a 'java/lang/IncompatibleClassChangeError'{0x00000000d863d8e8}: Found class java.lang.Object, but interface was expected> (0x00000000d863d8e8) 
thrown [src/hotspot/share/interpreter/linkResolver.cpp, line 851]
Event: 310.862 Thread 0x00007fd7501d18f0 Implicit null exception at 0x00007fd789b911ad to 0x00007fd789b91abc
Event: 316.760 Thread 0x00007fd7955fdaa0 Exception <a 'sun/nio/fs/UnixException'{0x00000000eca01110}> (0x00000000eca01110) 
thrown [src/hotspot/share/prims/jni.cpp, line 537]
Event: 316.761 Thread 0x00007fd7955fdaa0 Exception <a 'sun/nio/fs/UnixException'{0x00000000ec803a08}> (0x00000000ec803a08) 
thrown [src/hotspot/share/prims/jni.cpp, line 537]

ZGC Phase Switch (0 events):
No events

VM Operations (20 events):
Event: 312.499 Executing safepoint VM operation: G1CollectForAllocation (G1 Evacuation Pause) done
Event: 312.828 Executing safepoint VM operation: G1TryInitiateConcMark (G1 Humongous Allocation)
Event: 312.933 Executing safepoint VM operation: G1TryInitiateConcMark (G1 Humongous Allocation) done
Event: 313.726 Executing safepoint VM operation: G1CollectForAllocation (G1 Evacuation Pause)
Event: 313.845 Executing safepoint VM operation: G1CollectForAllocation (G1 Evacuation Pause) done
Event: 314.393 Executing safepoint VM operation: G1CollectForAllocation (G1 Evacuation Pause)
Event: 314.533 Executing safepoint VM operation: G1CollectForAllocation (G1 Evacuation Pause) done
Event: 314.598 Executing safepoint VM operation: G1PauseRemark
Event: 314.661 Executing safepoint VM operation: G1PauseRemark done
Event: 315.160 Executing safepoint VM operation: G1CollectForAllocation (G1 Evacuation Pause)
Event: 315.298 Executing safepoint VM operation: G1CollectForAllocation (G1 Evacuation Pause) done
Event: 316.140 Executing safepoint VM operation: G1CollectForAllocation (G1 Evacuation Pause)
Event: 316.281 Executing safepoint VM operation: G1CollectForAllocation (G1 Evacuation Pause) done
Event: 316.307 Executing safepoint VM operation: G1PauseCleanup
Event: 316.314 Executing safepoint VM operation: G1PauseCleanup done
Event: 317.314 Executing safepoint VM operation: Cleanup
Event: 317.315 Executing safepoint VM operation: Cleanup done
Event: 317.686 Executing non-safepoint VM operation: HandshakeAllThreads (Deoptimize)
Event: 317.686 Executing non-safepoint VM operation: HandshakeAllThreads (Deoptimize) done
Event: 318.195 Executing safepoint VM operation: G1CollectForAllocation (G1 Evacuation Pause)

Memory protections (20 events):
Event: 281.623 Protecting memory [0x00007fd6fb7f9000,0x00007fd6fb7fd000] with protection modes 0
Event: 281.743 Protecting memory [0x00007fd7708ea000,0x00007fd7708ee000] with protection modes 0
Event: 282.448 Protecting memory [0x00007fd6fbafc000,0x00007fd6fbb00000] with protection modes 0
Event: 283.061 Protecting memory [0x00007fd6fbbfd000,0x00007fd6fbc01000] with protection modes 0
Event: 283.061 Protecting memory [0x00007fd7713f5000,0x00007fd7713f9000] with protection modes 0
Event: 283.770 Protecting memory [0x00007fd771bfd000,0x00007fd771c01000] with protection modes 0
Event: 284.215 Protecting memory [0x00007fd7710f2000,0x00007fd7710f6000] with protection modes 0
Event: 285.158 Protecting memory [0x00007fd7700e2000,0x00007fd7700e6000] with protection modes 0
Event: 286.182 Protecting memory [0x00007fd771afc000,0x00007fd771b00000] with protection modes 0
Event: 286.669 Protecting memory [0x00007fd7711f3000,0x00007fd7711f7000] with protection modes 0
Event: 286.911 Protecting memory [0x00007fd6fbf00000,0x00007fd6fbf04000] with protection modes 0
Event: 288.470 Protecting memory [0x00007fd6fbbfd000,0x00007fd6fbc01000] with protection modes 0
Event: 291.438 Protecting memory [0x00007fd6fb1f3000,0x00007fd6fb1f7000] with protection modes 0
Event: 292.897 Protecting memory [0x00007fd6fb0f2000,0x00007fd6fb0f6000] with protection modes 0
Event: 297.480 Protecting memory [0x00007fd6fb1f3000,0x00007fd6fb1f7000] with protection modes 0
Event: 297.903 Protecting memory [0x00007fd6f6f00000,0x00007fd6f6f04000] with protection modes 0
Event: 310.811 Protecting memory [0x00007fd6f6f00000,0x00007fd6f6f04000] with protection modes 0
Event: 310.812 Protecting memory [0x00007fd6f6dff000,0x00007fd6f6e03000] with protection modes 0
Event: 310.813 Protecting memory [0x00007fd6f6cfe000,0x00007fd6f6d02000] with protection modes 0
Event: 310.814 Protecting memory [0x00007fd6f6bfd000,0x00007fd6f6c01000] with protection modes 0

Nmethod flushes (20 events):
Event: 314.652 Thread 0x00007fd7940ee670 flushing  nmethod 0x00007fd781f98e10
Event: 314.652 Thread 0x00007fd7940ee670 flushing  nmethod 0x00007fd782016210
Event: 314.652 Thread 0x00007fd7940ee670 flushing  nmethod 0x00007fd7820e7110
Event: 314.652 Thread 0x00007fd7940ee670 flushing  nmethod 0x00007fd782211390
Event: 314.652 Thread 0x00007fd7940ee670 flushing  nmethod 0x00007fd7824dc810
Event: 314.652 Thread 0x00007fd7940ee670 flushing  nmethod 0x00007fd782625290
Event: 314.652 Thread 0x00007fd7940ee670 flushing  nmethod 0x00007fd7826b5290
Event: 314.652 Thread 0x00007fd7940ee670 flushing  nmethod 0x00007fd78271f890
Event: 314.652 Thread 0x00007fd7940ee670 flushing  nmethod 0x00007fd78274df10
Event: 314.652 Thread 0x00007fd7940ee670 flushing  nmethod 0x00007fd78279e510
Event: 314.652 Thread 0x00007fd7940ee670 flushing  nmethod 0x00007fd78291ee90
Event: 314.652 Thread 0x00007fd7940ee670 flushing  nmethod 0x00007fd782b26e90
Event: 314.652 Thread 0x00007fd7940ee670 flushing  nmethod 0x00007fd782b3b290
Event: 314.652 Thread 0x00007fd7940ee670 flushing  nmethod 0x00007fd782b56610
Event: 314.652 Thread 0x00007fd7940ee670 flushing  nmethod 0x00007fd782c07210
Event: 314.652 Thread 0x00007fd7940ee670 flushing  nmethod 0x00007fd782f9c290
Event: 314.652 Thread 0x00007fd7940ee670 flushing  nmethod 0x00007fd7830f8c10
Event: 314.652 Thread 0x00007fd7940ee670 flushing  nmethod 0x00007fd783194b10
Event: 314.652 Thread 0x00007fd7940ee670 flushing  nmethod 0x00007fd78329b390
Event: 314.652 Thread 0x00007fd7940ee670 flushing  nmethod 0x00007fd7833dfb10

Events (20 events):
Event: 283.061 Thread 0x00007fd7941c8860 Thread added: 0x00007fd744466e30
Event: 283.061 Thread 0x00007fd73c10f980 Thread added: 0x00007fd79549bb50
Event: 283.770 Thread 0x00007fd794b05ba0 Thread added: 0x00005586a7285a20
Event: 284.215 Thread 0x00007fd794b05ba0 Thread added: 0x00005586a730db50
Event: 285.158 Thread 0x00007fd73c10f980 Thread added: 0x00007fd7954f9e60
Event: 286.181 Thread 0x00007fd73c10f980 Thread added: 0x00007fd7954f8150
Event: 286.669 Thread 0x00007fd73c10f980 Thread added: 0x00007fd795501c90
Event: 286.908 Thread 0x00007fd73c10f980 Thread added: 0x00007fd7954feb90
Event: 288.299 Thread 0x00007fd744466e30 Thread exited: 0x00007fd744466e30
Event: 288.470 Thread 0x00007fd73c10f980 Thread added: 0x00007fd795629350
Event: 291.438 Thread 0x00007fd7941c9f20 Thread added: 0x00007fd7385d2060
Event: 292.895 Thread 0x00007fd73c10f980 Thread added: 0x00007fd795b78630
Event: 296.675 Thread 0x00007fd7385d2060 Thread exited: 0x00007fd7385d2060
Event: 297.480 Thread 0x00007fd73c10f980 Thread added: 0x00007fd795c163f0
Event: 297.903 Thread 0x00007fd7941c9f20 Thread added: 0x00007fd738a926a0
Event: 299.451 Thread 0x00007fd738a926a0 Thread exited: 0x00007fd738a926a0
Event: 310.811 Thread 0x00007fd795c163f0 Thread added: 0x00007fd7501d18f0
Event: 310.812 Thread 0x00007fd795c163f0 Thread added: 0x00007fd7501d2580
Event: 310.812 Thread 0x00007fd7501d18f0 Thread added: 0x00007fd75818fa00
Event: 310.813 Thread 0x00007fd795c163f0 Thread added: 0x00007fd7501d3400


Dynamic libraries:
c0000000-f0d00000 rw-p 00000000 00:00 0 
f0d00000-fe600000 ---p 00000000 00:00 0 
fe600000-100040000 rw-p 00000000 00:00 0 
100040000-1000c0000 rw-p 00000000 00:00 0 
1000c0000-100100000 rw-p 00000000 00:00 0 
100100000-100160000 rw-p 00000000 00:00 0 
100160000-100180000 rw-p 00000000 00:00 0 
100180000-1001c0000 rw-p 00000000 00:00 0 
1001c0000-100200000 rw-p 00000000 00:00 0 
100200000-100240000 rw-p 00000000 00:00 0 
100240000-100280000 rw-p 00000000 00:00 0 
100280000-100640000 rw-p 00000000 00:00 0 
100640000-1006c0000 rw-p 00000000 00:00 0 
1006c0000-100700000 rw-p 00000000 00:00 0 
100700000-100bc0000 rw-p 00000000 00:00 0 
100bc0000-100c00000 rw-p 00000000 00:00 0 
100c00000-101240000 rw-p 00000000 00:00 0 
101240000-101280000 rw-p 00000000 00:00 0 
101280000-101810000 rw-p 00000000 00:00 0 
101810000-140000000 ---p 00000000 00:00 0 
558694858000-558694859000 r--p 00000000 08:01 11034156                   /home/elonmusk/Desktop/android_studio/android-studio/jbr/bin/java
558694859000-55869485a000 r-xp 00000000 08:01 11034156                   /home/elonmusk/Desktop/android_studio/android-studio/jbr/bin/java
55869485a000-55869485c000 r--p 00000000 08:01 11034156                   /home/elonmusk/Desktop/android_studio/android-studio/jbr/bin/java
55869485c000-55869485d000 rw-p 00001000 08:01 11034156                   /home/elonmusk/Desktop/android_studio/android-studio/jbr/bin/java
5586a71f3000-5586a734d000 rw-p 00000000 00:00 0                          [heap]
7fd6f6972000-7fd6f6bfc000 rw-p 00000000 00:00 0 
7fd6f6bfc000-7fd6f6bfd000 rw-p 00000000 00:00 0 
7fd6f6bfd000-7fd6f6c01000 ---p 00000000 00:00 0 
7fd6f6c01000-7fd6f6cfe000 rw-p 00000000 00:00 0 
7fd6f6cfe000-7fd6f6d02000 ---p 00000000 00:00 0 
7fd6f6d02000-7fd6f6dff000 rw-p 00000000 00:00 0 
7fd6f6dff000-7fd6f6e03000 ---p 00000000 00:00 0 
7fd6f6e03000-7fd6f6f00000 rw-p 00000000 00:00 0 
7fd6f6f00000-7fd6f6f04000 ---p 00000000 00:00 0 
7fd6f6f04000-7fd6f7000000 rw-p 00000000 00:00 0 
7fd6f7000000-7fd6f8390000 rw-p 00000000 00:00 0 
7fd6f8390000-7fd6fb000000 ---p 00000000 00:00 0 
7fd6fb0f1000-7fd6fb0f2000 rw-p 00000000 00:00 0 
7fd6fb0f2000-7fd6fb0f6000 ---p 00000000 00:00 0 
7fd6fb0f6000-7fd6fb1f3000 rw-p 00000000 00:00 0 
7fd6fb1f3000-7fd6fb1f7000 ---p 00000000 00:00 0 
7fd6fb1f7000-7fd6fb2f4000 rw-p 00000000 00:00 0 
7fd6fb2f4000-7fd6fb2f8000 ---p 00000000 00:00 0 
7fd6fb2f8000-7fd6fb3f5000 rw-p 00000000 00:00 0 
7fd6fb3f5000-7fd6fb3f9000 ---p 00000000 00:00 0 
7fd6fb3f9000-7fd6fb4f6000 rw-p 00000000 00:00 0 
7fd6fb4f6000-7fd6fb4fa000 ---p 00000000 00:00 0 
7fd6fb4fa000-7fd6fb5f7000 rw-p 00000000 00:00 0 
7fd6fb5f7000-7fd6fb5fb000 ---p 00000000 00:00 0 
7fd6fb5fb000-7fd6fb6f8000 rw-p 00000000 00:00 0 
7fd6fb6f8000-7fd6fb6fc000 ---p 00000000 00:00 0 
7fd6fb6fc000-7fd6fb7f9000 rw-p 00000000 00:00 0 
7fd6fb7f9000-7fd6fb7fd000 ---p 00000000 00:00 0 
7fd6fb7fd000-7fd6fb8fa000 rw-p 00000000 00:00 0 
7fd6fb8fa000-7fd6fb8fe000 ---p 00000000 00:00 0 
7fd6fb8fe000-7fd6fb9fb000 rw-p 00000000 00:00 0 
7fd6fb9fb000-7fd6fb9ff000 ---p 00000000 00:00 0 
7fd6fb9ff000-7fd6fbafc000 rw-p 00000000 00:00 0 
7fd6fbafc000-7fd6fbb00000 ---p 00000000 00:00 0 
7fd6fbb00000-7fd6fbbfd000 rw-p 00000000 00:00 0 
7fd6fbbfd000-7fd6fbc01000 ---p 00000000 00:00 0 
7fd6fbc01000-7fd6fbcfe000 rw-p 00000000 00:00 0 
7fd6fbcfe000-7fd6fbd02000 ---p 00000000 00:00 0 
7fd6fbd02000-7fd6fbdff000 rw-p 00000000 00:00 0 
7fd6fbdff000-7fd6fbe03000 ---p 00000000 00:00 0 
7fd6fbe03000-7fd6fbf00000 rw-p 00000000 00:00 0 
7fd6fbf00000-7fd6fbf04000 ---p 00000000 00:00 0 
7fd6fbf04000-7fd6fc000000 rw-p 00000000 00:00 0 
7fd6fc000000-7fd6fc100000 rw-p 00000000 00:00 0 
7fd6fc100000-7fd6fc200000 rw-p 00000000 00:00 0 
7fd6fc200000-7fd6fc300000 rw-p 00000000 00:00 0 
7fd6fc300000-7fd6fc400000 rw-p 00000000 00:00 0 
7fd6fc400000-7fd6fcf00000 rw-p 00000000 00:00 0 
7fd6fcf00000-7fd6fd580000 rw-p 00000000 00:00 0 
7fd6fd580000-7fd6fd600000 rw-p 00000000 00:00 0 
7fd6fd600000-7fd6feb80000 rw-p 00000000 00:00 0 
7fd6feb80000-7fd6fec00000 rw-p 00000000 00:00 0 
7fd6fec00000-7fd6ff580000 rw-p 00000000 00:00 0 
7fd6ff580000-7fd6ff700000 rw-p 00000000 00:00 0 
7fd6ff700000-7fd6ff800000 rw-p 00000000 00:00 0 
7fd6ff800000-7fd700000000 rw-p 00000000 00:00 0 
7fd700000000-7fd700040000 rw-p 00000000 00:00 0 
7fd700040000-7fd704000000 ---p 00000000 00:00 0 
7fd704000000-7fd7040e6000 rw-p 00000000 00:00 0 
7fd7040e6000-7fd708000000 ---p 00000000 00:00 0 
7fd708000000-7fd708021000 rw-p 00000000 00:00 0 
7fd708021000-7fd70c000000 ---p 00000000 00:00 0 
7fd70c000000-7fd70c316000 rw-p 00000000 00:00 0 
7fd70c316000-7fd710000000 ---p 00000000 00:00 0 
7fd710000000-7fd71005b000 rw-p 00000000 00:00 0 
7fd71005b000-7fd714000000 ---p 00000000 00:00 0 
7fd714000000-7fd717aad000 rw-p 00000000 00:00 0 
7fd717aad000-7fd718000000 ---p 00000000 00:00 0 
7fd718000000-7fd718021000 rw-p 00000000 00:00 0 
7fd718021000-7fd71c000000 ---p 00000000 00:00 0 
7fd71c000000-7fd71c083000 rw-p 00000000 00:00 0 
7fd71c083000-7fd720000000 ---p 00000000 00:00 0 
7fd720000000-7fd720058000 rw-p 00000000 00:00 0 
7fd720058000-7fd724000000 ---p 00000000 00:00 0 
7fd724000000-7fd724022000 rw-p 00000000 00:00 0 
7fd724022000-7fd728000000 ---p 00000000 00:00 0 
7fd728000000-7fd7284c9000 rw-p 00000000 00:00 0 
7fd7284c9000-7fd72c000000 ---p 00000000 00:00 0 
7fd72c000000-7fd72d47e000 rw-p 00000000 00:00 0 
7fd72d47e000-7fd730000000 ---p 00000000 00:00 0 
7fd730000000-7fd730066000 rw-p 00000000 00:00 0 
7fd730066000-7fd734000000 ---p 00000000 00:00 0 
7fd734000000-7fd734079000 rw-p 00000000 00:00 0 
7fd734079000-7fd738000000 ---p 00000000 00:00 0 
7fd738000000-7fd739779000 rw-p 00000000 00:00 0 
7fd739779000-7fd73c000000 ---p 00000000 00:00 0 
7fd73c000000-7fd73c113000 rw-p 00000000 00:00 0 
7fd73c113000-7fd740000000 ---p 00000000 00:00 0 
7fd740000000-7fd740021000 rw-p 00000000 00:00 0 
7fd740021000-7fd744000000 ---p 00000000 00:00 0 
7fd744000000-7fd7461d8000 rw-p 00000000 00:00 0 
7fd7461d8000-7fd748000000 ---p 00000000 00:00 0 
7fd748000000-7fd7493a6000 rw-p 00000000 00:00 0 
7fd7493a6000-7fd74c000000 ---p 00000000 00:00 0 
7fd74c000000-7fd74c0f7000 rw-p 00000000 00:00 0 
7fd74c0f7000-7fd750000000 ---p 00000000 00:00 0 
7fd750000000-7fd7501d8000 rw-p 00000000 00:00 0 
7fd7501d8000-7fd754000000 ---p 00000000 00:00 0 
7fd754000000-7fd754021000 rw-p 00000000 00:00 0 
7fd754021000-7fd758000000 ---p 00000000 00:00 0 
7fd758000000-7fd75830c000 rw-p 00000000 00:00 0 
7fd75830c000-7fd75c000000 ---p 00000000 00:00 0 
7fd75c000000-7fd75ca7f000 rw-p 00000000 00:00 0 
7fd75ca7f000-7fd760000000 ---p 00000000 00:00 0 
7fd760000000-7fd760500000 rw-p 00000000 00:00 0 
7fd760500000-7fd760520000 rw-p 00000000 00:00 0 
7fd760520000-7fd760540000 rw-p 00000000 00:00 0 
7fd760540000-7fd760580000 rw-p 00000000 00:00 0 
7fd760580000-7fd760700000 rw-p 00000000 00:00 0 
7fd760700000-7fd760760000 rw-p 00000000 00:00 0 
7fd760760000-7fd760780000 rw-p 00000000 00:00 0 
7fd760780000-7fd760900000 rw-p 00000000 00:00 0 
7fd760900000-7fd760b00000 rw-p 00000000 00:00 0 
7fd760b00000-7fd760c00000 rw-p 00000000 00:00 0 
7fd760c00000-7fd760cc0000 rw-p 00000000 00:00 0 
7fd760cc0000-7fd760d00000 rw-p 00000000 00:00 0 
7fd760d00000-7fd760f00000 rw-p 00000000 00:00 0 
7fd760f00000-7fd760fc0000 rw-p 00000000 00:00 0 
7fd760fc0000-7fd761100000 rw-p 00000000 00:00 0 
7fd761100000-7fd761300000 rw-p 00000000 00:00 0 
7fd761300000-7fd761400000 rw-p 00000000 00:00 0 
7fd761400000-7fd761f00000 rw-p 00000000 00:00 0 
7fd761f00000-7fd762000000 rw-p 00000000 00:00 0 
7fd762000000-7fd762500000 rw-p 00000000 00:00 0 
7fd762500000-7fd762700000 rw-p 00000000 00:00 0 
7fd762700000-7fd762800000 rw-p 00000000 00:00 0 
7fd762800000-7fd763180000 rw-p 00000000 00:00 0 
7fd763180000-7fd763200000 rw-p 00000000 00:00 0 
7fd763200000-7fd764000000 rw-p 00000000 00:00 0 
7fd764000000-7fd764112000 rw-p 00000000 00:00 0 
7fd764112000-7fd768000000 ---p 00000000 00:00 0 
7fd768000000-7fd768047000 rw-p 00000000 00:00 0 
7fd768047000-7fd76c000000 ---p 00000000 00:00 0 
7fd76c000000-7fd76c0f6000 rw-p 00000000 00:00 0 
7fd76c0f6000-7fd770000000 ---p 00000000 00:00 0 
7fd7700e1000-7fd7700e2000 rw-p 00000000 00:00 0 
7fd7700e2000-7fd7700e6000 ---p 00000000 00:00 0 
7fd7700e6000-7fd7701e3000 rw-p 00000000 00:00 0 
7fd7701e3000-7fd7701e7000 ---p 00000000 00:00 0 
7fd7701e7000-7fd7702e4000 rw-p 00000000 00:00 0 
7fd7702e4000-7fd7702e8000 ---p 00000000 00:00 0 
7fd7702e8000-7fd7703e5000 rw-p 00000000 00:00 0 
7fd7703e5000-7fd7703e9000 ---p 00000000 00:00 0 
7fd7703e9000-7fd7704e6000 rw-p 00000000 00:00 0 
7fd7704e6000-7fd7704ea000 ---p 00000000 00:00 0 
7fd7704ea000-7fd7705e7000 rw-p 00000000 00:00 0 
7fd7705e7000-7fd7705eb000 ---p 00000000 00:00 0 
7fd7705eb000-7fd7706e8000 rw-p 00000000 00:00 0 
7fd7706e8000-7fd7706ec000 ---p 00000000 00:00 0 
7fd7706ec000-7fd7707e9000 rw-p 00000000 00:00 0 
7fd7707e9000-7fd7707ed000 ---p 00000000 00:00 0 
7fd7707ed000-7fd7708ea000 rw-p 00000000 00:00 0 
7fd7708ea000-7fd7708ee000 ---p 00000000 00:00 0 
7fd7708ee000-7fd7709eb000 rw-p 00000000 00:00 0 
7fd7709eb000-7fd7709ef000 ---p 00000000 00:00 0 
7fd7709ef000-7fd770aec000 rw-p 00000000 00:00 0 
7fd770aec000-7fd770af0000 ---p 00000000 00:00 0 
7fd770af0000-7fd770bed000 rw-p 00000000 00:00 0 
7fd770bed000-7fd770bf1000 ---p 00000000 00:00 0 
7fd770bf1000-7fd770cee000 rw-p 00000000 00:00 0 
7fd770cee000-7fd770cf2000 ---p 00000000 00:00 0 
7fd770cf2000-7fd770def000 rw-p 00000000 00:00 0 
7fd770def000-7fd770df3000 ---p 00000000 00:00 0 
7fd770df3000-7fd770ef0000 rw-p 00000000 00:00 0 
7fd770ef0000-7fd770ef4000 ---p 00000000 00:00 0 
7fd770ef4000-7fd770ff1000 rw-p 00000000 00:00 0 
7fd770ff1000-7fd770ff5000 ---p 00000000 00:00 0 
7fd770ff5000-7fd7710f2000 rw-p 00000000 00:00 0 
7fd7710f2000-7fd7710f6000 ---p 00000000 00:00 0 
7fd7710f6000-7fd7711f3000 rw-p 00000000 00:00 0 
7fd7711f3000-7fd7711f7000 ---p 00000000 00:00 0 
7fd7711f7000-7fd7712f4000 rw-p 00000000 00:00 0 
7fd7712f4000-7fd7712f8000 ---p 00000000 00:00 0 
7fd7712f8000-7fd7713f5000 rw-p 00000000 00:00 0 
7fd7713f5000-7fd7713f9000 ---p 00000000 00:00 0 
7fd7713f9000-7fd7714f6000 rw-p 00000000 00:00 0 
7fd7714f6000-7fd7714fa000 ---p 00000000 00:00 0 
7fd7714fa000-7fd7715f7000 rw-p 00000000 00:00 0 
7fd7715f7000-7fd7715fb000 ---p 00000000 00:00 0 
7fd7715fb000-7fd7716f8000 rw-p 00000000 00:00 0 
7fd7716f8000-7fd7716fc000 ---p 00000000 00:00 0 
7fd7716fc000-7fd7717f9000 rw-p 00000000 00:00 0 
7fd7717f9000-7fd7717fd000 ---p 00000000 00:00 0 
7fd7717fd000-7fd7718fa000 rw-p 00000000 00:00 0 
7fd7718fa000-7fd7718fe000 ---p 00000000 00:00 0 
7fd7718fe000-7fd7719fb000 rw-p 00000000 00:00 0 
7fd7719fb000-7fd7719ff000 ---p 00000000 00:00 0 
7fd7719ff000-7fd771afc000 rw-p 00000000 00:00 0 
7fd771afc000-7fd771b00000 ---p 00000000 00:00 0 
7fd771b00000-7fd771bfd000 rw-p 00000000 00:00 0 
7fd771bfd000-7fd771c01000 ---p 00000000 00:00 0 
7fd771c01000-7fd771cfe000 rw-p 00000000 00:00 0 
7fd771cfe000-7fd771d02000 ---p 00000000 00:00 0 
7fd771d02000-7fd771dff000 rw-p 00000000 00:00 0 
7fd771dff000-7fd771e03000 ---p 00000000 00:00 0 
7fd771e03000-7fd771f00000 rw-p 00000000 00:00 0 
7fd771f00000-7fd771f04000 ---p 00000000 00:00 0 
7fd771f04000-7fd772000000 rw-p 00000000 00:00 0 
7fd772000000-7fd774021000 rw-p 00000000 00:00 0 
7fd774021000-7fd778000000 ---p 00000000 00:00 0 
7fd778000000-7fd7781d2000 rw-p 00000000 00:00 0 
7fd7781d2000-7fd77c000000 ---p 00000000 00:00 0 
7fd77c000000-7fd77c065000 rw-p 00000000 00:00 0 
7fd77c065000-7fd780000000 ---p 00000000 00:00 0 
7fd7800f5000-7fd7800f6000 rw-p 00000000 00:00 0 
7fd7800f6000-7fd7800fa000 ---p 00000000 00:00 0 
7fd7800fa000-7fd7801f7000 rw-p 00000000 00:00 0 
7fd7801f7000-7fd7801fb000 ---p 00000000 00:00 0 
7fd7801fb000-7fd7802f8000 rw-p 00000000 00:00 0 
7fd7802f8000-7fd7802fc000 ---p 00000000 00:00 0 
7fd7802fc000-7fd7803f9000 rw-p 00000000 00:00 0 
7fd7803f9000-7fd7803fd000 ---p 00000000 00:00 0 
7fd7803fd000-7fd7804fa000 rw-p 00000000 00:00 0 
7fd7804fa000-7fd7804fe000 ---p 00000000 00:00 0 
7fd7804fe000-7fd7805fb000 rw-p 00000000 00:00 0 
7fd7805fb000-7fd7805ff000 ---p 00000000 00:00 0 
7fd7805ff000-7fd7806fc000 rw-p 00000000 00:00 0 
7fd7806fc000-7fd780700000 ---p 00000000 00:00 0 
7fd780700000-7fd7807fd000 rw-p 00000000 00:00 0 
7fd7807fd000-7fd780801000 ---p 00000000 00:00 0 
7fd780801000-7fd7808fe000 rw-p 00000000 00:00 0 
7fd7808fe000-7fd780902000 ---p 00000000 00:00 0 
7fd780902000-7fd7809ff000 rw-p 00000000 00:00 0 
7fd7809ff000-7fd780a03000 ---p 00000000 00:00 0 
7fd780a03000-7fd780c00000 rw-p 00000000 00:00 0 
7fd780c00000-7fd780c05000 r-xp 00000000 08:01 17702337                   /home/elonmusk/.gradle/native/1def1411415f61bf3af743bc5b6707747c0891f09f0c88961ee8f79bc544acac/linux-amd64/libnative-platform.so
7fd780c05000-7fd780e05000 ---p 00005000 08:01 17702337                   /home/elonmusk/.gradle/native/1def1411415f61bf3af743bc5b6707747c0891f09f0c88961ee8f79bc544acac/linux-amd64/libnative-platform.so
7fd780e05000-7fd780e06000 r--p 00005000 08:01 17702337                   /home/elonmusk/.gradle/native/1def1411415f61bf3af743bc5b6707747c0891f09f0c88961ee8f79bc544acac/linux-amd64/libnative-platform.so
7fd780e06000-7fd780e07000 rw-p 00006000 08:01 17702337                   /home/elonmusk/.gradle/native/1def1411415f61bf3af743bc5b6707747c0891f09f0c88961ee8f79bc544acac/linux-amd64/libnative-platform.so
7fd780e64000-7fd780ea0000 r--p 00000000 08:01 17702347                   /home/elonmusk/.gradle/native/0.2.7/x86_64-linux-gnu/libgradle-fileevents.so
7fd780ea0000-7fd780ee8000 r-xp 0003b000 08:01 17702347                   /home/elonmusk/.gradle/native/0.2.7/x86_64-linux-gnu/libgradle-fileevents.so
7fd780ee8000-7fd780ef1000 r--p 00082000 08:01 17702347                   /home/elonmusk/.gradle/native/0.2.7/x86_64-linux-gnu/libgradle-fileevents.so
7fd780ef1000-7fd780ef2000 rw-p 0008a000 08:01 17702347                   /home/elonmusk/.gradle/native/0.2.7/x86_64-linux-gnu/libgradle-fileevents.so
7fd780ef2000-7fd780ef5000 rw-p 00000000 00:00 0 
7fd780ef5000-7fd7810f8000 rw-p 00000000 00:00 0 
7fd7810f8000-7fd7810fc000 ---p 00000000 00:00 0 
7fd7810fc000-7fd7811f9000 rw-p 00000000 00:00 0 
7fd7811f9000-7fd7811fd000 ---p 00000000 00:00 0 
7fd7811fd000-7fd7812fa000 rw-p 00000000 00:00 0 
7fd7812fa000-7fd7812fe000 ---p 00000000 00:00 0 
7fd7812fe000-7fd7813fb000 rw-p 00000000 00:00 0 
7fd7813fb000-7fd7813ff000 ---p 00000000 00:00 0 
7fd7813ff000-7fd7814fc000 rw-p 00000000 00:00 0 
7fd7814fc000-7fd781500000 ---p 00000000 00:00 0 
7fd781500000-7fd7815fd000 rw-p 00000000 00:00 0 
7fd7815fd000-7fd781601000 ---p 00000000 00:00 0 
7fd781601000-7fd7816fe000 rw-p 00000000 00:00 0 
7fd7816fe000-7fd781702000 ---p 00000000 00:00 0 
7fd781702000-7fd7817ff000 rw-p 00000000 00:00 0 
7fd7817ff000-7fd781803000 ---p 00000000 00:00 0 
7fd781803000-7fd781900000 rw-p 00000000 00:00 0 
7fd781900000-7fd781904000 ---p 00000000 00:00 0 
7fd781904000-7fd781a00000 rw-p 00000000 00:00 0 
7fd781a00000-7fd781cec000 r--p 00000000 08:01 4063826                    /usr/lib/locale/locale-archive
7fd781cff000-7fd781e00000 rw-p 00000000 00:00 0 
7fd781e00000-7fd783a70000 rwxp 00000000 00:00 0 
7fd783a70000-7fd789337000 ---p 00000000 00:00 0 
7fd789337000-7fd789657000 rwxp 00000000 00:00 0 
7fd789657000-7fd7898c8000 ---p 00000000 00:00 0 
7fd7898c8000-7fd78a418000 rwxp 00000000 00:00 0 
7fd78a418000-7fd790e00000 ---p 00000000 00:00 0 
7fd790e00000-7fd793f80000 r--s 00000000 08:01 11032077                   /home/elonmusk/Desktop/android_studio/android-studio/jbr/lib/modules
7fd794000000-7fd795c78000 rw-p 00000000 00:00 0 
7fd795c78000-7fd798000000 ---p 00000000 00:00 0 
7fd798021000-7fd798028000 r--s 00000000 08:01 4065233                    /usr/lib/x86_64-linux-gnu/gconv/gconv-modules.cache
7fd798028000-7fd79802a000 r--p 00000000 08:01 11033310                   /home/elonmusk/Desktop/android_studio/android-studio/jbr/lib/libextnet.so
7fd79802a000-7fd79802b000 r-xp 00001000 08:01 11033310                   /home/elonmusk/Desktop/android_studio/android-studio/jbr/lib/libextnet.so
7fd79802b000-7fd79802c000 r--p 00001000 08:01 11033310                   /home/elonmusk/Desktop/android_studio/android-studio/jbr/lib/libextnet.so
7fd79802c000-7fd79802d000 rw-p 00001000 08:01 11033310                   /home/elonmusk/Desktop/android_studio/android-studio/jbr/lib/libextnet.so
7fd79802d000-7fd798030000 r--p 00000000 08:01 11030949                   /home/elonmusk/Desktop/android_studio/android-studio/jbr/lib/libmanagement_ext.so
7fd798030000-7fd798033000 r-xp 00002000 08:01 11030949                   /home/elonmusk/Desktop/android_studio/android-studio/jbr/lib/libmanagement_ext.so
7fd798033000-7fd798034000 r--p 00004000 08:01 11030949                   /home/elonmusk/Desktop/android_studio/android-studio/jbr/lib/libmanagement_ext.so
7fd798034000-7fd798035000 rw-p 00004000 08:01 11030949                   /home/elonmusk/Desktop/android_studio/android-studio/jbr/lib/libmanagement_ext.so
7fd798035000-7fd798038000 r--p 00000000 08:01 11032046                   /home/elonmusk/Desktop/android_studio/android-studio/jbr/lib/libmanagement.so
7fd798038000-7fd79803a000 r-xp 00002000 08:01 11032046                   /home/elonmusk/Desktop/android_studio/android-studio/jbr/lib/libmanagement.so
7fd79803a000-7fd79803b000 r--p 00003000 08:01 11032046                   /home/elonmusk/Desktop/android_studio/android-studio/jbr/lib/libmanagement.so
7fd79803b000-7fd79803c000 rw-p 00003000 08:01 11032046                   /home/elonmusk/Desktop/android_studio/android-studio/jbr/lib/libmanagement.so
7fd79803c000-7fd798042000 r--p 00000000 08:01 11032419                   /home/elonmusk/Desktop/android_studio/android-studio/jbr/lib/libverify.so
7fd798042000-7fd79804a000 r-xp 00005000 08:01 11032419                   /home/elonmusk/Desktop/android_studio/android-studio/jbr/lib/libverify.so
7fd79804a000-7fd79804c000 r--p 0000c000 08:01 11032419                   /home/elonmusk/Desktop/android_studio/android-studio/jbr/lib/libverify.so
7fd79804c000-7fd79804d000 rw-p 0000d000 08:01 11032419                   /home/elonmusk/Desktop/android_studio/android-studio/jbr/lib/libverify.so
7fd79804d000-7fd798051000 r--p 00000000 08:01 11033303                   /home/elonmusk/Desktop/android_studio/android-studio/jbr/lib/libnet.so
7fd798051000-7fd798059000 r-xp 00003000 08:01 11033303                   /home/elonmusk/Desktop/android_studio/android-studio/jbr/lib/libnet.so
7fd798059000-7fd79805a000 r--p 0000a000 08:01 11033303                   /home/elonmusk/Desktop/android_studio/android-studio/jbr/lib/libnet.so
7fd79805a000-7fd79805b000 rw-p 0000a000 08:01 11033303                   /home/elonmusk/Desktop/android_studio/android-studio/jbr/lib/libnet.so
7fd79805b000-7fd79815c000 rw-p 00000000 00:00 0 
7fd79815c000-7fd7982f7000 rw-p 00000000 00:00 0 
7fd7982f7000-7fd7984f9000 rw-p 00000000 00:00 0 
7fd7984f9000-7fd7988fd000 rw-p 00000000 00:00 0 
7fd7988fd000-7fd798c00000 rw-p 00000000 00:00 0 
7fd798c00000-7fd799834000 rw-p 00000000 00:00 0 
7fd799834000-7fd799b98000 ---p 00000000 00:00 0 
7fd799b98000-7fd799d87000 rw-p 00000000 00:00 0 
7fd799d87000-7fd799df3000 ---p 00000000 00:00 0 
7fd799df3000-7fd799f87000 rw-p 00000000 00:00 0 
7fd799f87000-7fd799ff3000 ---p 00000000 00:00 0 
7fd799ff3000-7fd79a000000 rw-p 00000000 00:00 0 
7fd79a001000-7fd79a00c000 r--p 00000000 08:01 11032787                   /home/elonmusk/Desktop/android_studio/android-studio/jbr/lib/libnio.so
7fd79a00c000-7fd79a015000 r-xp 0000a000 08:01 11032787                   /home/elonmusk/Desktop/android_studio/android-studio/jbr/lib/libnio.so
7fd79a015000-7fd79a016000 r--p 00012000 08:01 11032787                   /home/elonmusk/Desktop/android_studio/android-studio/jbr/lib/libnio.so
7fd79a016000-7fd79a017000 rw-p 00012000 08:01 11032787                   /home/elonmusk/Desktop/android_studio/android-studio/jbr/lib/libnio.so
7fd79a017000-7fd79a020000 r--p 00000000 08:01 11033304                   /home/elonmusk/Desktop/android_studio/android-studio/jbr/lib/libzip.so
7fd79a020000-7fd79a035000 r-xp 00008000 08:01 11033304                   /home/elonmusk/Desktop/android_studio/android-studio/jbr/lib/libzip.so
7fd79a035000-7fd79a036000 r--p 0001c000 08:01 11033304                   /home/elonmusk/Desktop/android_studio/android-studio/jbr/lib/libzip.so
7fd79a036000-7fd79a037000 rw-p 0001c000 08:01 11033304                   /home/elonmusk/Desktop/android_studio/android-studio/jbr/lib/libzip.so
7fd79a037000-7fd79a092000 rw-p 00000000 00:00 0 
7fd79a0d3000-7fd79a511000 rw-p 00000000 00:00 0 
7fd79a511000-7fd79a5e5000 ---p 00000000 00:00 0 
7fd79a5e5000-7fd79a61e000 rw-p 00000000 00:00 0 
7fd79a61e000-7fd79a6d0000 ---p 00000000 00:00 0 
7fd79a6d0000-7fd79a6d7000 rw-p 00000000 00:00 0 
7fd79a6d7000-7fd79a6dc000 ---p 00000000 00:00 0 
7fd79a6dc000-7fd79a6ee000 r--p 00000000 08:01 11033305                   /home/elonmusk/Desktop/android_studio/android-studio/jbr/lib/libjava.so
7fd79a6ee000-7fd79a6fd000 r-xp 00011000 08:01 11033305                   /home/elonmusk/Desktop/android_studio/android-studio/jbr/lib/libjava.so
7fd79a6fd000-7fd79a6fe000 r--p 0001f000 08:01 11033305                   /home/elonmusk/Desktop/android_studio/android-studio/jbr/lib/libjava.so
7fd79a6fe000-7fd79a700000 rw-p 0001f000 08:01 11033305                   /home/elonmusk/Desktop/android_studio/android-studio/jbr/lib/libjava.so
7fd79a700000-7fd79a704000 ---p 00000000 00:00 0 
7fd79a704000-7fd79a800000 rw-p 00000000 00:00 0 
7fd79a800000-7fd79ad5c000 r--p 00000000 08:01 11030919                   /home/elonmusk/Desktop/android_studio/android-studio/jbr/lib/server/libjvm.so
7fd79ad5c000-7fd79b8e4000 r-xp 0055b000 08:01 11030919                   /home/elonmusk/Desktop/android_studio/android-studio/jbr/lib/server/libjvm.so
7fd79b8e4000-7fd79b9b1000 r--p 010e2000 08:01 11030919                   /home/elonmusk/Desktop/android_studio/android-studio/jbr/lib/server/libjvm.so
7fd79b9b1000-7fd79b9d4000 rw-p 011ae000 08:01 11030919                   /home/elonmusk/Desktop/android_studio/android-studio/jbr/lib/server/libjvm.so
7fd79b9d4000-7fd79ba4c000 rw-p 00000000 00:00 0 
7fd79ba4f000-7fd79ba57000 rw-s 00000000 00:2a 370                        /tmp/hsperfdata_elonmusk/5879
7fd79ba57000-7fd79ba5b000 r--p 00000000 08:01 11032374                   /home/elonmusk/Desktop/android_studio/android-studio/jbr/lib/libinstrument.so
7fd79ba5b000-7fd79ba62000 r-xp 00003000 08:01 11032374                   /home/elonmusk/Desktop/android_studio/android-studio/jbr/lib/libinstrument.so
7fd79ba62000-7fd79ba63000 r--p 00009000 08:01 11032374                   /home/elonmusk/Desktop/android_studio/android-studio/jbr/lib/libinstrument.so
7fd79ba63000-7fd79ba64000 rw-p 00009000 08:01 11032374                   /home/elonmusk/Desktop/android_studio/android-studio/jbr/lib/libinstrument.so
7fd79ba64000-7fd79ba65000 r--p 00000000 08:01 4065251                    /usr/lib/x86_64-linux-gnu/librt.so.1
7fd79ba65000-7fd79ba66000 r-xp 00001000 08:01 4065251                    /usr/lib/x86_64-linux-gnu/librt.so.1
7fd79ba66000-7fd79ba67000 r--p 00002000 08:01 4065251                    /usr/lib/x86_64-linux-gnu/librt.so.1
7fd79ba67000-7fd79ba68000 r--p 00002000 08:01 4065251                    /usr/lib/x86_64-linux-gnu/librt.so.1
7fd79ba68000-7fd79ba69000 rw-p 00003000 08:01 4065251                    /usr/lib/x86_64-linux-gnu/librt.so.1
7fd79ba69000-7fd79ba7a000 r--p 00000000 08:01 4065240                    /usr/lib/x86_64-linux-gnu/libm.so.6
7fd79ba7a000-7fd79bafd000 r-xp 00011000 08:01 4065240                    /usr/lib/x86_64-linux-gnu/libm.so.6
7fd79bafd000-7fd79bb5d000 r--p 00094000 08:01 4065240                    /usr/lib/x86_64-linux-gnu/libm.so.6
7fd79bb5d000-7fd79bb5e000 r--p 000f3000 08:01 4065240                    /usr/lib/x86_64-linux-gnu/libm.so.6
7fd79bb5e000-7fd79bb5f000 rw-p 000f4000 08:01 4065240                    /usr/lib/x86_64-linux-gnu/libm.so.6
7fd79bb5f000-7fd79bb61000 rw-p 00000000 00:00 0 
7fd79bb61000-7fd79bb89000 r--p 00000000 08:01 4065237                    /usr/lib/x86_64-linux-gnu/libc.so.6
7fd79bb89000-7fd79bcf3000 r-xp 00028000 08:01 4065237                    /usr/lib/x86_64-linux-gnu/libc.so.6
7fd79bcf3000-7fd79bd46000 r--p 00192000 08:01 4065237                    /usr/lib/x86_64-linux-gnu/libc.so.6
7fd79bd46000-7fd79bd4a000 r--p 001e5000 08:01 4065237                    /usr/lib/x86_64-linux-gnu/libc.so.6
7fd79bd4a000-7fd79bd4c000 rw-p 001e9000 08:01 4065237                    /usr/lib/x86_64-linux-gnu/libc.so.6
7fd79bd4c000-7fd79bd59000 rw-p 00000000 00:00 0 
7fd79bd59000-7fd79bd5a000 r--p 00000000 08:01 4065239                    /usr/lib/x86_64-linux-gnu/libdl.so.2
7fd79bd5a000-7fd79bd5b000 r-xp 00001000 08:01 4065239                    /usr/lib/x86_64-linux-gnu/libdl.so.2
7fd79bd5b000-7fd79bd5c000 r--p 00002000 08:01 4065239                    /usr/lib/x86_64-linux-gnu/libdl.so.2
7fd79bd5c000-7fd79bd5d000 r--p 00002000 08:01 4065239                    /usr/lib/x86_64-linux-gnu/libdl.so.2
7fd79bd5d000-7fd79bd5e000 rw-p 00003000 08:01 4065239                    /usr/lib/x86_64-linux-gnu/libdl.so.2
7fd79bd5e000-7fd79bd5f000 r--p 00000000 08:01 4065249                    /usr/lib/x86_64-linux-gnu/libpthread.so.0
7fd79bd5f000-7fd79bd60000 r-xp 00001000 08:01 4065249                    /usr/lib/x86_64-linux-gnu/libpthread.so.0
7fd79bd60000-7fd79bd61000 r--p 00002000 08:01 4065249                    /usr/lib/x86_64-linux-gnu/libpthread.so.0
7fd79bd61000-7fd79bd62000 r--p 00002000 08:01 4065249                    /usr/lib/x86_64-linux-gnu/libpthread.so.0
7fd79bd62000-7fd79bd63000 rw-p 00003000 08:01 4065249                    /usr/lib/x86_64-linux-gnu/libpthread.so.0
7fd79bd66000-7fd79bd67000 ---p 00000000 00:00 0 
7fd79bd67000-7fd79bd68000 r--p 00000000 00:00 0 
7fd79bd68000-7fd79bd69000 ---p 00000000 00:00 0 
7fd79bd69000-7fd79bd74000 r--p 00000000 08:01 11032277                   /home/elonmusk/Desktop/android_studio/android-studio/jbr/lib/libjimage.so
7fd79bd74000-7fd79bd88000 r-xp 0000a000 08:01 11032277                   /home/elonmusk/Desktop/android_studio/android-studio/jbr/lib/libjimage.so
7fd79bd88000-7fd79bd8a000 r--p 0001d000 08:01 11032277                   /home/elonmusk/Desktop/android_studio/android-studio/jbr/lib/libjimage.so
7fd79bd8a000-7fd79bd8b000 rw-p 0001e000 08:01 11032277                   /home/elonmusk/Desktop/android_studio/android-studio/jbr/lib/libjimage.so
7fd79bd8b000-7fd79bd8c000 rw-p 00000000 00:00 0 
7fd79bd8c000-7fd79bd95000 r--p 00000000 08:01 11032641                   /home/elonmusk/Desktop/android_studio/android-studio/jbr/lib/libjli.so
7fd79bd95000-7fd79bda4000 r-xp 00008000 08:01 11032641                   /home/elonmusk/Desktop/android_studio/android-studio/jbr/lib/libjli.so
7fd79bda4000-7fd79bda5000 r--p 00016000 08:01 11032641                   /home/elonmusk/Desktop/android_studio/android-studio/jbr/lib/libjli.so
7fd79bda5000-7fd79bda6000 rw-p 00016000 08:01 11032641                   /home/elonmusk/Desktop/android_studio/android-studio/jbr/lib/libjli.so
7fd79bda6000-7fd79bda8000 rw-p 00000000 00:00 0 
7fd79bda8000-7fd79bdac000 r--p 00000000 00:00 0                          [vvar]
7fd79bdac000-7fd79bdae000 r--p 00000000 00:00 0                          [vvar_vclock]
7fd79bdae000-7fd79bdb0000 r-xp 00000000 00:00 0                          [vdso]
7fd79bdb0000-7fd79bdb1000 r--p 00000000 08:01 4065234                    /usr/lib/x86_64-linux-gnu/ld-linux-x86-64.so.2
7fd79bdb1000-7fd79bdda000 r-xp 00001000 08:01 4065234                    /usr/lib/x86_64-linux-gnu/ld-linux-x86-64.so.2
7fd79bdda000-7fd79bde5000 r--p 0002a000 08:01 4065234                    /usr/lib/x86_64-linux-gnu/ld-linux-x86-64.so.2
7fd79bde5000-7fd79bde7000 r--p 00035000 08:01 4065234                    /usr/lib/x86_64-linux-gnu/ld-linux-x86-64.so.2
7fd79bde7000-7fd79bde8000 rw-p 00037000 08:01 4065234                    /usr/lib/x86_64-linux-gnu/ld-linux-x86-64.so.2
7fd79bde8000-7fd79bde9000 rw-p 00000000 00:00 0 
7ffcd8f0b000-7ffcd8f2d000 rw-p 00000000 00:00 0                          [stack]
Total number of mappings: 403

JVMTI agents:
/home/elonmusk/.gradle/wrapper/dists/gradle-8.13-bin/5xuhj0ry160q40clulazy9h7d/gradle-8.13/lib/agents/gradle-instrumentation-agent-8.13.jar path:none, loaded, initialized, instrumentlib options:none


VM Arguments:
jvm_args: --add-opens=java.base/java.lang=ALL-UNNAMED --add-opens=java.base/java.lang.invoke=ALL-UNNAMED --add-opens=java.base/java.util=ALL-UNNAMED --add-opens=java.prefs/java.util.prefs=ALL-UNNAMED --add-exports=jdk.compiler/com.sun.tools.javac.api=ALL-UNNAMED --add-exports=jdk.compiler/com.sun.tools.javac.util=ALL-UNNAMED --add-opens=java.base/java.util=ALL-UNNAMED --add-opens=java.prefs/java.util.prefs=ALL-UNNAMED --add-opens=java.base/java.nio.charset=ALL-UNNAMED --add-opens=java.base/java.net=ALL-UNNAMED --add-opens=java.base/java.util.concurrent.atomic=ALL-UNNAMED --add-opens=java.xml/javax.xml.namespace=ALL-UNNAMED -Xmx1024m -Dfile.encoding=UTF-8 -Duser.country=US -Duser.language=en -Duser.variant -javaagent:/home/elonmusk/.gradle/wrapper/dists/gradle-8.13-bin/5xuhj0ry160q40clulazy9h7d/gradle-8.13/lib/agents/gradle-instrumentation-agent-8.13.jar -Dawt.toolkit.name=XToolkit 
java_command: org.gradle.launcher.daemon.bootstrap.GradleDaemon 8.13
java_class_path (initial): /home/elonmusk/.gradle/wrapper/dists/gradle-8.13-bin/5xuhj0ry160q40clulazy9h7d/gradle-8.13/lib/gradle-daemon-main-8.13.jar
Launcher Type: SUN_STANDARD

[Global flags]
     intx CICompilerCount                          = 3                                         {product} {ergonomic}
     uint ConcGCThreads                            = 1                                         {product} {ergonomic}
     uint G1ConcRefinementThreads                  = 4                                         {product} {ergonomic}
   size_t G1HeapRegionSize                         = 1048576                                   {product} {ergonomic}
    uintx GCDrainStackTargetSize                   = 64                                        {product} {ergonomic}
   size_t InitialHeapSize                          = 90177536                                  {product} {ergonomic}
   size_t MarkStackSize                            = 4194304                                   {product} {ergonomic}
   size_t MaxHeapSize                              = 1073741824                                {product} {command line}
   size_t MaxNewSize                               = 643825664                                 {product} {ergonomic}
   size_t MinHeapDeltaBytes                        = 1048576                                   {product} {ergonomic}
   size_t MinHeapSize                              = 8388608                                   {product} {ergonomic}
    uintx NonNMethodCodeHeapSize                   = 5832780                                {pd product} {ergonomic}
    uintx NonProfiledCodeHeapSize                  = 122912730                              {pd product} {ergonomic}
    uintx ProfiledCodeHeapSize                     = 122912730                              {pd product} {ergonomic}
    uintx ReservedCodeCacheSize                    = 251658240                              {pd product} {ergonomic}
     bool SegmentedCodeCache                       = true                                      {product} {ergonomic}
   size_t SoftMaxHeapSize                          = 1073741824                             {manageable} {ergonomic}
     bool UseCompressedOops                        = true                           {product lp64_product} {ergonomic}
     bool UseG1GC                                  = true                                      {product} {ergonomic}

Logging:
Log output configuration:
 #0: stdout all=warning uptime,level,tags foldmultilines=false
 #1: stderr all=off uptime,level,tags foldmultilines=false

Release file:
JAVA_VERSION="21.0.10"
MODULES="java.base java.compiler java.datatransfer java.xml java.prefs java.desktop java.instrument java.logging java.management java.security.sasl java.naming java.rmi java.management.rmi java.net.http java.scripting java.security.jgss java.transaction.xa java.sql java.sql.rowset java.xml.crypto java.se java.smartcardio jdk.accessibility jdk.internal.jvmstat jdk.attach jdk.charsets jdk.internal.opt jdk.zipfs jdk.compiler jdk.crypto.ec jdk.crypto.cryptoki jdk.dynalink jdk.hotspot.agent jdk.httpserver jdk.internal.ed jdk.internal.le jdk.internal.vm.ci jdk.jartool jdk.javadoc jdk.jcmd jdk.jdeps jdk.jdwp.agent jdk.jdi jdk.jfr jdk.jlink jdk.jsobject jdk.localedata jdk.management jdk.management.agent jdk.management.jfr jdk.naming.dns jdk.naming.rmi jdk.net jdk.sctp jdk.security.auth jdk.security.jgss jdk.unsupported jdk.unsupported.desktop jdk.xml.dom"
IMPLEMENTOR="JetBrains s.r.o."
JAVA_RUNTIME_VERSION="21.0.10+-14961533-b1163.108"
LIBC="gnu"
OS_ARCH="x86_64"
OS_NAME="Linux"
SOURCE=".:git:1351622c2ff2"

Environment Variables:
PATH=/home/elonmusk/.local/bin:/usr/local/sbin:/usr/sbin:/sbin:/usr/local/bin:/usr/bin:/bin:/usr/local/games:/usr/games:/snap/bin:/home/elonmusk/.dotnet/tools:/home/elonmusk/Android/Sdk/cmdline-tools/latest/bin:/home/elonmusk/Android/Sdk/platform-tools:/home/elonmusk/Android/Sdk/build-tools/36.0.0: /home/Desktop/flutter_dev/flutter/bin/flutter:/home/elonmusk/Android/Sdk/cmdline-tools/latest/bin:/home/elonmusk/Android/Sdk/platform-tools:/home/elonmusk/Android/Sdk/build-tools/36.0.0: /home/Desktop/flutter_dev/flutter/bin/flutter
XDG_CACHE_HOME=/home/elonmusk/.cache
XDG_CONFIG_HOME=/home/elonmusk/.config
SHELL=/bin/bash
DISPLAY=:0.0
LANG=en_US.UTF-8
TERM=xterm-256color

Active Locale:
LC_ALL=en_US.UTF-8
LC_COLLATE=en_US.UTF-8
LC_CTYPE=en_US.UTF-8
LC_MESSAGES=en_US.UTF-8
LC_MONETARY=en_US.UTF-8
LC_NUMERIC=en_US.UTF-8
LC_TIME=en_US.UTF-8

Signal Handlers:
   SIGSEGV: crash_handler in libjvm.so, mask=11100100010111111101111111111110, flags=SA_RESTART|SA_SIGINFO, unblocked
    SIGBUS: crash_handler in libjvm.so, mask=11100100010111111101111111111110, flags=SA_RESTART|SA_SIGINFO, unblocked
    SIGFPE: crash_handler in libjvm.so, mask=11100100010111111101111111111110, flags=SA_RESTART|SA_SIGINFO, unblocked
   SIGPIPE: javaSignalHandler in libjvm.so, mask=11100100010111111101111111111110, flags=SA_RESTART|SA_SIGINFO, blocked
   SIGXFSZ: javaSignalHandler in libjvm.so, mask=11100100010111111101111111111110, flags=SA_RESTART|SA_SIGINFO, blocked
    SIGILL: crash_handler in libjvm.so, mask=11100100010111111101111111111110, flags=SA_RESTART|SA_SIGINFO, unblocked
   SIGUSR2: SR_handler in libjvm.so, mask=00000000000000000000000000000000, flags=SA_RESTART|SA_SIGINFO, blocked
    SIGHUP: UserHandler in libjvm.so, mask=11100100010111111101111111111110, flags=SA_RESTART|SA_SIGINFO, blocked
    SIGINT: UserHandler in libjvm.so, mask=11100100010111111101111111111110, flags=SA_RESTART|SA_SIGINFO, blocked
   SIGTERM: UserHandler in libjvm.so, mask=11100100010111111101111111111110, flags=SA_RESTART|SA_SIGINFO, blocked
   SIGQUIT: UserHandler in libjvm.so, mask=11100100010111111101111111111110, flags=SA_RESTART|SA_SIGINFO, blocked
   SIGTRAP: crash_handler in libjvm.so, mask=11100100010111111101111111111110, flags=SA_RESTART|SA_SIGINFO, unblocked


Periodic native trim disabled

JNI global refs:
JNI global refs: 31, weak refs: 69

JNI global refs memory usage: 859, weak refs: 1489

Process memory usage:
Resident Set Size: 1309872K (23% of 5530332K total physical memory with 1816216K free physical memory)

OOME stack traces (most recent first):
Classloader memory used:
Loader org.gradle.internal.classloader.VisitableURLClassLoader$InstrumentingVisitableURLClassLoader: 58010K
Loader org.gradle.internal.classloader.VisitableURLClassLoader                         : 49183K
Loader bootstrap                                                                       : 31509K
Loader org.gradle.initialization.MixInLegacyTypesClassLoader                           : 16723K
Loader org.gradle.internal.classloader.VisitableURLClassLoader                         : 8887K
Loader jdk.internal.loader.ClassLoaders$AppClassLoader                                 : 7194K
Loader jdk.internal.reflect.DelegatingClassLoader                                      : 821K
Loader jdk.internal.loader.ClassLoaders$PlatformClassLoader                            : 731K
Loader org.gradle.groovy.scripts.internal.DefaultScriptCompilationHandler$ScriptClassLoader: 90960B
Loader org.codehaus.groovy.runtime.callsite.CallSiteClassLoader                        : 49912B
Loader sun.reflect.misc.MethodUtil                                                     : 2984B

Classes loaded by more than one classloader:
Class Program                                                                         : loaded 5 times (x 72B)
Class com.google.common.collect.UnmodifiableListIterator                              : loaded 4 times (x 95B)
Class com.google.common.collect.Iterators$ArrayItr                                    : loaded 4 times (x 97B)
Class com.google.common.collect.UnmodifiableIterator                                  : loaded 4 times (x 80B)
Class com.google.common.collect.Iterators                                             : loaded 4 times (x 71B)
Class com.google.common.collect.Lists$StringAsImmutableList                           : loaded 4 times (x 207B)
Class com.google.common.collect.AbstractIterator                                      : loaded 4 times (x 82B)
Class com.google.common.collect.AbstractIndexedListIterator                           : loaded 4 times (x 96B)
Class com.google.common.collect.Iterators$1                                           : loaded 4 times (x 81B)
Class com.google.common.collect.Iterators$4                                           : loaded 4 times (x 82B)
Class com.google.common.collect.Iterators$5                                           : loaded 4 times (x 82B)
Class com.google.common.collect.ImmutableCollection                                   : loaded 4 times (x 125B)
Class com.google.common.collect.Lists                                                 : loaded 4 times (x 71B)
Class com.google.common.collect.Iterators$9                                           : loaded 4 times (x 81B)
Class com.google.common.base.Preconditions                                            : loaded 4 times (x 71B)
Class com.google.common.collect.PeekingIterator                                       : loaded 4 times (x 70B)
Class com.google.common.collect.ImmutableList                                         : loaded 4 times (x 206B)
Class com.google.common.collect.Iterators$MergingIterator                             : loaded 4 times (x 81B)
Class com.google.common.base.CharMatcher$IsEither                                     : loaded 3 times (x 111B)
Class com.google.common.collect.ImmutableList$1                                       : loaded 3 times (x 97B)
Class com.google.common.collect.ImmutableRangeSet                                     : loaded 3 times (x 115B)
Class com.google.common.collect.ImmutableRangeSet$AsSet                               : loaded 3 times (x 300B)
Class com.google.common.collect.ImmutableCollection$Builder                           : loaded 3 times (x 76B)
Class com.google.common.base.Joiner                                                   : loaded 3 times (x 79B)
Class com.google.common.collect.Iterators$SingletonIterator                           : loaded 3 times (x 81B)
Class com.google.common.collect.ImmutableList$Builder                                 : loaded 3 times (x 77B)
Class com.google.common.collect.ImmutableRangeSet$1                                   : loaded 3 times (x 210B)
Class com.google.common.collect.RegularImmutableAsList                                : loaded 3 times (x 217B)
Class com.google.common.collect.Range                                                 : loaded 3 times (x 87B)
Class com.google.common.base.CharMatcher$And                                          : loaded 3 times (x 112B)
Class com.google.common.base.Objects                                                  : loaded 3 times (x 71B)
Class com.google.common.collect.Multimap                                              : loaded 3 times (x 70B)
Class com.google.common.base.ExtraObjectsMethodsForWeb                                : loaded 3 times (x 71B)
Class com.google.common.collect.SingletonImmutableList                                : loaded 3 times (x 207B)
Class com.google.common.collect.ImmutableList$ReverseImmutableList                    : loaded 3 times (x 209B)
Class com.google.common.collect.SingletonImmutableSet                                 : loaded 3 times (x 146B)
Class com.google.common.collect.SortedIterable                                        : loaded 3 times (x 70B)
Class com.google.common.base.CharMatcher$ForPredicate                                 : loaded 3 times (x 112B)
Class com.google.common.base.CharMatcher$AnyOf                                        : loaded 3 times (x 112B)
Class com.google.common.collect.ImmutableSet$CachingAsList                            : loaded 3 times (x 148B)
Class com.google.common.collect.ImmutableAsList                                       : loaded 3 times (x 209B)
Class com.google.common.collect.Lists$ReverseList                                     : loaded 3 times (x 200B)
Class com.google.common.collect.ImmutableSortedSet                                    : loaded 3 times (x 300B)
Class com.google.common.base.CharMatcher$IsNot                                        : loaded 3 times (x 111B)
Class com.google.common.collect.RegularImmutableSortedSet                             : loaded 3 times (x 300B)
Class com.google.common.base.Function                                                 : loaded 3 times (x 70B)
Class com.google.common.collect.RegularImmutableList                                  : loaded 3 times (x 213B)
Class Build_gradle$1                                                                  : loaded 3 times (x 75B)
Class com.google.common.collect.Lists$ReverseList$1                                   : loaded 3 times (x 99B)
Class com.google.common.collect.ImmutableRangeSet$Builder                             : loaded 3 times (x 77B)
Class com.google.common.base.CharMatcher$BitSetMatcher                                : loaded 3 times (x 112B)
Class com.google.common.collect.ImmutableSet                                          : loaded 3 times (x 145B)
Class com.google.common.base.CharMatcher$Or                                           : loaded 3 times (x 112B)
Class org.gradle.internal.Cast                                                        : loaded 3 times (x 71B)
Class org.gradle.api.Action                                                           : loaded 3 times (x 70B)
Class com.google.common.base.CharMatcher$FastMatcher                                  : loaded 3 times (x 111B)
Class com.google.common.base.Predicate                                                : loaded 3 times (x 70B)
Class com.google.common.collect.AbstractRangeSet                                      : loaded 3 times (x 114B)
Class com.google.common.base.CharMatcher$NegatedFastMatcher                           : loaded 3 times (x 113B)
Class org.gradle.api.GradleException                                                  : loaded 3 times (x 82B)
Class org.gradle.internal.IoActions                                                   : loaded 3 times (x 71B)
Class com.google.common.collect.ImmutableRangeSet$ComplementRanges                    : loaded 3 times (x 207B)
Class com.google.common.collect.ImmutableSet$RegularSetBuilderImpl                    : loaded 3 times (x 77B)
Class com.google.common.base.CharMatcher$Is                                           : loaded 3 times (x 111B)
Class com.google.common.base.CharMatcher$Negated                                      : loaded 3 times (x 113B)
Class com.google.common.base.Joiner$1                                                 : loaded 3 times (x 80B)
Class com.google.common.base.CharMatcher                                              : loaded 3 times (x 111B)
Class com.google.common.base.Joiner$2                                                 : loaded 3 times (x 79B)
Class com.google.common.base.CharMatcher$NamedFastMatcher                             : loaded 3 times (x 112B)
Class com.google.common.base.CharMatcher$1                                            : loaded 3 times (x 113B)
Class com.google.common.collect.RangeSet                                              : loaded 3 times (x 70B)
Class com.google.common.base.CharMatcher$InRange                                      : loaded 3 times (x 111B)
Class Build_gradle                                                                    : loaded 3 times (x 130B)
Class com.google.common.collect.ImmutableSet$SetBuilderImpl                           : loaded 3 times (x 76B)
Class com.google.common.collect.ForwardingObject                                      : loaded 3 times (x 72B)
Class com.google.common.collect.ImmutableList$SubList                                 : loaded 3 times (x 209B)
Class com.google.common.collect.RegularImmutableSet                                   : loaded 3 times (x 149B)
Class com.google.common.collect.Lists$RandomAccessReverseList                         : loaded 3 times (x 200B)
Class com.android.builder.model.v2.ide.ViewBindingOptions                             : loaded 2 times (x 70B)
Class com.google.common.base.Equivalence$Identity                                     : loaded 2 times (x 82B)
Class com.google.common.base.PairwiseEquivalence                                      : loaded 2 times (x 83B)
Class com.google.common.collect.RegularImmutableMap$KeySet                            : loaded 2 times (x 152B)
Class com.amazon.ion.impl.bin.IonManagedBinaryWriter$UserState$1                      : loaded 2 times (x 85B)
Class org.jetbrains.plugins.gradle.tooling.serialization.internal.IdeaProjectSerializationService$ReadContext: loaded 2 times (x 72B)
Class com.android.ide.gradle.model.dependencies.DeclaredDependencies                  : loaded 2 times (x 70B)
Class kotlin.text.StringsKt__StringsKt                                                : loaded 2 times (x 71B)
Class kotlin.text.MatchGroupCollection                                                : loaded 2 times (x 70B)
Class kotlin.text.MatcherMatchResult                                                  : loaded 2 times (x 80B)
Class kotlin.sequences.FlatteningSequence                                             : loaded 2 times (x 75B)
Class kotlin.NotImplementedError                                                      : loaded 2 times (x 82B)
Class org.gradle.internal.classloader.FilteringClassLoader                            : loaded 2 times (x 105B)
Class com.google.common.collect.SortedSetMultimap                                     : loaded 2 times (x 70B)
Class com.amazon.ion.impl.bin.IonManagedBinaryWriter$UserState$2                      : loaded 2 times (x 85B)
Class com.amazon.ion.impl._Private_IonValue                                           : loaded 2 times (x 70B)
Class com.intellij.gradle.toolingExtension.impl.model.sourceSetModel.GradleSourceSetSerialisationService$Companion: loaded 2 times (x 71B)
Class kotlin.sequences.FilteringSequence$iterator$1                                   : loaded 2 times (x 79B)
Class kotlin.jvm.internal.CollectionToArray                                           : loaded 2 times (x 71B)
Class kotlin.io.FilesKt__FileTreeWalkKt                                               : loaded 2 times (x 71B)
Class kotlin.sequences.SequencesKt__SequenceBuilderKt                                 : loaded 2 times (x 71B)
Class kotlin.collections.CollectionsKt__ReversedViewsKt                               : loaded 2 times (x 71B)
Class org.gradle.internal.classloader.ClassLoaderHierarchy                            : loaded 2 times (x 70B)
Class com.google.common.collect.AbstractMapBasedMultimap$WrappedCollection            : loaded 2 times (x 124B)
Class com.android.builder.model.v2.models.VariantDependenciesAdjacencyList            : loaded 2 times (x 70B)
Class com.google.common.collect.ImmutableEnumSet                                      : loaded 2 times (x 146B)
Class com.google.common.util.concurrent.ExecutionError                                : loaded 2 times (x 82B)
Class com.amazon.ion.impl.bin.IonManagedBinaryWriter$UserState$3                      : loaded 2 times (x 85B)
Class com.amazon.ion.util.GzipStreamInterceptor                                       : loaded 2 times (x 85B)
Class com.amazon.ion.IonException                                                     : loaded 2 times (x 84B)
Class [Lio.opentelemetry.api.trace.ImmutableTraceFlags;                               : loaded 2 times (x 69B)
Class org.jetbrains.plugins.gradle.tooling.util.IntObjectMap$ObjectFactory            : loaded 2 times (x 70B)
Class org.gradle.tooling.model.build.GradleEnvironment                                : loaded 2 times (x 70B)
Class org.gradle.tooling.internal.adapter.ProtocolToModelAdapter$InvocationHandlerImpl: loaded 2 times (x 77B)
Class org.gradle.api.internal.classpath.ManifestUtil                                  : loaded 2 times (x 71B)
Class com.android.builder.model.v2.ide.AndroidArtifact                                : loaded 2 times (x 70B)
Class com.google.common.collect.RegularImmutableMap                                   : loaded 2 times (x 121B)
Class com.google.common.collect.ImmutableMap$MapViewOfValuesAsSingletonSets           : loaded 2 times (x 126B)
Class org.jetbrains.plugins.gradle.model.UnresolvedExternalDependency                 : loaded 2 times (x 70B)
Class com.amazon.ion.impl.bin.IonManagedBinaryWriter$UserState$4                      : loaded 2 times (x 85B)
Class com.amazon.ion.system.IonBinaryWriterBuilder                                    : loaded 2 times (x 99B)
Class io.opentelemetry.context.ContextStorageProvider                                 : loaded 2 times (x 70B)
Class org.jetbrains.plugins.gradle.model.AnnotationProcessingModel                    : loaded 2 times (x 70B)
Class org.jetbrains.plugins.gradle.model.GradleExtensions                             : loaded 2 times (x 70B)
Class kotlin.ranges.IntProgression$Companion                                          : loaded 2 times (x 71B)
Class org.gradle.tooling.internal.adapter.TargetTypeProvider                          : loaded 2 times (x 70B)
Class com.android.builder.model.v2.ide.AaptOptions$Namespacing                        : loaded 2 times (x 79B)
Class com.android.utils.FileUtils                                                     : loaded 2 times (x 71B)
Class [Lorg.objectweb.asm.Symbol;                                                     : loaded 2 times (x 69B)
Class org.objectweb.asm.ClassVisitor                                                  : loaded 2 times (x 88B)
Class com.intellij.util.ThrowableConsumer                                             : loaded 2 times (x 70B)
Class io.opentelemetry.api.internal.OtelEncodingUtils                                 : loaded 2 times (x 71B)
Class kotlin.sequences.TransformingSequence                                           : loaded 2 times (x 75B)
Class org.gradle.tooling.internal.adapter.MethodInvocation                            : loaded 2 times (x 85B)
Class org.gradle.internal.operations.MultipleBuildOperationFailures                   : loaded 2 times (x 95B)
Class com.google.common.base.Platform$JdkPatternCompiler                              : loaded 2 times (x 75B)
Class org.objectweb.asm.MethodTooLargeException                                       : loaded 2 times (x 83B)
Class [Lcom.google.common.cache.CacheBuilder$OneWeigher;                              : loaded 2 times (x 69B)
Class com.google.common.base.Suppliers                                                : loaded 2 times (x 71B)
Class org.jetbrains.kotlin.idea.gradleTooling.AndroidAwareGradleModelProvider$Companion: loaded 2 times (x 71B)
Class [Lcom.amazon.ion.impl.bin.IonRawBinaryWriter$StreamCloseMode;                   : loaded 2 times (x 69B)
Class com.amazon.ion.impl.lite.IonSymbolLite                                          : loaded 2 times (x 247B)
Class com.amazon.ion.impl.bin.IonManagedBinaryWriter$ImportedSymbolResolverMode$1     : loaded 2 times (x 80B)
Class io.opentelemetry.api.GlobalOpenTelemetry                                        : loaded 2 times (x 71B)
Class com.intellij.util.containers.IntObjectHashMap$ArrayProducer                     : loaded 2 times (x 70B)
Class org.gradle.internal.classloader.DefaultClassLoaderFactory                       : loaded 2 times (x 82B)
Class com.amazon.ion.impl.bin.IonManagedBinaryWriter$ImportedSymbolResolverMode$2     : loaded 2 times (x 80B)
Class io.opentelemetry.context.Scope                                                  : loaded 2 times (x 70B)
Class com.google.common.collect.ReverseNaturalOrdering                                : loaded 2 times (x 114B)
Class kotlin.text.MatcherMatchResult$groupValues$1                                    : loaded 2 times (x 198B)
Class kotlin.sequences.SequencesKt___SequencesKt                                      : loaded 2 times (x 71B)
Class kotlin.collections.AbstractList$Companion                                       : loaded 2 times (x 71B)
Class org.gradle.internal.classloader.ClassLoaderVisitor                              : loaded 2 times (x 76B)
Class [Lcom.google.common.collect.ImmutableMapEntry;                                  : loaded 2 times (x 69B)
Class [Lcom.android.ide.common.repository.AgpVersion$PreviewKind;                     : loaded 2 times (x 69B)
Class org.jetbrains.kotlin.idea.projectModel.KotlinTaskProperties                     : loaded 2 times (x 70B)
Class org.jetbrains.plugins.gradle.tooling.serialization.internal.IdeaProjectSerializationService: loaded 2 times (x 77B)
Class com.google.common.collect.Ordering                                              : loaded 2 times (x 114B)
Class kotlin.sequences.SequencesKt___SequencesKt$flatMap$2                            : loaded 2 times (x 129B)
Class org.gradle.api.internal.classpath.EffectiveClassPath                            : loaded 2 times (x 90B)
Class com.android.builder.model.v2.models.AndroidDsl                                  : loaded 2 times (x 70B)
Class [Lorg.apache.commons.io.StandardLineSeparator;                                  : loaded 2 times (x 69B)
Class org.apache.commons.io.output.StringBuilderWriter                                : loaded 2 times (x 100B)
Class com.google.common.collect.ListMultimap                                          : loaded 2 times (x 70B)
Class com.google.common.collect.ImmutableEnumMap                                      : loaded 2 times (x 126B)
Class com.amazon.ion.impl.lite.IonSystemLite                                          : loaded 2 times (x 275B)
Class com.amazon.ion.util.InputStreamInterceptor                                      : loaded 2 times (x 70B)
Class com.amazon.ion.impl.bin.IonRawBinaryWriter$PreallocationMode                    : loaded 2 times (x 82B)
Class com.amazon.ion.impl.bin._Private_IonRawWriter                                   : loaded 2 times (x 70B)
Class com.amazon.ion.IonWriter                                                        : loaded 2 times (x 70B)
Class kotlin.text.StringsKt__AppendableKt                                             : loaded 2 times (x 71B)
Class org.gradle.tooling.internal.gradle.DefaultProjectIdentifier                     : loaded 2 times (x 86B)
Class com.android.ide.common.gradle.Numeric                                           : loaded 2 times (x 77B)
Class com.google.common.collect.Sets$1                                                : loaded 2 times (x 139B)
Class org.objectweb.asm.AnnotationVisitor                                             : loaded 2 times (x 78B)
Class com.amazon.ion.impl._Private_IonContainer                                       : loaded 2 times (x 70B)
Class com.intellij.gradle.toolingExtension.impl.model.buildScriptClasspathModel.GradleBuildScriptClasspathSerializationService$ReadContext: loaded 2 times (x 72B)
Class com.google.common.collect.ComparatorOrdering                                    : loaded 2 times (x 115B)
Class org.gradle.api.internal.DefaultClassPathProvider                                : loaded 2 times (x 76B)
Class com.android.builder.model.v2.models.BasicAndroidProject                         : loaded 2 times (x 70B)
Class com.google.common.collect.Sets$2                                                : loaded 2 times (x 139B)
Class com.amazon.ion.impl.SharedSymbolTable                                           : loaded 2 times (x 93B)
Class com.amazon.ion.impl.bin.IonRawBinaryWriter                                      : loaded 2 times (x 168B)
Class com.amazon.ion.SymbolToken                                                      : loaded 2 times (x 70B)
Class kotlin.text.StringsKt__StringNumberConversionsJVMKt                             : loaded 2 times (x 71B)
Class com.google.common.collect.NaturalOrdering                                       : loaded 2 times (x 115B)
Class kotlin.text.MatchResult                                                         : loaded 2 times (x 70B)
Class kotlin.sequences.SequenceScope                                                  : loaded 2 times (x 73B)
Class kotlin.sequences.Sequence                                                       : loaded 2 times (x 70B)
Class org.gradle.tooling.ToolingModelContract                                         : loaded 2 times (x 70B)
Class [Lorg.gradle.api.internal.ClassPathProvider;                                    : loaded 2 times (x 69B)
Class org.gradle.api.internal.ClassPathProvider                                       : loaded 2 times (x 70B)
Class [Lorg.objectweb.asm.AnnotationVisitor;                                          : loaded 2 times (x 69B)
Class com.google.common.collect.Sets$3                                                : loaded 2 times (x 139B)
Class com.google.common.util.concurrent.AbstractFuture$SafeAtomicHelper               : loaded 2 times (x 79B)
Class com.google.common.cache.LocalCache$LocalLoadingCache                            : loaded 2 times (x 134B)
Class com.amazon.ion.impl.lite.IonBoolLite                                            : loaded 2 times (x 179B)
Class kotlin.collections.CollectionsKt___CollectionsKt$asSequence$$inlined$Sequence$1 : loaded 2 times (x 75B)
Class org.gradle.internal.service.UnknownServiceException                             : loaded 2 times (x 83B)
Class com.google.common.collect.Sets$4                                                : loaded 2 times (x 139B)
Class org.objectweb.asm.ModuleVisitor                                                 : loaded 2 times (x 81B)
Class com.google.common.cache.LocalCache$Strength$1                                   : loaded 2 times (x 81B)
Class org.jetbrains.kotlin.idea.gradleTooling.model.kapt.KaptGradleModel              : loaded 2 times (x 70B)
Class org.jetbrains.kotlin.idea.gradleTooling.KotlinDslScriptAdditionalTask           : loaded 2 times (x 70B)
Class org.jetbrains.plugins.gradle.model.ClasspathEntryModel                          : loaded 2 times (x 70B)
Class org.apache.commons.io.output.QueueOutputStream                                  : loaded 2 times (x 87B)
Class com.google.common.util.concurrent.SettableFuture                                : loaded 2 times (x 114B)
Class com.google.common.cache.LocalCache$Strength$2                                   : loaded 2 times (x 81B)
Class com.amazon.ion.IonTimestamp                                                     : loaded 2 times (x 70B)
Class com.amazon.ion.impl.bin.PooledBlockAllocatorProvider$PooledBlockAllocator       : loaded 2 times (x 81B)
Class com.intellij.platform.diagnostic.telemetry.rt.context.TelemetryContextGetter    : loaded 2 times (x 75B)
Class org.jetbrains.plugins.gradle.tooling.serialization.GradleExtensionsSerializationService: loaded 2 times (x 77B)
Class org.gradle.api.JavaVersion                                                      : loaded 2 times (x 79B)
Class org.gradle.tooling.model.Dependency                                             : loaded 2 times (x 70B)
Class com.android.builder.model.v2.ide.AbstractArtifact                               : loaded 2 times (x 70B)
Class com.google.common.cache.LocalCache$Strength$3                                   : loaded 2 times (x 81B)
Class com.google.common.collect.MapDifference                                         : loaded 2 times (x 70B)
Class com.amazon.ion.IonDatagram                                                      : loaded 2 times (x 70B)
Class com.amazon.ion.impl.bin.IonManagedBinaryWriter$ImportedSymbolResolverMode$1$1   : loaded 2 times (x 78B)
Class com.amazon.ion.impl._Private_ByteTransferSink                                   : loaded 2 times (x 70B)
Class com.intellij.openapi.externalSystem.model.project.dependencies.ResolutionState  : loaded 2 times (x 79B)
Class kotlin.text.StringsKt__RegexExtensionsJVMKt                                     : loaded 2 times (x 71B)
Class com.google.common.collect.AllEqualOrdering                                      : loaded 2 times (x 114B)
Class kotlin.collections.ArraysKt___ArraysJvmKt                                       : loaded 2 times (x 71B)
Class kotlin.collections.CollectionsKt__CollectionsKt                                 : loaded 2 times (x 71B)
Class org.objectweb.asm.FieldWriter                                                   : loaded 2 times (x 78B)
Class com.google.common.cache.CacheBuilder$NullListener                               : loaded 2 times (x 82B)
Class org.jetbrains.plugins.gradle.model.ExternalLibraryDependency                    : loaded 2 times (x 70B)
Class kotlin.text.Regex$Companion                                                     : loaded 2 times (x 71B)
Class org.gradle.internal.classpath.TransformedClassPath                              : loaded 2 times (x 96B)
Class org.gradle.internal.classloader.InstrumentingClassLoader                        : loaded 2 times (x 70B)
Class com.google.common.collect.ImmutableListMultimap                                 : loaded 2 times (x 176B)
Class org.apache.commons.io.output.UnsynchronizedByteArrayOutputStream                : loaded 2 times (x 102B)
Class com.google.common.cache.CacheLoader$FunctionToCacheLoader                       : loaded 2 times (x 75B)
Class com.amazon.ion.IonValue                                                         : loaded 2 times (x 70B)
Class kotlin.jvm.internal.FunctionReference                                           : loaded 2 times (x 126B)
Class [Lkotlin.coroutines.intrinsics.CoroutineSingletons;                             : loaded 2 times (x 69B)
Class kotlin.jvm.internal.FunctionBase                                                : loaded 2 times (x 70B)
Class kotlin.enums.EnumEntriesList                                                    : loaded 2 times (x 223B)
Class com.google.common.collect.EmptyImmutableListMultimap                            : loaded 2 times (x 176B)
Class com.google.common.collect.BaseImmutableMultimap                                 : loaded 2 times (x 123B)
Class org.apache.commons.io.output.ByteArrayOutputStream                              : loaded 2 times (x 102B)
Class com.google.common.base.MoreObjects                                              : loaded 2 times (x 71B)
Class com.amazon.ion.impl.bin.IonRawBinaryWriter$ContainerType                        : loaded 2 times (x 79B)
Class com.amazon.ion.impl._Private_IonTextWriterBuilder$Mutable                       : loaded 2 times (x 102B)
Class kotlin.comparisons.ComparisonsKt___ComparisonsJvmKt                             : loaded 2 times (x 71B)
Class kotlin.collections.CollectionsKt__IteratorsJVMKt                                : loaded 2 times (x 71B)
Class com.android.builder.model.v2.ide.TestInfo$Execution                             : loaded 2 times (x 79B)
Class com.google.common.collect.Platform                                              : loaded 2 times (x 71B)
Class [Lorg.objectweb.asm.Type;                                                       : loaded 2 times (x 69B)
Class org.jetbrains.kotlin.idea.gradleTooling.KotlinSourceSetContainer                : loaded 2 times (x 70B)
Class io.opentelemetry.context.ContextStorageWrappers                                 : loaded 2 times (x 71B)
Class io.opentelemetry.context.propagation.DefaultContextPropagators                  : loaded 2 times (x 75B)
Class org.jetbrains.plugins.gradle.model.IntelliJSettings                             : loaded 2 times (x 70B)
Class kotlin.Result                                                                   : loaded 2 times (x 72B)
Class org.gradle.internal.service.ServiceLocator                                      : loaded 2 times (x 70B)
Class com.google.common.collect.HashBiMap$BiEntry                                     : loaded 2 times (x 83B)
Class com.google.common.base.Ascii                                                    : loaded 2 times (x 71B)
Class com.google.common.collect.SingletonImmutableBiMap                               : loaded 2 times (x 143B)
Class com.google.common.cache.LocalCache$1                                            : loaded 2 times (x 89B)
Class com.google.common.collect.AbstractMapEntry                                      : loaded 2 times (x 81B)
Class com.amazon.ion.impl.IonWriterSystem                                             : loaded 2 times (x 171B)
Class com.amazon.ion.impl.bin.Symbols$2                                               : loaded 2 times (x 107B)
Class com.amazon.ion.impl.bin._Private_IonManagedWriter                               : loaded 2 times (x 70B)
Class com.intellij.gradle.toolingExtension.util.GradleVersionUtil                     : loaded 2 times (x 71B)
Class com.android.ide.gradle.model.GradlePropertiesModel                              : loaded 2 times (x 70B)
Class kotlin.sequences.TransformingSequence$iterator$1                                : loaded 2 times (x 79B)
Class kotlin.Pair                                                                     : loaded 2 times (x 72B)
Class org.gradle.tooling.internal.adapter.ProtocolToModelAdapter$SupportedPropertyInvoker: loaded 2 times (x 76B)
Class org.gradle.tooling.model.UnsupportedMethodException                             : loaded 2 times (x 82B)
Class com.google.common.collect.AbstractSetMultimap                                   : loaded 2 times (x 174B)
Class com.android.builder.model.v2.ide.BytecodeTransformation                         : loaded 2 times (x 79B)
Class com.google.common.collect.Sets$ImprovedAbstractSet                              : loaded 2 times (x 135B)
Class com.google.common.collect.AbstractMultimap                                      : loaded 2 times (x 123B)
Class com.google.common.cache.LocalCache$2                                            : loaded 2 times (x 142B)
Class com.amazon.ion.impl.lite.IonContainerLite                                       : loaded 2 times (x 249B)
Class com.amazon.ion.IonBufferConfiguration$OversizedSymbolTableHandler               : loaded 2 times (x 70B)
Class com.amazon.ion.system.IonWriterBuilder                                          : loaded 2 times (x 74B)
Class org.jetbrains.plugins.gradle.tooling.serialization.ToolingStreamApiUtils        : loaded 2 times (x 71B)
Class com.amazon.ion.facet.Faceted                                                    : loaded 2 times (x 70B)
Class kotlin.collections.CollectionsKt__MutableCollectionsKt                          : loaded 2 times (x 71B)
Class com.android.builder.model.v2.ide.CodeShrinker                                   : loaded 2 times (x 79B)
Class com.google.common.util.concurrent.AbstractFuture$UnsafeAtomicHelper$1           : loaded 2 times (x 76B)
Class com.amazon.ion.impl.bin.utf8.Poolable                                           : loaded 2 times (x 79B)
Class com.amazon.ion.IonSymbol                                                        : loaded 2 times (x 70B)
Class io.opentelemetry.api.trace.SpanContext                                          : loaded 2 times (x 70B)
Class io.opentelemetry.api.trace.DefaultTracer$NoopSpanBuilder                        : loaded 2 times (x 91B)
Class org.jetbrains.plugins.gradle.tooling.serialization.AnnotationProcessingModelSerializationService$WriteContext: loaded 2 times (x 72B)
Class kotlin.io.TerminateException                                                    : loaded 2 times (x 82B)
Class kotlin.io.FilesKt__FilePathComponentsKt                                         : loaded 2 times (x 71B)
Class kotlin.reflect.KCallable                                                        : loaded 2 times (x 70B)
Class com.google.common.util.concurrent.AbstractFuture$Trusted                        : loaded 2 times (x 70B)
Class org.jetbrains.kotlin.idea.gradleTooling.KotlinGradlePluginVersion               : loaded 2 times (x 70B)
Class com.intellij.compose.ide.plugin.gradleTooling.rt.ComposeResourcesModel          : loaded 2 times (x 70B)
Class com.intellij.gradle.toolingExtension.impl.util.collectionUtil.GradleCollections : loaded 2 times (x 71B)
Class com.amazon.ion.impl.lite.IonStructLite                                          : loaded 2 times (x 299B)
Class com.amazon.ion.impl._Private_ReaderWriter                                       : loaded 2 times (x 70B)
Class com.amazon.ion.impl.bin.AbstractSymbolTable                                     : loaded 2 times (x 107B)
Class com.amazon.ion.Decimal                                                          : loaded 2 times (x 133B)
Class com.amazon.ion.impl.bin._Private_IonManagedBinaryWriterBuilder$AllocatorMode$1  : loaded 2 times (x 80B)
Class org.jetbrains.plugins.gradle.tooling.serialization.ProjectDependenciesSerializationService$WriteContext: loaded 2 times (x 72B)
Class org.jetbrains.plugins.gradle.tooling.serialization.ProjectDependenciesSerializationService: loaded 2 times (x 77B)
Class kotlin.text.CharsKt                                                             : loaded 2 times (x 71B)
Class org.gradle.tooling.model.kotlin.dsl.KotlinDslScriptModel                        : loaded 2 times (x 70B)
Class org.gradle.tooling.internal.adapter.CollectionMapper                            : loaded 2 times (x 73B)
Class org.jetbrains.kotlin.tooling.core.KotlinToolingVersion                          : loaded 2 times (x 75B)
Class [Lcom.android.builder.model.v2.ide.LibraryType;                                 : loaded 2 times (x 69B)
Class com.android.builder.model.v2.ide.LibraryType                                    : loaded 2 times (x 79B)
Class com.google.common.util.concurrent.UncheckedExecutionException                   : loaded 2 times (x 82B)
Class org.gradle.kotlin.dsl.VersionCatalogAccessorsKt                                 : loaded 2 times (x 71B)
Class com.amazon.ion.impl.lite.IonFloatLite                                           : loaded 2 times (x 187B)
Class com.amazon.ion.impl._Private_IonTextWriterBuilder                               : loaded 2 times (x 102B)
Class com.amazon.ion.impl.bin._Private_IonManagedBinaryWriterBuilder$AllocatorMode$2  : loaded 2 times (x 80B)
Class io.opentelemetry.api.trace.DefaultTracerProvider                                : loaded 2 times (x 79B)
Class com.google.common.collect.ExplicitOrdering                                      : loaded 2 times (x 115B)
Class org.jetbrains.plugins.gradle.ExternalDependencyId                               : loaded 2 times (x 70B)
Class com.amazon.ion.impl._Private_IonReaderBuilder                                   : loaded 2 times (x 97B)
Class com.amazon.ion.IonMutableCatalog                                                : loaded 2 times (x 70B)
Class gnu.trove.THash                                                                 : loaded 2 times (x 81B)
Class com.intellij.gradle.toolingExtension.impl.model.buildScriptClasspathModel.GradleBuildScriptClasspathSerializationService$WriteContext: loaded 2 times (x 72B)
Class org.gradle.tooling.internal.adapter.ProtocolToModelAdapter                      : loaded 2 times (x 80B)
Class org.gradle.internal.InternalTransformer                                         : loaded 2 times (x 70B)
Class com.android.builder.model.v2.ide.AndroidGradlePluginProjectFlags$BooleanFlag    : loaded 2 times (x 79B)
Class com.google.common.collect.AbstractMapBasedMultimap$KeySet$1                     : loaded 2 times (x 82B)
Class com.android.ide.common.gradle.Separator                                         : loaded 2 times (x 79B)
Class org.objectweb.asm.ClassWriter                                                   : loaded 2 times (x 106B)
Class com.google.common.cache.CacheLoader$UnsupportedLoadingOperationException        : loaded 2 times (x 82B)
Class [Lio.opentelemetry.context.ThreadLocalContextStorage$NoopScope;                 : loaded 2 times (x 69B)
Class io.opentelemetry.context.ThreadLocalContextStorage$NoopScope                    : loaded 2 times (x 85B)
Class kotlin.collections.MapsKt__MapsJVMKt                                            : loaded 2 times (x 71B)
Class kotlin.collections.EmptyList                                                    : loaded 2 times (x 174B)
Class org.gradle.internal.time.DefaultTimer                                           : loaded 2 times (x 80B)
Class org.gradle.internal.classloader.ClasspathUtil$1                                 : loaded 2 times (x 76B)
Class org.objectweb.asm.FieldVisitor                                                  : loaded 2 times (x 77B)
Class com.google.common.collect.IndexedImmutableSet                                   : loaded 2 times (x 152B)
Class com.google.common.collect.BiMap                                                 : loaded 2 times (x 70B)
Class com.google.common.collect.ImmutableMap$1                                        : loaded 2 times (x 81B)
Class com.amazon.ion.impl.bin.PooledBlockAllocatorProvider$PooledBlockAllocator$1     : loaded 2 times (x 79B)
Class com.amazon.ion.impl.lite.IonStringLite                                          : loaded 2 times (x 213B)
Class io.opentelemetry.context.ImplicitContextKeyed                                   : loaded 2 times (x 70B)
Class org.gradle.tooling.internal.adapter.ProtocolToModelAdapter$ViewKey              : loaded 2 times (x 72B)
Class org.gradle.api.internal.classpath.DefaultModuleRegistry$DefaultModule           : loaded 2 times (x 86B)
Class com.android.builder.model.v2.CustomSourceDirectory                              : loaded 2 times (x 70B)
Class com.google.common.primitives.Ints                                               : loaded 2 times (x 71B)
Class com.android.ide.common.repository.AgpVersion                                    : loaded 2 times (x 75B)
Class com.amazon.ion.impl.bin.Block                                                   : loaded 2 times (x 79B)
Class io.opentelemetry.context.DefaultContextKey                                      : loaded 2 times (x 72B)
Class com.google.common.collect.NullsFirstOrdering                                    : loaded 2 times (x 115B)
Class kotlin.ResultKt                                                                 : loaded 2 times (x 71B)
Class org.gradle.tooling.internal.adapter.ProtocolToModelAdapter$PropertyCachingMethodInvoker: loaded 2 times (x 76B)
Class com.android.builder.model.v2.models.ProjectSyncIssues                           : loaded 2 times (x 70B)
Class com.google.common.collect.ObjectArrays                                          : loaded 2 times (x 71B)
Class com.google.common.collect.Multiset                                              : loaded 2 times (x 70B)
Class com.google.common.collect.ArrayListMultimapGwtSerializationDependencies         : loaded 2 times (x 172B)
Class com.google.common.math.MathPreconditions                                        : loaded 2 times (x 71B)
Class org.jetbrains.plugins.gradle.model.ExternalTask                                 : loaded 2 times (x 70B)
Class com.amazon.ion.impl.bin.utf8.Utf8StringEncoderPool$1                            : loaded 2 times (x 76B)
Class com.amazon.ion.impl.lite.IonLoaderLite                                          : loaded 2 times (x 82B)
Class com.amazon.ion.impl.lite.IonContext                                             : loaded 2 times (x 70B)
Class com.amazon.ion.impl.IonWriterSystemText                                         : loaded 2 times (x 190B)
Class [Lcom.amazon.ion.impl.bin.IonManagedBinaryWriter$ImportedSymbolResolverMode;    : loaded 2 times (x 69B)
Class com.amazon.ion.ValueFactory                                                     : loaded 2 times (x 70B)
Class io.opentelemetry.api.internal.IncubatingUtil                                    : loaded 2 times (x 71B)
Class io.opentelemetry.api.GlobalOpenTelemetry$ObfuscatedOpenTelemetry                : loaded 2 times (x 92B)
Class kotlin.collections.ArraysKt__ArraysKt                                           : loaded 2 times (x 71B)
Class kotlin.Result$Failure                                                           : loaded 2 times (x 72B)
Class org.gradle.internal.time.DefaultCountdownTimer                                  : loaded 2 times (x 88B)
Class org.apache.commons.io.output.NullOutputStream                                   : loaded 2 times (x 85B)
Class com.google.common.collect.ImmutableMapEntrySet                                  : loaded 2 times (x 152B)
Class com.amazon.ion.impl.bin.IonManagedBinaryWriter$SymbolResolver                   : loaded 2 times (x 70B)
Class com.amazon.ion.impl._Private_SymbolToken                                        : loaded 2 times (x 70B)
Class com.amazon.ion.impl.bin._Private_IonManagedBinaryWriterBuilder$AllocatorMode    : loaded 2 times (x 80B)
Class org.jetbrains.plugins.gradle.model.GradleTaskModel                              : loaded 2 times (x 70B)
Class org.jetbrains.plugins.gradle.tooling.util.ObjectCollector                       : loaded 2 times (x 72B)
Class kotlin.collections.SetsKt__SetsJVMKt                                            : loaded 2 times (x 71B)
Class kotlin.Function                                                                 : loaded 2 times (x 70B)
Class org.gradle.tooling.internal.adapter.ProtocolToModelAdapter$AdaptingMethodInvoker: loaded 2 times (x 76B)
Class org.gradle.tooling.internal.gradle.DefaultBuildIdentifier                       : loaded 2 times (x 79B)
Class org.gradle.api.internal.classpath.Module                                        : loaded 2 times (x 70B)
Class com.google.common.cache.Weigher                                                 : loaded 2 times (x 70B)
Class com.intellij.openapi.externalSystem.model.project.IExternalSystemSourceType     : loaded 2 times (x 70B)
Class [Lcom.amazon.ion.util.GzipStreamInterceptor;                                    : loaded 2 times (x 69B)
Class com.amazon.ion.impl._Private_IonReaderBuilder$Mutable                           : loaded 2 times (x 97B)
Class kotlin.io.FileAlreadyExistsException                                            : loaded 2 times (x 82B)
Class kotlin.internal.ProgressionUtilKt                                               : loaded 2 times (x 71B)
Class org.gradle.api.internal.classpath.UnknownModuleException                        : loaded 2 times (x 82B)
Class com.google.common.base.Stopwatch                                                : loaded 2 times (x 72B)
Class com.google.common.cache.LocalCache$Strength                                     : loaded 2 times (x 81B)
Class com.google.common.cache.Cache                                                   : loaded 2 times (x 70B)
Class io.opentelemetry.api.trace.TraceStateBuilder                                    : loaded 2 times (x 70B)
Class com.intellij.openapi.externalSystem.model.project.dependencies.ProjectDependencies: loaded 2 times (x 70B)
Class org.jetbrains.plugins.gradle.tooling.serialization.ProjectDependenciesSerializationService$ReadContext: loaded 2 times (x 72B)
Class com.google.common.base.NullnessCasts                                            : loaded 2 times (x 71B)
Class com.google.common.util.concurrent.AbstractFuture$Cancellation                   : loaded 2 times (x 72B)
Class com.google.common.collect.ImmutableMap$Builder                                  : loaded 2 times (x 82B)
Class com.google.common.collect.AbstractMapBasedMultimap$WrappedCollection$WrappedIterator: loaded 2 times (x 84B)
Class com.google.common.cache.RemovalListener                                         : loaded 2 times (x 70B)
Class com.amazon.ion.IonBufferConfiguration                                           : loaded 2 times (x 72B)
Class com.amazon.ion.impl.bin.Symbols                                                 : loaded 2 times (x 71B)
Class org.jetbrains.plugins.gradle.tooling.serialization.RepositoriesModelSerializationService: loaded 2 times (x 82B)
Class com.android.ide.gradle.model.artifacts.AdditionalClassifierArtifactsModel       : loaded 2 times (x 70B)
Class org.gradle.tooling.internal.gradle.GradleProjectIdentity                        : loaded 2 times (x 70B)
Class org.gradle.api.internal.DefaultClassPathRegistry                                : loaded 2 times (x 76B)
Class com.google.common.collect.ImmutableMultimap$Keys                                : loaded 2 times (x 166B)
Class com.android.builder.model.v2.ide.JavaArtifact                                   : loaded 2 times (x 70B)
Class com.google.common.primitives.IntsMethodsForWeb                                  : loaded 2 times (x 71B)
Class [Lcom.amazon.ion.impl.bin.AbstractIonWriter$WriteValueOptimization;             : loaded 2 times (x 69B)
Class io.opentelemetry.api.internal.AutoValue_ImmutableSpanContext                    : loaded 2 times (x 92B)
Class org.jetbrains.plugins.gradle.tooling.serialization.RepositoriesModelSerializationService$ReadContext: loaded 2 times (x 72B)
Class kotlin.ranges.ClosedRange                                                       : loaded 2 times (x 70B)
Class org.gradle.api.internal.ClassPathRegistry                                       : loaded 2 times (x 70B)
Class org.gradle.internal.classpath.DefaultClassPath$ImmutableUniqueList              : loaded 2 times (x 199B)
Class org.apache.commons.io.IOUtils                                                   : loaded 2 times (x 71B)
Class com.amazon.ion.impl.bin.IonManagedBinaryWriter$UserState                        : loaded 2 times (x 85B)
Class com.amazon.ion.impl._Private_IonWriter                                          : loaded 2 times (x 70B)
Class com.amazon.ion.impl.bin._Private_IonManagedBinaryWriterBuilder                  : loaded 2 times (x 72B)
Class com.intellij.gradle.toolingExtension.impl.model.projectModel.GradleExternalProjectSerializationService$WriteContext: loaded 2 times (x 73B)
Class kotlin.text.StringsKt__StringsJVMKt                                             : loaded 2 times (x 71B)
Class kotlin.collections.IntIterator                                                  : loaded 2 times (x 82B)
Class com.google.common.collect.NullnessCasts                                         : loaded 2 times (x 71B)
Class com.android.builder.model.v2.dsl.SigningConfig                                  : loaded 2 times (x 70B)
Class com.android.builder.model.v2.models.AndroidProject                              : loaded 2 times (x 70B)
Class com.android.builder.model.v2.AndroidModel                                       : loaded 2 times (x 70B)
Class com.google.common.cache.CacheBuilder                                            : loaded 2 times (x 72B)
Class Settings_gradle$1                                                               : loaded 2 times (x 74B)
Class [Lcom.amazon.ion.SymbolToken;                                                   : loaded 2 times (x 69B)
Class io.opentelemetry.api.trace.ImmutableTraceFlags                                  : loaded 2 times (x 77B)
Class kotlin.text.StringsKt__IndentKt                                                 : loaded 2 times (x 71B)
Class kotlin.collections.SetsKt                                                       : loaded 2 times (x 71B)
Class org.gradle.internal.classpath.ClassPath                                         : loaded 2 times (x 70B)
Class org.gradle.api.UncheckedIOException                                             : loaded 2 times (x 82B)
Class com.google.common.base.JdkPattern                                               : loaded 2 times (x 75B)
Class org.jetbrains.plugins.gradle.model.ExternalProjectDependency                    : loaded 2 times (x 70B)
Class org.jetbrains.plugins.gradle.tooling.serialization.KotlinDslScriptsModelSerializationService: loaded 2 times (x 81B)
Class kotlin.reflect.KFunction                                                        : loaded 2 times (x 70B)
Class kotlin.collections.ArrayDeque                                                   : loaded 2 times (x 207B)
Class org.objectweb.asm.SymbolTable$Entry                                             : loaded 2 times (x 74B)
Class com.google.common.util.concurrent.AbstractFuture$AtomicHelper                   : loaded 2 times (x 78B)
Class com.amazon.ion.system.IonSystemBuilder$Mutable                                  : loaded 2 times (x 75B)
Class com.amazon.ion.impl.bin.IonManagedBinaryWriter$SymbolResolverBuilder            : loaded 2 times (x 70B)
Class org.jetbrains.kotlin.idea.gradleTooling.KotlinGradleModel                       : loaded 2 times (x 70B)
Class [Lio.opentelemetry.api.trace.TraceFlags;                                        : loaded 2 times (x 69B)
Class [Lio.opentelemetry.context.ContextStorage;                                      : loaded 2 times (x 69B)
Class com.intellij.platform.diagnostic.telemetry.rt.context.TelemetryContext          : loaded 2 times (x 134B)
Class org.jetbrains.plugins.gradle.tooling.serialization.ExternalTestsSerializationService$WriteContext: loaded 2 times (x 72B)
Class kotlin.collections.MapsKt__MapsKt                                               : loaded 2 times (x 71B)
Class com.android.builder.model.v2.ide.Variant                                        : loaded 2 times (x 70B)
Class org.objectweb.asm.Edge                                                          : loaded 2 times (x 72B)
Class com.google.common.base.Suppliers$SupplierOfInstance                             : loaded 2 times (x 79B)
Class com.amazon.ion.impl.bin.IonManagedBinaryWriter$LocalSymbolTableView             : loaded 2 times (x 119B)
Class com.amazon.ion.impl.bin.IonRawBinaryWriter$ThrowingRunnable                     : loaded 2 times (x 70B)
Class io.opentelemetry.context.ThreadLocalContextStorage                              : loaded 2 times (x 85B)
Class ijInit1_11vqlwagrmqhcgwnw0hsow9sa                                               : loaded 2 times (x 179B)
Class org.gradle.tooling.model.Model                                                  : loaded 2 times (x 70B)
Class com.google.common.cache.LocalCache$ComputingValueReference                      : loaded 2 times (x 96B)
Class com.google.common.collect.ImmutableMap$IteratorBasedImmutableMap                : loaded 2 times (x 126B)
Class com.amazon.ion.UnknownSymbolException                                           : loaded 2 times (x 86B)
Class com.android.ide.gradle.model.composites.BuildMap                                : loaded 2 times (x 70B)
Class kotlin.text.MatchResult$Destructured                                            : loaded 2 times (x 72B)
Class kotlin.Metadata                                                                 : loaded 2 times (x 70B)
Class kotlin.UninitializedPropertyAccessException                                     : loaded 2 times (x 82B)
Class com.android.builder.model.v2.ide.Library                                        : loaded 2 times (x 70B)
Class com.android.builder.model.v2.ide.ArtifactDependenciesAdjacencyList              : loaded 2 times (x 70B)
Class com.android.builder.model.v2.models.Versions                                    : loaded 2 times (x 70B)
Class com.google.common.cache.LocalCache$Segment                                      : loaded 2 times (x 154B)
Class io.opentelemetry.context.Context                                                : loaded 2 times (x 70B)
Class org.jetbrains.plugins.gradle.model.IntelliJProjectSettings                      : loaded 2 times (x 70B)
Class org.gradle.tooling.internal.adapter.ProtocolToModelAdapter$MethodInvocationCache: loaded 2 times (x 73B)
Class com.android.builder.model.v2.models.ndk.NativeModule                            : loaded 2 times (x 70B)
Class com.google.common.collect.AbstractListMultimap                                  : loaded 2 times (x 172B)
Class [Lorg.objectweb.asm.SymbolTable$Entry;                                          : loaded 2 times (x 69B)
Class com.google.common.cache.CacheLoader                                             : loaded 2 times (x 74B)
Class com.google.common.collect.ImmutableBiMap                                        : loaded 2 times (x 143B)
Class org.jetbrains.plugins.gradle.model.ExternalDependency                           : loaded 2 times (x 70B)
Class com.intellij.util.containers.IntObjectHashMap                                   : loaded 2 times (x 72B)
Class org.gradle.internal.installation.GradleInstallation$1                           : loaded 2 times (x 75B)
Class org.gradle.api.internal.classpath.ModuleRegistry                                : loaded 2 times (x 70B)
Class org.apache.commons.io.output.NullWriter                                         : loaded 2 times (x 99B)
Class com.google.common.util.concurrent.internal.InternalFutureFailureAccess          : loaded 2 times (x 72B)
Class com.android.ide.common.repository.AgpVersion$PreviewKind$Companion              : loaded 2 times (x 71B)
Class com.google.common.collect.ImmutableSet$JdkBackedSetBuilderImpl                  : loaded 2 times (x 76B)
Class com.amazon.ion.impl.bin.IonManagedBinaryWriter$SymbolState$1                    : loaded 2 times (x 80B)
Class com.amazon.ion.impl.LocalSymbolTableAsStruct$Factory                            : loaded 2 times (x 79B)
Class [Lcom.amazon.ion.IonType;                                                       : loaded 2 times (x 69B)
Class org.jetbrains.plugins.gradle.model.VersionCatalogsModel                         : loaded 2 times (x 70B)
Class com.intellij.gradle.toolingExtension.impl.model.sourceSetDependencyModel.GradleSourceSetDependencySerialisationService$SourceSetDependencyModelReadContext: loaded 2 times (x 72B)
Class com.intellij.gradle.toolingExtension.impl.model.dependencyModel.DependencyReadContext: loaded 2 times (x 72B)
Class org.gradle.tooling.internal.adapter.ObjectGraphAdapter                          : loaded 2 times (x 70B)
Class com.google.common.collect.ImmutableMultimap$Values                              : loaded 2 times (x 126B)
Class com.android.builder.model.v2.ide.Installation                                   : loaded 2 times (x 70B)
Class com.google.common.collect.HashBiMap$Inverse                                     : loaded 2 times (x 142B)
Class com.google.common.util.concurrent.AbstractFuture$UnsafeAtomicHelper             : loaded 2 times (x 78B)
Class com.google.common.cache.LocalCache$LocalManualCache$1                           : loaded 2 times (x 75B)
Class org.jetbrains.plugins.gradle.model.ProjectImportModelProvider                   : loaded 2 times (x 70B)
Class org.jetbrains.plugins.gradle.model.ExternalSourceSet                            : loaded 2 times (x 70B)
Class com.amazon.ion.impl.bin.IonManagedBinaryWriter$SymbolState$2                    : loaded 2 times (x 80B)
Class com.amazon.ion.IonNull                                                          : loaded 2 times (x 70B)
Class com.intellij.gradle.toolingExtension.impl.model.warmUp.GradleTaskWarmUpRequest  : loaded 2 times (x 70B)
Class com.android.ide.gradle.model.LegacyAndroidGradlePluginPropertiesModelParameters : loaded 2 times (x 70B)
Class com.google.common.collect.ImmutableSortedAsList                                 : loaded 2 times (x 221B)
Class kotlin.text.RegexKt                                                             : loaded 2 times (x 71B)
Class kotlin.coroutines.intrinsics.IntrinsicsKt__IntrinsicsKt                         : loaded 2 times (x 71B)
Class com.google.common.collect.Multimaps$CustomSetMultimap                           : loaded 2 times (x 178B)
Class com.android.builder.model.v2.models.ModelBuilderParameter                       : loaded 2 times (x 70B)
Class com.amazon.ion.impl.bin.IonRawBinaryWriter$ContainerInfo                        : loaded 2 times (x 74B)
Class com.amazon.ion.impl.bin.IonManagedBinaryWriter$SymbolState$3                    : loaded 2 times (x 80B)
Class com.amazon.ion.impl.bin.IonRawBinaryWriter$StreamFlushMode                      : loaded 2 times (x 79B)
Class com.amazon.ion.IonBinaryWriter                                                  : loaded 2 times (x 70B)
Class com.intellij.gradle.toolingExtension.impl.model.sourceSetArtifactIndex.GradleSourceSetArtifactBuildRequest: loaded 2 times (x 70B)
Class kotlin.io.FilesKt__UtilsKt                                                      : loaded 2 times (x 71B)
Class com.google.common.collect.Lists$TransformingRandomAccessList                    : loaded 2 times (x 199B)
Class kotlin.collections.CollectionsKt__CollectionsJVMKt                              : loaded 2 times (x 71B)
Class org.gradle.api.internal.classpath.DefaultModuleRegistry                         : loaded 2 times (x 86B)
Class com.google.common.util.concurrent.ListenableFuture                              : loaded 2 times (x 70B)
Class com.google.common.cache.ReferenceEntry                                          : loaded 2 times (x 70B)
Class com.google.common.base.Converter                                                : loaded 2 times (x 90B)
Class com.amazon.ion.impl.bin.IonManagedBinaryWriter$SymbolState$4                    : loaded 2 times (x 80B)
Class [Lcom.amazon.ion.util.InputStreamInterceptor;                                   : loaded 2 times (x 69B)
Class org.jetbrains.plugins.gradle.tooling.serialization.internal.IdeaProjectSerializationService$WriteContext$1: loaded 2 times (x 83B)
Class org.jetbrains.plugins.gradle.model.ExternalProject                              : loaded 2 times (x 70B)
Class kotlin.sequences.SequencesKt                                                    : loaded 2 times (x 71B)
Class kotlin.collections.CollectionsKt__IteratorsKt                                   : loaded 2 times (x 71B)
Class [Lcom.android.builder.model.v2.ide.CodeShrinker;                                : loaded 2 times (x 69B)
Class com.google.common.collect.AbstractMapBasedMultimap                              : loaded 2 times (x 139B)
Class com.google.common.util.concurrent.AbstractFuture                                : loaded 2 times (x 106B)
Class com.google.common.base.FunctionalEquivalence                                    : loaded 2 times (x 83B)
Class com.amazon.ion.impl.bin.utf8.Pool                                               : loaded 2 times (x 74B)
Class org.jetbrains.plugins.gradle.tooling.serialization.internal.IdeaProjectSerializationService$WriteContext$2: loaded 2 times (x 83B)
Class kotlin.text.StringsKt                                                           : loaded 2 times (x 71B)
Class com.google.common.collect.ImmutableMultiset                                     : loaded 2 times (x 163B)
Class org.objectweb.asm.RecordComponentVisitor                                        : loaded 2 times (x 77B)
Class com.google.common.cache.CacheLoader$SupplierToCacheLoader                       : loaded 2 times (x 75B)
Class com.amazon.ion.impl._Private_IonSymbol                                          : loaded 2 times (x 70B)
Class com.amazon.ion.impl.lite.IonValueLite                                           : loaded 2 times (x 148B)
Class com.amazon.ion.IonContainer                                                     : loaded 2 times (x 70B)
Class com.amazon.ion.impl.bin.PooledBlockAllocatorProvider                            : loaded 2 times (x 73B)
Class [Lio.opentelemetry.context.Scope;                                               : loaded 2 times (x 69B)
Class org.jetbrains.plugins.gradle.tooling.serialization.AnnotationProcessingModelSerializationService$ReadContext: loaded 2 times (x 72B)
Class org.jetbrains.plugins.gradle.tooling.serialization.internal.IdeaProjectSerializationService$WriteContext$3: loaded 2 times (x 83B)
Class gnu.trove.TObjectHash$NULL                                                      : loaded 2 times (x 71B)
Class org.gradle.util.internal.DefaultGradleVersion$Stage                             : loaded 2 times (x 75B)
Class kotlin.coroutines.jvm.internal.RestrictedContinuationImpl                       : loaded 2 times (x 87B)
Class com.google.common.collect.Maps$EntryTransformer                                 : loaded 2 times (x 70B)
Class org.jetbrains.kotlin.idea.gradleTooling.AndroidAwareGradleModelProvider         : loaded 2 times (x 79B)
Class com.intellij.gradle.toolingExtension.impl.telemetry.GradleOpenTelemetry         : loaded 2 times (x 72B)
Class org.jetbrains.plugins.gradle.tooling.serialization.internal.IdeaProjectSerializationService$WriteContext$4: loaded 2 times (x 83B)
Class com.intellij.gradle.toolingExtension.impl.model.sourceSetDependencyModel.GradleSourceSetDependencySerialisationService$Companion: loaded 2 times (x 71B)
Class [Lkotlin.Pair;                                                                  : loaded 2 times (x 69B)
Class kotlin.text.StringsKt__StringNumberConversionsKt                                : loaded 2 times (x 71B)
Class kotlin.io.FilesKt__FileReadWriteKt                                              : loaded 2 times (x 71B)
Class com.google.common.collect.UsingToStringOrdering                                 : loaded 2 times (x 114B)
Class kotlin.text.MatchNamedGroupCollection                                           : loaded 2 times (x 70B)
Class kotlin.jvm.internal.markers.KMutableList                                        : loaded 2 times (x 70B)
Class org.gradle.internal.time.MonotonicClock                                         : loaded 2 times (x 77B)
Class org.gradle.internal.service.ServiceLookupException                              : loaded 2 times (x 82B)
Class [Lcom.google.common.cache.LocalCache$EntryFactory;                              : loaded 2 times (x 69B)
Class com.intellij.gradle.toolingExtension.util.GradleVersionSpecificsUtil            : loaded 2 times (x 71B)
Class com.amazon.ion.BufferConfiguration$Builder                                      : loaded 2 times (x 78B)
Class io.opentelemetry.context.ContextStorage                                         : loaded 2 times (x 70B)
Class org.jetbrains.plugins.gradle.tooling.serialization.internal.IdeaProjectSerializationService$WriteContext$5: loaded 2 times (x 83B)
Class com.intellij.gradle.toolingExtension.impl.model.sourceSetDependencyModel.GradleSourceSetDependencySerialisationService$SourceSetDependencyModelWriteContext: loaded 2 times (x 72B)
Class kotlin.sequences.SequencesKt___SequencesKt$sortedWith$1                         : loaded 2 times (x 75B)
Class org.gradle.internal.classloader.ClassLoaderFactory                              : loaded 2 times (x 70B)
Class com.android.builder.model.v2.ide.LibraryInfo                                    : loaded 2 times (x 70B)
Class org.apache.commons.io.CloseableURLConnection                                    : loaded 2 times (x 116B)
Class com.google.common.base.CommonPattern                                            : loaded 2 times (x 74B)
Class com.google.common.cache.LocalCache$LocalManualCache                             : loaded 2 times (x 99B)
Class com.amazon.ion.impl.bin.IntList                                                 : loaded 2 times (x 77B)
Class com.amazon.ion.impl.lite._Private_LiteDomTrampoline                             : loaded 2 times (x 71B)
Class com.amazon.ion.IonType                                                          : loaded 2 times (x 79B)
Class org.jetbrains.plugins.gradle.tooling.serialization.internal.IdeaProjectSerializationService$WriteContext$6: loaded 2 times (x 83B)
Class org.jetbrains.plugins.gradle.tooling.util.IntObjectMap                          : loaded 2 times (x 73B)
Class org.gradle.internal.service.CachingServiceLocator                               : loaded 2 times (x 82B)
Class com.google.common.collect.Streams                                               : loaded 2 times (x 71B)
Class com.google.common.collect.AbstractMapBasedMultimap$KeySet                       : loaded 2 times (x 137B)
Class com.google.common.math.IntMath                                                  : loaded 2 times (x 71B)
Class com.amazon.ion.impl.lite.ValueFactoryLite                                       : loaded 2 times (x 218B)
Class org.jetbrains.plugins.gradle.model.RepositoryModels                             : loaded 2 times (x 70B)
Class org.jetbrains.plugins.gradle.tooling.serialization.internal.IdeaProjectSerializationService$WriteContext$7: loaded 2 times (x 83B)
Class kotlin.collections.AbstractList$SubList                                         : loaded 2 times (x 198B)
Class kotlin.jvm.internal.CallableReference                                           : loaded 2 times (x 110B)
Class [Lcom.google.common.collect.HashBiMap$BiEntry;                                  : loaded 2 times (x 69B)
Class com.google.common.collect.ImmutableMapEntry                                     : loaded 2 times (x 85B)
Class com.amazon.ion.impl.bin.WriteBuffer                                             : loaded 2 times (x 78B)
Class com.amazon.ion.impl.bin.IonManagedBinaryWriter                                  : loaded 2 times (x 165B)
Class org.jetbrains.plugins.gradle.tooling.serialization.internal.IdeaProjectSerializationService$WriteContext$8: loaded 2 times (x 83B)
Class gnu.trove.TObjectIntProcedure                                                   : loaded 2 times (x 70B)
Class [Lorg.gradle.api.JavaVersion;                                                   : loaded 2 times (x 69B)
Class kotlin.ranges.IntRange                                                          : loaded 2 times (x 93B)
Class org.gradle.tooling.model.idea.IdeaDependencyScope                               : loaded 2 times (x 70B)
Class org.gradle.internal.time.TimeSource                                             : loaded 2 times (x 70B)
Class org.gradle.tooling.model.kotlin.dsl.KotlinDslScriptsModel                       : loaded 2 times (x 70B)
Class com.google.common.collect.ImmutableMultimap                                     : loaded 2 times (x 147B)
Class com.android.builder.model.v2.ide.TestInfo                                       : loaded 2 times (x 70B)
Class com.google.common.base.Equivalence                                              : loaded 2 times (x 82B)
Class com.google.common.collect.ImmutableMapEntry$NonTerminalImmutableMapEntry        : loaded 2 times (x 85B)
Class com.amazon.ion.impl.lite.IonBlobLite                                            : loaded 2 times (x 220B)
Class com.amazon.ion.impl.LocalSymbolTable                                            : loaded 2 times (x 127B)
Class org.jetbrains.plugins.gradle.tooling.serialization.SerializationService         : loaded 2 times (x 70B)
Class org.gradle.tooling.internal.gradle.GradleBuildIdentity                          : loaded 2 times (x 70B)
Class kotlin.enums.EnumEntries                                                        : loaded 2 times (x 70B)
Class com.android.builder.model.v2.ide.JavaCompileOptions                             : loaded 2 times (x 70B)
Class org.apache.commons.io.output.AbstractByteArrayOutputStream                      : loaded 2 times (x 102B)
Class com.google.common.collect.IndexedImmutableSet$1                                 : loaded 2 times (x 213B)
Class com.google.common.cache.CacheBuilder$OneWeigher                                 : loaded 2 times (x 82B)
Class com.amazon.ion.IonList                                                          : loaded 2 times (x 70B)
Class org.jetbrains.plugins.gradle.tooling.serialization.internal.adapter.Supplier    : loaded 2 times (x 70B)
Class org.gradle.tooling.internal.adapter.ProtocolToModelAdapter$MixInMappingAction   : loaded 2 times (x 80B)
Class org.gradle.internal.exceptions.ResolutionProvider                               : loaded 2 times (x 70B)
Class com.amazon.ion.IonSystem                                                        : loaded 2 times (x 70B)
Class com.amazon.ion.impl.bin.IonManagedBinaryWriter$ImportedSymbolContext            : loaded 2 times (x 72B)
Class kotlin.text.MatchResult$DefaultImpls                                            : loaded 2 times (x 71B)
Class org.gradle.tooling.model.idea.IdeaCompilerOutput                                : loaded 2 times (x 70B)
Class org.gradle.tooling.model.ProjectIdentifier                                      : loaded 2 times (x 70B)
Class org.gradle.internal.classloader.ClasspathUtil                                   : loaded 2 times (x 71B)
Class com.android.builder.model.v2.ide.ComponentInfo                                  : loaded 2 times (x 70B)
Class com.google.common.base.Charsets                                                 : loaded 2 times (x 71B)
Class com.google.common.util.concurrent.Uninterruptibles                              : loaded 2 times (x 71B)
Class com.android.builder.model.v2.ide.ProjectType                                    : loaded 2 times (x 79B)
Class org.jetbrains.kotlin.tooling.core.HasExtras                                     : loaded 2 times (x 70B)
Class com.intellij.gradle.toolingExtension.impl.model.sourceSetModel.GradleSourceSetSerialisationService: loaded 2 times (x 77B)
Class kotlin.io.FileSystemException                                                   : loaded 2 times (x 82B)
Class com.google.common.collect.AbstractMapBasedMultimap$WrappedSet                   : loaded 2 times (x 142B)
Class com.android.builder.model.v2.dsl.BaseConfig                                     : loaded 2 times (x 70B)
Class com.google.common.collect.Maps                                                  : loaded 2 times (x 71B)
Class com.amazon.ion.impl.lite.IonIntLite                                             : loaded 2 times (x 190B)
Class com.amazon.ion.impl._Private_IonReaderBuilder$TwoElementInputStream             : loaded 2 times (x 92B)
Class com.amazon.ion.util._Private_FastAppendable                                     : loaded 2 times (x 70B)
Class [Lcom.amazon.ion.impl.bin.IonRawBinaryWriter$PreallocationMode;                 : loaded 2 times (x 69B)
Class io.opentelemetry.context.propagation.TextMapGetter                              : loaded 2 times (x 70B)
Class org.gradle.internal.time.TimeSource$1                                           : loaded 2 times (x 77B)
Class kotlin.jvm.internal.DefaultConstructorMarker                                    : loaded 2 times (x 71B)
Class org.gradle.api.specs.Spec                                                       : loaded 2 times (x 70B)
Class [Lcom.google.common.collect.ImmutableEntry;                                     : loaded 2 times (x 69B)
Class com.amazon.ion.impl.lite.IonSexpLite                                            : loaded 2 times (x 491B)
Class com.amazon.ion.impl.lite.IonListLite                                            : loaded 2 times (x 491B)
Class com.amazon.ion.IonFloat                                                         : loaded 2 times (x 70B)
Class io.opentelemetry.context.ThreadLocalContextStorage$ScopeImpl                    : loaded 2 times (x 79B)
Class sync_studio_tooling_d4xmr6pngf9tpxv87sornrvx9                                   : loaded 2 times (x 179B)
Class com.google.common.cache.LocalCache$LoadingValueReference                        : loaded 2 times (x 96B)
Class com.amazon.ion.impl.LocalSymbolTable$Factory                                    : loaded 2 times (x 77B)
Class com.amazon.ion.impl.bin.IonManagedBinaryWriter$ImportedSymbolResolverMode       : loaded 2 times (x 80B)
Class com.intellij.gradle.toolingExtension.impl.model.buildScriptClasspathModel.GradleBuildScriptClasspathSerializationService: loaded 2 times (x 77B)
Class com.google.common.base.Platform                                                 : loaded 2 times (x 71B)
Class org.jetbrains.plugins.gradle.model.FileCollectionDependency                     : loaded 2 times (x 70B)
Class com.amazon.ion.impl.LocalSymbolTableAsStruct                                    : loaded 2 times (x 132B)
Class com.amazon.ion.impl.lite.IonTimestampLite                                       : loaded 2 times (x 193B)
Class io.opentelemetry.api.trace.SpanBuilder                                          : loaded 2 times (x 70B)
Class io.opentelemetry.api.DefaultOpenTelemetry                                       : loaded 2 times (x 89B)
Class com.intellij.gradle.toolingExtension.impl.model.utilDummyModel.DummyModel       : loaded 2 times (x 70B)
Class kotlin.text.StringsKt__RegexExtensionsKt                                        : loaded 2 times (x 71B)
Class kotlin.collections.EmptyIterator                                                : loaded 2 times (x 89B)
Class org.gradle.internal.time.Clock                                                  : loaded 2 times (x 70B)
Class com.android.builder.model.v2.dsl.ProductFlavor                                  : loaded 2 times (x 70B)
Class [Lcom.android.builder.model.v2.ide.TestInfo$Execution;                          : loaded 2 times (x 69B)
Class [Lorg.objectweb.asm.AnnotationWriter;                                           : loaded 2 times (x 69B)
Class com.google.common.collect.Maps$8                                                : loaded 2 times (x 82B)
Class com.amazon.ion.IonString                                                        : loaded 2 times (x 70B)
Class io.opentelemetry.context.propagation.TextMapPropagator                          : loaded 2 times (x 70B)
Class org.jetbrains.plugins.gradle.model.GradleSourceSetDependencyModel               : loaded 2 times (x 70B)
Class kotlin.io.FilePathComponents                                                    : loaded 2 times (x 72B)
Class com.google.common.collect.CompoundOrdering                                      : loaded 2 times (x 115B)
Class kotlin.sequences.SequencesKt__SequencesJVMKt                                    : loaded 2 times (x 71B)
Class kotlin.coroutines.jvm.internal.RestrictedSuspendLambda                          : loaded 2 times (x 91B)
Class org.gradle.tooling.internal.adapter.TypeInspector                               : loaded 2 times (x 73B)
Class org.gradle.tooling.internal.adapter.ProtocolToModelAdapter$NoOpDecoration       : loaded 2 times (x 79B)
Class org.gradle.tooling.model.Element                                                : loaded 2 times (x 70B)
Class kotlin.collections.AbstractList                                                 : loaded 2 times (x 197B)
Class kotlin.collections.AbstractCollection                                           : loaded 2 times (x 117B)
Class com.google.common.collect.Sets$SetView                                          : loaded 2 times (x 138B)
Class com.google.common.cache.LocalCache$StrongValueReference                         : loaded 2 times (x 90B)
Class com.google.common.util.concurrent.AbstractFuture$SynchronizedHelper             : loaded 2 times (x 78B)
Class org.jetbrains.kotlin.tooling.core.Extras                                        : loaded 2 times (x 70B)
Class com.amazon.ion.BufferConfiguration                                              : loaded 2 times (x 72B)
Class com.amazon.ion.system.SimpleCatalog                                             : loaded 2 times (x 91B)
Class io.opentelemetry.context.ArrayBasedContext                                      : loaded 2 times (x 100B)
Class com.intellij.gradle.toolingExtension.impl.model.taskModel.GradleTaskSerialisationService: loaded 2 times (x 76B)
Class com.android.ide.gradle.model.LegacyV1AgpVersionModel                            : loaded 2 times (x 70B)
Class kotlin.text.StringsKt__StringBuilderJVMKt                                       : loaded 2 times (x 71B)
Class kotlin.text.Regex                                                               : loaded 2 times (x 72B)
Class kotlin.sequences.SequencesKt__SequenceBuilderKt$sequence$$inlined$Sequence$1    : loaded 2 times (x 75B)
Class kotlin.Triple                                                                   : loaded 2 times (x 72B)
Class org.objectweb.asm.Type                                                          : loaded 2 times (x 72B)
Class org.jetbrains.plugins.gradle.tooling.util.IntObjectMap$1                        : loaded 2 times (x 77B)
Class org.gradle.tooling.model.internal.ImmutableDomainObjectSet                      : loaded 2 times (x 155B)
Class org.gradle.internal.classloader.VisitableURLClassLoader$InstrumentingVisitableURLClassLoader: loaded 2 times (x 123B)
Class com.android.builder.model.v2.ide.AndroidGradlePluginProjectFlags                : loaded 2 times (x 70B)
Class [Lcom.android.builder.model.v2.ide.AndroidGradlePluginProjectFlags$BooleanFlag; : loaded 2 times (x 69B)
Class com.android.builder.model.v2.ide.BasicVariant                                   : loaded 2 times (x 70B)
Class org.objectweb.asm.ByteVector                                                    : loaded 2 times (x 79B)
Class [Lcom.google.common.cache.CacheBuilder$NullListener;                            : loaded 2 times (x 69B)
Class com.google.common.math.IntMath$1                                                : loaded 2 times (x 71B)
Class [Lcom.amazon.ion.impl.bin.IonRawBinaryWriter$StreamFlushMode;                   : loaded 2 times (x 69B)
Class com.amazon.ion.UnsupportedIonVersionException                                   : loaded 2 times (x 85B)
Class io.opentelemetry.api.trace.SpanId                                               : loaded 2 times (x 71B)
Class kotlin.comparisons.ComparisonsKt__ComparisonsKt                                 : loaded 2 times (x 71B)
Class kotlin.ranges.RangesKt__RangesKt                                                : loaded 2 times (x 71B)
Class kotlin.collections.SetsKt___SetsKt                                              : loaded 2 times (x 71B)
Class kotlin.sequences.SequencesKt__SequencesKt                                       : loaded 2 times (x 71B)
Class kotlin.coroutines.Continuation                                                  : loaded 2 times (x 70B)
Class org.gradle.internal.classloader.VisitableURLClassLoader$Spec                    : loaded 2 times (x 74B)
Class org.gradle.internal.classpath.DefaultClassPath                                  : loaded 2 times (x 90B)
Class com.android.builder.model.v2.ide.BundleInfo                                     : loaded 2 times (x 70B)
Class com.android.builder.model.v2.ide.SourceProvider                                 : loaded 2 times (x 70B)
Class org.objectweb.asm.Symbol                                                        : loaded 2 times (x 73B)
Class com.amazon.ion.impl.bin.IonManagedBinaryWriter$SymbolState                      : loaded 2 times (x 80B)
Class com.amazon.ion.IonStruct                                                        : loaded 2 times (x 70B)
Class org.jetbrains.plugins.gradle.model.GradleBuildScriptClasspathModel              : loaded 2 times (x 70B)
Class kotlin.sequences.FilteringSequence                                              : loaded 2 times (x 75B)
Class kotlin.text.CharsKt__CharJVMKt                                                  : loaded 2 times (x 71B)
Class kotlin.comparisons.ComparisonsKt                                                : loaded 2 times (x 71B)
Class kotlin.comparisons.ComparisonsKt___ComparisonsKt                                : loaded 2 times (x 71B)
Class kotlin.coroutines.jvm.internal.BaseContinuationImpl                             : loaded 2 times (x 87B)
Class kotlin.Result$Companion                                                         : loaded 2 times (x 71B)
Class org.gradle.util.internal.DefaultGradleVersion                                   : loaded 2 times (x 82B)
Class com.google.common.collect.RegularImmutableMap$Values                            : loaded 2 times (x 207B)
Class [Lio.opentelemetry.context.ThreadLocalContextStorage;                           : loaded 2 times (x 69B)
Class org.gradle.internal.classloader.ClassLoaderSpec                                 : loaded 2 times (x 71B)
Class org.objectweb.asm.AnnotationWriter                                              : loaded 2 times (x 79B)
Class com.google.common.cache.CacheStats                                              : loaded 2 times (x 71B)
Class com.amazon.ion.impl.IonWriterSystemTextMarkup                                   : loaded 2 times (x 192B)
Class com.amazon.ion.impl.bin.BlockAllocator                                          : loaded 2 times (x 80B)
Class kotlin.jvm.internal.FunctionReferenceImpl                                       : loaded 2 times (x 126B)
Class kotlin.collections.CollectionsKt___CollectionsJvmKt                             : loaded 2 times (x 71B)
Class com.google.common.collect.ImmutableMultisetGwtSerializationDependencies         : loaded 2 times (x 125B)
Class org.objectweb.asm.RecordComponentWriter                                         : loaded 2 times (x 78B)
Class [Lcom.android.builder.model.v2.ide.ProjectType;                                 : loaded 2 times (x 69B)
Class com.google.common.util.concurrent.AbstractFuture$Listener                       : loaded 2 times (x 72B)
Class Settings_gradle$1$1                                                             : loaded 2 times (x 74B)
Class com.amazon.ion.system.IonWriterBuilderBase                                      : loaded 2 times (x 83B)
Class io.opentelemetry.api.trace.Tracer                                               : loaded 2 times (x 70B)
Class kotlin.TuplesKt                                                                 : loaded 2 times (x 71B)
Class kotlin.jvm.internal.markers.KMutableIterable                                    : loaded 2 times (x 70B)
Class kotlin.Unit                                                                     : loaded 2 times (x 71B)
Class kotlin.sequences.SequencesKt___SequencesJvmKt                                   : loaded 2 times (x 71B)
Class org.gradle.tooling.internal.adapter.ProtocolToModelAdapter$DefaultViewBuilder   : loaded 2 times (x 80B)
Class [Lcom.android.builder.model.v2.ide.AaptOptions$Namespacing;                     : loaded 2 times (x 69B)
Class com.android.ide.common.gradle.Version$Companion$ParseState                      : loaded 2 times (x 70B)
Class org.objectweb.asm.Attribute                                                     : loaded 2 times (x 77B)
Class com.google.common.base.Supplier                                                 : loaded 2 times (x 70B)
Class io.opentelemetry.api.trace.ArrayBasedTraceState                                 : loaded 2 times (x 86B)
Class io.opentelemetry.context.ContextKey                                             : loaded 2 times (x 70B)
Class io.opentelemetry.context.propagation.TextMapSetter                              : loaded 2 times (x 70B)
Class kotlin.ranges.RangesKt                                                          : loaded 2 times (x 71B)
Class org.gradle.tooling.internal.adapter.ProtocolToModelAdapter$ViewGraphDetails$1   : loaded 2 times (x 77B)
Class org.gradle.internal.classloader.VisitableURLClassLoader                         : loaded 2 times (x 117B)
Class com.google.common.util.concurrent.AbstractFuture$Waiter                         : loaded 2 times (x 72B)
Class com.android.ide.common.repository.AgpVersion$Companion                          : loaded 2 times (x 71B)
Class Settings_gradle                                                                 : loaded 2 times (x 128B)
Class [Lcom.amazon.ion.SymbolTable;                                                   : loaded 2 times (x 69B)
Class com.amazon.ion.impl.bin.IonBinaryWriterAdapter$Factory                          : loaded 2 times (x 70B)
Class com.amazon.ion.impl.BlockedBuffer$BufferedOutputStream                          : loaded 2 times (x 90B)
Class org.jetbrains.plugins.gradle.tooling.serialization.ExternalTestsSerializationService$ReadContext: loaded 2 times (x 72B)
Class kotlin.sequences.FlatteningSequence$iterator$1                                  : loaded 2 times (x 79B)
Class kotlin.jvm.functions.Function0                                                  : loaded 2 times (x 70B)
Class kotlin.collections.ArraysUtilJVM                                                : loaded 2 times (x 71B)
Class org.gradle.tooling.model.idea.IdeaDependency                                    : loaded 2 times (x 70B)
Class com.android.builder.model.v2.ide.AaptOptions                                    : loaded 2 times (x 70B)
Class [Lcom.android.builder.model.v2.ide.BytecodeTransformation;                      : loaded 2 times (x 69B)
Class com.google.common.collect.HashBiMap                                             : loaded 2 times (x 143B)
Class com.google.common.base.Strings                                                  : loaded 2 times (x 71B)
Class com.android.ide.common.gradle.Version$Companion                                 : loaded 2 times (x 71B)
Class com.google.common.collect.Sets                                                  : loaded 2 times (x 71B)
Class org.objectweb.asm.Handler                                                       : loaded 2 times (x 72B)
Class com.google.common.base.Ticker                                                   : loaded 2 times (x 72B)
Class com.amazon.ion.impl.bin.AbstractIonWriter$WriteValueOptimization                : loaded 2 times (x 79B)
Class kotlin.collections.AbstractMutableList                                          : loaded 2 times (x 206B)
Class kotlin.jvm.functions.Function1                                                  : loaded 2 times (x 70B)
Class com.android.builder.model.v2.models.ndk.NativeModelBuilderParameter             : loaded 2 times (x 70B)
Class [Lcom.google.common.cache.LocalCache$Segment;                                   : loaded 2 times (x 69B)
Class [Lcom.google.common.cache.LocalCache$Strength;                                  : loaded 2 times (x 69B)
Class com.google.common.cache.CacheBuilder$1                                          : loaded 2 times (x 85B)
Class com.google.common.collect.ImmutableMap                                          : loaded 2 times (x 120B)
Class com.amazon.ion.impl.bin.BlockAllocatorProvider                                  : loaded 2 times (x 72B)
Class io.opentelemetry.api.trace.ArrayBasedTraceStateBuilder                          : loaded 2 times (x 77B)
Class org.jetbrains.plugins.gradle.tooling.serialization.internal.IdeaProjectSerializationService$WriteContext: loaded 2 times (x 72B)
Class com.intellij.gradle.toolingExtension.impl.model.sourceSetDependencyModel.GradleSourceSetDependencySerialisationService: loaded 2 times (x 77B)
Class org.jetbrains.plugins.gradle.model.GradleSourceSetModel                         : loaded 2 times (x 70B)
Class kotlin.KotlinNothingValueException                                              : loaded 2 times (x 82B)
Class kotlin.jvm.functions.Function2                                                  : loaded 2 times (x 70B)
Class org.gradle.internal.classpath.DefaultClassPath$ImmutableUniqueList$Builder      : loaded 2 times (x 75B)
Class com.google.common.cache.LocalCache                                              : loaded 2 times (x 187B)
Class com.google.common.cache.CacheBuilder$2                                          : loaded 2 times (x 79B)
Class com.amazon.ion.impl.lite.IonSequenceLite                                        : loaded 2 times (x 433B)
Class com.amazon.ion.impl._Private_Utils$1                                            : loaded 2 times (x 98B)
Class com.amazon.ion.impl.SymbolTableAsStruct                                         : loaded 2 times (x 70B)
Class io.opentelemetry.api.trace.TracerProvider                                       : loaded 2 times (x 70B)
Class com.android.ide.gradle.model.dependencies.Coordinates                           : loaded 2 times (x 70B)
Class kotlin.collections.MapsKt___MapsJvmKt                                           : loaded 2 times (x 71B)
Class org.gradle.tooling.internal.adapter.WeakIdentityHashMap$AbsentValueProvider     : loaded 2 times (x 70B)
Class com.google.common.collect.ArrayListMultimap                                     : loaded 2 times (x 172B)
Class com.google.common.cache.CacheBuilder$3                                          : loaded 2 times (x 72B)
Class [Lcom.google.common.collect.AbstractMapEntry;                                   : loaded 2 times (x 69B)
Class com.google.common.collect.ImmutableEntry                                        : loaded 2 times (x 82B)
Class com.amazon.ion.impl.bin.AbstractIonWriter                                       : loaded 2 times (x 160B)
Class io.opentelemetry.api.trace.AutoValue_ArrayBasedTraceState                       : loaded 2 times (x 87B)
Class gnu.trove.TObjectHash                                                           : loaded 2 times (x 94B)
Class org.jetbrains.plugins.gradle.tooling.util.ObjectCollector$Processor             : loaded 2 times (x 70B)
Class kotlin.jvm.functions.Function4                                                  : loaded 2 times (x 70B)
Class kotlin.collections.EmptySet                                                     : loaded 2 times (x 122B)
Class kotlin.annotation.Target                                                        : loaded 2 times (x 70B)
Class kotlin.collections.CollectionsKt___CollectionsKt                                : loaded 2 times (x 71B)
Class org.gradle.internal.exceptions.NonGradleCauseExceptionsHolder                   : loaded 2 times (x 70B)
Class org.gradle.tooling.model.idea.IdeaModuleDependency                              : loaded 2 times (x 70B)
Class org.gradle.tooling.internal.adapter.ViewBuilder                                 : loaded 2 times (x 70B)
Class com.google.common.base.Suppliers$MemoizingSupplier                              : loaded 2 times (x 79B)
Class com.android.builder.model.v2.ide.AndroidLibraryData                             : loaded 2 times (x 70B)
Class com.android.builder.model.v2.ide.ApiVersion                                     : loaded 2 times (x 70B)
Class org.apache.commons.io.StandardLineSeparator                                     : loaded 2 times (x 79B)
Class com.android.ide.common.gradle.Version                                           : loaded 2 times (x 75B)
Class com.google.common.collect.CollectPreconditions                                  : loaded 2 times (x 71B)
Class com.amazon.ion.system.IonReaderBuilder                                          : loaded 2 times (x 95B)
Class io.opentelemetry.api.trace.TraceState                                           : loaded 2 times (x 70B)
Class org.jetbrains.plugins.gradle.model.AnnotationProcessingConfig                   : loaded 2 times (x 70B)
Class com.amazon.ion.IonReader                                                        : loaded 2 times (x 70B)
Class gnu.trove.Equality                                                              : loaded 2 times (x 70B)
Class kotlin.text.StringsKt___StringsJvmKt                                            : loaded 2 times (x 71B)
Class kotlin.reflect.KDeclarationContainer                                            : loaded 2 times (x 70B)
Class kotlin.annotation.Retention                                                     : loaded 2 times (x 70B)
Class com.android.builder.model.v2.models.Versions$Version                            : loaded 2 times (x 70B)
Class com.google.common.collect.SortedMapDifference                                   : loaded 2 times (x 70B)
Class com.amazon.ion.IonClob                                                          : loaded 2 times (x 70B)
Class io.opentelemetry.context.LazyStorage                                            : loaded 2 times (x 71B)
Class org.jetbrains.plugins.gradle.tooling.ModelBuilderService$Parameter              : loaded 2 times (x 70B)
Class kotlin.io.FilesKt                                                               : loaded 2 times (x 71B)
Class kotlin.collections.MapsKt___MapsKt                                              : loaded 2 times (x 71B)
Class kotlin.collections.ArraysKt___ArraysKt                                          : loaded 2 times (x 71B)
Class com.google.common.cache.LocalCache$WriteThroughEntry                            : loaded 2 times (x 79B)
Class com.google.common.cache.LocalCache$HashIterator                                 : loaded 2 times (x 86B)
Class com.google.common.cache.LocalCache$EntryFactory                                 : loaded 2 times (x 83B)
Class com.amazon.ion.impl.lite.IonLobLite                                             : loaded 2 times (x 185B)
Class com.amazon.ion.impl.lite.IonTextLite                                            : loaded 2 times (x 182B)
Class com.amazon.ion.IonNumber                                                        : loaded 2 times (x 70B)
Class gnu.trove.TObjectHashingStrategy                                                : loaded 2 times (x 70B)
Class kotlin.collections.MapsKt__MapWithDefaultKt                                     : loaded 2 times (x 71B)
Class org.gradle.tooling.internal.adapter.ProtocolToModelAdapter$ReflectionMethodInvoker: loaded 2 times (x 76B)
Class [Lcom.android.ide.common.gradle.Separator;                                      : loaded 2 times (x 69B)
Class com.google.common.cache.LocalCache$AbstractReferenceEntry                       : loaded 2 times (x 107B)
Class org.jetbrains.kotlin.tooling.core.HasMutableExtras                              : loaded 2 times (x 70B)
Class [Lcom.amazon.ion.impl.bin.IonManagedBinaryWriter$UserState;                     : loaded 2 times (x 69B)
Class com.amazon.ion.impl.bin.utf8.Utf8StringEncoder                                  : loaded 2 times (x 80B)
Class com.amazon.ion.IonBool                                                          : loaded 2 times (x 70B)
Class kotlin.text.StringsKt___StringsKt                                               : loaded 2 times (x 71B)
Class com.google.common.collect.NullsLastOrdering                                     : loaded 2 times (x 115B)
Class kotlin.collections.CollectionsKt__MutableCollectionsJVMKt                       : loaded 2 times (x 71B)
Class kotlin.enums.EnumEntriesKt                                                      : loaded 2 times (x 71B)
Class com.android.builder.model.v2.models.VariantDependencies                         : loaded 2 times (x 70B)
Class org.objectweb.asm.SymbolTable                                                   : loaded 2 times (x 72B)
Class com.google.common.cache.CacheLoader$InvalidCacheLoadException                   : loaded 2 times (x 82B)
Class com.amazon.ion.IonLoader                                                        : loaded 2 times (x 70B)
Class io.opentelemetry.context.propagation.NoopTextMapPropagator                      : loaded 2 times (x 76B)
Class com.intellij.gradle.toolingExtension.model.repositoryModel.ProjectRepositoriesModel: loaded 2 times (x 70B)
Class org.jetbrains.plugins.gradle.model.GradleProperty                               : loaded 2 times (x 70B)
Class gnu.trove.TObjectCanonicalHashingStrategy                                       : loaded 2 times (x 78B)
Class org.gradle.internal.classloader.SystemClassLoaderSpec                           : loaded 2 times (x 71B)
Class com.android.builder.model.v2.ide.TestedTargetVariant                            : loaded 2 times (x 70B)
Class com.google.common.cache.LocalCache$StrongEntry                                  : loaded 2 times (x 108B)
Class com.google.common.util.concurrent.AbstractFuture$TrustedFuture                  : loaded 2 times (x 114B)
Class com.google.common.cache.LoadingCache                                            : loaded 2 times (x 70B)
Class com.amazon.ion.impl._Private_Utils                                              : loaded 2 times (x 71B)
Class kotlin.ranges.IntRange$Companion                                                : loaded 2 times (x 71B)
Class kotlin.text.MatcherMatchResult$groups$1                                         : loaded 2 times (x 151B)
Class kotlin.collections.EmptyMap                                                     : loaded 2 times (x 108B)
Class kotlin.reflect.KAnnotatedElement                                                : loaded 2 times (x 70B)
Class kotlin.jvm.internal.markers.KMutableCollection                                  : loaded 2 times (x 70B)
Class kotlin.coroutines.intrinsics.IntrinsicsKt                                       : loaded 2 times (x 71B)
Class org.gradle.internal.exceptions.MultiCauseException                              : loaded 2 times (x 70B)
Class org.gradle.internal.time.CountdownTimer                                         : loaded 2 times (x 70B)
Class kotlin.jvm.internal.Intrinsics                                                  : loaded 2 times (x 71B)
Class com.google.common.base.Suppliers$NonSerializableMemoizingSupplier               : loaded 2 times (x 79B)
Class org.objectweb.asm.MethodWriter                                                  : loaded 2 times (x 106B)
Class [Lcom.google.common.cache.Weigher;                                              : loaded 2 times (x 69B)
Class com.google.common.collect.RegularImmutableMap$BucketOverflowException           : loaded 2 times (x 82B)
Class io.opentelemetry.api.trace.Span                                                 : loaded 2 times (x 70B)
Class com.intellij.gradle.toolingExtension.impl.model.projectModel.GradleExternalProjectSerializationService$ReadContext: loaded 2 times (x 73B)
Class com.intellij.gradle.toolingExtension.impl.model.dependencyModel.DependencyWriteContext: loaded 2 times (x 72B)
Class kotlin.collections.MapsKt                                                       : loaded 2 times (x 71B)
Class kotlin.coroutines.intrinsics.CoroutineSingletons                                : loaded 2 times (x 79B)
Class kotlin.collections.CollectionsKt__IterablesKt                                   : loaded 2 times (x 71B)
Class org.gradle.tooling.model.ProjectModel                                           : loaded 2 times (x 70B)
Class com.google.common.collect.ImmutableMultimap$1                                   : loaded 2 times (x 82B)
Class com.android.ide.common.gradle.Version$Companion$ParseState$EMPTY                : loaded 2 times (x 74B)
Class org.jetbrains.plugins.gradle.model.GradleConfiguration                          : loaded 2 times (x 70B)
Class com.amazon.ion.impl.bin.utf8.Utf8StringEncoderPool                              : loaded 2 times (x 74B)
Class com.amazon.ion.impl._Private_IonSystem                                          : loaded 2 times (x 70B)
Class com.amazon.ion.BufferConfiguration$OversizedValueHandler                        : loaded 2 times (x 70B)
Class kotlin.ranges.OpenEndRange                                                      : loaded 2 times (x 70B)
Class kotlin.sequences.SequenceBuilderIterator                                        : loaded 2 times (x 85B)
Class kotlin.KotlinNullPointerException                                               : loaded 2 times (x 83B)
Class com.google.common.collect.ImmutableMultimap$2                                   : loaded 2 times (x 81B)
Class com.android.ide.common.repository.AgpVersion$Companion$WhenMappings             : loaded 2 times (x 71B)
Class com.google.common.collect.RegularImmutableBiMap                                 : loaded 2 times (x 149B)
Class com.google.common.cache.LocalCache$ValueReference                               : loaded 2 times (x 70B)
Class com.amazon.ion.IonDecimal                                                       : loaded 2 times (x 70B)
Class io.opentelemetry.api.OpenTelemetry                                              : loaded 2 times (x 70B)
Class org.jetbrains.plugins.gradle.model.tests.ExternalTestsModel                     : loaded 2 times (x 70B)
Class kotlin.ranges.RangesKt___RangesKt                                               : loaded 2 times (x 71B)
Class org.gradle.tooling.model.idea.IdeaLanguageLevel                                 : loaded 2 times (x 70B)
Class org.gradle.tooling.internal.adapter.ProtocolToModelAdapter$SafeMethodInvoker    : loaded 2 times (x 76B)
Class org.gradle.tooling.internal.adapter.WeakIdentityHashMap$WeakKey                 : loaded 2 times (x 79B)
Class org.gradle.internal.exceptions.DefaultMultiCauseException                       : loaded 2 times (x 95B)
Class com.google.common.hash.PrimitiveSink                                            : loaded 2 times (x 70B)
Class com.android.builder.model.v2.ide.ProjectInfo                                    : loaded 2 times (x 70B)
Class com.google.common.base.PatternCompiler                                          : loaded 2 times (x 70B)
Class com.google.common.util.concurrent.AbstractFuture$Failure                        : loaded 2 times (x 72B)
Class com.google.common.base.Equivalence$Equals                                       : loaded 2 times (x 82B)
Class com.google.common.collect.Hashing                                               : loaded 2 times (x 71B)
Class com.amazon.ion.impl.bin.IonRawBinaryWriter$StreamCloseMode                      : loaded 2 times (x 79B)
Class com.amazon.ion.impl._Private_IonBinaryWriterBuilder$Mutable                     : loaded 2 times (x 115B)
Class io.opentelemetry.api.trace.PropagatedSpan                                       : loaded 2 times (x 112B)
Class com.intellij.gradle.toolingExtension.impl.model.projectModel.GradleExternalProjectSerializationService: loaded 2 times (x 77B)
Class kotlin.text.CharsKt__CharKt                                                     : loaded 2 times (x 71B)
Class kotlin.collections.ArrayDeque$Companion                                         : loaded 2 times (x 71B)
Class kotlin.collections.ArraysKt                                                     : loaded 2 times (x 71B)
Class org.gradle.tooling.model.HierarchicalElement                                    : loaded 2 times (x 70B)
Class com.android.builder.model.v2.dsl.DependenciesInfo                               : loaded 2 times (x 70B)
Class org.objectweb.asm.Label                                                         : loaded 2 times (x 73B)
Class org.objectweb.asm.CurrentFrame                                                  : loaded 2 times (x 73B)
Class org.objectweb.asm.ClassTooLargeException                                        : loaded 2 times (x 83B)
Class com.amazon.ion.impl.bin.IonRawBinaryWriter$PatchPoint                           : loaded 2 times (x 72B)
Class com.amazon.ion.IonBlob                                                          : loaded 2 times (x 70B)
Class com.amazon.ion.IonLob                                                           : loaded 2 times (x 70B)
Class com.amazon.ion.IonSequence                                                      : loaded 2 times (x 70B)
Class io.opentelemetry.api.trace.TraceFlags                                           : loaded 2 times (x 70B)
Class org.jetbrains.plugins.gradle.tooling.serialization.ExternalTestsSerializationService: loaded 2 times (x 77B)
Class com.google.common.collect.ByFunctionOrdering                                    : loaded 2 times (x 115B)
Class kotlin.collections.SetsKt__SetsKt                                               : loaded 2 times (x 71B)
Class kotlin.coroutines.EmptyCoroutineContext                                         : loaded 2 times (x 77B)
Class org.gradle.internal.time.Time                                                   : loaded 2 times (x 71B)
Class com.android.builder.model.v2.models.ProjectGraph                                : loaded 2 times (x 70B)
Class com.google.common.collect.Maps$IteratorBasedAbstractMap                         : loaded 2 times (x 125B)
Class com.android.ide.common.gradle.Version$Companion$ParseState$NUMERIC              : loaded 2 times (x 74B)
Class com.google.common.collect.RangeGwtSerializationDependencies                     : loaded 2 times (x 71B)
Class org.objectweb.asm.Frame                                                         : loaded 2 times (x 73B)
Class org.objectweb.asm.MethodVisitor                                                 : loaded 2 times (x 105B)
Class com.google.common.cache.LocalCache$EntryFactory$1                               : loaded 2 times (x 83B)
Class [Lcom.google.common.cache.RemovalListener;                                      : loaded 2 times (x 69B)
Class com.android.ide.common.repository.AgpVersion$PreviewKind                        : loaded 2 times (x 79B)
Class com.amazon.ion.system.IonTextWriterBuilder                                      : loaded 2 times (x 98B)
Class com.amazon.ion.impl.bin.IonManagedBinaryWriter$ImportedSymbolResolverMode$1$1$1 : loaded 2 times (x 76B)
Class com.amazon.ion.impl._Private_LocalSymbolTableFactory                            : loaded 2 times (x 70B)
Class org.jetbrains.plugins.gradle.tooling.serialization.AnnotationProcessingModelSerializationService: loaded 2 times (x 77B)
Class kotlin.collections.ArraysKt__ArraysJVMKt                                        : loaded 2 times (x 71B)
Class com.google.common.cache.LocalCache$EntryFactory$2                               : loaded 2 times (x 83B)
Class com.amazon.ion.impl.lite.IonNullLite                                            : loaded 2 times (x 176B)
Class org.jetbrains.plugins.gradle.model.DependencyAccessorsModel                     : loaded 2 times (x 70B)
Class [Lcom.intellij.openapi.externalSystem.model.project.dependencies.ResolutionState;: loaded 2 times (x 69B)
Class gnu.trove.TObjectIntHashMap                                                     : loaded 2 times (x 109B)
Class kotlin.text.StringsKt__StringBuilderKt                                          : loaded 2 times (x 71B)
Class kotlin.jvm.internal.CallableReference$NoReceiver                                : loaded 2 times (x 71B)
Class org.gradle.api.internal.classpath.GlobalCacheRootsProvider                      : loaded 2 times (x 70B)
Class com.google.common.collect.Multimaps                                             : loaded 2 times (x 71B)
Class com.google.common.collect.CollectCollectors                                     : loaded 2 times (x 71B)
Class org.objectweb.asm.ModuleWriter                                                  : loaded 2 times (x 82B)
Class com.google.common.cache.LocalCache$EntryFactory$3                               : loaded 2 times (x 83B)
Class com.google.common.base.Ticker$1                                                 : loaded 2 times (x 72B)
Class com.google.common.collect.Maps$BiMapConverter                                   : loaded 2 times (x 90B)
Class com.google.common.collect.ImmutableMapEntrySet$RegularEntrySet                  : loaded 2 times (x 152B)
Class com.amazon.ion.impl.lite.IonClobLite                                            : loaded 2 times (x 221B)
Class com.amazon.ion.impl._Private_ValueFactory                                       : loaded 2 times (x 70B)
Class com.amazon.ion.impl.bin.IonRawBinaryWriter$PreallocationMode$1                  : loaded 2 times (x 82B)
Class [Lcom.amazon.ion.impl.bin._Private_IonManagedBinaryWriterBuilder$AllocatorMode; : loaded 2 times (x 69B)
Class org.jetbrains.kotlin.idea.gradleTooling.KotlinMPPGradleModel                    : loaded 2 times (x 70B)
Class io.opentelemetry.context.propagation.ContextPropagators                         : loaded 2 times (x 70B)
Class com.intellij.gradle.toolingExtension.impl.model.dependencyDownloadPolicyModel.GradleDependencyDownloadPolicy: loaded 2 times (x 70B)
Class org.gradle.tooling.model.BuildIdentifier                                        : loaded 2 times (x 70B)
Class kotlin.NoWhenBranchMatchedException                                             : loaded 2 times (x 82B)
Class com.google.common.collect.SetMultimap                                           : loaded 2 times (x 70B)
Class com.android.builder.model.v2.ide.VectorDrawablesOptions                         : loaded 2 times (x 70B)
Class com.google.common.cache.LocalCache$EntryFactory$4                               : loaded 2 times (x 83B)
Class com.google.common.collect.ImmutableSet$Builder                                  : loaded 2 times (x 85B)
Class com.amazon.ion.IonInt                                                           : loaded 2 times (x 70B)
Class com.amazon.ion.impl.bin.IonRawBinaryWriter$PreallocationMode$2                  : loaded 2 times (x 82B)
Class org.jetbrains.kotlin.idea.gradleTooling.PrepareKotlinIdeImportTaskModel         : loaded 2 times (x 70B)
Class com.android.builder.model.v2.ide.Edge                                           : loaded 2 times (x 70B)
Class com.android.builder.model.v2.models.VariantDependenciesFlatList                 : loaded 2 times (x 70B)
Class com.google.common.cache.LocalCache$EntryFactory$5                               : loaded 2 times (x 83B)
Class com.amazon.ion.impl.bin.IonRawBinaryWriter$PreallocationMode$3                  : loaded 2 times (x 82B)
Class com.android.ide.gradle.model.GradlePluginModel                                  : loaded 2 times (x 70B)
Class com.google.common.collect.ReverseOrdering                                       : loaded 2 times (x 115B)
Class org.gradle.tooling.model.build.JavaEnvironment                                  : loaded 2 times (x 70B)
Class com.android.builder.model.v2.ide.SourceSetContainer                             : loaded 2 times (x 70B)
Class org.apache.commons.io.output.AppendableWriter                                   : loaded 2 times (x 100B)
Class com.google.common.cache.LocalCache$EntryFactory$6                               : loaded 2 times (x 83B)
Class org.jetbrains.plugins.gradle.model.GradleExtension                              : loaded 2 times (x 70B)
Class com.amazon.ion.impl.lite.IonDecimalLite                                         : loaded 2 times (x 189B)
Class com.amazon.ion.IonBufferConfiguration$Builder                                   : loaded 2 times (x 78B)
Class org.gradle.internal.time.Timer                                                  : loaded 2 times (x 70B)
Class kotlin.jvm.internal.markers.KMappedMarker                                       : loaded 2 times (x 70B)
Class org.gradle.internal.installation.CurrentGradleInstallationLocator               : loaded 2 times (x 71B)
Class com.google.common.collect.ImmutableMultimap$Builder                             : loaded 2 times (x 86B)
Class com.android.builder.model.v2.ide.LintOptions                                    : loaded 2 times (x 70B)
Class org.apache.commons.io.output.ThresholdingOutputStream                           : loaded 2 times (x 95B)
Class com.google.common.collect.Maps$KeySet                                           : loaded 2 times (x 137B)
Class com.google.common.cache.LocalCache$EntryFactory$7                               : loaded 2 times (x 83B)
Class com.google.common.collect.ImmutableSet$EmptySetBuilderImpl                      : loaded 2 times (x 76B)
Class [Lcom.amazon.ion.impl.bin.IonRawBinaryWriter$ContainerType;                     : loaded 2 times (x 69B)
Class org.gradle.tooling.internal.adapter.ProtocolToModelAdapter$ViewGraphDetails     : loaded 2 times (x 72B)
Class org.gradle.tooling.model.idea.IdeaProject                                       : loaded 2 times (x 70B)
Class org.gradle.tooling.model.DomainObjectSet                                        : loaded 2 times (x 70B)
Class org.gradle.internal.service.DefaultServiceLocator                               : loaded 2 times (x 83B)
Class com.google.common.collect.ImmutableMultimap$EntryCollection                     : loaded 2 times (x 128B)
Class com.android.builder.model.v2.ide.BasicArtifact                                  : loaded 2 times (x 70B)
Class com.google.common.cache.LocalCache$EntryFactory$8                               : loaded 2 times (x 83B)
Class com.amazon.ion.impl.bin.utf8.Utf8StringEncoder$Result                           : loaded 2 times (x 74B)
Class com.amazon.ion.impl.bin.utf8.Pool$Allocator                                     : loaded 2 times (x 70B)
Class com.amazon.ion.IonText                                                          : loaded 2 times (x 70B)
Class com.amazon.ion.impl.SymbolTokenImpl                                             : loaded 2 times (x 81B)
Class com.amazon.ion.SubstituteSymbolTableException                                   : loaded 2 times (x 84B)
Class io.opentelemetry.api.trace.SpanContextKey                                       : loaded 2 times (x 71B)
Class kotlin.coroutines.jvm.internal.SuspendFunction                                  : loaded 2 times (x 70B)
Class org.gradle.util.GradleVersion                                                   : loaded 2 times (x 81B)
Class org.gradle.internal.installation.CurrentGradleInstallation                      : loaded 2 times (x 73B)
Class com.google.common.cache.CacheLoader$1                                           : loaded 2 times (x 75B)
Class com.amazon.ion.impl.bin.IonManagedBinaryWriter$ImportDescriptor                 : loaded 2 times (x 76B)
Class com.amazon.ion.SymbolTable                                                      : loaded 2 times (x 70B)
Class org.jetbrains.plugins.gradle.javaModel.JavaGradleManifestModel                  : loaded 2 times (x 70B)
Class org.jetbrains.plugins.gradle.tooling.serialization.GradleExtensionsSerializationService$WriteContext: loaded 2 times (x 72B)
Class com.intellij.gradle.toolingExtension.impl.model.taskModel.GradleTaskSerialisationService$Companion: loaded 2 times (x 71B)
Class kotlin.jvm.internal.Ref$BooleanRef                                              : loaded 2 times (x 71B)
Class kotlin.jvm.internal.StringCompanionObject                                       : loaded 2 times (x 71B)
Class kotlin.coroutines.intrinsics.IntrinsicsKt__IntrinsicsJvmKt                      : loaded 2 times (x 71B)
Class kotlin.coroutines.jvm.internal.CoroutineStackFrame                              : loaded 2 times (x 70B)
Class org.gradle.tooling.internal.adapter.ProtocolToModelAdapter$MethodInvocationCache$MethodInvocationKey: loaded 2 times (x 73B)
Class org.gradle.util.internal.GUtil                                                  : loaded 2 times (x 71B)
Class com.android.utils.StringHelper                                                  : loaded 2 times (x 71B)
Class com.google.common.util.concurrent.AbstractFuture$SetFuture                      : loaded 2 times (x 75B)
Class com.google.common.cache.AbstractCache$StatsCounter                              : loaded 2 times (x 70B)
Class [Lcom.amazon.ion.impl.bin.IonManagedBinaryWriter$SymbolState;                   : loaded 2 times (x 69B)
Class com.amazon.ion.impl._Private_IonWriterBase                                      : loaded 2 times (x 162B)
Class com.amazon.ion.system.IonSystemBuilder                                          : loaded 2 times (x 75B)
Class com.amazon.ion.IonCatalog                                                       : loaded 2 times (x 70B)
Class io.opentelemetry.api.trace.TraceId                                              : loaded 2 times (x 71B)
Class com.intellij.gradle.toolingExtension.impl.model.utilTurnOffDefaultTasksModel.TurnOffDefaultTasks: loaded 2 times (x 70B)
Class com.intellij.gradle.toolingExtension.impl.model.sourceSetModel.GradleSourceSetSerialisationService$SourceSetModelReadContext: loaded 2 times (x 72B)
Class kotlin.io.NoSuchFileException                                                   : loaded 2 times (x 82B)
Class kotlin.collections.CollectionsKt                                                : loaded 2 times (x 71B)
Class com.android.builder.model.v2.dsl.BuildType                                      : loaded 2 times (x 70B)
Class io.opentelemetry.api.internal.ImmutableSpanContext                              : loaded 2 times (x 91B)
Class com.intellij.gradle.toolingExtension.impl.model.sourceSetModel.GradleSourceSetSerialisationService$SourceSetModelWriteContext: loaded 2 times (x 72B)
Class kotlin.ranges.IntProgressionIterator                                            : loaded 2 times (x 82B)
Class kotlin.coroutines.CoroutineContext                                              : loaded 2 times (x 70B)
Class kotlin.coroutines.jvm.internal.DebugProbesKt                                    : loaded 2 times (x 71B)
Class org.gradle.tooling.internal.adapter.WeakIdentityHashMap                         : loaded 2 times (x 76B)
Class org.gradle.tooling.GradleConnectionException                                    : loaded 2 times (x 83B)
Class org.gradle.tooling.internal.adapter.ProtocolToModelAdapter$1                    : loaded 2 times (x 75B)
Class org.gradle.tooling.internal.adapter.ProtocolToModelAdapter$ViewDecoration       : loaded 2 times (x 70B)
Class org.gradle.internal.installation.GradleInstallation                             : loaded 2 times (x 75B)
Class com.google.common.collect.Iterables                                             : loaded 2 times (x 71B)
Class com.amazon.ion.impl.lite.ContainerlessContext                                   : loaded 2 times (x 80B)
Class io.opentelemetry.api.trace.DefaultTracer                                        : loaded 2 times (x 74B)
Class org.jetbrains.plugins.gradle.tooling.serialization.GradleExtensionsSerializationService$ReadContext: loaded 2 times (x 72B)
Class com.google.common.collect.ForwardingCollection                                  : loaded 2 times (x 130B)
Class com.google.common.collect.LexicographicalOrdering                               : loaded 2 times (x 115B)
Class org.gradle.tooling.internal.adapter.MethodInvoker                               : loaded 2 times (x 70B)
Class com.android.ide.common.gradle.Part                                              : loaded 2 times (x 77B)
Class gnu.trove.PrimeFinder                                                           : loaded 2 times (x 71B)
Class com.amazon.ion.UnexpectedEofException                                           : loaded 2 times (x 84B)
Class com.amazon.ion.IonSexp                                                          : loaded 2 times (x 70B)
Class com.amazon.ion.ReadOnlyValueException                                           : loaded 2 times (x 84B)
Class com.amazon.ion.impl._Private_LocalSymbolTable                                   : loaded 2 times (x 70B)
Class com.amazon.ion.BufferConfiguration$DataHandler                                  : loaded 2 times (x 70B)
Class com.amazon.ion.impl._Private_IonBinaryWriterBuilder                             : loaded 2 times (x 115B)
Class org.jetbrains.plugins.gradle.tooling.serialization.RepositoriesModelSerializationService$WriteContext: loaded 2 times (x 72B)
Class com.android.ide.gradle.model.LegacyAndroidGradlePluginProperties                : loaded 2 times (x 70B)
Class kotlin.ranges.IntProgression                                                    : loaded 2 times (x 81B)
Class kotlin.jvm.KotlinReflectionNotSupportedError                                    : loaded 2 times (x 82B)
Class org.gradle.tooling.model.gradle.GradleScript                                    : loaded 2 times (x 70B)

---------------  S Y S T E M  ---------------

OS:
PRETTY_NAME="Kali GNU/Linux Rolling"
NAME="Kali GNU/Linux"
VERSION_ID="2026.3"
VERSION="2026.3"
VERSION_CODENAME=kali-rolling
ID=kali
ID_LIKE=debian
HOME_URL="https://www.kali.org/"
SUPPORT_URL="https://forums.kali.org/"
BUG_REPORT_URL="https://bugs.kali.org/"
ANSI_COLOR="1;31"
uname: Linux 7.0.12+kali-amd64 #1 SMP PREEMPT_DYNAMIC Kali 7.0.12-2kali1 (2026-06-18) x86_64
OS uptime: 0 days 0:10 hours
libc: glibc 2.42 NPTL 2.42 
rlimit (soft/hard): STACK 8192k/infinity , CORE 0k/infinity , NPROC 20760/20760 , NOFILE 524288/524288 , AS infinity/infinity , CPU infinity/infinity , DATA infinity/infinity , FSIZE infinity/infinity , MEMLOCK 8192k/8192k
load average: 4.12 3.05 1.75

/proc/meminfo:
MemTotal:        5530332 kB
MemFree:          168880 kB
MemAvailable:    1816288 kB
Buffers:           38144 kB
Cached:          1791400 kB
SwapCached:        23324 kB
Active:          2021028 kB
Inactive:        2950572 kB
Active(anon):    1801972 kB
Inactive(anon):  1373776 kB
Active(file):     219056 kB
Inactive(file):  1576796 kB
Unevictable:         128 kB
Mlocked:             128 kB
SwapTotal:       5741564 kB
SwapFree:        5529272 kB
Zswap:                 0 kB
Zswapped:              0 kB
Dirty:              8784 kB
Writeback:             0 kB
AnonPages:       3132860 kB
Mapped:           662820 kB
Shmem:             33640 kB
KReclaimable:     126420 kB
Slab:             219156 kB
SReclaimable:     126420 kB
SUnreclaim:        92736 kB
KernelStack:       10320 kB
PageTables:        23796 kB
SecPageTables:         0 kB
NFS_Unstable:          0 kB
Bounce:                0 kB
WritebackTmp:          0 kB
CommitLimit:     8506728 kB
Committed_AS:    6605732 kB
VmallocTotal:   34359738367 kB
VmallocUsed:       67040 kB
VmallocChunk:          0 kB
Percpu:             2432 kB
HardwareCorrupted:     0 kB
AnonHugePages:    972800 kB
ShmemHugePages:        0 kB
ShmemPmdMapped:        0 kB
FileHugePages:      4096 kB
FilePmdMapped:         0 kB
Unaccepted:            0 kB
Balloon:               0 kB
HugePages_Total:       0
HugePages_Free:        0
HugePages_Rsvd:        0
HugePages_Surp:        0
Hugepagesize:       2048 kB
Hugetlb:               0 kB
DirectMap4k:      354088 kB
DirectMap2M:     5390336 kB
DirectMap1G:           0 kB

/sys/kernel/mm/transparent_hugepage/enabled: [always] madvise never
/sys/kernel/mm/transparent_hugepage/hpage_pmd_size: 2097152
/sys/kernel/mm/transparent_hugepage/defrag (defrag/compaction efforts parameter): always defer defer+madvise [madvise] never

Process Memory:
Virtual Size: 4801272K (peak: 4809172K)
Resident Set Size: 1310812K (peak: 1310812K) (anon: 1273372K, file: 37408K, shmem: 32K)
Swapped out: 0K
C-Heap outstanding allocations: 144771K, retained: 82772K
glibc malloc tunables: (default)

/proc/sys/kernel/threads-max (system-wide limit on the number of threads): 41521
/proc/sys/vm/max_map_count (maximum number of memory map areas a process may have): 1048576
/proc/sys/vm/swappiness (control to define how aggressively the kernel swaps out anonymous memory): 60
/proc/sys/kernel/pid_max (system-wide limit on number of process identifiers): 4194304

container information not found.
Steal ticks since vm start: 0
Steal ticks percentage since vm start:  0.000

CPU: total 4 (initial active 4) (4 cores per cpu, 1 threads per core) family 18 model 1 stepping 0 microcode 0x3000027, cx8, cmov, fxsr, mmx, 3dnowpref, sse, sse2, sse3, sse4a, popcnt, lzcnt, tsc, tscinvbit, clflush, rdtscp
CPU Model and flags from /proc/cpuinfo:
model name	: AMD A8-3520M APU with Radeon(tm) HD Graphics
flags		: fpu vme de pse tsc msr pae mce cx8 apic sep mtrr pge mca cmov pat pse36 clflush mmx fxsr sse sse2 ht syscall nx mmxext fxsr_opt pdpe1gb rdtscp lm 3dnowext 3dnow constant_tsc rep_good nopl nonstop_tsc cpuid extd_apicid aperfmperf pni monitor cx16 popcnt lahf_lm cmp_legacy svm extapic cr8_legacy abm sse4a misalignsse 3dnowprefetch osvw ibs skinit wdt cpb hw_pstate vmmcall arat npt lbrv svm_lock nrip_save pausefilter

Online cpus: 0-3
Offline cpus: 
BIOS frequency limitation: 1600000
Frequency switch latency (ns): 0
Available cpu frequencies: 1600000 1400000 1200000 1100000 1000000 900000 800000 
Current governor: ondemand
Core performance/turbo boost: 1

Memory: 4k page, physical 5530332k(1816288k free), swap 5741564k(5529272k free)
Page Sizes: 4k

vm_info: OpenJDK 64-Bit Server VM (21.0.10+-14961533-b1163.108) for linux-amd64 JRE (21.0.10+-14961533-b1163.108), built on 2026-03-02T19:55:51Z by "builder" with clang Android (14488419, +pgo, +bolt, +lto, +mlgo, based on r584948) Clang 22.0.0 (https://android.googlesource.com/toolchain/llvm-project 2d65e4108033380e6fe8e08b1f1826cd2bfb0c99)

END.
