#
# A fatal error has been detected by the Java Runtime Environment:
#
#  SIGSEGV (0xb) at pc=0x00007fa0c111dfaf, pid=49065, tid=50778
#
# JRE version: OpenJDK Runtime Environment (21.0.9) (build 21.0.9+-14649483-b1163.86)
# Java VM: OpenJDK 64-Bit Server VM (21.0.9+-14649483-b1163.86, mixed mode, tiered, compressed oops, compressed class ptrs, g1 gc, linux-amd64)
# Problematic frame:
# J 33697 c2 com.android.tools.r8.internal.R90.a(Lcom/android/tools/r8/graph/D5;Lcom/android/tools/r8/internal/M9;)V (317 bytes) @ 0x00007fa0c111dfaf [0x00007fa0c111dd80+0x000000000000022f]
#
# No core dump will be written. Core dumps have been disabled. To enable core dumping, try "ulimit -c unlimited" before starting Java again
#
# If you would like to submit a bug report, please visit:
#   https://youtrack.jetbrains.com/issues/JBR
#

---------------  S U M M A R Y ------------

Command Line: --add-opens=java.base/java.lang=ALL-UNNAMED --add-opens=java.base/java.lang.invoke=ALL-UNNAMED --add-opens=java.base/java.util=ALL-UNNAMED --add-opens=java.prefs/java.util.prefs=ALL-UNNAMED --add-exports=jdk.compiler/com.sun.tools.javac.api=ALL-UNNAMED --add-exports=jdk.compiler/com.sun.tools.javac.util=ALL-UNNAMED --add-opens=java.base/java.util=ALL-UNNAMED --add-opens=java.prefs/java.util.prefs=ALL-UNNAMED --add-opens=java.base/java.nio.charset=ALL-UNNAMED --add-opens=java.base/java.net=ALL-UNNAMED --add-opens=java.base/java.util.concurrent=ALL-UNNAMED --add-opens=java.base/java.util.concurrent.atomic=ALL-UNNAMED --add-opens=java.xml/javax.xml.namespace=ALL-UNNAMED --add-opens=java.base/java.time=ALL-UNNAMED -Xmx1024m -Dfile.encoding=UTF-8 -Duser.country=US -Duser.language=en -Duser.variant -javaagent:/home/elonmusk/.gradle/wrapper/dists/gradle-9.2.1-bin/2t0n5ozlw9xmuyvbp7dnzaxug/gradle-9.2.1/lib/agents/gradle-instrumentation-agent-9.2.1.jar -Dawt.toolkit.name=XToolkit org.gradle.launcher.daemon.bootstrap.GradleDaemon 9.2.1

Host: AMD A8-3520M APU with Radeon(tm) HD Graphics, 4 cores, 5G, Kali GNU/Linux Rolling
Time: Mon Apr 27 04:08:49 2026 CDT elapsed time: 536.722144 seconds (0d 0h 8m 56s)

---------------  T H R E A D  ---------------

Current thread (0x00007fa050063d20):  JavaThread "Execution worker"        [_thread_in_Java, id=50778, stack(0x00007fa0684cc000,0x00007fa0685cc000) (1024K)]

Stack: [0x00007fa0684cc000,0x00007fa0685cc000],  sp=0x00007fa0685c24c0,  free space=985k
Native frames: (J=compiled Java code, j=interpreted, Vv=VM code, C=native code)
J 33697 c2 com.android.tools.r8.internal.R90.a(Lcom/android/tools/r8/graph/D5;Lcom/android/tools/r8/internal/M9;)V (317 bytes) @ 0x00007fa0c111dfaf [0x00007fa0c111dd80+0x000000000000022f]
J 33446 c2 com.android.tools.r8.internal.KY$$Lambda+0x0000000101612e98.accept(Ljava/lang/Object;)V (16 bytes) @ 0x00007fa0c0ee729c [0x00007fa0c0ee7220+0x000000000000007c]
J 23082 c2 java.util.ArrayList.forEach(Ljava/util/function/Consumer;)V java.base@21.0.9 (74 bytes) @ 0x00007fa0c0c43ffc [0x00007fa0c0c43f20+0x00000000000000dc]
J 27572 c1 com.android.tools.r8.internal.s50.a(Lcom/android/tools/r8/graph/D5;Lcom/android/tools/r8/internal/M9;Lcom/android/tools/r8/internal/l20;Lcom/android/tools/r8/internal/sV;Lcom/android/tools/r8/internal/ef;)Lcom/android/tools/r8/internal/Gp0; (70 bytes) @ 0x00007fa0bafdf94c [0x00007fa0bafdf120+0x000000000000082c]
J 27513 c1 com.android.tools.r8.internal.s50$$Lambda+0x0000000101612c40.get()Ljava/lang/Object; (28 bytes) @ 0x00007fa0b9ed005c [0x00007fa0b9ecffc0+0x000000000000009c]
J 23036 c1 com.android.tools.r8.internal.yu.a(Lcom/android/tools/r8/origin/Origin;Lcom/android/tools/r8/position/Position;Ljava/util/function/Supplier;)Ljava/lang/Object; (141 bytes) @ 0x00007fa0bb15c74c [0x00007fa0bb15c660+0x00000000000000ec]
J 27673 c1 com.android.tools.r8.internal.s50.a(Lcom/android/tools/r8/graph/D5;Lcom/android/tools/r8/internal/M9;Lcom/android/tools/r8/internal/l20;Lcom/android/tools/r8/internal/ei;Lcom/android/tools/r8/internal/ef;)V (48 bytes) @ 0x00007fa0b9426e14 [0x00007fa0b94266e0+0x0000000000000734]
J 27469 c1 com.android.tools.r8.internal.ei.b(Lcom/android/tools/r8/graph/D5;Lcom/android/tools/r8/internal/M9;)V (938 bytes) @ 0x00007fa0baec0ef4 [0x00007fa0baebc0a0+0x0000000000004e54]
J 30056 c1 com.android.tools.r8.internal.s50.a(Lcom/android/tools/r8/graph/E2;Lcom/android/tools/r8/internal/M9;Lcom/android/tools/r8/internal/ei;Lcom/android/tools/r8/internal/sH;)V (138 bytes) @ 0x00007fa0bb640a34 [0x00007fa0bb63f4a0+0x0000000000001594]
J 30074 c1 com.android.tools.r8.internal.ic.a(Lcom/android/tools/r8/internal/M9;Lcom/android/tools/r8/graph/E2;)V (22 bytes) @ 0x00007fa0b9186d64 [0x00007fa0b9186cc0+0x00000000000000a4]
J 30055 c1 com.android.tools.r8.internal.kc$$Lambda+0x0000000101610000.accept(Ljava/lang/Object;)V (16 bytes) @ 0x00007fa0bafa8674 [0x00007fa0bafa84c0+0x00000000000001b4]
J 23170 c1 com.android.tools.r8.internal.ep0$$Lambda+0x00000001015894e0.a(Ljava/lang/Object;I)Ljava/lang/Object; (10 bytes) @ 0x00007fa0b9b95bb4 [0x00007fa0b9b95960+0x0000000000000254]
J 23124 c1 com.android.tools.r8.internal.ep0$$Lambda+0x000000010158a0a0.call()Ljava/lang/Object; (16 bytes) @ 0x00007fa0bb190c04 [0x00007fa0bb190ac0+0x0000000000000144]
J 22807 c2 com.google.common.util.concurrent.TrustedListenableFutureTask$TrustedFutureInterruptibleTask.runInterruptibly()Ljava/lang/Object; (10 bytes) @ 0x00007fa0c17614f0 [0x00007fa0c17614a0+0x0000000000000050]
J 22808 c1 com.google.common.util.concurrent.InterruptibleTask.run()V (190 bytes) @ 0x00007fa0bb080c44 [0x00007fa0bb080460+0x00000000000007e4]
J 22803 c1 com.google.common.util.concurrent.AbstractListeningExecutorService.submit(Ljava/util/concurrent/Callable;)Ljava/util/concurrent/Future; (6 bytes) @ 0x00007fa0bb07dc3c [0x00007fa0bb07d8c0+0x000000000000037c]
J 23080 c1 com.android.tools.r8.internal.Ro0.a(Ljava/util/concurrent/Callable;)V (25 bytes) @ 0x00007fa0bb178854 [0x00007fa0bb1786e0+0x0000000000000174]
J 23146 c1 com.android.tools.r8.internal.ep0.a(Lcom/android/tools/r8/internal/Ro0;Lcom/android/tools/r8/internal/vp0;ILjava/lang/Object;)V (30 bytes) @ 0x00007fa0bb19b31c [0x00007fa0bb19adc0+0x000000000000055c]
J 22905 c1 com.android.tools.r8.internal.ep0$$Lambda+0x0000000101589968.a(ILjava/lang/Object;)V (14 bytes) @ 0x00007fa0bb12681c [0x00007fa0bb1267a0+0x000000000000007c]
J 26286 c1 com.android.tools.r8.internal.Yw$$Lambda+0x0000000101589e38.accept(Ljava/lang/Object;)V (13 bytes) @ 0x00007fa0bba8652c [0x00007fa0bba86360+0x00000000000001cc]
J 23082 c2 java.util.ArrayList.forEach(Ljava/util/function/Consumer;)V java.base@21.0.9 (74 bytes) @ 0x00007fa0c0c43ffc [0x00007fa0c0c43f20+0x00000000000000dc]
J 34749 c1 com.android.tools.r8.internal.ep0$$Lambda+0x0000000101588bc0.forEach(Ljava/util/function/Consumer;)V (11 bytes) @ 0x00007fa0bb229bb4 [0x00007fa0bb229b40+0x0000000000000074]
J 34666 c1 com.android.tools.r8.internal.Yw.a(Lcom/android/tools/r8/internal/OG;)V (20 bytes) @ 0x00007fa0bac4e1bc [0x00007fa0bac4e060+0x000000000000015c]
J 33541 c1 com.android.tools.r8.internal.ep0.a(Lcom/android/tools/r8/internal/Yw;Lcom/android/tools/r8/internal/vp0;Ljava/util/function/Predicate;Lcom/android/tools/r8/threading/ThreadingModule;Ljava/util/concurrent/ExecutorService;)Ljava/util/ArrayList; (38 bytes) @ 0x00007fa0b904dfcc [0x00007fa0b904de60+0x000000000000016c]
J 34757 c1 com.android.tools.r8.internal.ep0.a(Lcom/android/tools/r8/internal/Yw;Lcom/android/tools/r8/internal/up0;Lcom/android/tools/r8/threading/ThreadingModule;Ljava/util/concurrent/ExecutorService;)V (15 bytes) @ 0x00007fa0bb2a8fa4 [0x00007fa0bb2a8ec0+0x00000000000000e4]
J 34157 c1 com.android.tools.r8.internal.ep0.a(Ljava/util/Collection;Lcom/android/tools/r8/internal/QR$a;Lcom/android/tools/r8/threading/ThreadingModule;Ljava/util/concurrent/ExecutorService;Lcom/android/tools/r8/internal/ep0$a;)V (84 bytes) @ 0x00007fa0b914f194 [0x00007fa0b914eee0+0x00000000000002b4]
J 33733 c1 com.android.tools.r8.internal.ep0.a(Ljava/util/Collection;Ljava/util/function/Consumer;Lcom/android/tools/r8/threading/ThreadingModule;Ljava/util/concurrent/ExecutorService;)V (20 bytes) @ 0x00007fa0b9135da4 [0x00007fa0b9135cc0+0x00000000000000e4]
j  com.android.tools.r8.K.a(Lcom/android/tools/r8/graph/y;Ljava/util/Collection;Ljava/util/function/Consumer;Ljava/util/concurrent/ExecutorService;)V+10
j  com.android.tools.r8.internal.kc.a(Lcom/android/tools/r8/internal/lc;Ljava/util/concurrent/ExecutorService;)V+498
j  com.android.tools.r8.internal.s50.a(Lcom/android/tools/r8/internal/ei;Lcom/android/tools/r8/internal/sH;Ljava/util/concurrent/ExecutorService;)V+65
j  com.android.tools.r8.internal.s50.a(Lcom/android/tools/r8/graph/y;Ljava/util/concurrent/ExecutorService;)V+110
j  com.android.tools.r8.D8.d(Lcom/android/tools/r8/utils/j;Lcom/android/tools/r8/utils/w;Ljava/util/concurrent/ExecutorService;)V+284
j  com.android.tools.r8.D8.b(Lcom/android/tools/r8/utils/j;Lcom/android/tools/r8/utils/w;Ljava/util/concurrent/ExecutorService;)V+3
j  com.android.tools.r8.D8$$Lambda+0x0000000101518258.run()V+12
j  com.android.tools.r8.internal.yu.a(Lcom/android/tools/r8/internal/bd0;Lcom/android/tools/r8/internal/yu$a;)V+2
j  com.android.tools.r8.internal.yu.b(Lcom/android/tools/r8/internal/bd0;Lcom/android/tools/r8/internal/yu$a;)V+2
j  com.android.tools.r8.D8.run(Lcom/android/tools/r8/D8Command;Ljava/util/concurrent/ExecutorService;)V+22
j  com.android.builder.dexing.D8DexArchiveBuilder.convert(Ljava/util/stream/Stream;Ljava/nio/file/Path;Ljava/nio/file/Path;Lcom/android/builder/dexing/DependencyGraphUpdater;)V+298
j  com.android.build.gradle.internal.dependency.BaseDexingTransform.process(Ljava/io/File;Lkotlin/jvm/functions/Function2;Ljava/util/List;Ljava/io/File;Ljava/io/File;ZLcom/android/build/gradle/internal/dependency/DesugarGraph;)V+790
j  com.android.build.gradle.internal.dependency.BaseDexingTransform.processNonIncrementally(Ljava/io/File;Ljava/util/List;Ljava/io/File;Ljava/io/File;ZLjava/io/File;)V+84
j  com.android.build.gradle.internal.dependency.BaseDexingTransform.transform(Lorg/gradle/api/artifacts/transform/TransformOutputs;)V+373
j  org.gradle.api.internal.artifacts.transform.DefaultTransform.transform(Lorg/gradle/api/provider/Provider;Ljava/io/File;Lorg/gradle/api/internal/artifacts/transform/TransformDependencies;Lorg/gradle/work/InputChanges;)Lorg/gradle/api/internal/artifacts/transform/TransformExecutionResult;+42
j  org.gradle.api.internal.artifacts.transform.AbstractTransformExecution$2.call(Lorg/gradle/internal/operations/BuildOperationContext;)Lorg/gradle/api/internal/artifacts/transform/TransformExecutionResult;+96
j  org.gradle.api.internal.artifacts.transform.AbstractTransformExecution$2.call(Lorg/gradle/internal/operations/BuildOperationContext;)Ljava/lang/Object;+2
J 8503 c1 org.gradle.internal.operations.DefaultBuildOperationRunner$CallableBuildOperationWorker.execute(Lorg/gradle/internal/operations/BuildOperation;Lorg/gradle/internal/operations/BuildOperationContext;)V (10 bytes) @ 0x00007fa0b95f242c [0x00007fa0b95f21e0+0x000000000000024c]
J 15292 c2 org.gradle.internal.operations.DefaultBuildOperationRunner$2.execute(Lorg/gradle/internal/operations/BuildOperationDescriptor;Lorg/gradle/internal/operations/BuildOperationState;Lorg/gradle/internal/operations/BuildOperationState;Lorg/gradle/internal/operations/DefaultBuildOperationRunner$ReadableBuildOperationContext;Lorg/gradle/internal/operations/DefaultBuildOperationRunner$BuildOperationExecutionListener;)Lorg/gradle/internal/operations/BuildOperation; (110 bytes) @ 0x00007fa0c13323c0 [0x00007fa0c1331700+0x0000000000000cc0]
J 22070 c2 org.gradle.internal.operations.DefaultBuildOperationRunner.execute(Lorg/gradle/internal/operations/BuildOperationDescriptor$Builder;Lorg/gradle/internal/operations/DefaultBuildOperationRunner$BuildOperationExecution;)Ljava/lang/Object; (147 bytes) @ 0x00007fa0c1687b90 [0x00007fa0c16873a0+0x00000000000007f0]
J 15738 c2 org.gradle.internal.operations.DefaultBuildOperationRunner.execute(Lorg/gradle/internal/operations/BuildOperation;Lorg/gradle/internal/operations/BuildOperationWorker;)V (22 bytes) @ 0x00007fa0c13a8564 [0x00007fa0c13a84a0+0x00000000000000c4]
J 8500 c1 org.gradle.internal.operations.DefaultBuildOperationRunner.call(Lorg/gradle/internal/operations/CallableBuildOperation;)Ljava/lang/Object; (20 bytes) @ 0x00007fa0b980e8fc [0x00007fa0b980e760+0x000000000000019c]
j  org.gradle.api.internal.artifacts.transform.AbstractTransformExecution.executeWithinTransformerListener(Lorg/gradle/internal/execution/UnitOfWork$ExecutionRequest;)Lorg/gradle/internal/execution/UnitOfWork$WorkOutput;+13
j  org.gradle.api.internal.artifacts.transform.AbstractTransformExecution.execute(Lorg/gradle/internal/execution/UnitOfWork$ExecutionRequest;)Lorg/gradle/internal/execution/UnitOfWork$WorkOutput;+19
J 34552 c1 org.gradle.internal.execution.steps.ExecuteStep.executeInternal(Lorg/gradle/internal/execution/UnitOfWork;Lorg/gradle/internal/execution/steps/InputChangesContext;)Lorg/gradle/internal/execution/steps/Result; (78 bytes) @ 0x00007fa0ba300cec [0x00007fa0ba300b60+0x000000000000018c]
J 34550 c1 org.gradle.internal.execution.steps.ExecuteStep$1.call(Lorg/gradle/internal/operations/BuildOperationContext;)Lorg/gradle/internal/execution/steps/Result; (23 bytes) @ 0x00007fa0bb228034 [0x00007fa0bb227fc0+0x0000000000000074]
j  org.gradle.internal.execution.steps.ExecuteStep$1.call(Lorg/gradle/internal/operations/BuildOperationContext;)Ljava/lang/Object;+2
J 8503 c1 org.gradle.internal.operations.DefaultBuildOperationRunner$CallableBuildOperationWorker.execute(Lorg/gradle/internal/operations/BuildOperation;Lorg/gradle/internal/operations/BuildOperationContext;)V (10 bytes) @ 0x00007fa0b95f242c [0x00007fa0b95f21e0+0x000000000000024c]
J 15292 c2 org.gradle.internal.operations.DefaultBuildOperationRunner$2.execute(Lorg/gradle/internal/operations/BuildOperationDescriptor;Lorg/gradle/internal/operations/BuildOperationState;Lorg/gradle/internal/operations/BuildOperationState;Lorg/gradle/internal/operations/DefaultBuildOperationRunner$ReadableBuildOperationContext;Lorg/gradle/internal/operations/DefaultBuildOperationRunner$BuildOperationExecutionListener;)Lorg/gradle/internal/operations/BuildOperation; (110 bytes) @ 0x00007fa0c13323c0 [0x00007fa0c1331700+0x0000000000000cc0]
J 22070 c2 org.gradle.internal.operations.DefaultBuildOperationRunner.execute(Lorg/gradle/internal/operations/BuildOperationDescriptor$Builder;Lorg/gradle/internal/operations/DefaultBuildOperationRunner$BuildOperationExecution;)Ljava/lang/Object; (147 bytes) @ 0x00007fa0c1687b90 [0x00007fa0c16873a0+0x00000000000007f0]
J 15738 c2 org.gradle.internal.operations.DefaultBuildOperationRunner.execute(Lorg/gradle/internal/operations/BuildOperation;Lorg/gradle/internal/operations/BuildOperationWorker;)V (22 bytes) @ 0x00007fa0c13a8564 [0x00007fa0c13a84a0+0x00000000000000c4]
J 8500 c1 org.gradle.internal.operations.DefaultBuildOperationRunner.call(Lorg/gradle/internal/operations/CallableBuildOperation;)Ljava/lang/Object; (20 bytes) @ 0x00007fa0b980e8fc [0x00007fa0b980e760+0x000000000000019c]
j  org.gradle.internal.execution.steps.ExecuteStep.execute(Lorg/gradle/internal/execution/UnitOfWork;Lorg/gradle/internal/execution/steps/ChangingOutputsContext;)Lorg/gradle/internal/execution/steps/Result;+28
j  org.gradle.internal.execution.steps.ExecuteStep.execute(Lorg/gradle/internal/execution/UnitOfWork;Lorg/gradle/internal/execution/steps/Context;)Lorg/gradle/internal/execution/steps/Result;+6
j  org.gradle.internal.execution.steps.CancelExecutionStep.execute(Lorg/gradle/internal/execution/UnitOfWork;Lorg/gradle/internal/execution/steps/Context;)Lorg/gradle/internal/execution/steps/Result;+35
j  org.gradle.internal.execution.steps.TimeoutStep.executeWithoutTimeout(Lorg/gradle/internal/execution/UnitOfWork;Lorg/gradle/internal/execution/steps/Context;)Lorg/gradle/internal/execution/steps/Result;+6
j  org.gradle.internal.execution.steps.TimeoutStep.execute(Lorg/gradle/internal/execution/UnitOfWork;Lorg/gradle/internal/execution/steps/Context;)Lorg/gradle/internal/execution/steps/Result;+92
j  org.gradle.internal.execution.steps.PreCreateOutputParentsStep.execute(Lorg/gradle/internal/execution/UnitOfWork;Lorg/gradle/internal/execution/steps/ChangingOutputsContext;)Lorg/gradle/internal/execution/steps/Result;+24
j  org.gradle.internal.execution.steps.PreCreateOutputParentsStep.execute(Lorg/gradle/internal/execution/UnitOfWork;Lorg/gradle/internal/execution/steps/Context;)Lorg/gradle/internal/execution/steps/Result;+6
J 34547 c1 org.gradle.internal.execution.steps.BroadcastChangingOutputsStep.execute(Lorg/gradle/internal/execution/UnitOfWork;Lorg/gradle/internal/execution/steps/InputChangesContext;)Lorg/gradle/internal/execution/steps/Result; (90 bytes) @ 0x00007fa0b994968c [0x00007fa0b99490e0+0x00000000000005ac]
J 34546 c1 org.gradle.internal.execution.steps.BroadcastChangingOutputsStep.execute(Lorg/gradle/internal/execution/UnitOfWork;Lorg/gradle/internal/execution/steps/Context;)Lorg/gradle/internal/execution/steps/Result; (10 bytes) @ 0x00007fa0bad0594c [0x00007fa0bad058c0+0x000000000000008c]
j  org.gradle.internal.execution.steps.NoInputChangesStep.execute(Lorg/gradle/internal/execution/UnitOfWork;Lorg/gradle/internal/execution/steps/ValidationFinishedContext;)Lorg/gradle/internal/execution/steps/Result;+23
j  org.gradle.internal.execution.steps.NoInputChangesStep.execute(Lorg/gradle/internal/execution/UnitOfWork;Lorg/gradle/internal/execution/steps/Context;)Lorg/gradle/internal/execution/steps/Result;+6
J 34545 c1 org.gradle.internal.execution.steps.CaptureOutputsAfterExecutionStep.execute(Lorg/gradle/internal/execution/UnitOfWork;Lorg/gradle/internal/execution/steps/WorkspaceContext;)Lorg/gradle/internal/execution/steps/AfterExecutionResult; (56 bytes) @ 0x00007fa0b99a5dfc [0x00007fa0b99a5d60+0x000000000000009c]
J 34544 c1 org.gradle.internal.execution.steps.CaptureOutputsAfterExecutionStep.execute(Lorg/gradle/internal/execution/UnitOfWork;Lorg/gradle/internal/execution/steps/Context;)Lorg/gradle/internal/execution/steps/Result; (10 bytes) @ 0x00007fa0bac259cc [0x00007fa0bac25940+0x000000000000008c]
J 34541 c1 org.gradle.internal.execution.steps.BuildCacheStep$$Lambda+0x0000000101072f08.apply(Ljava/lang/Object;)Ljava/lang/Object; (20 bytes) @ 0x00007fa0ba9b216c [0x00007fa0ba9b20c0+0x00000000000000ac]
J 21142 c1 org.gradle.internal.execution.steps.BuildCacheStep.execute(Lorg/gradle/internal/execution/UnitOfWork;Lorg/gradle/internal/execution/steps/WorkspaceContext;)Lorg/gradle/internal/execution/steps/AfterExecutionResult; (32 bytes) @ 0x00007fa0b90b5e04 [0x00007fa0b90b5b80+0x0000000000000284]
J 21141 c1 org.gradle.internal.execution.steps.BuildCacheStep.execute(Lorg/gradle/internal/execution/UnitOfWork;Lorg/gradle/internal/execution/steps/Context;)Lorg/gradle/internal/execution/steps/Result; (10 bytes) @ 0x00007fa0b9c6564c [0x00007fa0b9c655c0+0x000000000000008c]
j  org.gradle.internal.execution.steps.NeverUpToDateStep.execute(Lorg/gradle/internal/execution/UnitOfWork;Lorg/gradle/internal/execution/steps/NonIncrementalCachingContext;)Lorg/gradle/internal/execution/steps/UpToDateResult;+6
j  org.gradle.internal.execution.steps.NeverUpToDateStep.execute(Lorg/gradle/internal/execution/UnitOfWork;Lorg/gradle/internal/execution/steps/Context;)Lorg/gradle/internal/execution/steps/Result;+6
J 33980 c1 org.gradle.internal.execution.steps.legacy.MarkSnapshottingInputsFinishedStep.execute(Lorg/gradle/internal/execution/UnitOfWork;Lorg/gradle/internal/execution/steps/Context;)Lorg/gradle/internal/execution/steps/Result; (10 bytes) @ 0x00007fa0b95ecd74 [0x00007fa0b95ecc60+0x0000000000000114]
j  org.gradle.internal.execution.steps.ResolveNonIncrementalCachingStateStep.executeDelegate(Lorg/gradle/internal/execution/UnitOfWork;Lorg/gradle/internal/execution/steps/ValidationFinishedContext;Lorg/gradle/internal/execution/caching/CachingState;)Lorg/gradle/internal/execution/steps/UpToDateResult;+14
J 21116 c1 org.gradle.internal.execution.steps.AbstractResolveCachingStateStep.execute(Lorg/gradle/internal/execution/UnitOfWork;Lorg/gradle/internal/execution/steps/ValidationFinishedContext;)Lorg/gradle/internal/execution/steps/CachingResult; (67 bytes) @ 0x00007fa0babf394c [0x00007fa0babf3440+0x000000000000050c]
J 21115 c1 org.gradle.internal.execution.steps.AbstractResolveCachingStateStep.execute(Lorg/gradle/internal/execution/UnitOfWork;Lorg/gradle/internal/execution/steps/Context;)Lorg/gradle/internal/execution/steps/Result; (10 bytes) @ 0x00007fa0b9be684c [0x00007fa0b9be67c0+0x000000000000008c]
J 34009 c1 org.gradle.internal.execution.steps.ValidateStep.execute(Lorg/gradle/internal/execution/UnitOfWork;Lorg/gradle/internal/execution/steps/BeforeExecutionContext;)Lorg/gradle/internal/execution/steps/Result; (73 bytes) @ 0x00007fa0b92155c4 [0x00007fa0b9215000+0x00000000000005c4]
J 20260 c1 org.gradle.internal.execution.steps.ValidateStep.execute(Lorg/gradle/internal/execution/UnitOfWork;Lorg/gradle/internal/execution/steps/Context;)Lorg/gradle/internal/execution/steps/Result; (10 bytes) @ 0x00007fa0b982574c [0x00007fa0b98256c0+0x000000000000008c]
J 20250 c1 org.gradle.internal.execution.steps.AbstractCaptureStateBeforeExecutionStep.execute(Lorg/gradle/internal/execution/UnitOfWork;Lorg/gradle/internal/execution/steps/PreviousExecutionContext;)Lorg/gradle/internal/execution/steps/CachingResult; (58 bytes) @ 0x00007fa0b989e7e4 [0x00007fa0b989e420+0x00000000000003c4]
J 20248 c1 org.gradle.internal.execution.steps.AbstractCaptureStateBeforeExecutionStep.execute(Lorg/gradle/internal/execution/UnitOfWork;Lorg/gradle/internal/execution/steps/Context;)Lorg/gradle/internal/execution/steps/Result; (10 bytes) @ 0x00007fa0b9806c4c [0x00007fa0b9806bc0+0x000000000000008c]
J 20243 c1 org.gradle.internal.execution.steps.legacy.MarkSnapshottingInputsStartedStep.execute(Lorg/gradle/internal/execution/UnitOfWork;Lorg/gradle/internal/execution/steps/Context;)Lorg/gradle/internal/execution/steps/Result; (37 bytes) @ 0x00007fa0b93e9814 [0x00007fa0b93e9760+0x00000000000000b4]
J 34557 c1 org.gradle.internal.execution.steps.AssignImmutableWorkspaceStep.executeInWorkspace(Lorg/gradle/internal/execution/UnitOfWork;Lorg/gradle/internal/execution/steps/IdentityContext;Ljava/io/File;)Lorg/gradle/internal/execution/steps/WorkspaceResult; (146 bytes) @ 0x00007fa0ba36629c [0x00007fa0ba365d60+0x000000000000053c]
J 34556 c1 org.gradle.internal.execution.steps.AssignImmutableWorkspaceStep.lambda$executeInTemporaryWorkspace$4(Lorg/gradle/internal/execution/UnitOfWork;Lorg/gradle/internal/execution/steps/IdentityContext;Lorg/gradle/internal/execution/workspace/ImmutableWorkspaceProvider$AtomicMoveImmutableWorkspace;Ljava/io/File;)Lorg/gradle/internal/execution/steps/WorkspaceResult; (44 bytes) @ 0x00007fa0b9e23314 [0x00007fa0b9e23280+0x0000000000000094]
J 21161 c1 org.gradle.internal.execution.steps.AssignImmutableWorkspaceStep$$Lambda+0x00000001012beea0.executeInTemporaryWorkspace(Ljava/io/File;)Ljava/lang/Object; (21 bytes) @ 0x00007fa0b9de42bc [0x00007fa0b9de4240+0x000000000000007c]
J 21160 c1 org.gradle.internal.execution.workspace.impl.CacheBasedImmutableWorkspaceProvider$1.withTemporaryWorkspace(Lorg/gradle/internal/execution/workspace/ImmutableWorkspaceProvider$AtomicMoveImmutableWorkspace$TemporaryWorkspaceAction;)Ljava/lang/Object; (53 bytes) @ 0x00007fa0b9e18ed4 [0x00007fa0b9e18c40+0x0000000000000294]
J 21158 c1 org.gradle.internal.execution.steps.AssignImmutableWorkspaceStep.executeInTemporaryWorkspace(Lorg/gradle/internal/execution/UnitOfWork;Lorg/gradle/internal/execution/steps/IdentityContext;Lorg/gradle/internal/execution/workspace/ImmutableWorkspaceProvider$AtomicMoveImmutableWorkspace;)Lorg/gradle/internal/execution/steps/WorkspaceResult; (19 bytes) @ 0x00007fa0bab12b84 [0x00007fa0bab129e0+0x00000000000001a4]
J 20339 c1 org.gradle.internal.execution.steps.AssignImmutableWorkspaceStep$$Lambda+0x0000000100679b20.get()Ljava/lang/Object; (20 bytes) @ 0x00007fa0b9a36db4 [0x00007fa0b9a36d40+0x0000000000000074]
J 8618 c1 org.gradle.internal.execution.steps.AssignImmutableWorkspaceStep.execute(Lorg/gradle/internal/execution/UnitOfWork;Lorg/gradle/internal/execution/steps/IdentityContext;)Lorg/gradle/internal/execution/steps/WorkspaceResult; (96 bytes) @ 0x00007fa0b9d3b41c [0x00007fa0b9d3a9e0+0x0000000000000a3c]
J 8617 c1 org.gradle.internal.execution.steps.AssignImmutableWorkspaceStep.execute(Lorg/gradle/internal/execution/UnitOfWork;Lorg/gradle/internal/execution/steps/Context;)Lorg/gradle/internal/execution/steps/Result; (10 bytes) @ 0x00007fa0b9d3a594 [0x00007fa0b9d3a440+0x0000000000000154]
J 8616 c1 org.gradle.internal.execution.steps.ChoosePipelineStep.execute(Lorg/gradle/internal/execution/UnitOfWork;Lorg/gradle/internal/execution/steps/IdentityContext;)Lorg/gradle/internal/execution/steps/Result; (71 bytes) @ 0x00007fa0b9d39a54 [0x00007fa0b9d393a0+0x00000000000006b4]
J 8615 c1 org.gradle.internal.execution.steps.ChoosePipelineStep.execute(Lorg/gradle/internal/execution/UnitOfWork;Lorg/gradle/internal/execution/steps/Context;)Lorg/gradle/internal/execution/steps/Result; (10 bytes) @ 0x00007fa0b9d38f94 [0x00007fa0b9d38e40+0x0000000000000154]
J 15348 c1 org.gradle.internal.execution.steps.ExecuteWorkBuildOperationFiringStep.lambda$execute$0(Lorg/gradle/internal/execution/UnitOfWork;Lorg/gradle/internal/execution/steps/IdentityContext;Lorg/gradle/internal/operations/BuildOperationContext;)Lorg/gradle/internal/execution/steps/CachingResult; (78 bytes) @ 0x00007fa0b9cdcc74 [0x00007fa0b9cdcb60+0x0000000000000114]
J 8540 c1 org.gradle.internal.execution.steps.ExecuteWorkBuildOperationFiringStep$$Lambda+0x0000000100838258.apply(Ljava/lang/Object;)Ljava/lang/Object; (20 bytes) @ 0x00007fa0b9853454 [0x00007fa0b98532c0+0x0000000000000194]
J 8539 c1 org.gradle.internal.execution.steps.BuildOperationStep$1.call(Lorg/gradle/internal/operations/BuildOperationContext;)Ljava/lang/Object; (11 bytes) @ 0x00007fa0b98538c4 [0x00007fa0b98537c0+0x0000000000000104]
J 8503 c1 org.gradle.internal.operations.DefaultBuildOperationRunner$CallableBuildOperationWorker.execute(Lorg/gradle/internal/operations/BuildOperation;Lorg/gradle/internal/operations/BuildOperationContext;)V (10 bytes) @ 0x00007fa0b95f242c [0x00007fa0b95f21e0+0x000000000000024c]
...<more frames>...

siginfo: si_signo: 11 (SIGSEGV), si_code: 1 (SEGV_MAPERR), si_addr: 0x00000006fa532a78

Registers:
RAX=0x00000000df4a6518, RBX=0x00007fa09445ea50, RCX=0x00000000ddf63e78, RDX=0x0000000000000004
RSP=0x00007fa0685c24c0, RBP=0x00000000df4a6570, RSI=0x00000000e15a78a0, RDI=0x0000000000000000
R8 =0x0000000000000006, R9 =0x0000000000000003, R10=0x00000006fa532a40, R11=0x00000000df4a6548
R12=0x0000000000000000, R13=0x0000000000000268, R14=0x000000010005b5e0, R15=0x00007fa050063d20
RIP=0x00007fa0c111dfaf, EFLAGS=0x0000000000010246, CSGSFS=0x002b000000000033, ERR=0x0000000000000004
  TRAPNO=0x000000000000000e

XMM[0]=0x0000000000000000 0x0000000000000000
XMM[1]=0x0000000000000000 0x3ff0000000000000
XMM[2]=0x0000000000000000 0x0000000000000000
XMM[3]=0x0000000000000000 0x4008000000000000
XMM[4]=0x0000000000000000 0x0013004300000001
XMM[5]=0x0000000000000000 0x0100010035004b00
XMM[6]=0x0000000000000000 0x14000a0000000200
XMM[7]=0x0000000000000000 0x0000010006000000
XMM[8]=0x0000000000000000 0x00b70912590700bb
XMM[9]=0x0000000000000000 0x0000ffffffffffff
XMM[10]=0x0000000000000000 0x0000000000000000
XMM[11]=0x0000000000000000 0x0000000000000000
XMM[12]=0x0000000000000000 0x0000000000000000
XMM[13]=0x0000000000000000 0x0000000000000000
XMM[14]=0x0000000000000000 0x0000000000000000
XMM[15]=0x0000000000000000 0x0000000000000000
  MXCSR=0x00001fa7


Register to memory mapping:

RAX=
[error occurred during error reporting (printing register info), id 0xb, SIGSEGV (0xb) at pc=0x00007fa0d039a180]
RBX={method} {0x00007fa09445ea50} 'next' '()Ljava/lang/Object;' in 'java/util/ArrayList$Itr'
RCX=0x00000000ddf63e78 is an oop: com.android.tools.r8.internal.R90 
{0x00000000ddf63e78} - klass: 'com/android/tools/r8/internal/R90'
 - ---- fields (total size 4 words):
 - public final 'a' 'Lcom/android/tools/r8/graph/y;' @12  a 'com/android/tools/r8/graph/y'{0x00000000df0ac9a0} (0xdf0ac9a0)
 - public final 'b' 'Lcom/android/tools/r8/graph/B1;' @16  a 'com/android/tools/r8/graph/B1'{0x00000000df0acc68} (0xdf0acc68)
 - public final 'c' 'Lcom/android/tools/r8/graph/F2;' @20  a 'com/android/tools/r8/graph/F2'{0x00000000deedc530} (0xdeedc530)
 - public final 'd' 'Lcom/android/tools/r8/graph/F2;' @24  a 'com/android/tools/r8/graph/F2'{0x00000000deedd0b0} (0xdeedd0b0)
RDX=0x0000000000000004 is an unknown value
RSP=0x00007fa0685c24c0 is pointing into the stack for thread: 0x00007fa050063d20
RBP=0x00000000df4a6570 is an oop: com.android.tools.r8.internal.X9 
{0x00000000df4a6570} - klass: 'com/android/tools/r8/internal/X9'
 - ---- fields (total size 3 words):
 - public final 'c' 'I' @12  0 (0x00000000)
 - public final 'd' 'Lcom/android/tools/r8/internal/It0;' @16  a 'com/android/tools/r8/internal/It0'{0x00000000ff4c2118} (0xff4c2118)
RSI=0x00000000e15a78a0 is an oop: java.util.ArrayList$Itr 
{0x00000000e15a78a0} - klass: 'java/util/ArrayList$Itr'
 - ---- fields (total size 4 words):
 - 'cursor' 'I' @12  4 (0x00000004)
 - 'lastRet' 'I' @16  3 (0x00000003)
 - 'expectedModCount' 'I' @20  6 (0x00000006)
 - final synthetic 'this$0' 'Ljava/util/ArrayList;' @24  a 'java/util/ArrayList'{0x00000000df4a64e8} (0xdf4a64e8)
RDI=0x0 is null
R8 =0x0000000000000006 is an unknown value
R9 =0x0000000000000003 is an unknown value
R10=0x00000006fa532a40 is an unknown value
R11=0x00000000df4a6548 is an oop: com.android.tools.r8.internal.Ha 
{0x00000000df4a6548} - klass: 'com/android/tools/r8/internal/Ha'
 - ---- fields (total size 2 words):
 - public final 'c' 'Lcom/android/tools/r8/internal/It0;' @12  a 'com/android/tools/r8/internal/It0'{0x00000000ff4c3738} (0xff4c3738)
R12=0x0 is null
R13=0x0000000000000268 is an unknown value
R14=0x000000010005b5e0 is a pointer to class: 
java.util.Iterator {0x000000010005b5e0}
 - instance size:     2
 - klass size:        70
 - access:            public interface abstract 
 - flags:             rewritten has_nonstatic_concrete_methods declares_nonstatic_concrete_methods 
 - state:             fully_initialized
 - name:              'java/util/Iterator'
 - super:             'java/lang/Object'
 - sub:               
 - nof implementors:  2
 - arrays:            'java/util/Iterator'[]
 - methods:           Array<T>(0x00007fa09414dff0)
 - method ordering:   Array<T>(0x00007fa094000018)
 - local interfaces:  Array<T>(0x00007fa094000058)
 - trans. interfaces: Array<T>(0x00007fa094000058)
 - secondary supers: Array<T>(0x00007fa094000048)
 - hash_slot:         25
 - bitmap:            0x0000000000000000
 - constants:         constant pool [53] {0x00007fa09414ddd0} for 'java/util/Iterator' cache=0x00007fa0941fe1f8
 - class loader data:  loader data: 0x00007fa0c80dccd0 of 'bootstrap'
 - generic signature: '<E:Ljava/lang/Object;>Ljava/lang/Object;'
 - inner classes:     Array<T>(0x00007fa094000028)
 - nest members:     Array<T>(0x00007fa094000028)
 - permitted subclasses:     Array<T>(0x00007fa094000028)
 - java mirror:       a 'java/lang/Class'{0x00000000c063c228} = 'java/util/Iterator'
 - vtable length      5  (start addr: 0x000000010005b7e0)
 - itable length      0 (start addr: 0x000000010005b808)
 - ---- static fields (0 words):
 - ---- non-static fields (0 words):
 - non-static oop maps: 
R15=0x00007fa050063d20 is a thread

Top of Stack: (sp=0x00007fa0685c24c0)
0x00007fa0685c24c0:   00007fa050063d20 00000000e17447a0
0x00007fa0685c24d0:   00000000ddf63e78 00000000dfc003a8
0x00007fa0685c24e0:   00000000e15a78a0 00000000e15a7888
0x00007fa0685c24f0:   0000000000000000 00007fa0d07de800
0x00007fa0685c2500:   0000000000000001 00007fa0c0ee729c
0x00007fa0685c2510:   0000000000000000 00000000ddf61630
0x00007fa0685c2520:   0000000100029e18 00007fa050063d20
0x00007fa0685c2530:   0000000000000001 00007fa0c0c43ffc
0x00007fa0685c2540:   00000000e15a7870 00000000ddf61630
0x00007fa0685c2550:   0000000addf61648 0000000a0000000a
0x00007fa0685c2560:   00000000ddf61648 00000000dfc002e0
0x00007fa0685c2570:   00000000dfc003a8 00000000e15a7870
0x00007fa0685c2580:   00000000000000aa 00007fa0bafdf94c
0x00007fa0685c2590:   00000000e15a7870 00000000c8285d20
0x00007fa0685c25a0:   00000000000000aa 00007fa0b9839cba
0x00007fa0685c25b0:   00000000e15a7818 00007fa0bb2e87cc
0x00007fa0685c25c0:   00007fa0685c25f0 00007fa0d08fb428
0x00007fa0685c25d0:   00000000dfc024b0 0000000000000000
0x00007fa0685c25e0:   000000010001fbb8 00007fa050063d20
0x00007fa0685c25f0:   00007fa050063d20 00007fa0685c2698
0x00007fa0685c2600:   00007fa0685c2698 0000000004001030
0x00007fa0685c2610:   0000000000000000 0000000101612c40
0x00007fa0685c2620:   00007fa0685c2670 00007fa0d07dee69
0x00007fa0685c2630:   00007fa0685c2698 00007fa050063d20
0x00007fa0685c2640:   00007fa0685c2660 00007fa050060000
0x00007fa0685c2650:   0000000000000000 00000000dfc00230
0x00007fa0685c2660:   00000000e17447a0 00000000dfc003a8
0x00007fa0685c2670:   00000000e15a7600 00000000ca4e2830
0x00007fa0685c2680:   00000000dfc002e0 00000000ddf61608
0x00007fa0685c2690:   00000000c4d00250 00000000ddf61630
0x00007fa0685c26a0:   00000000c067eaa0 0000000101612c40
0x00007fa0685c26b0:   00000000e15a7848 00007fa050063d20 

Instructions: (pc=0x00007fa0c111dfaf)
0x00007fa0c111deaf:   33 d3 49 c1 ea 14 4d 85 d2 74 1b 49 c1 eb 09 49
0x00007fa0c111debf:   b8 00 00 60 b8 a0 7f 00 00 4d 03 c3 41 80 38 02
0x00007fa0c111decf:   0f 85 78 04 00 00 44 8b 5d 0c 49 8b f3 90 48 b8
0x00007fa0c111dedf:   50 53 3a 50 a0 7f 00 00 e8 fc d0 52 ff 0f 1f 84
0x00007fa0c111deef:   00 dc 03 00 00 48 89 44 24 20 e9 a4 01 00 00 48
0x00007fa0c111deff:   8b f5 48 b8 ff ff ff ff ff ff ff ff e8 38 d0 52
0x00007fa0c111df0f:   ff 0f 1f 84 00 00 04 00 01 44 8b 58 0c 45 8b 53
0x00007fa0c111df1f:   18 48 8b 4c 24 10 44 8b 41 10 45 8b 80 88 02 00
0x00007fa0c111df2f:   00 45 3b d0 0f 84 66 04 00 00 45 33 db 4d 8b 8f
0x00007fa0c111df3f:   50 04 00 00 41 85 01 45 3b d0 0f 84 05 06 00 00
0x00007fa0c111df4f:   48 8b 6c 24 28 e9 49 01 00 00 48 8b 4c 24 10 48
0x00007fa0c111df5f:   89 4c 24 10 48 8b 74 24 20 90 48 b8 c0 43 48 50
0x00007fa0c111df6f:   a0 7f 00 00 e8 48 ce 52 ff 0f 1f 84 00 68 04 00
0x00007fa0c111df7f:   03 85 c0 0f 84 44 01 00 00 48 8b 74 24 20 48 b8
0x00007fa0c111df8f:   b0 c9 3a 50 a0 7f 00 00 e8 ec cb 52 ff 0f 1f 84
0x00007fa0c111df9f:   00 8c 04 00 04 44 8b 58 08 4d 33 d2 4f 8d 14 da
0x00007fa0c111dfaf:   4d 8b 52 38 49 bb 68 38 58 01 01 00 00 00 4d 3b
0x00007fa0c111dfbf:   d3 0f 85 58 04 00 00 48 8b e8 48 8b f5 90 48 b8
0x00007fa0c111dfcf:   ff ff ff ff ff ff ff ff e8 34 a6 5f ff 0f 1f 84
0x00007fa0c111dfdf:   00 cc 04 00 05 85 c0 0f 85 f3 00 00 00 48 8b f5
0x00007fa0c111dfef:   66 90 48 b8 ff ff ff ff ff ff ff ff e8 10 d1 52
0x00007fa0c111dfff:   ff 0f 1f 84 00 f0 04 00 06 85 c0 0f 85 ee fe ff
0x00007fa0c111e00f:   ff 48 8b f5 66 90 48 b8 ff ff ff ff ff ff ff ff
0x00007fa0c111e01f:   e8 8c a7 57 ff 0f 1f 84 00 14 05 00 07 85 c0 0f
0x00007fa0c111e02f:   84 25 ff ff ff 48 8b f5 66 90 48 b8 ff ff ff ff
0x00007fa0c111e03f:   ff ff ff ff e8 68 a6 63 ff 0f 1f 84 00 38 05 00
0x00007fa0c111e04f:   08 48 8b f0 66 90 48 b8 f0 7b 32 4b a0 7f 00 00
0x00007fa0c111e05f:   e8 9c d3 52 ff 0f 1f 84 00 54 05 00 09 4c 8b 44
0x00007fa0c111e06f:   24 10 45 8b 50 10 45 8b 9a 88 02 00 00 4d 8b d3
0x00007fa0c111e07f:   49 3b c2 0f 84 8c 03 00 00 33 ed 4d 8b 9f 50 04
0x00007fa0c111e08f:   00 00 41 85 03 49 3b c2 0f 84 68 05 00 00 48 8b
0x00007fa0c111e09f:   6c 24 28 48 89 6c 24 28 48 8b 74 24 20 90 48 b8 


Stack slot to memory mapping:

stack at sp + 0 slots: 0x00007fa050063d20 is a thread
stack at sp + 1 slots: 0x00000000e17447a0 is an oop: com.android.tools.r8.graph.D5 
{0x00000000e17447a0} - klass: 'com/android/tools/r8/graph/D5'
 - ---- fields (total size 3 words):
 - public final 'b' 'Lcom/android/tools/r8/graph/E0;' @12  a 'com/android/tools/r8/graph/E2'{0x00000000df4a1558} (0xdf4a1558)
 - public final 'c' 'Lcom/android/tools/r8/graph/h1;' @16  a 'com/android/tools/r8/graph/j1'{0x00000000df4a63d0} (0xdf4a63d0)
stack at sp + 2 slots: 0x00000000ddf63e78 is an oop: com.android.tools.r8.internal.R90 
{0x00000000ddf63e78} - klass: 'com/android/tools/r8/internal/R90'
 - ---- fields (total size 4 words):
 - public final 'a' 'Lcom/android/tools/r8/graph/y;' @12  a 'com/android/tools/r8/graph/y'{0x00000000df0ac9a0} (0xdf0ac9a0)
 - public final 'b' 'Lcom/android/tools/r8/graph/B1;' @16  a 'com/android/tools/r8/graph/B1'{0x00000000df0acc68} (0xdf0acc68)
 - public final 'c' 'Lcom/android/tools/r8/graph/F2;' @20  a 'com/android/tools/r8/graph/F2'{0x00000000deedc530} (0xdeedc530)
 - public final 'd' 'Lcom/android/tools/r8/graph/F2;' @24  a 'com/android/tools/r8/graph/F2'{0x00000000deedd0b0} (0xdeedd0b0)
stack at sp + 3 slots: 0x00000000dfc003a8 is an oop: com.android.tools.r8.internal.K9 
{0x00000000dfc003a8} - klass: 'com/android/tools/r8/internal/K9'
 - ---- fields (total size 5 words):
 - public final 'a' 'Lcom/android/tools/r8/graph/y;' @12  a 'com/android/tools/r8/graph/y'{0x00000000df0ac9a0} (0xdf0ac9a0)
 - public final 'b' 'Lcom/android/tools/r8/internal/lc;' @16  a 'com/android/tools/r8/internal/lc'{0x00000000ddf662a8} (0xddf662a8)
 - public final 'c' 'Lcom/android/tools/r8/internal/ei;' @20  a 'com/android/tools/r8/internal/ei'{0x00000000dfc002e0} (0xdfc002e0)
 - public final 'd' 'Ljava/util/LinkedHashMap;' @24  a 'java/util/LinkedHashMap'{0x00000000ddf66268} (0xddf66268)
 - public final 'e' 'Ljava/util/ArrayList;' @28  a 'java/util/ArrayList'{0x00000000ddf66250} (0xddf66250)
 - public final 'f' 'Ljava/util/ArrayList;' @32  a 'java/util/ArrayList'{0x00000000ddf66238} (0xddf66238)
 - public 'g' 'Lcom/android/tools/r8/internal/M9;' @36  a 'com/android/tools/r8/internal/K9'{0x00000000dfc003a8} (0xdfc003a8)
stack at sp + 4 slots: 0x00000000e15a78a0 is an oop: java.util.ArrayList$Itr 
{0x00000000e15a78a0} - klass: 'java/util/ArrayList$Itr'
 - ---- fields (total size 4 words):
 - 'cursor' 'I' @12  4 (0x00000004)
 - 'lastRet' 'I' @16  3 (0x00000003)
 - 'expectedModCount' 'I' @20  6 (0x00000006)
 - final synthetic 'this$0' 'Ljava/util/ArrayList;' @24  a 'java/util/ArrayList'{0x00000000df4a64e8} (0xdf4a64e8)
stack at sp + 5 slots: 0x00000000e15a7888 is an oop: java.util.Collections$UnmodifiableRandomAccessList 
{0x00000000e15a7888} - klass: 'java/util/Collections$UnmodifiableRandomAccessList'
 - ---- fields (total size 3 words):
 - final 'c' 'Ljava/util/Collection;' @12  a 'java/util/ArrayList'{0x00000000df4a64e8} (0xdf4a64e8)
 - final 'list' 'Ljava/util/List;' @16  a 'java/util/ArrayList'{0x00000000df4a64e8} (0xdf4a64e8)
stack at sp + 6 slots: 0x0 is null
stack at sp + 7 slots: 0x00007fa0d07de800: <offset 0x0000000000dde800> in /home/elonmusk/Downloads/android-studio/jbr/lib/server/libjvm.so at 0x00007fa0cfa00000


Compiled method (c2) 536754 33697       4       com.android.tools.r8.internal.R90::a (317 bytes)
 total in heap  [0x00007fa0c111db10,0x00007fa0c111f560] = 6736
 relocation     [0x00007fa0c111dc68,0x00007fa0c111dd80] = 280
 main code      [0x00007fa0c111dd80,0x00007fa0c111e898] = 2840
 stub code      [0x00007fa0c111e898,0x00007fa0c111e8c0] = 40
 oops           [0x00007fa0c111e8c0,0x00007fa0c111e8e8] = 40
 metadata       [0x00007fa0c111e8e8,0x00007fa0c111eae8] = 512
 scopes data    [0x00007fa0c111eae8,0x00007fa0c111f048] = 1376
 scopes pcs     [0x00007fa0c111f048,0x00007fa0c111f328] = 736
 dependencies   [0x00007fa0c111f328,0x00007fa0c111f3b0] = 136
 handler table  [0x00007fa0c111f3b0,0x00007fa0c111f4e8] = 312
 nul chk table  [0x00007fa0c111f4e8,0x00007fa0c111f560] = 120

[Constant Pool (empty)]

[MachCode]
[Entry Point]
  # {method} {0x00007fa02a29f948} 'a' '(Lcom/android/tools/r8/graph/D5;Lcom/android/tools/r8/internal/M9;)V' in 'com/android/tools/r8/internal/R90'
  # this:     rsi:rsi   = 'com/android/tools/r8/internal/R90'
  # parm0:    rdx:rdx   = 'com/android/tools/r8/graph/D5'
  # parm1:    rcx:rcx   = 'com/android/tools/r8/internal/M9'
  #           [sp+0x50]  (sp of caller)
  0x00007fa0c111dd80: 448b 5608 | 49c1 e203 

  0x00007fa0c111dd88: ;   {runtime_call ic_miss_stub}
  0x00007fa0c111dd88: 493b c20f | 85ef 7246 | ff66 6690 | 660f 1f44 | 0000 660f | 1f44 0000 
[Verified Entry Point]
  0x00007fa0c111dda0: 8984 2400 | c0fe ff55 | 4883 ec40 | 4181 7f20 | 5d00 0000 | 0f85 d40a | 0000 4889 | 4c24 1848 
  0x00007fa0c111ddc0: 8974 2410 | 4889 5424 | 088b 6a10 

  0x00007fa0c111ddcc: ; implicit exception: dispatches to 0x00007fa0c111e768
  0x00007fa0c111ddcc: 448b 5d08 

  0x00007fa0c111ddd0: ;   {metadata('com/android/tools/r8/graph/j1')}
  0x00007fa0c111ddd0: 4181 fb00 | d029 200f | 858f 0800 | 004c 8bd5 | 418b 6a24 

  0x00007fa0c111dde4: ; implicit exception: dispatches to 0x00007fa0c111e784
  0x00007fa0c111dde4: 448b 5508 

  0x00007fa0c111dde8: ;   {metadata('com/android/tools/r8/graph/q4')}
  0x00007fa0c111dde8: 4c8b dd41 | 81fa 988d | 2a20 0f85 | 1005 0000 | 4c89 5c24 | 2045 8b5b | 1845 85db | 0f84 b904 
  0x00007fa0c111de08: 0000 458b | 6b20 458b | 5d08 4833 | f64a 8d34 | de4c 8b56 | 7049 8b2a 

  0x00007fa0c111de20: ;   {metadata('java/util/Collections$UnmodifiableList')}
  0x00007fa0c111de20: 4181 fb5a | 3b01 200f | 8463 0700 

  0x00007fa0c111de2c: ;   {metadata('java/util/Collections$UnmodifiableRandomAccessList')}
  0x00007fa0c111de2c: 0041 81fb | 203c 0120 | 0f84 8207 | 0000 4c8b | 5620 4d8b 

  0x00007fa0c111de40: ;   {metadata('java/util/RandomAccess')}
  0x00007fa0c111de40: f548 b888 | 7505 0001 | 0000 004c | 3bd0 0f85 | 5403 0000 | 498b afb8 | 0100 004c | 8bd5 4983 
  0x00007fa0c111de60: c218 4d3b | 97c8 0100 | 000f 833b | 0500 004d | 8997 b801 | 0000 410f | 1882 0001 | 0000 48c7 
  0x00007fa0c111de80: 4500 0100 

  0x00007fa0c111de84: ;   {metadata('java/util/Collections$UnmodifiableRandomAccessList')}
  0x00007fa0c111de84: 0000 c745 | 0820 3c01 | 2044 8965 | 0c4c 8965 | 1044 896d | 0c41 807f | 4000 0f85 | 7604 0000 
  0x00007fa0c111dea4: 4489 6d10 | 4d8b d64c | 8bdd 4d33 | d349 c1ea | 144d 85d2 | 741b 49c1 | eb09 49b8 | 0000 60b8 
  0x00007fa0c111dec4: a07f 0000 | 4d03 c341 | 8038 020f | 8578 0400 | 0044 8b5d | 0c49 8bf3 | 9048 b850 | 533a 50a0 
  0x00007fa0c111dee4: ;   {virtual_call}
  0x00007fa0c111dee4: 7f00 00e8 

  0x00007fa0c111dee8: ; ImmutableOopMap {rbp=Oop [8]=Oop [16]=Oop [24]=Oop }
                      ;*invokeinterface iterator {reexecute=0 rethrow=0 return_oop=1}
                      ; - java.util.Collections$UnmodifiableCollection$1::<init>@17
                      ; - java.util.Collections$UnmodifiableCollection::iterator@5
                      ; - com.android.tools.r8.internal.R90::a@16 (line 2)
  0x00007fa0c111dee8: fcd0 52ff 

  0x00007fa0c111deec: ;   {other}
  0x00007fa0c111deec: 0f1f 8400 | dc03 0000 | 4889 4424 | 20e9 a401 | 0000 488b | f548 b8ff | ffff ffff 

  0x00007fa0c111df08: ;   {virtual_call}
  0x00007fa0c111df08: ffff ffe8 

  0x00007fa0c111df0c: ; ImmutableOopMap {[8]=Oop [16]=Oop [24]=Oop [32]=Oop [40]=Oop }
                      ;*invokevirtual f {reexecute=0 rethrow=0 return_oop=1}
                      ; - com.android.tools.r8.internal.R90::a@155 (line 15)
  0x00007fa0c111df0c: 38d0 52ff 

  0x00007fa0c111df10: ;   {other}
  0x00007fa0c111df10: 0f1f 8400 | 0004 0001 

  0x00007fa0c111df18: ; implicit exception: dispatches to 0x00007fa0c111e718
  0x00007fa0c111df18: 448b 580c 

  0x00007fa0c111df1c: ; implicit exception: dispatches to 0x00007fa0c111e72c
  0x00007fa0c111df1c: 458b 5318 | 488b 4c24 | 1044 8b41 | 1045 8b80 | 8802 0000 | 453b d00f | 8466 0400 | 0045 33db 
  0x00007fa0c111df3c: 4d8b 8f50 

  0x00007fa0c111df40: ; ImmutableOopMap {r10=NarrowOop r8=NarrowOop [8]=Oop [16]=Oop [24]=Oop [32]=Oop [40]=Oop }
                      ;*ifeq {reexecute=1 rethrow=0 return_oop=0}
                      ; - (reexecute) com.android.tools.r8.internal.R90::a@207 (line 18)
                      ;   {poll}
  0x00007fa0c111df40: 0400 0041 | 8501 453b | d00f 8405 | 0600 0048 | 8b6c 2428 | e949 0100 | 0048 8b4c | 2410 4889 
  0x00007fa0c111df60: 4c24 1048 | 8b74 2420 | 9048 b8c0 | 4348 50a0 

  0x00007fa0c111df70: ;   {virtual_call}
  0x00007fa0c111df70: 7f00 00e8 

  0x00007fa0c111df74: ; ImmutableOopMap {[8]=Oop [16]=Oop [24]=Oop [32]=Oop [40]=Oop }
                      ;*invokeinterface hasNext {reexecute=0 rethrow=0 return_oop=0}
                      ; - java.util.Collections$UnmodifiableCollection$1::hasNext@4
                      ; - com.android.tools.r8.internal.R90::a@23 (line 2)
  0x00007fa0c111df74: 48ce 52ff 

  0x00007fa0c111df78: ;   {other}
  0x00007fa0c111df78: 0f1f 8400 | 6804 0003 | 85c0 0f84 | 4401 0000 | 488b 7424 | 2048 b8b0 | c93a 50a0 

  0x00007fa0c111df94: ;   {virtual_call}
  0x00007fa0c111df94: 7f00 00e8 

  0x00007fa0c111df98: ; ImmutableOopMap {[8]=Oop [16]=Oop [24]=Oop [32]=Oop [40]=Oop }
                      ;*invokeinterface next {reexecute=0 rethrow=0 return_oop=1}
                      ; - java.util.Collections$UnmodifiableCollection$1::next@4
                      ; - com.android.tools.r8.internal.R90::a@32 (line 2)
  0x00007fa0c111df98: eccb 52ff 

  0x00007fa0c111df9c: ;   {other}
  0x00007fa0c111df9c: 0f1f 8400 | 8c04 0004 

  0x00007fa0c111dfa4: ; implicit exception: dispatches to 0x00007fa0c111e688
  0x00007fa0c111dfa4: 448b 5808 | 4d33 d24f | 8d14 da4d 

  0x00007fa0c111dfb0: ;   {metadata('com/android/tools/r8/internal/H9')}
  0x00007fa0c111dfb0: 8b52 3849 | bb68 3858 | 0101 0000 | 004d 3bd3 | 0f85 5804 | 0000 488b | e848 8bf5 | 9048 b8ff 
  0x00007fa0c111dfd0: ffff ffff 

  0x00007fa0c111dfd4: ;   {virtual_call}
  0x00007fa0c111dfd4: ffff ffe8 

  0x00007fa0c111dfd8: ; ImmutableOopMap {rbp=Oop [8]=Oop [16]=Oop [24]=Oop [32]=Oop [40]=Oop }
                      ;*invokevirtual I {reexecute=0 rethrow=0 return_oop=0}
                      ; - com.android.tools.r8.internal.R90::a@77 (line 6)
  0x00007fa0c111dfd8: 34a6 5fff 

  0x00007fa0c111dfdc: ;   {other}
  0x00007fa0c111dfdc: 0f1f 8400 | cc04 0005 | 85c0 0f85 | f300 0000 | 488b f566 | 9048 b8ff | ffff ffff 

  0x00007fa0c111dff8: ;   {virtual_call}
  0x00007fa0c111dff8: ffff ffe8 

  0x00007fa0c111dffc: ; ImmutableOopMap {rbp=Oop [8]=Oop [16]=Oop [24]=Oop [32]=Oop [40]=Oop }
                      ;*invokevirtual F {reexecute=0 rethrow=0 return_oop=0}
                      ; - com.android.tools.r8.internal.R90::a@144 (line 14)
  0x00007fa0c111dffc: 10d1 52ff 

  0x00007fa0c111e000: ;   {other}
  0x00007fa0c111e000: 0f1f 8400 | f004 0006 | 85c0 0f85 | eefe ffff | 488b f566 | 9048 b8ff | ffff ffff 

  0x00007fa0c111e01c: ;   {virtual_call}
  0x00007fa0c111e01c: ffff ffe8 

  0x00007fa0c111e020: ; ImmutableOopMap {rbp=Oop [8]=Oop [16]=Oop [24]=Oop [32]=Oop [40]=Oop }
                      ;*invokevirtual T {reexecute=0 rethrow=0 return_oop=0}
                      ; - com.android.tools.r8.internal.R90::a@249 (line 24)
  0x00007fa0c111e020: 8ca7 57ff 

  0x00007fa0c111e024: ;   {other}
  0x00007fa0c111e024: 0f1f 8400 | 1405 0007 | 85c0 0f84 | 25ff ffff | 488b f566 | 9048 b8ff | ffff ffff 

  0x00007fa0c111e040: ;   {virtual_call}
  0x00007fa0c111e040: ffff ffe8 

  0x00007fa0c111e044: ; ImmutableOopMap {[8]=Oop [16]=Oop [24]=Oop [32]=Oop [40]=Oop }
                      ;*invokevirtual w {reexecute=0 rethrow=0 return_oop=1}
                      ; - com.android.tools.r8.internal.R90::a@258 (line 25)
  0x00007fa0c111e044: 68a6 63ff 

  0x00007fa0c111e048: ;   {other}
  0x00007fa0c111e048: 0f1f 8400 | 3805 0008 | 488b f066 | 9048 b8f0 | 7b32 4ba0 

  0x00007fa0c111e05c: ;   {virtual_call}
  0x00007fa0c111e05c: 7f00 00e8 

  0x00007fa0c111e060: ; ImmutableOopMap {[8]=Oop [16]=Oop [24]=Oop [32]=Oop [40]=Oop }
                      ;*invokeinterface getType {reexecute=0 rethrow=0 return_oop=1}
                      ; - com.android.tools.r8.internal.R90::a@261 (line 26)
  0x00007fa0c111e060: 9cd3 52ff 

  0x00007fa0c111e064: ;   {other}
  0x00007fa0c111e064: 0f1f 8400 | 5405 0009 | 4c8b 4424 | 1045 8b50 | 1045 8b9a | 8802 0000 | 4d8b d349 | 3bc2 0f84 
  0x00007fa0c111e084: 8c03 0000 | 33ed 4d8b | 9f50 0400 

  0x00007fa0c111e090: ; ImmutableOopMap {r10=Oop rax=Oop [8]=Oop [16]=Oop [24]=Oop [32]=Oop [40]=Oop }
                      ;*ifeq {reexecute=1 rethrow=0 return_oop=0}
                      ; - (reexecute) com.android.tools.r8.internal.R90::a@276 (line 26)
                      ;   {poll}
  0x00007fa0c111e090: 0041 8503 | 493b c20f | 8468 0500 | 0048 8b6c | 2428 4889 | 6c24 2848 | 8b74 2420 | 9048 b820 
  0x00007fa0c111e0b0: ea53 50a0 

  0x00007fa0c111e0b4: ;   {virtual_call}
  0x00007fa0c111e0b4: 7f00 00e8 

  0x00007fa0c111e0b8: ; ImmutableOopMap {rbp=Oop [8]=Oop [16]=Oop [24]=Oop [32]=Oop [40]=Oop }
                      ;*invokeinterface hasNext {reexecute=0 rethrow=0 return_oop=0}
                      ; - java.util.Collections$UnmodifiableCollection$1::hasNext@4
                      ; - com.android.tools.r8.internal.R90::a@23 (line 2)
  0x00007fa0c111e0b8: 04cd 52ff 

  0x00007fa0c111e0bc: ;   {other}
  0x00007fa0c111e0bc: 0f1f 8400 | ac05 000b | 85c0 0f85 | bcfe ffff | 4883 c440 

  0x00007fa0c111e0d0: ;   {poll_return}
  0x00007fa0c111e0d0: 5d49 3ba7 | 4804 0000 | 0f87 9a07 | 0000 c34c | 8bd5 448b 

  0x00007fa0c111e0e4: ;   {metadata('com/android/tools/r8/internal/O9')}
  0x00007fa0c111e0e4: 5d08 4181 | fb44 2c2b | 200f 85f9 | 0300 0045 | 8b52 1445 | 8b42 1048 | 8b4c 2410 | 448b 4910 
  0x00007fa0c111e104: ; implicit exception: dispatches to 0x00007fa0c111e6c8
  0x00007fa0c111e104: 418b 9988 | 0200 0044 | 3bc3 0f84 | 8103 0000 | 458b 5a18 

  0x00007fa0c111e118: ; implicit exception: dispatches to 0x00007fa0c111e6dc
  0x00007fa0c111e118: 458b 4310 | 443b c30f | 849b 0300 | 0045 8b5b | 1445 8b5b | 0c45 8b43 | 0c45 85c0 | 0f86 24fe 
  0x00007fa0c111e138: ffff 418b | f8ff cf41 | 3bf8 0f83 | d003 0000 | 498b f349 | 8bc1 33d2 | 458b d044 | 2bd2 33ff 
  0x00007fa0c111e158: 443b c244 | 0f4c d741 | 81fa e803 | 0000 bfe8 | 0300 0044 | 0f47 d744 | 03d2 0f1f | 8000 0000 
  0x00007fa0c111e178: 000f 1f80 | 0000 0000 | 418b 7c93 | 103b fb0f | 84a7 0200 | 00ff c241 | 3bd2 7cec | 4d8b 8f50 
  0x00007fa0c111e198: ; ImmutableOopMap {r11=NarrowOop rcx=Oop rbx=NarrowOop rsi=Oop rax=Oop [8]=Oop [24]=Oop [32]=Oop [40]=Oop }
                      ;*goto {reexecute=1 rethrow=0 return_oop=0}
                      ; - (reexecute) com.android.tools.r8.internal.R90::a@68 (line 41)
                      ; - com.android.tools.r8.internal.R90::a@99 (line 8)
                      ;   {poll}
  0x00007fa0c111e198: 0400 0041 | 8501 413b | d07c ade9 | b6fd ffff | 4833 ff4c | 8b9e a000 | 0000 498b | d348 c1e2 
  0x00007fa0c111e1b8: 2e0f 8921 | 0000 00f3 | 480f b8d2 | 488b 5e28 | 483b 04d3 | 7415 490f | bae3 1273 | 0b49 c1cb 
  0x00007fa0c111e1d8: ;   {runtime_call StubRoutines (compiler stubs)}
  0x00007fa0c111e1d8: 11e8 5c7d | 48ff eb03 | 48ff c748 | 85ff 0f84 | 68fc ffff | 498b afb8 | 0100 004c | 8bd5 4983 
  0x00007fa0c111e1f8: c218 4d3b | 97c8 0100 | 000f 8355 | 0200 004d | 8997 b801 | 0000 410f | 1882 0001 | 0000 48c7 
  0x00007fa0c111e218: 4500 0100 

  0x00007fa0c111e21c: ;   {metadata('java/util/Collections$UnmodifiableList')}
  0x00007fa0c111e21c: 0000 c745 | 085a 3b01 | 2044 8965 | 0c4c 8965 | 1044 896d | 0c41 807f | 4000 0f85 | a501 0000 
  0x00007fa0c111e23c: 4489 6d10 | 4d8b d64c | 8bdd 4d33 | d349 c1ea | 144d 85d2 | 0f84 7ffc | ffff 49c1 | eb09 49b8 
  0x00007fa0c111e25c: 0000 60b8 | a07f 0000 | 4d03 c341 | 8038 020f | 8464 fcff | ff4d 8b57 | 484d 8b5f | 58f0 8344 
  0x00007fa0c111e27c: 24c0 0041 | 8038 000f | 844c fcff | ff45 8820 | 4d85 d275 | 2049 8bf8 | 498b f749 | bab0 cd38 
  0x00007fa0c111e29c: d0a0 7f00 | 0041 ffd2 

  0x00007fa0c111e2a4: ;   {other}
  0x00007fa0c111e2a4: 0f1f 8400 | 0000 0000 | e924 fcff | ff4f 8944 | 13f8 4983 | c2f8 4d89 | 5748 e912 | fcff ff4c 
  0x00007fa0c111e2c4: 8b54 2420 | 458b 5210 | 4489 5424 | 2848 8b74 

  0x00007fa0c111e2d4: ;   {optimized virtual_call}
  0x00007fa0c111e2d4: 2420 90e8 

  0x00007fa0c111e2d8: ; ImmutableOopMap {[8]=Oop [16]=Oop [24]=Oop [32]=Oop [40]=NarrowOop }
                      ;*invokevirtual G0 {reexecute=0 rethrow=0 return_oop=0}
                      ; - com.android.tools.r8.graph.q4$$Lambda/0x000000010158afa8::run@4
                      ; - com.android.tools.r8.internal.yu::a@1 (line 134)
                      ; - com.android.tools.r8.internal.yu$$Lambda/0x0000000101527650::get@4
                      ; - com.android.tools.r8.internal.yu::a@1 (line 135)
                      ; - com.android.tools.r8.internal.yu::a@9 (line 133)
                      ; - com.android.tools.r8.graph.q4::W@21 (line 3)
                      ; - com.android.tools.r8.internal.R90::a@10 (line 1)
  0x00007fa0c111e2d8: a470 46ff 

  0x00007fa0c111e2dc: ;   {other}
  0x00007fa0c111e2dc: 0f1f 8400 | cc07 000d | 4c8b 5424 | 2045 8b5a | 1845 85db | 0f85 14fb | ffff bef6 

  0x00007fa0c111e2f8: ;   {runtime_call UncommonTrapBlob}
  0x00007fa0c111e2f8: ffff ffe8 

  0x00007fa0c111e2fc: ; ImmutableOopMap {}
                      ;*invokevirtual G0 {reexecute=0 rethrow=0 return_oop=0}
                      ; - com.android.tools.r8.internal.R90::a@13 (line 2)
  0x00007fa0c111e2fc: 00cc 46ff 

  0x00007fa0c111e300: ;   {other}
  0x00007fa0c111e300: 0f1f 8400 | f007 000e 

  0x00007fa0c111e308: ;   {metadata('com/android/tools/r8/graph/G')}
  0x00007fa0c111e308: 4181 fa39 | 792a 200f | 853c 0300 | 00e9 f0fa | ffff 448b | 5510 4585 | d20f 847d | fbff ff4d 
  0x00007fa0c111e328: 8b5f 2849 | 8bfa 4d85 | db0f 84b1 | 0200 004d | 8b57 384b | 897c 1af8 | 4983 c3f8 | 4d89 5f28 
  0x00007fa0c111e348: e957 fbff | ff4d 8b57 | 484d 8b5f | 58f0 8344 | 24c0 0041 | 8038 000f | 8470 fbff | ff45 8820 
  0x00007fa0c111e368: 4d85 d275 | 2049 8bf8 | 498b f749 | bab0 cd38 | d0a0 7f00 | 0041 ffd2 

  0x00007fa0c111e380: ;   {other}
  0x00007fa0c111e380: 0f1f 8400 | 0000 0000 | e948 fbff | ff4f 8944 | 13f8 4983 | c2f8 4d89 | 5748 e936 | fbff ff41 
  0x00007fa0c111e3a0: bb01 0000 | 00e9 92fb | ffff 4c89 | 7424 2044 | 892c 2448 | 8b6c 2408 

  0x00007fa0c111e3b8: ;   {metadata('java/util/Collections$UnmodifiableRandomAccessList')}
  0x00007fa0c111e3b8: 48be 00e1 | 0900 0100 

  0x00007fa0c111e3c0: ;   {runtime_call _new_instance_Java}
  0x00007fa0c111e3c0: 0000 90e8 

  0x00007fa0c111e3c4: ; ImmutableOopMap {rbp=Oop [0]=NarrowOop [8]=Oop [16]=Oop [24]=Oop [32]=Oop }
                      ;*new {reexecute=0 rethrow=0 return_oop=1}
                      ; - java.util.Collections::unmodifiableList@31
                      ; - com.android.tools.r8.graph.G::G0@4 (line 1)
                      ; - com.android.tools.r8.internal.R90::a@13 (line 2)
  0x00007fa0c111e3c4: 38bb 52ff 

  0x00007fa0c111e3c8: ;   {other}
  0x00007fa0c111e3c8: 0f1f 8400 | b808 000f | 448b 2c24 | 4c8b 7424 | 2048 8be8 | e9b4 faff | ff44 8b55 | 1045 85d2 
  0x00007fa0c111e3e8: 0f84 4efe | ffff 4d8b | 5f28 498b | fa4d 85db | 0f84 3602 | 0000 4d8b | 5738 4b89 | 7c1a f849 
  0x00007fa0c111e408: 83c3 f84d | 895f 28e9 | 28fe ffff | bd01 0000 | 00e9 6cfc | ffff bede | ffff ff48 

  0x00007fa0c111e424: ;   {runtime_call UncommonTrapBlob}
  0x00007fa0c111e424: 8be8 90e8 

  0x00007fa0c111e428: ; ImmutableOopMap {rbp=Oop }
                      ;*checkcast {reexecute=0 rethrow=0 return_oop=0}
                      ; - com.android.tools.r8.internal.R90::a@37 (line 2)
  0x00007fa0c111e428: d4ca 46ff 

  0x00007fa0c111e42c: ;   {other}
  0x00007fa0c111e42c: 0f1f 8400 | 1c09 0010 | be45 ffff | ff48 8be9 | 4c8b 5424 | 084c 8914 | 244c 8b54 | 2418 4c89 
  0x00007fa0c111e44c: ;   {runtime_call UncommonTrapBlob}
  0x00007fa0c111e44c: 5424 08e8 

  0x00007fa0c111e450: ; ImmutableOopMap {rbp=Oop [0]=Oop [8]=Oop [32]=Oop [40]=Oop }
                      ;*ifeq {reexecute=1 rethrow=0 return_oop=0}
                      ; - (reexecute) com.android.tools.r8.internal.R90::a@59 (line 41)
                      ; - com.android.tools.r8.internal.R90::a@99 (line 8)
  0x00007fa0c111e450: acca 46ff 

  0x00007fa0c111e454: ;   {other}
  0x00007fa0c111e454: 0f1f 8400 | 4409 0011 | 4c89 7424 | 2044 892c | 2448 8b6c 

  0x00007fa0c111e468: ;   {metadata('java/util/Collections$UnmodifiableList')}
  0x00007fa0c111e468: 2408 48be | d0da 0900 | 0100 0000 

  0x00007fa0c111e474: ;   {runtime_call _new_instance_Java}
  0x00007fa0c111e474: 6666 90e8 

  0x00007fa0c111e478: ; ImmutableOopMap {rbp=Oop [0]=NarrowOop [8]=Oop [16]=Oop [24]=Oop [32]=Oop }
                      ;*new {reexecute=0 rethrow=0 return_oop=1}
                      ; - java.util.Collections::unmodifiableList@42
                      ; - com.android.tools.r8.graph.G::G0@4 (line 1)
                      ; - com.android.tools.r8.internal.R90::a@13 (line 2)
  0x00007fa0c111e478: 84ba 52ff 

  0x00007fa0c111e47c: ;   {other}
  0x00007fa0c111e47c: 0f1f 8400 | 6c09 0012 | 448b 2c24 | 4c8b 7424 | 2048 8be8 | e998 fdff | ffbe 45ff | ffff 488b 
  0x00007fa0c111e49c: 6c24 104c | 8b54 2408 | 4c89 1424 | 4c8b 5424 | 184c 8954 

  0x00007fa0c111e4b0: ;   {runtime_call UncommonTrapBlob}
  0x00007fa0c111e4b0: 2408 90e8 

  0x00007fa0c111e4b4: ; ImmutableOopMap {rbp=Oop [0]=Oop [8]=Oop [32]=Oop [40]=Oop }
                      ;*ifeq {reexecute=1 rethrow=0 return_oop=0}
                      ; - (reexecute) com.android.tools.r8.internal.R90::a@102 (line 8)
  0x00007fa0c111e4b4: 48ca 46ff 

  0x00007fa0c111e4b8: ;   {other}
  0x00007fa0c111e4b8: 0f1f 8400 | a809 0013 | be45 ffff | ff48 8b6c | 2410 4c8b | 5424 084c | 8914 244c | 8b54 2418 
  0x00007fa0c111e4d8: 4c89 5424 

  0x00007fa0c111e4dc: ;   {runtime_call UncommonTrapBlob}
  0x00007fa0c111e4dc: 0866 90e8 

  0x00007fa0c111e4e0: ; ImmutableOopMap {rbp=Oop [0]=Oop [8]=Oop [32]=Oop [40]=Oop }
                      ;*ifeq {reexecute=1 rethrow=0 return_oop=0}
                      ; - (reexecute) com.android.tools.r8.internal.R90::a@26 (line 36)
                      ; - com.android.tools.r8.internal.R90::a@99 (line 8)
  0x00007fa0c111e4e0: 1cca 46ff 

  0x00007fa0c111e4e4: ;   {other}
  0x00007fa0c111e4e4: 0f1f 8400 | d409 0014 | bede ffff | ff4c 8b5c | 2408 4c89 | 1c24 4c8b | 5c24 184c | 895c 2408 
  0x00007fa0c111e504: 4c89 5424 

  0x00007fa0c111e508: ;   {runtime_call UncommonTrapBlob}
  0x00007fa0c111e508: 1866 90e8 

  0x00007fa0c111e50c: ; ImmutableOopMap {[0]=Oop [8]=Oop [16]=Oop [24]=Oop [32]=Oop [40]=Oop }
                      ;*invokevirtual j {reexecute=0 rethrow=0 return_oop=0}
                      ; - com.android.tools.r8.internal.R90::a@86 (line 7)
  0x00007fa0c111e50c: f0c9 46ff 

  0x00007fa0c111e510: ;   {other}
  0x00007fa0c111e510: 0f1f 8400 | 000a 0015 | be76 ffff | ff48 8b6c | 2410 4c8b | 5424 084c | 8914 244c | 8b54 2418 
  0x00007fa0c111e530: 4c89 5424 | 0844 894c | 2410 4489 | 5c24 1444 | 8944 241c 

  0x00007fa0c111e544: ;   {runtime_call UncommonTrapBlob}
  0x00007fa0c111e544: 6666 90e8 

  0x00007fa0c111e548: ; ImmutableOopMap {rbp=Oop [0]=Oop [8]=Oop [16]=NarrowOop [20]=NarrowOop [32]=Oop [40]=Oop }
                      ;*if_icmpge {reexecute=1 rethrow=0 return_oop=0}
                      ; - (reexecute) com.android.tools.r8.internal.R90::a@49 (line 40)
                      ; - com.android.tools.r8.internal.R90::a@99 (line 8)
  0x00007fa0c111e548: b4c9 46ff 

  0x00007fa0c111e54c: ;   {other}
  0x00007fa0c111e54c: 0f1f 8400 | 3c0a 0016 | be45 ffff | ff48 8b6c | 2410 4c8b | 5424 084c | 8914 244c | 8b54 2418 
  0x00007fa0c111e56c: 4c89 5424 | 0844 895c | 2410 4c8b | 5424 204c | 8954 2418 

  0x00007fa0c111e580: ;   {runtime_call UncommonTrapBlob}
  0x00007fa0c111e580: 6666 90e8 

  0x00007fa0c111e584: ; ImmutableOopMap {rbp=Oop [0]=Oop [8]=Oop [24]=Oop [40]=Oop }
                      ;*ifeq {reexecute=1 rethrow=0 return_oop=0}
                      ; - (reexecute) com.android.tools.r8.internal.R90::a@207 (line 18)
  0x00007fa0c111e584: 78c9 46ff 

  0x00007fa0c111e588: ;   {other}
  0x00007fa0c111e588: 0f1f 8400 | 780a 0017 | be45 ffff | ff4c 8b54 | 2410 4c89 | 1424 4c8b | 5424 184c | 8954 2410 
  0x00007fa0c111e5a8: 4489 6c24 

  0x00007fa0c111e5ac: ;   {runtime_call UncommonTrapBlob}
  0x00007fa0c111e5ac: 1866 90e8 

  0x00007fa0c111e5b0: ; ImmutableOopMap {rbp=Oop [0]=Oop [8]=Oop [16]=Oop [24]=NarrowOop }
                      ;*if_acmpeq {reexecute=1 rethrow=0 return_oop=0}
                      ; - (reexecute) java.util.Collections::unmodifiableList@8
                      ; - com.android.tools.r8.graph.G::G0@4 (line 1)
                      ; - com.android.tools.r8.internal.R90::a@13 (line 2)
  0x00007fa0c111e5b0: 4cc9 46ff 

  0x00007fa0c111e5b4: ;   {other}
  0x00007fa0c111e5b4: 0f1f 8400 | a40a 0018 | be45 ffff | ff4c 8b54 | 2410 4c89 | 1424 4c8b | 5424 184c | 8954 2410 
  0x00007fa0c111e5d4: 4489 6c24 

  0x00007fa0c111e5d8: ;   {runtime_call UncommonTrapBlob}
  0x00007fa0c111e5d8: 1866 90e8 

  0x00007fa0c111e5dc: ; ImmutableOopMap {rbp=Oop [0]=Oop [8]=Oop [16]=Oop [24]=NarrowOop }
                      ;*if_acmpne {reexecute=1 rethrow=0 return_oop=0}
                      ; - (reexecute) java.util.Collections::unmodifiableList@19
                      ; - com.android.tools.r8.graph.G::G0@4 (line 1)
                      ; - com.android.tools.r8.internal.R90::a@13 (line 2)
  0x00007fa0c111e5dc: 20c9 46ff 

  0x00007fa0c111e5e0: ;   {other}
  0x00007fa0c111e5e0: 0f1f 8400 | d00a 0019 | 498b f749 | ba90 cd38 | d0a0 7f00 | 0041 ffd2 

  0x00007fa0c111e5f8: ;   {other}
  0x00007fa0c111e5f8: 0f1f 8400 | 0000 0000 | e99f f8ff | ffbe 45ff | ffff 48ff | 7424 1048 | 8f04 244c | 8b54 2418 
  0x00007fa0c111e618: 4c89 5424 | 104c 8b54 | 2420 4c89 

  0x00007fa0c111e624: ;   {runtime_call UncommonTrapBlob}
  0x00007fa0c111e624: 5424 18e8 

  0x00007fa0c111e628: ; ImmutableOopMap {[0]=Oop [8]=Oop [16]=Oop [24]=Oop [40]=Oop }
                      ;*ifeq {reexecute=1 rethrow=0 return_oop=0}
                      ; - (reexecute) com.android.tools.r8.internal.R90::a@276 (line 26)
  0x00007fa0c111e628: d4c8 46ff 

  0x00007fa0c111e62c: ;   {other}
  0x00007fa0c111e62c: 0f1f 8400 | 1c0b 001a | 498b f749 | ba90 cd38 | d0a0 7f00 | 0041 ffd2 

  0x00007fa0c111e644: ;   {other}
  0x00007fa0c111e644: 0f1f 8400 | 0000 0000 | e9eb fbff | ffbe c6ff | ffff 4c8b | 5424 104c 

  0x00007fa0c111e65c: ;   {runtime_call UncommonTrapBlob}
  0x00007fa0c111e65c: 8914 24e8 

  0x00007fa0c111e660: ; ImmutableOopMap {rbp=NarrowOop [0]=Oop [8]=Oop [24]=Oop }
                      ;*invokevirtual W {reexecute=0 rethrow=0 return_oop=0}
                      ; - com.android.tools.r8.internal.R90::a@10 (line 1)
  0x00007fa0c111e660: 9cc8 46ff 

  0x00007fa0c111e664: ;   {other}
  0x00007fa0c111e664: 0f1f 8400 | 540b 001b | bede ffff | ff4c 8b54 | 2410 4c89 

  0x00007fa0c111e678: ;   {runtime_call UncommonTrapBlob}
  0x00007fa0c111e678: 1424 90e8 

  0x00007fa0c111e67c: ; ImmutableOopMap {rbp=NarrowOop [0]=Oop [8]=Oop [24]=Oop }
                      ;*checkcast {reexecute=0 rethrow=0 return_oop=0}
                      ; - com.android.tools.r8.internal.R90::a@4 (line 1)
  0x00007fa0c111e67c: 80c8 46ff 

  0x00007fa0c111e680: ;   {other}
  0x00007fa0c111e680: 0f1f 8400 | 700b 001c | bef4 ffff | ff48 8b6c | 2410 4c8b | 5424 084c | 8914 244c | 8b54 2418 
  0x00007fa0c111e6a0: 4c89 5424 

  0x00007fa0c111e6a4: ;   {runtime_call UncommonTrapBlob}
  0x00007fa0c111e6a4: 0866 90e8 

  0x00007fa0c111e6a8: ; ImmutableOopMap {rbp=Oop [0]=Oop [8]=Oop [32]=Oop [40]=Oop }
                      ;*checkcast {reexecute=0 rethrow=0 return_oop=0}
                      ; - com.android.tools.r8.internal.R90::a@37 (line 2)
  0x00007fa0c111e6a8: 54c8 46ff 

  0x00007fa0c111e6ac: ;   {other}
  0x00007fa0c111e6ac: 0f1f 8400 | 9c0b 001d | bef6 ffff 

  0x00007fa0c111e6b8: ;   {runtime_call UncommonTrapBlob}
  0x00007fa0c111e6b8: ff66 90e8 

  0x00007fa0c111e6bc: ; ImmutableOopMap {}
                      ;*getfield f {reexecute=1 rethrow=0 return_oop=0}
                      ; - (reexecute) com.android.tools.r8.internal.R90::a@2 (line 32)
                      ; - com.android.tools.r8.internal.R90::a@99 (line 8)
  0x00007fa0c111e6bc: 40c8 46ff 

  0x00007fa0c111e6c0: ;   {other}
  0x00007fa0c111e6c0: 0f1f 8400 | b00b 001e | bef6 ffff 

  0x00007fa0c111e6cc: ;   {runtime_call UncommonTrapBlob}
  0x00007fa0c111e6cc: ff66 90e8 

  0x00007fa0c111e6d0: ; ImmutableOopMap {}
                      ;*getfield c2 {reexecute=1 rethrow=0 return_oop=0}
                      ; - (reexecute) com.android.tools.r8.internal.R90::a@2 (line 42)
                      ; - com.android.tools.r8.internal.R90::a@5 (line 32)
                      ; - com.android.tools.r8.internal.R90::a@99 (line 8)
  0x00007fa0c111e6d0: 2cc8 46ff 

  0x00007fa0c111e6d4: ;   {other}
  0x00007fa0c111e6d4: 0f1f 8400 | c40b 001f | bef6 ffff 

  0x00007fa0c111e6e0: ;   {runtime_call UncommonTrapBlob}
  0x00007fa0c111e6e0: ff66 90e8 

  0x00007fa0c111e6e4: ; ImmutableOopMap {}
                      ;*getfield e {reexecute=1 rethrow=0 return_oop=0}
                      ; - (reexecute) com.android.tools.r8.internal.R90::a@20 (line 36)
                      ; - com.android.tools.r8.internal.R90::a@99 (line 8)
  0x00007fa0c111e6e4: 18c8 46ff 

  0x00007fa0c111e6e8: ;   {other}
  0x00007fa0c111e6e8: 0f1f 8400 | d80b 0020 | bef6 ffff 

  0x00007fa0c111e6f4: ;   {runtime_call UncommonTrapBlob}
  0x00007fa0c111e6f4: ff66 90e8 

  0x00007fa0c111e6f8: ; ImmutableOopMap {}
                      ;*getfield b {reexecute=1 rethrow=0 return_oop=0}
                      ; - (reexecute) com.android.tools.r8.internal.R90::a@38 (line 39)
                      ; - com.android.tools.r8.internal.R90::a@99 (line 8)
  0x00007fa0c111e6f8: 04c8 46ff 

  0x00007fa0c111e6fc: ;   {other}
  0x00007fa0c111e6fc: 0f1f 8400 | ec0b 0021 | bef6 ffff 

  0x00007fa0c111e708: ;   {runtime_call UncommonTrapBlob}
  0x00007fa0c111e708: ff66 90e8 

  0x00007fa0c111e70c: ; ImmutableOopMap {}
                      ;*arraylength {reexecute=0 rethrow=0 return_oop=0}
                      ; - com.android.tools.r8.internal.R90::a@43 (line 40)
                      ; - com.android.tools.r8.internal.R90::a@99 (line 8)
  0x00007fa0c111e70c: f0c7 46ff 

  0x00007fa0c111e710: ;   {other}
  0x00007fa0c111e710: 0f1f 8400 | 000c 0022 | bef6 ffff 

  0x00007fa0c111e71c: ;   {runtime_call UncommonTrapBlob}
  0x00007fa0c111e71c: ff66 90e8 

  0x00007fa0c111e720: ; ImmutableOopMap {}
                      ;*invokevirtual getField {reexecute=0 rethrow=0 return_oop=0}
                      ; - com.android.tools.r8.internal.R90::a@158 (line 16)
  0x00007fa0c111e720: dcc7 46ff 

  0x00007fa0c111e724: ;   {other}
  0x00007fa0c111e724: 0f1f 8400 | 140c 0023 | bef6 ffff 

  0x00007fa0c111e730: ;   {runtime_call UncommonTrapBlob}
  0x00007fa0c111e730: ff66 90e8 

  0x00007fa0c111e734: ; ImmutableOopMap {}
                      ;*getfield i {reexecute=1 rethrow=0 return_oop=0}
                      ; - (reexecute) com.android.tools.r8.internal.R90::a@201 (line 18)
  0x00007fa0c111e734: c8c7 46ff 

  0x00007fa0c111e738: ;   {other}
  0x00007fa0c111e738: 0f1f 8400 | 280c 0024 | bef6 ffff 

  0x00007fa0c111e744: ;   {runtime_call UncommonTrapBlob}
  0x00007fa0c111e744: ff66 90e8 

  0x00007fa0c111e748: ; ImmutableOopMap {}
                      ;*getfield c2 {reexecute=1 rethrow=0 return_oop=0}
                      ; - (reexecute) com.android.tools.r8.internal.R90::a@2 (line 42)
                      ; - com.android.tools.r8.internal.R90::a@204 (line 18)
  0x00007fa0c111e748: b4c7 46ff 

  0x00007fa0c111e74c: ;   {other}
  0x00007fa0c111e74c: 0f1f 8400 | 3c0c 0025 | bef6 ffff 

  0x00007fa0c111e758: ;   {runtime_call UncommonTrapBlob}
  0x00007fa0c111e758: ff66 90e8 

  0x00007fa0c111e75c: ; ImmutableOopMap {}
                      ;*invokevirtual d {reexecute=0 rethrow=0 return_oop=0}
                      ; - com.android.tools.r8.internal.R90::a@1 (line 1)
  0x00007fa0c111e75c: a0c7 46ff 

  0x00007fa0c111e760: ;   {other}
  0x00007fa0c111e760: 0f1f 8400 | 500c 0026 | bef4 ffff | ff48 8b6c | 2410 4889 

  0x00007fa0c111e774: ;   {runtime_call UncommonTrapBlob}
  0x00007fa0c111e774: 1424 90e8 

  0x00007fa0c111e778: ; ImmutableOopMap {rbp=Oop [0]=Oop [24]=Oop }
                      ;*checkcast {reexecute=0 rethrow=0 return_oop=0}
                      ; - com.android.tools.r8.internal.R90::a@4 (line 1)
  0x00007fa0c111e778: 84c7 46ff 

  0x00007fa0c111e77c: ;   {other}
  0x00007fa0c111e77c: 0f1f 8400 | 6c0c 0027 | bef6 ffff 

  0x00007fa0c111e788: ;   {runtime_call UncommonTrapBlob}
  0x00007fa0c111e788: ff66 90e8 

  0x00007fa0c111e78c: ; ImmutableOopMap {}
                      ;*invokevirtual W {reexecute=0 rethrow=0 return_oop=0}
                      ; - com.android.tools.r8.internal.R90::a@10 (line 1)
  0x00007fa0c111e78c: 70c7 46ff 

  0x00007fa0c111e790: ;   {other}
  0x00007fa0c111e790: 0f1f 8400 | 800c 0028 | bef6 ffff 

  0x00007fa0c111e79c: ;   {runtime_call UncommonTrapBlob}
  0x00007fa0c111e79c: ff66 90e8 

  0x00007fa0c111e7a0: ; ImmutableOopMap {}
                      ;*invokeinterface getClass {reexecute=0 rethrow=0 return_oop=0}
                      ; - java.util.Collections::unmodifiableList@1
                      ; - com.android.tools.r8.graph.G::G0@4 (line 1)
                      ; - com.android.tools.r8.internal.R90::a@13 (line 2)
  0x00007fa0c111e7a0: 5cc7 46ff 

  0x00007fa0c111e7a4: ;   {other}
  0x00007fa0c111e7a4: 0f1f 8400 | 940c 0029 | bef6 ffff 

  0x00007fa0c111e7b0: ;   {runtime_call UncommonTrapBlob}
  0x00007fa0c111e7b0: ff66 90e8 

  0x00007fa0c111e7b4: ; ImmutableOopMap {}
                      ;*getfield c2 {reexecute=1 rethrow=0 return_oop=0}
                      ; - (reexecute) com.android.tools.r8.internal.R90::a@2 (line 42)
                      ; - com.android.tools.r8.internal.R90::a@273 (line 26)
  0x00007fa0c111e7b4: 48c7 46ff 

  0x00007fa0c111e7b8: ;   {other}
  0x00007fa0c111e7b8: 0f1f 8400 | a80c 002a | eb00 488b | f0eb 4244 

  0x00007fa0c111e7c8: ;   {metadata('com/android/tools/r8/internal/u8')}
  0x00007fa0c111e7c8: 8b50 0841 | 81fa 34a6 | 2920 753f | 488b f0eb | 3048 8bf0 | eb2b 488b | f0eb 2648 | 8bf0 eb21 
  0x00007fa0c111e7e8: 488b f0eb | 1c48 8bf0 | eb17 488b | f0eb 1248 | 8bf0 eb0d | 488b f0eb | 0848 8bf0 | eb03 488b 
  0x00007fa0c111e808: f048 83c4 

  0x00007fa0c111e80c: ;   {runtime_call _rethrow_Java}
  0x00007fa0c111e80c: 405d e96d 

  0x00007fa0c111e810: ;   {metadata('java/lang/RuntimeException')}
  0x00007fa0c111e810: fc52 ff49 | bbc0 4004 | 0001 0000 | 004d 33c0 | 4f8d 04d0 | 4d8b 5048 | 4d3b d374 | 0548 8bf0 
  0x00007fa0c111e830: ebd7 488b | e8be adff | ffff 4c8b | 5424 104c | 8914 244c | 8b54 2418 | 4c89 5424 | 1048 ff74 
  0x00007fa0c111e850: 2420 488f | 4424 1848 | 8944 24f8 | 8b44 2428 | 8944 2420 | 488b 4424 

  0x00007fa0c111e868: ;   {runtime_call UncommonTrapBlob}
  0x00007fa0c111e868: f866 90e8 

  0x00007fa0c111e86c: ; ImmutableOopMap {rbp=Oop [0]=Oop [8]=Oop [16]=Oop [24]=Oop [32]=NarrowOop }
                      ;*getstatic d {reexecute=1 rethrow=0 return_oop=0}
                      ; - (reexecute) com.android.tools.r8.internal.yu::a@9 (line 139)
                      ; - com.android.tools.r8.internal.yu::a@9 (line 133)
                      ; - com.android.tools.r8.graph.q4::W@21 (line 3)
                      ; - com.android.tools.r8.internal.R90::a@10 (line 1)
  0x00007fa0c111e86c: 90c6 46ff 

  0x00007fa0c111e870: ;   {other}
  0x00007fa0c111e870: 0f1f 8400 | 600d 002b 

  0x00007fa0c111e878: ;   {internal_word}
  0x00007fa0c111e878: 49ba d1e0 | 11c1 a07f | 0000 4d89 | 9760 0400 

  0x00007fa0c111e888: ;   {runtime_call SafepointBlob}
  0x00007fa0c111e888: 00e9 f2d2 

  0x00007fa0c111e88c: ;   {runtime_call StubRoutines (final stubs)}
  0x00007fa0c111e88c: 46ff e84d | 1945 ffe9 | 22f5 ffff 
[Stub Code]
  0x00007fa0c111e898: ;   {no_reloc}
  0x00007fa0c111e898: 48bb 0000 | 0000 0000 

  0x00007fa0c111e8a0: ;   {runtime_call nmethod}
  0x00007fa0c111e8a0: 0000 e9fb 

  0x00007fa0c111e8a4: ;   {runtime_call ExceptionBlob}
  0x00007fa0c111e8a4: ffff ffe9 | d437 49ff 
[Deopt Handler Code]
  0x00007fa0c111e8ac: e800 0000 | 0048 832c 

  0x00007fa0c111e8b4: ;   {runtime_call DeoptimizationBlob}
  0x00007fa0c111e8b4: 2405 e9e5 | cb46 fff4 | f4f4 f4f4 
[/MachCode]


Compiled method (c2) 536788 33446       4       com.android.tools.r8.internal.KY$$Lambda/0x0000000101612e98::accept (16 bytes)
 total in heap  [0x00007fa0c0ee7090,0x00007fa0c0ee7440] = 944
 relocation     [0x00007fa0c0ee71e8,0x00007fa0c0ee7210] = 40
 main code      [0x00007fa0c0ee7220,0x00007fa0c0ee7358] = 312
 stub code      [0x00007fa0c0ee7358,0x00007fa0c0ee7370] = 24
 oops           [0x00007fa0c0ee7370,0x00007fa0c0ee7378] = 8
 metadata       [0x00007fa0c0ee7378,0x00007fa0c0ee7388] = 16
 scopes data    [0x00007fa0c0ee7388,0x00007fa0c0ee73c0] = 56
 scopes pcs     [0x00007fa0c0ee73c0,0x00007fa0c0ee7410] = 80
 dependencies   [0x00007fa0c0ee7410,0x00007fa0c0ee7418] = 8
 handler table  [0x00007fa0c0ee7418,0x00007fa0c0ee7430] = 24
 nul chk table  [0x00007fa0c0ee7430,0x00007fa0c0ee7440] = 16

[Constant Pool (empty)]

[MachCode]
[Entry Point]
  # {method} {0x00007fa02a7fc688} 'accept' '(Ljava/lang/Object;)V' in 'com/android/tools/r8/internal/KY$$Lambda+0x0000000101612e98'
  # this:     rsi:rsi   = 'com/android/tools/r8/internal/KY$$Lambda+0x0000000101612e98'
  # parm0:    rdx:rdx   = 'java/lang/Object'
  #           [sp+0x30]  (sp of caller)
  0x00007fa0c0ee7220: 448b 5608 | 49c1 e203 

  0x00007fa0c0ee7228: ;   {runtime_call ic_miss_stub}
  0x00007fa0c0ee7228: 493b c20f | 854f de69 | ff66 6690 | 660f 1f44 | 0000 660f | 1f44 0000 
[Verified Entry Point]
  0x00007fa0c0ee7240: 8984 2400 | c0fe ff55 | 4883 ec20 | 4181 7f20 | 5d00 0000 | 0f85 f000 | 0000 4c8b | c244 8b4e 
  0x00007fa0c0ee7260: 0c44 8b56 | 1044 8b5a 

  0x00007fa0c0ee7268: ;   {metadata('com/android/tools/r8/internal/I9')}
  0x00007fa0c0ee7268: 0848 b800 | b753 0101 | 0000 0048 | 33f6 4a8d | 34de 4c8b | 5e20 4c3b | d875 3449 | 8bf0 498b 
  0x00007fa0c0ee7288: ca49 8bd1 | 9048 b840 | 3b3a 50a0 

  0x00007fa0c0ee7294: ;   {virtual_call}
  0x00007fa0c0ee7294: 7f00 00e8 

  0x00007fa0c0ee7298: ; ImmutableOopMap {}
                      ;*invokeinterface a {reexecute=0 rethrow=0 return_oop=0}
                      ; - com.android.tools.r8.internal.KY::a@3 (line 8)
                      ; - com.android.tools.r8.internal.KY$$Lambda/0x0000000101612e98::accept@12
  0x00007fa0c0ee7298: ec38 76ff 

  0x00007fa0c0ee729c: ;   {other}
  0x00007fa0c0ee729c: 0f1f 8400 | 0c02 0000 | 4883 c420 

  0x00007fa0c0ee72a8: ;   {poll_return}
  0x00007fa0c0ee72a8: 5d49 3ba7 | 4804 0000 | 0f87 7e00 | 0000 c348 | 33ff 4c8b | 9ea0 0000 | 0049 8bd3 | 48c1 e226 
  0x00007fa0c0ee72c8: 0f89 2100 | 0000 f348 | 0fb8 d248 | 8b5e 2848 | 3b04 d374 | 1549 0fba | e31a 730b | 49c1 cb19 
  0x00007fa0c0ee72e8: ;   {runtime_call StubRoutines (compiler stubs)}
  0x00007fa0c0ee72e8: e84d ec6b | ffeb 0348 | ffc7 4885 | ff74 8cbe | deff ffff 

  0x00007fa0c0ee72fc: ;   {runtime_call UncommonTrapBlob}
  0x00007fa0c0ee72fc: 498b e8e8 

  0x00007fa0c0ee7300: ; ImmutableOopMap {rbp=Oop }
                      ;*checkcast {reexecute=0 rethrow=0 return_oop=0}
                      ; - com.android.tools.r8.internal.KY$$Lambda/0x0000000101612e98::accept@9
  0x00007fa0c0ee7300: fc3b 6aff 

  0x00007fa0c0ee7304: ;   {other}
  0x00007fa0c0ee7304: 0f1f 8400 | 7402 0001 | 488b f048 | 83c4 205d 

  0x00007fa0c0ee7314: ;   {runtime_call _rethrow_Java}
  0x00007fa0c0ee7314: e967 7176 | ffbe f4ff | ffff 418b | e944 8914 

  0x00007fa0c0ee7324: ;   {runtime_call UncommonTrapBlob}
  0x00007fa0c0ee7324: 2466 90e8 

  0x00007fa0c0ee7328: ; ImmutableOopMap {rbp=NarrowOop [0]=NarrowOop }
                      ;*checkcast {reexecute=0 rethrow=0 return_oop=0}
                      ; - com.android.tools.r8.internal.KY$$Lambda/0x0000000101612e98::accept@9
  0x00007fa0c0ee7328: d43b 6aff 

  0x00007fa0c0ee732c: ;   {other}
  0x00007fa0c0ee732c: 0f1f 8400 | 9c02 0002 

  0x00007fa0c0ee7334: ;   {internal_word}
  0x00007fa0c0ee7334: 49ba a972 | eec0 a07f | 0000 4d89 | 9760 0400 

  0x00007fa0c0ee7344: ;   {runtime_call SafepointBlob}
  0x00007fa0c0ee7344: 00e9 3648 

  0x00007fa0c0ee7348: ;   {runtime_call StubRoutines (final stubs)}
  0x00007fa0c0ee7348: 6aff e891 | 8e68 ffe9 | 06ff ffff | f4f4 f4f4 
[Exception Handler]
  0x00007fa0c0ee7358: ;   {no_reloc}
  0x00007fa0c0ee7358: e923 ad6c | ffe8 0000 | 0000 4883 

  0x00007fa0c0ee7364: ;   {runtime_call DeoptimizationBlob}
  0x00007fa0c0ee7364: 2c24 05e9 | 3441 6aff | f4f4 f4f4 
[/MachCode]


Compiled method (c2) 536791 23082       4       java.util.ArrayList::forEach (74 bytes)
 total in heap  [0x00007fa0c0c43d90,0x00007fa0c0c442d0] = 1344
 relocation     [0x00007fa0c0c43ee8,0x00007fa0c0c43f18] = 48
 main code      [0x00007fa0c0c43f20,0x00007fa0c0c44118] = 504
 stub code      [0x00007fa0c0c44118,0x00007fa0c0c44130] = 24
 metadata       [0x00007fa0c0c44130,0x00007fa0c0c44148] = 24
 scopes data    [0x00007fa0c0c44148,0x00007fa0c0c44210] = 200
 scopes pcs     [0x00007fa0c0c44210,0x00007fa0c0c442a0] = 144
 dependencies   [0x00007fa0c0c442a0,0x00007fa0c0c442a8] = 8
 handler table  [0x00007fa0c0c442a8,0x00007fa0c0c442c0] = 24
 nul chk table  [0x00007fa0c0c442c0,0x00007fa0c0c442d0] = 16

[Constant Pool (empty)]

[MachCode]
[Entry Point]
  # {method} {0x00007fa094120228} 'forEach' '(Ljava/util/function/Consumer;)V' in 'java/util/ArrayList'
  # this:     rsi:rsi   = 'java/util/ArrayList'
  # parm0:    rdx:rdx   = 'java/util/function/Consumer'
  #           [sp+0x50]  (sp of caller)
  0x00007fa0c0c43f20: 448b 5608 | 49c1 e203 

  0x00007fa0c0c43f28: ;   {runtime_call ic_miss_stub}
  0x00007fa0c0c43f28: 493b c20f | 854f 1194 | ff66 6690 | 660f 1f44 | 0000 660f | 1f44 0000 
[Verified Entry Point]
  0x00007fa0c0c43f40: 8984 2400 | c0fe ff55 | 4883 ec40 | 4181 7f20 | 5d00 0000 | 0f85 b401 | 0000 488b | ee48 85d2 
  0x00007fa0c0c43f60: 0f84 1e01 | 0000 488b | ce44 8b4e | 1444 8b46 | 0c44 8b5e | 1041 8b59 | 0c49 8bf9 | 33ed 458b 
  0x00007fa0c0c43f80: d0eb 290f | 1f80 0000 | 0000 660f | 1f44 0000 | 488b 1424 | 448b 4c24 | 1044 8b44 | 2414 448b 
  0x00007fa0c0c43fa0: 5c24 188b | 5c24 1c48 | 8b7c 2420 | 413b eb0f | 8d8b 0000 | 003b eb0f | 839b 0000 | 0048 897c 
  0x00007fa0c0c43fc0: 2420 895c | 241c 4489 | 5c24 1844 | 8944 2414 | 4889 4c24 | 0848 8914 | 2445 8b5c | a910 4489 
  0x00007fa0c0c43fe0: 4c24 1049 | 8bd3 488b | 3424 6666 | 9048 b8c0 | 830c 4ca0 

  0x00007fa0c0c43ff4: ;   {virtual_call}
  0x00007fa0c0c43ff4: 7f00 00e8 

  0x00007fa0c0c43ff8: ; ImmutableOopMap {[0]=Oop [8]=Oop [16]=NarrowOop [32]=Oop }
                      ;*invokeinterface accept {reexecute=0 rethrow=0 return_oop=0}
                      ; - java.util.ArrayList::forEach@46
  0x00007fa0c0c43ff8: 746e a0ff 

  0x00007fa0c0c43ffc: ;   {other}
  0x00007fa0c0c43ffc: 0f1f 8400 | 6c02 0000 | 4d8b 9f50 | 0400 0048 | 8b4c 2408 | 448b 510c 

  0x00007fa0c0c44014: ; ImmutableOopMap {rcx=Oop [0]=Oop [8]=Oop [16]=NarrowOop [32]=Oop }
                      ;*goto {reexecute=1 rethrow=0 return_oop=0}
                      ; - (reexecute) java.util.ArrayList::forEach@54
                      ;   {poll}
  0x00007fa0c0c44014: ffc5 4185 | 0344 3b54 | 2414 0f84 | 6cff ffff | be45 ffff | ff8b 6c24 | 1444 8914 

  0x00007fa0c0c44030: ;   {runtime_call UncommonTrapBlob}
  0x00007fa0c0c44030: 2466 90e8 

  0x00007fa0c0c44034: ; ImmutableOopMap {[8]=Oop }
                      ;*if_icmpne {reexecute=1 rethrow=0 return_oop=0}
                      ; - (reexecute) java.util.ArrayList::forEach@29
  0x00007fa0c0c44034: c86e 94ff 

  0x00007fa0c0c44038: ;   {other}
  0x00007fa0c0c44038: 0f1f 8400 | a802 0002 | 453b d075 | 5b48 83c4 

  0x00007fa0c0c44048: ;   {poll_return}
  0x00007fa0c0c44048: 405d 493b | a748 0400 | 000f 87a1 | 0000 00c3 | bee4 ffff | ff44 8904 | 2444 895c | 2404 4889 
  0x00007fa0c0c44068: 4c24 1048 | 8954 2420 | 4489 4c24 

  0x00007fa0c0c44074: ;   {runtime_call UncommonTrapBlob}
  0x00007fa0c0c44074: 2866 90e8 

  0x00007fa0c0c44078: ; ImmutableOopMap {[16]=Oop [32]=Oop [40]=NarrowOop }
                      ;*aaload {reexecute=0 rethrow=0 return_oop=0}
                      ; - java.util.ArrayList::elementAt@2
                      ; - java.util.ArrayList::forEach@43
  0x00007fa0c0c44078: 846e 94ff 

  0x00007fa0c0c4407c: ;   {other}
  0x00007fa0c0c4407c: 0f1f 8400 | ec02 0003 | be45 ffff | ff48 8954 | 2408 4889 

  0x00007fa0c0c44090: ;   {runtime_call UncommonTrapBlob}
  0x00007fa0c0c44090: 5424 10e8 

  0x00007fa0c0c44094: ; ImmutableOopMap {rbp=Oop [8]=Oop [16]=Oop }
                      ;*ifnonnull {reexecute=1 rethrow=0 return_oop=0}
                      ; - (reexecute) java.util.Objects::requireNonNull@1
                      ; - java.util.ArrayList::forEach@1
  0x00007fa0c0c44094: 686e 94ff 

  0x00007fa0c0c44098: ;   {other}
  0x00007fa0c0c44098: 0f1f 8400 | 0803 0004 | be45 ffff | ff41 8bea | 4489 0424 

  0x00007fa0c0c440ac: ;   {runtime_call UncommonTrapBlob}
  0x00007fa0c0c440ac: 6666 90e8 

  0x00007fa0c0c440b0: ; ImmutableOopMap {}
                      ;*if_icmpeq {reexecute=1 rethrow=0 return_oop=0}
                      ; - (reexecute) java.util.ArrayList::forEach@62
  0x00007fa0c0c440b0: 4c6e 94ff 

  0x00007fa0c0c440b4: ;   {other}
  0x00007fa0c0c440b4: 0f1f 8400 | 2403 0005 | 488b f048 | 83c4 405d 

  0x00007fa0c0c440c4: ;   {runtime_call _rethrow_Java}
  0x00007fa0c0c440c4: e9b7 a3a0 | ffbe beff | ffff 4489 | 1c24 4489 | 4424 0444 | 8944 2408 | 4889 4c24 | 1048 8954 
  0x00007fa0c0c440e4: 2418 4489 

  0x00007fa0c0c440e8: ;   {runtime_call UncommonTrapBlob}
  0x00007fa0c0c440e8: 4c24 0ce8 

  0x00007fa0c0c440ec: ; ImmutableOopMap {[12]=NarrowOop [16]=Oop [24]=Oop }
                      ;*if_icmpne {reexecute=1 rethrow=0 return_oop=0}
                      ; - (reexecute) java.util.ArrayList::forEach@29
  0x00007fa0c0c440ec: 106e 94ff 

  0x00007fa0c0c440f0: ;   {other}
  0x00007fa0c0c440f0: 0f1f 8400 | 6003 0006 

  0x00007fa0c0c440f8: ;   {internal_word}
  0x00007fa0c0c440f8: 49ba 4a40 | c4c0 a07f | 0000 4d89 | 9760 0400 

  0x00007fa0c0c44108: ;   {runtime_call SafepointBlob}
  0x00007fa0c0c44108: 00e9 727a 

  0x00007fa0c0c4410c: ;   {runtime_call StubRoutines (final stubs)}
  0x00007fa0c0c4410c: 94ff e8cd | c092 ffe9 | 42fe ffff 
[Exception Handler]
  0x00007fa0c0c44118: ;   {no_reloc}
  0x00007fa0c0c44118: e963 df96 | ffe8 0000 | 0000 4883 

  0x00007fa0c0c44124: ;   {runtime_call DeoptimizationBlob}
  0x00007fa0c0c44124: 2c24 05e9 | 7473 94ff | f4f4 f4f4 
[/MachCode]


---------------  P R O C E S S  ---------------

Threads class SMR info:
_java_thread_list=0x00007fa0a0000be0, length=93, elements={
0x00007fa0c802e470, 0x00007fa0c81ad510, 0x00007fa0c81b9a40, 0x00007fa0c81baac0,
0x00007fa0c81bc340, 0x00007fa0c81bd980, 0x00007fa0c81c7190, 0x00007fa0c81c86b0,
0x00007fa0c81c9d60, 0x00007fa0c8359c90, 0x00007fa0c94ff830, 0x00007fa0c9593be0,
0x00007fa0c95c47e0, 0x00007fa0482ce300, 0x00007fa0482d2fa0, 0x00007fa0483495b0,
0x00007fa048197be0, 0x00007fa04849ccb0, 0x00007fa0486759c0, 0x00007fa048d88470,
0x00007fa048d9bb10, 0x00007fa0491a9010, 0x00007fa0491aa080, 0x00007fa04a801ba0,
0x00007fa04af1a0f0, 0x00007fa0540184a0, 0x00007fa03c002c30, 0x00007fa03c003f40,
0x00007fa03c004e50, 0x00007fa040002eb0, 0x00007fa040003cd0, 0x00007fa040004f10,
0x00007fa040007210, 0x00007fa0400061b0, 0x00007fa040008b10, 0x00007fa04000d210,
0x00007fa04000dfd0, 0x00007fa040009630, 0x00007fa040009f60, 0x00007fa04000ad60,
0x00007fa040011dc0, 0x00007fa040058140, 0x00007fa040058e20, 0x00007fa04005a590,
0x00007fa04004b8e0, 0x00007fa04005b870, 0x00007fa04005c790, 0x00007fa040109240,
0x00007fa04010a080, 0x00007fa04010af20, 0x00007fa04010bd80, 0x00007fa04005de40,
0x00007fa04005ef30, 0x00007fa04005fd70, 0x00007fa040567a50, 0x00007fa040568810,
0x00007fa04056c1e0, 0x00007fa050063d20, 0x00007fa05002c2b0, 0x00007fa05006dd80,
0x00007fa05800db70, 0x00007fa0501c3a20, 0x00007fa0501c13c0, 0x00007fa0501c1cf0,
0x00007fa0501bd090, 0x00007fa0501bdb10, 0x00007fa0501b4550, 0x00007fa0502b36b0,
0x00007fa0502acb80, 0x00007fa0502ad280, 0x00007fa0502a9430, 0x00007fa0502aadd0,
0x00007fa0502abad0, 0x00007fa0501edf60, 0x00007fa0501f90e0, 0x00007fa0501ea590,
0x00007fa0501eb4d0, 0x00007fa05400cdf0, 0x00007fa054027790, 0x00007fa054028960,
0x00007fa05402c690, 0x00007fa05402dab0, 0x00007fa05402e880, 0x00007fa0540306d0,
0x00007fa054031a10, 0x00007fa054034e60, 0x00007fa04c014270, 0x00007fa05068d140,
0x00007fa07c126f40, 0x00007fa07c13dae0, 0x00007fa07c148750, 0x00007fa07c1578a0,
0x00007fa07c159d30
}

Java Threads: ( => current thread )
  0x00007fa0c802e470 JavaThread "main"                              [_thread_blocked, id=49076, stack(0x00007fa0cf80a000,0x00007fa0cf90a000) (1024K)]
  0x00007fa0c81ad510 JavaThread "Common-Cleaner"             daemon [_thread_blocked, id=49084, stack(0x00007fa0b4d5d000,0x00007fa0b4e5d000) (1024K)]
  0x00007fa0c81b9a40 JavaThread "Reference Handler"          daemon [_thread_blocked, id=49085, stack(0x00007fa0b4900000,0x00007fa0b4a00000) (1024K)]
  0x00007fa0c81baac0 JavaThread "Finalizer"                  daemon [_thread_blocked, id=49086, stack(0x00007fa0b47ff000,0x00007fa0b48ff000) (1024K)]
  0x00007fa0c81bc340 JavaThread "Signal Dispatcher"          daemon [_thread_blocked, id=49087, stack(0x00007fa0b46fe000,0x00007fa0b47fe000) (1024K)]
  0x00007fa0c81bd980 JavaThread "Service Thread"             daemon [_thread_blocked, id=49088, stack(0x00007fa0b45fd000,0x00007fa0b46fd000) (1024K)]
  0x00007fa0c81c7190 JavaThread "Monitor Deflation Thread"   daemon [_thread_blocked, id=49089, stack(0x00007fa0b44fc000,0x00007fa0b45fc000) (1024K)]
  0x00007fa0c81c86b0 JavaThread "C2 CompilerThread0"         daemon [_thread_blocked, id=49090, stack(0x00007fa0b43fb000,0x00007fa0b44fb000) (1024K)]
  0x00007fa0c81c9d60 JavaThread "C1 CompilerThread0"         daemon [_thread_blocked, id=49091, stack(0x00007fa0b42fa000,0x00007fa0b43fa000) (1024K)]
  0x00007fa0c8359c90 JavaThread "Notification Thread"        daemon [_thread_blocked, id=49100, stack(0x00007fa0b41f9000,0x00007fa0b42f9000) (1024K)]
  0x00007fa0c94ff830 JavaThread "Daemon health stats"               [_thread_blocked, id=49282, stack(0x00007fa06bdff000,0x00007fa06beff000) (1024K)]
  0x00007fa0c9593be0 JavaThread "Incoming local TCP Connector on port 45979"        [_thread_in_native, id=49291, stack(0x00007fa06b900000,0x00007fa06ba00000) (1024K)]
  0x00007fa0c95c47e0 JavaThread "Daemon periodic checks"            [_thread_blocked, id=49292, stack(0x00007fa06b7ff000,0x00007fa06b8ff000) (1024K)]
  0x00007fa0482ce300 JavaThread "Cache worker for journal cache (/home/elonmusk/.gradle/caches/journal-1)"        [_thread_blocked, id=49317, stack(0x00007fa06aff7000,0x00007fa06b0f7000) (1024K)]
  0x00007fa0482d2fa0 JavaThread "File lock request listener"        [_thread_in_native, id=49318, stack(0x00007fa06aef6000,0x00007fa06aff6000) (1024K)]
  0x00007fa0483495b0 JavaThread "Cache worker for file hash cache (/home/elonmusk/.gradle/caches/9.2.1/fileHashes)"        [_thread_blocked, id=49327, stack(0x00007fa06adf5000,0x00007fa06aef5000) (1024K)]
  0x00007fa048197be0 JavaThread "File watcher server"        daemon [_thread_blocked, id=49371, stack(0x00007fa06a9f1000,0x00007fa06aaf1000) (1024K)]
  0x00007fa04849ccb0 JavaThread "File watcher consumer"      daemon [_thread_blocked, id=49372, stack(0x00007fa06a8f0000,0x00007fa06a9f0000) (1024K)]
  0x00007fa0486759c0 JavaThread "Cache worker for file content cache (/home/elonmusk/.gradle/caches/9.2.1/fileContent)"        [_thread_blocked, id=49383, stack(0x00007fa06a6ee000,0x00007fa06a7ee000) (1024K)]
  0x00007fa048d88470 JavaThread "jar transforms"                    [_thread_blocked, id=49395, stack(0x00007fa06a3eb000,0x00007fa06a4eb000) (1024K)]
  0x00007fa048d9bb10 JavaThread "jar transforms Thread 2"           [_thread_blocked, id=49404, stack(0x00007fa06a2ea000,0x00007fa06a3ea000) (1024K)]
  0x00007fa0491a9010 JavaThread "jar transforms Thread 3"           [_thread_blocked, id=49422, stack(0x00007fa06a1e9000,0x00007fa06a2e9000) (1024K)]
  0x00007fa0491aa080 JavaThread "jar transforms Thread 4"           [_thread_blocked, id=49423, stack(0x00007fa06a0e8000,0x00007fa06a1e8000) (1024K)]
  0x00007fa04a801ba0 JavaThread "Memory manager"                    [_thread_blocked, id=49779, stack(0x00007fa0687cf000,0x00007fa0688cf000) (1024K)]
  0x00007fa04af1a0f0 JavaThread "pool-3-thread-1"                   [_thread_blocked, id=50033, stack(0x00007fa0688d0000,0x00007fa0689d0000) (1024K)]
  0x00007fa0540184a0 JavaThread "Daemon Thread 2"                   [_thread_blocked, id=50669, stack(0x00007fa06b2fa000,0x00007fa06b3fa000) (1024K)]
  0x00007fa03c002c30 JavaThread "Handler for socket connection from /127.0.0.1:45979 to /127.0.0.1:41888"        [_thread_in_native, id=50670, stack(0x00007fa06b6fe000,0x00007fa06b7fe000) (1024K)]
  0x00007fa03c003f40 JavaThread "Cancel handler"                    [_thread_blocked, id=50671, stack(0x00007fa06b3fb000,0x00007fa06b4fb000) (1024K)]
  0x00007fa03c004e50 JavaThread "Daemon worker Thread 2"            [_thread_blocked, id=50672, stack(0x00007fa0685cd000,0x00007fa0686cd000) (1024K)]
  0x00007fa040002eb0 JavaThread "Asynchronous log dispatcher for DefaultDaemonConnection: socket connection from /127.0.0.1:45979 to /127.0.0.1:41888"        [_thread_blocked, id=50673, stack(0x00007fa0680c8000,0x00007fa0681c8000) (1024K)]
  0x00007fa040003cd0 JavaThread "Stdin handler"                     [_thread_blocked, id=50674, stack(0x00007fa0691d9000,0x00007fa0692d9000) (1024K)]
  0x00007fa040004f10 JavaThread "Daemon client event forwarder"        [_thread_blocked, id=50675, stack(0x00007fa06b5fd000,0x00007fa06b6fd000) (1024K)]
  0x00007fa040007210 JavaThread "Cache worker for file hash cache (/home/elonmusk/AndroidStudioProjects/POS/.gradle/9.2.1/fileHashes)"        [_thread_blocked, id=50676, stack(0x00007fa06b4fc000,0x00007fa06b5fc000) (1024K)]
  0x00007fa0400061b0 JavaThread "Cache worker for Build Output Cleanup Cache (/home/elonmusk/AndroidStudioProjects/POS/.gradle/buildOutputCleanup)"        [_thread_blocked, id=50677, stack(0x00007fa06b1f9000,0x00007fa06b2f9000) (1024K)]
  0x00007fa040008b10 JavaThread "Cache worker for checksums cache (/home/elonmusk/AndroidStudioProjects/POS/.gradle/9.2.1/checksums)"        [_thread_blocked, id=50679, stack(0x00007fa069ce4000,0x00007fa069de4000) (1024K)]
  0x00007fa04000d210 JavaThread "Cache worker for cache directory md-supplier (/home/elonmusk/.gradle/caches/9.2.1/md-supplier)"        [_thread_blocked, id=50680, stack(0x00007fa068ed6000,0x00007fa068fd6000) (1024K)]
  0x00007fa04000dfd0 JavaThread "Cache worker for cache directory md-rule (/home/elonmusk/.gradle/caches/9.2.1/md-rule)"        [_thread_blocked, id=50681, stack(0x00007fa0698e0000,0x00007fa0699e0000) (1024K)]
  0x00007fa040009630 JavaThread "Unconstrained build operations"        [_thread_blocked, id=50682, stack(0x00007fa06a4ec000,0x00007fa06a5ec000) (1024K)]
  0x00007fa040009f60 JavaThread "Unconstrained build operations Thread 2"        [_thread_blocked, id=50683, stack(0x00007fa0692da000,0x00007fa0693da000) (1024K)]
  0x00007fa04000ad60 JavaThread "Unconstrained build operations Thread 3"        [_thread_blocked, id=50684, stack(0x00007fa068bd3000,0x00007fa068cd3000) (1024K)]
  0x00007fa040011dc0 JavaThread "Unconstrained build operations Thread 4"        [_thread_blocked, id=50685, stack(0x00007fa0695dd000,0x00007fa0696dd000) (1024K)]
  0x00007fa040058140 JavaThread "Unconstrained build operations Thread 5"        [_thread_blocked, id=50686, stack(0x00007fa0696de000,0x00007fa0697de000) (1024K)]
  0x00007fa040058e20 JavaThread "Unconstrained build operations Thread 6"        [_thread_blocked, id=50687, stack(0x00007fa069ae2000,0x00007fa069be2000) (1024K)]
  0x00007fa04005a590 JavaThread "Unconstrained build operations Thread 7"        [_thread_blocked, id=50689, stack(0x00007fa0693db000,0x00007fa0694db000) (1024K)]
  0x00007fa04004b8e0 JavaThread "Unconstrained build operations Thread 8"        [_thread_blocked, id=50690, stack(0x00007fa068fd7000,0x00007fa0690d7000) (1024K)]
  0x00007fa04005b870 JavaThread "Unconstrained build operations Thread 9"        [_thread_blocked, id=50699, stack(0x00007fa069de5000,0x00007fa069ee5000) (1024K)]
  0x00007fa04005c790 JavaThread "Unconstrained build operations Thread 10"        [_thread_blocked, id=50700, stack(0x00007fa0690d8000,0x00007fa0691d8000) (1024K)]
  0x00007fa040109240 JavaThread "Unconstrained build operations Thread 11"        [_thread_blocked, id=50701, stack(0x00007fa068cd4000,0x00007fa068dd4000) (1024K)]
  0x00007fa04010a080 JavaThread "Unconstrained build operations Thread 12"        [_thread_blocked, id=50707, stack(0x00007fa068dd5000,0x00007fa068ed5000) (1024K)]
  0x00007fa04010af20 JavaThread "Unconstrained build operations Thread 13"        [_thread_blocked, id=50711, stack(0x00007fa0699e1000,0x00007fa069ae1000) (1024K)]
  0x00007fa04010bd80 JavaThread "Unconstrained build operations Thread 14"        [_thread_blocked, id=50712, stack(0x00007fa0694dc000,0x00007fa0695dc000) (1024K)]
  0x00007fa04005de40 JavaThread "build event listener"              [_thread_blocked, id=50713, stack(0x00007fa0697df000,0x00007fa0698df000) (1024K)]
  0x00007fa04005ef30 JavaThread "Problems report writer"            [_thread_blocked, id=50714, stack(0x00007fa069be3000,0x00007fa069ce3000) (1024K)]
  0x00007fa04005fd70 JavaThread "build event listener"              [_thread_blocked, id=50715, stack(0x00007fa069fe7000,0x00007fa06a0e7000) (1024K)]
  0x00007fa040567a50 JavaThread "pool-6-thread-1"                   [_thread_blocked, id=50775, stack(0x00007fa069ee6000,0x00007fa069fe6000) (1024K)]
  0x00007fa040568810 JavaThread "build event listener"              [_thread_blocked, id=50776, stack(0x00007fa06a7ef000,0x00007fa06a8ef000) (1024K)]
  0x00007fa04056c1e0 JavaThread "included builds"                   [_thread_blocked, id=50777, stack(0x00007fa06abf3000,0x00007fa06acf3000) (1024K)]
=>0x00007fa050063d20 JavaThread "Execution worker"                  [_thread_in_Java, id=50778, stack(0x00007fa0684cc000,0x00007fa0685cc000) (1024K)]
  0x00007fa05002c2b0 JavaThread "Execution worker Thread 2"         [_thread_blocked, id=50779, stack(0x00007fa0682ca000,0x00007fa0683ca000) (1024K)]
  0x00007fa05006dd80 JavaThread "Execution worker Thread 3"         [_thread_blocked, id=50780, stack(0x00007fa0683cb000,0x00007fa0684cb000) (1024K)]
  0x00007fa05800db70 JavaThread "Cache worker for execution history cache (/home/elonmusk/AndroidStudioProjects/POS/.gradle/9.2.1/executionHistory)"        [_thread_blocked, id=50781, stack(0x00007fa06a5ed000,0x00007fa06a6ed000) (1024K)]
  0x00007fa0501c3a20 JavaThread "Unconstrained build operations Thread 15"        [_thread_blocked, id=50829, stack(0x00007fa0681c9000,0x00007fa0682c9000) (1024K)]
  0x00007fa0501c13c0 JavaThread "Unconstrained build operations Thread 16"        [_thread_blocked, id=50830, stack(0x00007fa06aaf2000,0x00007fa06abf2000) (1024K)]
  0x00007fa0501c1cf0 JavaThread "Unconstrained build operations Thread 17"        [_thread_blocked, id=50831, stack(0x00007fa06acf4000,0x00007fa06adf4000) (1024K)]
  0x00007fa0501bd090 JavaThread "Unconstrained build operations Thread 18"        [_thread_blocked, id=50881, stack(0x00007fa06b0f8000,0x00007fa06b1f8000) (1024K)]
  0x00007fa0501bdb10 JavaThread "Unconstrained build operations Thread 19"        [_thread_blocked, id=50882, stack(0x00007fa068ad2000,0x00007fa068bd2000) (1024K)]
  0x00007fa0501b4550 JavaThread "Unconstrained build operations Thread 20"        [_thread_blocked, id=50883, stack(0x00007fa0689d1000,0x00007fa068ad1000) (1024K)]
  0x00007fa0502b36b0 JavaThread "Unconstrained build operations Thread 21"        [_thread_blocked, id=50894, stack(0x00007fa02ff00000,0x00007fa030000000) (1024K)]
  0x00007fa0502acb80 JavaThread "Unconstrained build operations Thread 22"        [_thread_blocked, id=50895, stack(0x00007fa02fdff000,0x00007fa02feff000) (1024K)]
  0x00007fa0502ad280 JavaThread "Unconstrained build operations Thread 23"        [_thread_blocked, id=50896, stack(0x00007fa02fcfe000,0x00007fa02fdfe000) (1024K)]
  0x00007fa0502a9430 JavaThread "Unconstrained build operations Thread 24"        [_thread_blocked, id=50905, stack(0x00007fa02fbfd000,0x00007fa02fcfd000) (1024K)]
  0x00007fa0502aadd0 JavaThread "Unconstrained build operations Thread 25"        [_thread_blocked, id=50906, stack(0x00007fa02fafc000,0x00007fa02fbfc000) (1024K)]
  0x00007fa0502abad0 JavaThread "Unconstrained build operations Thread 26"        [_thread_blocked, id=50907, stack(0x00007fa02f9fb000,0x00007fa02fafb000) (1024K)]
  0x00007fa0501edf60 JavaThread "Unconstrained build operations Thread 27"        [_thread_blocked, id=50908, stack(0x00007fa02f8fa000,0x00007fa02f9fa000) (1024K)]
  0x00007fa0501f90e0 JavaThread "Unconstrained build operations Thread 28"        [_thread_blocked, id=50917, stack(0x00007fa02f7f9000,0x00007fa02f8f9000) (1024K)]
  0x00007fa0501ea590 JavaThread "Unconstrained build operations Thread 29"        [_thread_blocked, id=50918, stack(0x00007fa02f6f8000,0x00007fa02f7f8000) (1024K)]
  0x00007fa0501eb4d0 JavaThread "Unconstrained build operations Thread 30"        [_thread_blocked, id=50919, stack(0x00007fa02f5f7000,0x00007fa02f6f7000) (1024K)]
  0x00007fa05400cdf0 JavaThread "Unconstrained build operations Thread 31"        [_thread_blocked, id=50920, stack(0x00007fa02f4f6000,0x00007fa02f5f6000) (1024K)]
  0x00007fa054027790 JavaThread "Unconstrained build operations Thread 32"        [_thread_blocked, id=50921, stack(0x00007fa02f3f5000,0x00007fa02f4f5000) (1024K)]
  0x00007fa054028960 JavaThread "Unconstrained build operations Thread 33"        [_thread_blocked, id=50922, stack(0x00007fa02f2f4000,0x00007fa02f3f4000) (1024K)]
  0x00007fa05402c690 JavaThread "Unconstrained build operations Thread 34"        [_thread_blocked, id=50931, stack(0x00007fa02f1f3000,0x00007fa02f2f3000) (1024K)]
  0x00007fa05402dab0 JavaThread "Unconstrained build operations Thread 35"        [_thread_blocked, id=50932, stack(0x00007fa02f0f2000,0x00007fa02f1f2000) (1024K)]
  0x00007fa05402e880 JavaThread "Unconstrained build operations Thread 36"        [_thread_blocked, id=50933, stack(0x00007fa02eff1000,0x00007fa02f0f1000) (1024K)]
  0x00007fa0540306d0 JavaThread "Unconstrained build operations Thread 37"        [_thread_blocked, id=50942, stack(0x00007fa02eef0000,0x00007fa02eff0000) (1024K)]
  0x00007fa054031a10 JavaThread "Unconstrained build operations Thread 38"        [_thread_blocked, id=50943, stack(0x00007fa02edef000,0x00007fa02eeef000) (1024K)]
  0x00007fa054034e60 JavaThread "Unconstrained build operations Thread 39"        [_thread_blocked, id=50944, stack(0x00007fa02ecee000,0x00007fa02edee000) (1024K)]
  0x00007fa04c014270 JavaThread "Unconstrained build operations Thread 40"        [_thread_blocked, id=50945, stack(0x00007fa02ebed000,0x00007fa02eced000) (1024K)]
  0x00007fa05068d140 JavaThread "WorkerExecutor Queue"              [_thread_blocked, id=51688, stack(0x00007fa0686ce000,0x00007fa0687ce000) (1024K)]
  0x00007fa07c126f40 JavaThread "process reaper (pid 51691)" daemon [_thread_in_native, id=51693, stack(0x00007fa0b78db000,0x00007fa0b78fd000) (136K)]
  0x00007fa07c13dae0 JavaThread "RMI Scheduler(0)"           daemon [_thread_blocked, id=51746, stack(0x00007fa02eaec000,0x00007fa02ebec000) (1024K)]
  0x00007fa07c148750 JavaThread "RMI GC Daemon"              daemon [_thread_blocked, id=51751, stack(0x00007fa02e8ea000,0x00007fa02e9ea000) (1024K)]
  0x00007fa07c1578a0 JavaThread "RMI TCP Accept-0"           daemon [_thread_in_native, id=51753, stack(0x00007fa02e7e9000,0x00007fa02e8e9000) (1024K)]
  0x00007fa07c159d30 JavaThread "RMI Reaper"                        [_thread_blocked, id=51754, stack(0x00007fa02e6e8000,0x00007fa02e7e8000) (1024K)]
Total: 93

Other Threads:
  0x00007fa0c80ee470 VMThread "VM Thread"                           [id=49083, stack(0x00007fa0b4e5e000,0x00007fa0b4f5e000) (1024K)] _threads_hazard_ptr=0x00007fa0a0000be0
  0x00007fa0c80e3290 WatcherThread "VM Periodic Task Thread"        [id=49082, stack(0x00007fa0b4f5f000,0x00007fa0b505f000) (1024K)]
  0x00007fa0c8069420 WorkerThread "GC Thread#0"                     [id=49077, stack(0x00007fa0b7b00000,0x00007fa0b7c00000) (1024K)]
  0x00007fa09c006870 WorkerThread "GC Thread#1"                     [id=49101, stack(0x00007fa0b40f8000,0x00007fa0b41f8000) (1024K)]
  0x00007fa09c00ba20 WorkerThread "GC Thread#2"                     [id=49102, stack(0x00007fa06bf00000,0x00007fa06c000000) (1024K)]
  0x00007fa09c00acc0 WorkerThread "GC Thread#3"                     [id=49144, stack(0x00007fa06bcfe000,0x00007fa06bdfe000) (1024K)]
  0x00007fa0c8072a10 ConcurrentGCThread "G1 Main Marker"            [id=49078, stack(0x00007fa0b79ff000,0x00007fa0b7aff000) (1024K)]
  0x00007fa0c80739b0 WorkerThread "G1 Conc#0"                       [id=49079, stack(0x00007fa0b78fe000,0x00007fa0b79fe000) (1024K)]
  0x00007fa0c80d35b0 ConcurrentGCThread "G1 Refine#0"               [id=49080, stack(0x00007fa0b52fc000,0x00007fa0b53fc000) (1024K)]
  0x00007fa0a02723a0 ConcurrentGCThread "G1 Refine#1"               [id=52910, stack(0x00007fa02e9eb000,0x00007fa02eaeb000) (1024K)]
  0x00007fa0c80d4560 ConcurrentGCThread "G1 Service"                [id=49081, stack(0x00007fa0b51fb000,0x00007fa0b52fb000) (1024K)]
Total: 11

Threads with active compile tasks:
C2 CompilerThread0  536801 34123       4       com.android.tools.r8.internal.Nf::a (117 bytes)
Total: 1

VM state: synchronizing (normal execution)

VM Mutex/Monitor currently owned by a thread:  ([mutex/lock_event])
[0x00007fa0d0c06418] Threads_lock - owner thread: 0x00007fa0c80ee470
[0x00007fa0d0c06518] Heap_lock - owner thread: 0x00007fa0c8072a10

Heap address: 0x00000000c0000000, size: 1024 MB, Compressed Oops mode: 32-bit

CDS archive(s) not mapped
Compressed class space mapped at: 0x0000000100000000-0x0000000140000000, reserved size: 1073741824
Narrow klass base: 0x0000000000000000, Narrow klass shift: 3, Narrow klass range: 0x140000000

GC Precious Log:
 CardTable entry size: 512
 Card Set container configuration: InlinePtr #cards 5 size 8 Array Of Cards #cards 12 size 40 Howl #buckets 4 coarsen threshold 1843 Howl Bitmap #cards 512 size 80 coarsen threshold 460 Card regions per heap region 1 cards per card region 2048
 CPUs: 4 total, 4 available
 Memory: 5400M
 Large Page Support: Disabled
 NUMA Support: Disabled
 Compressed Oops: Enabled (32-bit)
 Heap Region Size: 1M
 Heap Min Capacity: 8M
 Heap Initial Capacity: 86M
 Heap Max Capacity: 1G
 Pre-touch: Disabled
 Parallel Workers: 4
 Concurrent Workers: 1
 Concurrent Refinement Workers: 4
 Periodic GC: Disabled

Heap:
 garbage-first heap   total 890880K, used 661575K [0x00000000c0000000, 0x0000000100000000)
  region size 1024K, 395 young (404480K), 37 survivors (37888K)
 Metaspace       used 173396K, committed 175936K, reserved 1245184K
  class space    used 23078K, committed 24320K, reserved 1048576K

Heap Regions: E=young(eden), S=young(survivor), O=old, HS=humongous(starts), HC=humongous(continues), CS=collection set, F=free, TAMS=top-at-mark-start, PB=parsable bottom
|   0|0x00000000c0000000, 0x00000000c0100000, 0x00000000c0100000|100%|HS|  |TAMS 0x00000000c0100000| PB 0x00000000c0000000| Complete 
|   1|0x00000000c0100000, 0x00000000c0200000, 0x00000000c0200000|100%|HC|  |TAMS 0x00000000c0200000| PB 0x00000000c0100000| Complete 
|   2|0x00000000c0200000, 0x00000000c0300000, 0x00000000c0300000|100%|HC|  |TAMS 0x00000000c0300000| PB 0x00000000c0200000| Complete 
|   3|0x00000000c0300000, 0x00000000c0400000, 0x00000000c0400000|100%|HC|  |TAMS 0x00000000c0400000| PB 0x00000000c0300000| Complete 
|   4|0x00000000c0400000, 0x00000000c0500000, 0x00000000c0500000|100%| O|  |TAMS 0x00000000c0500000| PB 0x00000000c0400000| Untracked 
|   5|0x00000000c0500000, 0x00000000c0600000, 0x00000000c0600000|100%| O|  |TAMS 0x00000000c0600000| PB 0x00000000c0500000| Untracked 
|   6|0x00000000c0600000, 0x00000000c0700000, 0x00000000c0700000|100%| O|  |TAMS 0x00000000c0700000| PB 0x00000000c0600000| Untracked 
|   7|0x00000000c0700000, 0x00000000c0800000, 0x00000000c0800000|100%|HS|  |TAMS 0x00000000c0800000| PB 0x00000000c0700000| Complete 
|   8|0x00000000c0800000, 0x00000000c0900000, 0x00000000c0900000|100%| O|  |TAMS 0x00000000c0900000| PB 0x00000000c0800000| Untracked 
|   9|0x00000000c0900000, 0x00000000c0a00000, 0x00000000c0a00000|100%| O|  |TAMS 0x00000000c0a00000| PB 0x00000000c0900000| Untracked 
|  10|0x00000000c0a00000, 0x00000000c0b00000, 0x00000000c0b00000|100%| O|  |TAMS 0x00000000c0b00000| PB 0x00000000c0a00000| Untracked 
|  11|0x00000000c0b00000, 0x00000000c0c00000, 0x00000000c0c00000|100%| O|  |TAMS 0x00000000c0c00000| PB 0x00000000c0b00000| Untracked 
|  12|0x00000000c0c00000, 0x00000000c0d00000, 0x00000000c0d00000|100%| O|  |TAMS 0x00000000c0d00000| PB 0x00000000c0c00000| Untracked 
|  13|0x00000000c0d00000, 0x00000000c0e00000, 0x00000000c0e00000|100%| O|  |TAMS 0x00000000c0e00000| PB 0x00000000c0d00000| Updating 
|  14|0x00000000c0e00000, 0x00000000c0f00000, 0x00000000c0f00000|100%| O|  |TAMS 0x00000000c0f00000| PB 0x00000000c0e00000| Untracked 
|  15|0x00000000c0f00000, 0x00000000c1000000, 0x00000000c1000000|100%| O|  |TAMS 0x00000000c1000000| PB 0x00000000c0f00000| Untracked 
|  16|0x00000000c1000000, 0x00000000c1100000, 0x00000000c1100000|100%| O|  |TAMS 0x00000000c1100000| PB 0x00000000c1000000| Untracked 
|  17|0x00000000c1100000, 0x00000000c1200000, 0x00000000c1200000|100%| O|  |TAMS 0x00000000c1200000| PB 0x00000000c1100000| Updating 
|  18|0x00000000c1200000, 0x00000000c1300000, 0x00000000c1300000|100%| O|  |TAMS 0x00000000c1300000| PB 0x00000000c1200000| Untracked 
|  19|0x00000000c1300000, 0x00000000c1400000, 0x00000000c1400000|100%| O|  |TAMS 0x00000000c1400000| PB 0x00000000c1300000| Untracked 
|  20|0x00000000c1400000, 0x00000000c1500000, 0x00000000c1500000|100%| O|  |TAMS 0x00000000c1500000| PB 0x00000000c1400000| Updating 
|  21|0x00000000c1500000, 0x00000000c1600000, 0x00000000c1600000|100%| O|  |TAMS 0x00000000c1600000| PB 0x00000000c1500000| Updating 
|  22|0x00000000c1600000, 0x00000000c1700000, 0x00000000c1700000|100%| O|  |TAMS 0x00000000c1700000| PB 0x00000000c1600000| Untracked 
|  23|0x00000000c1700000, 0x00000000c1800000, 0x00000000c1800000|100%| O|  |TAMS 0x00000000c1800000| PB 0x00000000c1700000| Updating 
|  24|0x00000000c1800000, 0x00000000c1900000, 0x00000000c1900000|100%| O|  |TAMS 0x00000000c1900000| PB 0x00000000c1800000| Untracked 
|  25|0x00000000c1900000, 0x00000000c1a00000, 0x00000000c1a00000|100%| O|  |TAMS 0x00000000c1a00000| PB 0x00000000c1900000| Untracked 
|  26|0x00000000c1a00000, 0x00000000c1b00000, 0x00000000c1b00000|100%|HS|  |TAMS 0x00000000c1b00000| PB 0x00000000c1a00000| Complete 
|  27|0x00000000c1b00000, 0x00000000c1c00000, 0x00000000c1c00000|100%|HC|  |TAMS 0x00000000c1c00000| PB 0x00000000c1b00000| Complete 
|  28|0x00000000c1c00000, 0x00000000c1d00000, 0x00000000c1d00000|100%| O|  |TAMS 0x00000000c1d00000| PB 0x00000000c1c00000| Untracked 
|  29|0x00000000c1d00000, 0x00000000c1e00000, 0x00000000c1e00000|100%| O|  |TAMS 0x00000000c1e00000| PB 0x00000000c1d00000| Untracked 
|  30|0x00000000c1e00000, 0x00000000c1f00000, 0x00000000c1f00000|100%| O|  |TAMS 0x00000000c1f00000| PB 0x00000000c1e00000| Untracked 
|  31|0x00000000c1f00000, 0x00000000c2000000, 0x00000000c2000000|100%| O|  |TAMS 0x00000000c2000000| PB 0x00000000c1f00000| Untracked 
|  32|0x00000000c2000000, 0x00000000c2100000, 0x00000000c2100000|100%| O|  |TAMS 0x00000000c2100000| PB 0x00000000c2000000| Untracked 
|  33|0x00000000c2100000, 0x00000000c2200000, 0x00000000c2200000|100%| O|  |TAMS 0x00000000c2200000| PB 0x00000000c2100000| Updating 
|  34|0x00000000c2200000, 0x00000000c2300000, 0x00000000c2300000|100%| O|  |TAMS 0x00000000c2300000| PB 0x00000000c2200000| Untracked 
|  35|0x00000000c2300000, 0x00000000c2400000, 0x00000000c2400000|100%| O|  |TAMS 0x00000000c2400000| PB 0x00000000c2300000| Untracked 
|  36|0x00000000c2400000, 0x00000000c2500000, 0x00000000c2500000|100%| O|  |TAMS 0x00000000c2500000| PB 0x00000000c2400000| Updating 
|  37|0x00000000c2500000, 0x00000000c2600000, 0x00000000c2600000|100%|HS|  |TAMS 0x00000000c2600000| PB 0x00000000c2500000| Complete 
|  38|0x00000000c2600000, 0x00000000c2700000, 0x00000000c2700000|100%| O|  |TAMS 0x00000000c2700000| PB 0x00000000c2600000| Updating 
|  39|0x00000000c2700000, 0x00000000c2800000, 0x00000000c2800000|100%| O|  |TAMS 0x00000000c2800000| PB 0x00000000c2700000| Updating 
|  40|0x00000000c2800000, 0x00000000c2900000, 0x00000000c2900000|100%| O|  |TAMS 0x00000000c2900000| PB 0x00000000c2800000| Updating 
|  41|0x00000000c2900000, 0x00000000c2a00000, 0x00000000c2a00000|100%| O|  |TAMS 0x00000000c2a00000| PB 0x00000000c2900000| Untracked 
|  42|0x00000000c2a00000, 0x00000000c2b00000, 0x00000000c2b00000|100%| O|  |TAMS 0x00000000c2b00000| PB 0x00000000c2a00000| Untracked 
|  43|0x00000000c2b00000, 0x00000000c2c00000, 0x00000000c2c00000|100%| O|  |TAMS 0x00000000c2c00000| PB 0x00000000c2b00000| Untracked 
|  44|0x00000000c2c00000, 0x00000000c2d00000, 0x00000000c2d00000|100%| O|  |TAMS 0x00000000c2d00000| PB 0x00000000c2c00000| Untracked 
|  45|0x00000000c2d00000, 0x00000000c2e00000, 0x00000000c2e00000|100%| O|  |TAMS 0x00000000c2e00000| PB 0x00000000c2d00000| Untracked 
|  46|0x00000000c2e00000, 0x00000000c2f00000, 0x00000000c2f00000|100%|HS|  |TAMS 0x00000000c2f00000| PB 0x00000000c2e00000| Complete 
|  47|0x00000000c2f00000, 0x00000000c3000000, 0x00000000c3000000|100%|HS|  |TAMS 0x00000000c3000000| PB 0x00000000c2f00000| Complete 
|  48|0x00000000c3000000, 0x00000000c3100000, 0x00000000c3100000|100%| O|  |TAMS 0x00000000c3100000| PB 0x00000000c3000000| Untracked 
|  49|0x00000000c3100000, 0x00000000c3200000, 0x00000000c3200000|100%|HS|  |TAMS 0x00000000c3200000| PB 0x00000000c3100000| Complete 
|  50|0x00000000c3200000, 0x00000000c3300000, 0x00000000c3300000|100%| O|  |TAMS 0x00000000c3300000| PB 0x00000000c3200000| Untracked 
|  51|0x00000000c3300000, 0x00000000c3400000, 0x00000000c3400000|100%| O|  |TAMS 0x00000000c3400000| PB 0x00000000c3300000| Untracked 
|  52|0x00000000c3400000, 0x00000000c3500000, 0x00000000c3500000|100%| O|  |TAMS 0x00000000c3500000| PB 0x00000000c3400000| Untracked 
|  53|0x00000000c3500000, 0x00000000c3600000, 0x00000000c3600000|100%| O|  |TAMS 0x00000000c3600000| PB 0x00000000c3500000| Untracked 
|  54|0x00000000c3600000, 0x00000000c3700000, 0x00000000c3700000|100%| O|  |TAMS 0x00000000c3700000| PB 0x00000000c3600000| Untracked 
|  55|0x00000000c3700000, 0x00000000c3800000, 0x00000000c3800000|100%| O|  |TAMS 0x00000000c3800000| PB 0x00000000c3700000| Untracked 
|  56|0x00000000c3800000, 0x00000000c3900000, 0x00000000c3900000|100%|HS|  |TAMS 0x00000000c3900000| PB 0x00000000c3800000| Complete 
|  57|0x00000000c3900000, 0x00000000c3a00000, 0x00000000c3a00000|100%| O|  |TAMS 0x00000000c3a00000| PB 0x00000000c3900000| Untracked 
|  58|0x00000000c3a00000, 0x00000000c3b00000, 0x00000000c3b00000|100%| O|  |TAMS 0x00000000c3b00000| PB 0x00000000c3a00000| Untracked 
|  59|0x00000000c3b00000, 0x00000000c3c00000, 0x00000000c3c00000|100%|HS|  |TAMS 0x00000000c3c00000| PB 0x00000000c3b00000| Complete 
|  60|0x00000000c3c00000, 0x00000000c3d00000, 0x00000000c3d00000|100%|HC|  |TAMS 0x00000000c3d00000| PB 0x00000000c3c00000| Complete 
|  61|0x00000000c3d00000, 0x00000000c3e00000, 0x00000000c3e00000|100%|HS|  |TAMS 0x00000000c3e00000| PB 0x00000000c3d00000| Complete 
|  62|0x00000000c3e00000, 0x00000000c3f00000, 0x00000000c3f00000|100%|HC|  |TAMS 0x00000000c3f00000| PB 0x00000000c3e00000| Complete 
|  63|0x00000000c3f00000, 0x00000000c4000000, 0x00000000c4000000|100%|HS|  |TAMS 0x00000000c4000000| PB 0x00000000c3f00000| Complete 
|  64|0x00000000c4000000, 0x00000000c4100000, 0x00000000c4100000|100%| O|  |TAMS 0x00000000c4100000| PB 0x00000000c4000000| Untracked 
|  65|0x00000000c4100000, 0x00000000c4200000, 0x00000000c4200000|100%| O|  |TAMS 0x00000000c4200000| PB 0x00000000c4100000| Untracked 
|  66|0x00000000c4200000, 0x00000000c4300000, 0x00000000c4300000|100%| O|  |TAMS 0x00000000c4300000| PB 0x00000000c4200000| Untracked 
|  67|0x00000000c4300000, 0x00000000c4400000, 0x00000000c4400000|100%| O|  |TAMS 0x00000000c4400000| PB 0x00000000c4300000| Updating 
|  68|0x00000000c4400000, 0x00000000c4500000, 0x00000000c4500000|100%|HS|  |TAMS 0x00000000c4500000| PB 0x00000000c4400000| Complete 
|  69|0x00000000c4500000, 0x00000000c4600000, 0x00000000c4600000|100%| O|  |TAMS 0x00000000c4600000| PB 0x00000000c4500000| Untracked 
|  70|0x00000000c4600000, 0x00000000c4700000, 0x00000000c4700000|100%| O|  |TAMS 0x00000000c4700000| PB 0x00000000c4600000| Untracked 
|  71|0x00000000c4700000, 0x00000000c4800000, 0x00000000c4800000|100%| O|  |TAMS 0x00000000c4800000| PB 0x00000000c4700000| Updating 
|  72|0x00000000c4800000, 0x00000000c4900000, 0x00000000c4900000|100%| O|  |TAMS 0x00000000c4900000| PB 0x00000000c4800000| Untracked 
|  73|0x00000000c4900000, 0x00000000c4a00000, 0x00000000c4a00000|100%| O|  |TAMS 0x00000000c4a00000| PB 0x00000000c4900000| Untracked 
|  74|0x00000000c4a00000, 0x00000000c4b00000, 0x00000000c4b00000|100%| O|  |TAMS 0x00000000c4b00000| PB 0x00000000c4a00000| Untracked 
|  75|0x00000000c4b00000, 0x00000000c4c00000, 0x00000000c4c00000|100%| O|  |TAMS 0x00000000c4c00000| PB 0x00000000c4b00000| Untracked 
|  76|0x00000000c4c00000, 0x00000000c4d00000, 0x00000000c4d00000|100%| O|  |TAMS 0x00000000c4d00000| PB 0x00000000c4c00000| Untracked 
|  77|0x00000000c4d00000, 0x00000000c4e00000, 0x00000000c4e00000|100%| O|  |TAMS 0x00000000c4e00000| PB 0x00000000c4d00000| Updating 
|  78|0x00000000c4e00000, 0x00000000c4f00000, 0x00000000c4f00000|100%| O|  |TAMS 0x00000000c4f00000| PB 0x00000000c4e00000| Untracked 
|  79|0x00000000c4f00000, 0x00000000c4f00000, 0x00000000c5000000|  0%| F|  |TAMS 0x00000000c4f00000| PB 0x00000000c4f00000| Untracked 
|  80|0x00000000c5000000, 0x00000000c5100000, 0x00000000c5100000|100%| O|  |TAMS 0x00000000c5100000| PB 0x00000000c5000000| Untracked 
|  81|0x00000000c5100000, 0x00000000c5200000, 0x00000000c5200000|100%| O|  |TAMS 0x00000000c5200000| PB 0x00000000c5100000| Untracked 
|  82|0x00000000c5200000, 0x00000000c5300000, 0x00000000c5300000|100%| O|  |TAMS 0x00000000c5300000| PB 0x00000000c5200000| Updating 
|  83|0x00000000c5300000, 0x00000000c5400000, 0x00000000c5400000|100%| O|  |TAMS 0x00000000c5400000| PB 0x00000000c5300000| Untracked 
|  84|0x00000000c5400000, 0x00000000c5500000, 0x00000000c5500000|100%| O|  |TAMS 0x00000000c5500000| PB 0x00000000c5400000| Untracked 
|  85|0x00000000c5500000, 0x00000000c5600000, 0x00000000c5600000|100%| O|  |TAMS 0x00000000c5600000| PB 0x00000000c5500000| Untracked 
|  86|0x00000000c5600000, 0x00000000c5700000, 0x00000000c5700000|100%| O|  |TAMS 0x00000000c5700000| PB 0x00000000c5600000| Untracked 
|  87|0x00000000c5700000, 0x00000000c5800000, 0x00000000c5800000|100%| O|  |TAMS 0x00000000c5800000| PB 0x00000000c5700000| Untracked 
|  88|0x00000000c5800000, 0x00000000c5900000, 0x00000000c5900000|100%| O|  |TAMS 0x00000000c5900000| PB 0x00000000c5800000| Untracked 
|  89|0x00000000c5900000, 0x00000000c5a00000, 0x00000000c5a00000|100%| O|  |TAMS 0x00000000c5a00000| PB 0x00000000c5900000| Untracked 
|  90|0x00000000c5a00000, 0x00000000c5b00000, 0x00000000c5b00000|100%| O|  |TAMS 0x00000000c5b00000| PB 0x00000000c5a00000| Updating 
|  91|0x00000000c5b00000, 0x00000000c5c00000, 0x00000000c5c00000|100%| O|  |TAMS 0x00000000c5c00000| PB 0x00000000c5b00000| Updating 
|  92|0x00000000c5c00000, 0x00000000c5d00000, 0x00000000c5d00000|100%| O|  |TAMS 0x00000000c5d00000| PB 0x00000000c5c00000| Untracked 
|  93|0x00000000c5d00000, 0x00000000c5e00000, 0x00000000c5e00000|100%| O|  |TAMS 0x00000000c5e00000| PB 0x00000000c5d00000| Untracked 
|  94|0x00000000c5e00000, 0x00000000c5f00000, 0x00000000c5f00000|100%| O|  |TAMS 0x00000000c5f00000| PB 0x00000000c5e00000| Untracked 
|  95|0x00000000c5f00000, 0x00000000c6000000, 0x00000000c6000000|100%| O|  |TAMS 0x00000000c6000000| PB 0x00000000c5f00000| Untracked 
|  96|0x00000000c6000000, 0x00000000c6100000, 0x00000000c6100000|100%| O|  |TAMS 0x00000000c6100000| PB 0x00000000c6000000| Untracked 
|  97|0x00000000c6100000, 0x00000000c6200000, 0x00000000c6200000|100%| O|  |TAMS 0x00000000c6200000| PB 0x00000000c6100000| Updating 
|  98|0x00000000c6200000, 0x00000000c6300000, 0x00000000c6300000|100%| O|  |TAMS 0x00000000c6300000| PB 0x00000000c6200000| Untracked 
|  99|0x00000000c6300000, 0x00000000c6400000, 0x00000000c6400000|100%| O|  |TAMS 0x00000000c6400000| PB 0x00000000c6300000| Untracked 
| 100|0x00000000c6400000, 0x00000000c6500000, 0x00000000c6500000|100%| O|  |TAMS 0x00000000c6500000| PB 0x00000000c6400000| Untracked 
| 101|0x00000000c6500000, 0x00000000c6600000, 0x00000000c6600000|100%| O|  |TAMS 0x00000000c6600000| PB 0x00000000c6500000| Untracked 
| 102|0x00000000c6600000, 0x00000000c6700000, 0x00000000c6700000|100%| O|  |TAMS 0x00000000c6700000| PB 0x00000000c6600000| Untracked 
| 103|0x00000000c6700000, 0x00000000c6800000, 0x00000000c6800000|100%| O|  |TAMS 0x00000000c6800000| PB 0x00000000c6700000| Untracked 
| 104|0x00000000c6800000, 0x00000000c6900000, 0x00000000c6900000|100%| O|  |TAMS 0x00000000c6900000| PB 0x00000000c6800000| Untracked 
| 105|0x00000000c6900000, 0x00000000c6a00000, 0x00000000c6a00000|100%| O|  |TAMS 0x00000000c6a00000| PB 0x00000000c6900000| Untracked 
| 106|0x00000000c6a00000, 0x00000000c6b00000, 0x00000000c6b00000|100%| O|  |TAMS 0x00000000c6b00000| PB 0x00000000c6a00000| Untracked 
| 107|0x00000000c6b00000, 0x00000000c6c00000, 0x00000000c6c00000|100%| O|  |TAMS 0x00000000c6c00000| PB 0x00000000c6b00000| Untracked 
| 108|0x00000000c6c00000, 0x00000000c6d00000, 0x00000000c6d00000|100%| O|  |TAMS 0x00000000c6d00000| PB 0x00000000c6c00000| Untracked 
| 109|0x00000000c6d00000, 0x00000000c6e00000, 0x00000000c6e00000|100%| O|  |TAMS 0x00000000c6e00000| PB 0x00000000c6d00000| Untracked 
| 110|0x00000000c6e00000, 0x00000000c6f00000, 0x00000000c6f00000|100%| O|  |TAMS 0x00000000c6f00000| PB 0x00000000c6e00000| Untracked 
| 111|0x00000000c6f00000, 0x00000000c7000000, 0x00000000c7000000|100%| O|  |TAMS 0x00000000c7000000| PB 0x00000000c6f00000| Untracked 
| 112|0x00000000c7000000, 0x00000000c7100000, 0x00000000c7100000|100%| O|  |TAMS 0x00000000c7100000| PB 0x00000000c7000000| Untracked 
| 113|0x00000000c7100000, 0x00000000c7200000, 0x00000000c7200000|100%| O|  |TAMS 0x00000000c7200000| PB 0x00000000c7100000| Untracked 
| 114|0x00000000c7200000, 0x00000000c7300000, 0x00000000c7300000|100%| O|  |TAMS 0x00000000c7300000| PB 0x00000000c7200000| Untracked 
| 115|0x00000000c7300000, 0x00000000c7400000, 0x00000000c7400000|100%| O|  |TAMS 0x00000000c7400000| PB 0x00000000c7300000| Untracked 
| 116|0x00000000c7400000, 0x00000000c7500000, 0x00000000c7500000|100%| O|  |TAMS 0x00000000c7500000| PB 0x00000000c7400000| Untracked 
| 117|0x00000000c7500000, 0x00000000c7600000, 0x00000000c7600000|100%| O|  |TAMS 0x00000000c7600000| PB 0x00000000c7500000| Untracked 
| 118|0x00000000c7600000, 0x00000000c7700000, 0x00000000c7700000|100%| O|  |TAMS 0x00000000c7700000| PB 0x00000000c7600000| Untracked 
| 119|0x00000000c7700000, 0x00000000c7800000, 0x00000000c7800000|100%| O|  |TAMS 0x00000000c7800000| PB 0x00000000c7700000| Untracked 
| 120|0x00000000c7800000, 0x00000000c7900000, 0x00000000c7900000|100%| O|  |TAMS 0x00000000c7900000| PB 0x00000000c7800000| Untracked 
| 121|0x00000000c7900000, 0x00000000c7a00000, 0x00000000c7a00000|100%| O|  |TAMS 0x00000000c7a00000| PB 0x00000000c7900000| Untracked 
| 122|0x00000000c7a00000, 0x00000000c7b00000, 0x00000000c7b00000|100%| O|  |TAMS 0x00000000c7b00000| PB 0x00000000c7a00000| Untracked 
| 123|0x00000000c7b00000, 0x00000000c7c00000, 0x00000000c7c00000|100%| O|  |TAMS 0x00000000c7c00000| PB 0x00000000c7b00000| Updating 
| 124|0x00000000c7c00000, 0x00000000c7d00000, 0x00000000c7d00000|100%| O|  |TAMS 0x00000000c7d00000| PB 0x00000000c7c00000| Untracked 
| 125|0x00000000c7d00000, 0x00000000c7e00000, 0x00000000c7e00000|100%| O|  |TAMS 0x00000000c7e00000| PB 0x00000000c7d00000| Untracked 
| 126|0x00000000c7e00000, 0x00000000c7f00000, 0x00000000c7f00000|100%| O|  |TAMS 0x00000000c7f00000| PB 0x00000000c7e00000| Untracked 
| 127|0x00000000c7f00000, 0x00000000c8000000, 0x00000000c8000000|100%| O|  |TAMS 0x00000000c8000000| PB 0x00000000c7f00000| Updating 
| 128|0x00000000c8000000, 0x00000000c8100000, 0x00000000c8100000|100%| O|  |TAMS 0x00000000c8100000| PB 0x00000000c8000000| Untracked 
| 129|0x00000000c8100000, 0x00000000c8200000, 0x00000000c8200000|100%| O|  |TAMS 0x00000000c8200000| PB 0x00000000c8100000| Untracked 
| 130|0x00000000c8200000, 0x00000000c8300000, 0x00000000c8300000|100%| O|  |TAMS 0x00000000c8300000| PB 0x00000000c8200000| Updating 
| 131|0x00000000c8300000, 0x00000000c8400000, 0x00000000c8400000|100%| O|  |TAMS 0x00000000c8400000| PB 0x00000000c8300000| Untracked 
| 132|0x00000000c8400000, 0x00000000c8500000, 0x00000000c8500000|100%| O|  |TAMS 0x00000000c8500000| PB 0x00000000c8400000| Untracked 
| 133|0x00000000c8500000, 0x00000000c8561ee8, 0x00000000c8600000| 38%| O|  |TAMS 0x00000000c8561ee8| PB 0x00000000c8500000| Updating 
| 134|0x00000000c8600000, 0x00000000c8700000, 0x00000000c8700000|100%| O|  |TAMS 0x00000000c8700000| PB 0x00000000c8600000| Untracked 
| 135|0x00000000c8700000, 0x00000000c8800000, 0x00000000c8800000|100%| O|  |TAMS 0x00000000c8800000| PB 0x00000000c8700000| Untracked 
| 136|0x00000000c8800000, 0x00000000c8900000, 0x00000000c8900000|100%| O|  |TAMS 0x00000000c8900000| PB 0x00000000c8800000| Untracked 
| 137|0x00000000c8900000, 0x00000000c8a00000, 0x00000000c8a00000|100%| O|  |TAMS 0x00000000c8a00000| PB 0x00000000c8900000| Updating 
| 138|0x00000000c8a00000, 0x00000000c8b00000, 0x00000000c8b00000|100%| O|  |TAMS 0x00000000c8b00000| PB 0x00000000c8a00000| Updating 
| 139|0x00000000c8b00000, 0x00000000c8c00000, 0x00000000c8c00000|100%|HS|  |TAMS 0x00000000c8c00000| PB 0x00000000c8b00000| Complete 
| 140|0x00000000c8c00000, 0x00000000c8d00000, 0x00000000c8d00000|100%|HC|  |TAMS 0x00000000c8d00000| PB 0x00000000c8c00000| Complete 
| 141|0x00000000c8d00000, 0x00000000c8e00000, 0x00000000c8e00000|100%| O|  |TAMS 0x00000000c8e00000| PB 0x00000000c8d00000| Untracked 
| 142|0x00000000c8e00000, 0x00000000c8f00000, 0x00000000c8f00000|100%| O|  |TAMS 0x00000000c8f00000| PB 0x00000000c8e00000| Untracked 
| 143|0x00000000c8f00000, 0x00000000c9000000, 0x00000000c9000000|100%| O|  |TAMS 0x00000000c9000000| PB 0x00000000c8f00000| Untracked 
| 144|0x00000000c9000000, 0x00000000c9100000, 0x00000000c9100000|100%| O|  |TAMS 0x00000000c9100000| PB 0x00000000c9000000| Untracked 
| 145|0x00000000c9100000, 0x00000000c9200000, 0x00000000c9200000|100%| O|  |TAMS 0x00000000c9200000| PB 0x00000000c9100000| Updating 
| 146|0x00000000c9200000, 0x00000000c9300000, 0x00000000c9300000|100%| O|  |TAMS 0x00000000c9300000| PB 0x00000000c9200000| Untracked 
| 147|0x00000000c9300000, 0x00000000c9400000, 0x00000000c9400000|100%| O|  |TAMS 0x00000000c9400000| PB 0x00000000c9300000| Updating 
| 148|0x00000000c9400000, 0x00000000c9500000, 0x00000000c9500000|100%| O|  |TAMS 0x00000000c9500000| PB 0x00000000c9400000| Untracked 
| 149|0x00000000c9500000, 0x00000000c9600000, 0x00000000c9600000|100%| O|  |TAMS 0x00000000c9600000| PB 0x00000000c9500000| Updating 
| 150|0x00000000c9600000, 0x00000000c9700000, 0x00000000c9700000|100%|HS|  |TAMS 0x00000000c9600000| PB 0x00000000c9600000| Complete 
| 151|0x00000000c9700000, 0x00000000c9800000, 0x00000000c9800000|100%|HC|  |TAMS 0x00000000c9700000| PB 0x00000000c9700000| Complete 
| 152|0x00000000c9800000, 0x00000000c9800000, 0x00000000c9900000|  0%| F|  |TAMS 0x00000000c9800000| PB 0x00000000c9800000| Untracked 
| 153|0x00000000c9900000, 0x00000000c9a00000, 0x00000000c9a00000|100%| O|  |TAMS 0x00000000c9a00000| PB 0x00000000c9900000| Updating 
| 154|0x00000000c9a00000, 0x00000000c9b00000, 0x00000000c9b00000|100%| O|  |TAMS 0x00000000c9b00000| PB 0x00000000c9a00000| Updating 
| 155|0x00000000c9b00000, 0x00000000c9c00000, 0x00000000c9c00000|100%|HS|  |TAMS 0x00000000c9c00000| PB 0x00000000c9b00000| Complete 
| 156|0x00000000c9c00000, 0x00000000c9d00000, 0x00000000c9d00000|100%|HC|  |TAMS 0x00000000c9d00000| PB 0x00000000c9c00000| Complete 
| 157|0x00000000c9d00000, 0x00000000c9e00000, 0x00000000c9e00000|100%|HC|  |TAMS 0x00000000c9e00000| PB 0x00000000c9d00000| Complete 
| 158|0x00000000c9e00000, 0x00000000c9f00000, 0x00000000c9f00000|100%|HC|  |TAMS 0x00000000c9f00000| PB 0x00000000c9e00000| Complete 
| 159|0x00000000c9f00000, 0x00000000ca000000, 0x00000000ca000000|100%| O|  |TAMS 0x00000000ca000000| PB 0x00000000c9f00000| Updating 
| 160|0x00000000ca000000, 0x00000000ca100000, 0x00000000ca100000|100%| O|  |TAMS 0x00000000ca100000| PB 0x00000000ca000000| Updating 
| 161|0x00000000ca100000, 0x00000000ca200000, 0x00000000ca200000|100%| O|  |TAMS 0x00000000ca200000| PB 0x00000000ca100000| Updating 
| 162|0x00000000ca200000, 0x00000000ca200000, 0x00000000ca300000|  0%| F|  |TAMS 0x00000000ca200000| PB 0x00000000ca200000| Untracked 
| 163|0x00000000ca300000, 0x00000000ca300000, 0x00000000ca400000|  0%| F|  |TAMS 0x00000000ca300000| PB 0x00000000ca300000| Untracked 
| 164|0x00000000ca400000, 0x00000000ca500000, 0x00000000ca500000|100%| O|  |TAMS 0x00000000ca500000| PB 0x00000000ca400000| Updating 
| 165|0x00000000ca500000, 0x00000000ca600000, 0x00000000ca600000|100%|HS|  |TAMS 0x00000000ca500000| PB 0x00000000ca500000| Complete 
| 166|0x00000000ca600000, 0x00000000ca700000, 0x00000000ca700000|100%|HC|  |TAMS 0x00000000ca600000| PB 0x00000000ca600000| Complete 
| 167|0x00000000ca700000, 0x00000000ca800000, 0x00000000ca800000|100%|HC|  |TAMS 0x00000000ca700000| PB 0x00000000ca700000| Complete 
| 168|0x00000000ca800000, 0x00000000ca900000, 0x00000000ca900000|100%| O|  |TAMS 0x00000000ca900000| PB 0x00000000ca800000| Updating 
| 169|0x00000000ca900000, 0x00000000ca900000, 0x00000000caa00000|  0%| F|  |TAMS 0x00000000ca900000| PB 0x00000000ca900000| Untracked 
| 170|0x00000000caa00000, 0x00000000cab00000, 0x00000000cab00000|100%| O|  |TAMS 0x00000000cab00000| PB 0x00000000caa00000| Updating 
| 171|0x00000000cab00000, 0x00000000cab00000, 0x00000000cac00000|  0%| F|  |TAMS 0x00000000cab00000| PB 0x00000000cab00000| Untracked 
| 172|0x00000000cac00000, 0x00000000cac00000, 0x00000000cad00000|  0%| F|  |TAMS 0x00000000cac00000| PB 0x00000000cac00000| Untracked 
| 173|0x00000000cad00000, 0x00000000cad00000, 0x00000000cae00000|  0%| F|  |TAMS 0x00000000cad00000| PB 0x00000000cad00000| Untracked 
| 174|0x00000000cae00000, 0x00000000cae00000, 0x00000000caf00000|  0%| F|  |TAMS 0x00000000cae00000| PB 0x00000000cae00000| Untracked 
| 175|0x00000000caf00000, 0x00000000caf00000, 0x00000000cb000000|  0%| F|  |TAMS 0x00000000caf00000| PB 0x00000000caf00000| Untracked 
| 176|0x00000000cb000000, 0x00000000cb000000, 0x00000000cb100000|  0%| F|  |TAMS 0x00000000cb000000| PB 0x00000000cb000000| Untracked 
| 177|0x00000000cb100000, 0x00000000cb100000, 0x00000000cb200000|  0%| F|  |TAMS 0x00000000cb100000| PB 0x00000000cb100000| Untracked 
| 178|0x00000000cb200000, 0x00000000cb300000, 0x00000000cb300000|100%| O|  |TAMS 0x00000000cb300000| PB 0x00000000cb200000| Updating 
| 179|0x00000000cb300000, 0x00000000cb400000, 0x00000000cb400000|100%| O|  |TAMS 0x00000000cb400000| PB 0x00000000cb300000| Updating 
| 180|0x00000000cb400000, 0x00000000cb400000, 0x00000000cb500000|  0%| F|  |TAMS 0x00000000cb400000| PB 0x00000000cb400000| Untracked 
| 181|0x00000000cb500000, 0x00000000cb500000, 0x00000000cb600000|  0%| F|  |TAMS 0x00000000cb500000| PB 0x00000000cb500000| Untracked 
| 182|0x00000000cb600000, 0x00000000cb600000, 0x00000000cb700000|  0%| F|  |TAMS 0x00000000cb600000| PB 0x00000000cb600000| Untracked 
| 183|0x00000000cb700000, 0x00000000cb700000, 0x00000000cb800000|  0%| F|  |TAMS 0x00000000cb700000| PB 0x00000000cb700000| Untracked 
| 184|0x00000000cb800000, 0x00000000cb800000, 0x00000000cb900000|  0%| F|  |TAMS 0x00000000cb800000| PB 0x00000000cb800000| Untracked 
| 185|0x00000000cb900000, 0x00000000cb900000, 0x00000000cba00000|  0%| F|  |TAMS 0x00000000cb900000| PB 0x00000000cb900000| Untracked 
| 186|0x00000000cba00000, 0x00000000cba00000, 0x00000000cbb00000|  0%| F|  |TAMS 0x00000000cba00000| PB 0x00000000cba00000| Untracked 
| 187|0x00000000cbb00000, 0x00000000cbb00000, 0x00000000cbc00000|  0%| F|  |TAMS 0x00000000cbb00000| PB 0x00000000cbb00000| Untracked 
| 188|0x00000000cbc00000, 0x00000000cbc00000, 0x00000000cbd00000|  0%| F|  |TAMS 0x00000000cbc00000| PB 0x00000000cbc00000| Untracked 
| 189|0x00000000cbd00000, 0x00000000cbd00000, 0x00000000cbe00000|  0%| F|  |TAMS 0x00000000cbd00000| PB 0x00000000cbd00000| Untracked 
| 190|0x00000000cbe00000, 0x00000000cbe00000, 0x00000000cbf00000|  0%| F|  |TAMS 0x00000000cbe00000| PB 0x00000000cbe00000| Untracked 
| 191|0x00000000cbf00000, 0x00000000cbf00000, 0x00000000cc000000|  0%| F|  |TAMS 0x00000000cbf00000| PB 0x00000000cbf00000| Untracked 
| 192|0x00000000cc000000, 0x00000000cc000000, 0x00000000cc100000|  0%| F|  |TAMS 0x00000000cc000000| PB 0x00000000cc000000| Untracked 
| 193|0x00000000cc100000, 0x00000000cc100000, 0x00000000cc200000|  0%| F|  |TAMS 0x00000000cc100000| PB 0x00000000cc100000| Untracked 
| 194|0x00000000cc200000, 0x00000000cc200000, 0x00000000cc300000|  0%| F|  |TAMS 0x00000000cc200000| PB 0x00000000cc200000| Untracked 
| 195|0x00000000cc300000, 0x00000000cc300000, 0x00000000cc400000|  0%| F|  |TAMS 0x00000000cc300000| PB 0x00000000cc300000| Untracked 
| 196|0x00000000cc400000, 0x00000000cc400000, 0x00000000cc500000|  0%| F|  |TAMS 0x00000000cc400000| PB 0x00000000cc400000| Untracked 
| 197|0x00000000cc500000, 0x00000000cc500000, 0x00000000cc600000|  0%| F|  |TAMS 0x00000000cc500000| PB 0x00000000cc500000| Untracked 
| 198|0x00000000cc600000, 0x00000000cc600000, 0x00000000cc700000|  0%| F|  |TAMS 0x00000000cc600000| PB 0x00000000cc600000| Untracked 
| 199|0x00000000cc700000, 0x00000000cc700000, 0x00000000cc800000|  0%| F|  |TAMS 0x00000000cc700000| PB 0x00000000cc700000| Untracked 
| 200|0x00000000cc800000, 0x00000000cc800000, 0x00000000cc900000|  0%| F|  |TAMS 0x00000000cc800000| PB 0x00000000cc800000| Untracked 
| 201|0x00000000cc900000, 0x00000000cc900000, 0x00000000cca00000|  0%| F|  |TAMS 0x00000000cc900000| PB 0x00000000cc900000| Untracked 
| 202|0x00000000cca00000, 0x00000000cca00000, 0x00000000ccb00000|  0%| F|  |TAMS 0x00000000cca00000| PB 0x00000000cca00000| Untracked 
| 203|0x00000000ccb00000, 0x00000000ccc00000, 0x00000000ccc00000|100%| O|  |TAMS 0x00000000ccc00000| PB 0x00000000ccb00000| Updating 
| 204|0x00000000ccc00000, 0x00000000ccd00000, 0x00000000ccd00000|100%| O|  |TAMS 0x00000000ccd00000| PB 0x00000000ccc00000| Updating 
| 205|0x00000000ccd00000, 0x00000000ccd00000, 0x00000000cce00000|  0%| F|  |TAMS 0x00000000ccd00000| PB 0x00000000ccd00000| Untracked 
| 206|0x00000000cce00000, 0x00000000ccf00000, 0x00000000ccf00000|100%| O|  |TAMS 0x00000000ccf00000| PB 0x00000000cce00000| Updating 
| 207|0x00000000ccf00000, 0x00000000ccf00000, 0x00000000cd000000|  0%| F|  |TAMS 0x00000000ccf00000| PB 0x00000000ccf00000| Untracked 
| 208|0x00000000cd000000, 0x00000000cd000000, 0x00000000cd100000|  0%| F|  |TAMS 0x00000000cd000000| PB 0x00000000cd000000| Untracked 
| 209|0x00000000cd100000, 0x00000000cd200000, 0x00000000cd200000|100%| O|  |TAMS 0x00000000cd200000| PB 0x00000000cd100000| Updating 
| 210|0x00000000cd200000, 0x00000000cd200000, 0x00000000cd300000|  0%| F|  |TAMS 0x00000000cd200000| PB 0x00000000cd200000| Untracked 
| 211|0x00000000cd300000, 0x00000000cd300000, 0x00000000cd400000|  0%| F|  |TAMS 0x00000000cd300000| PB 0x00000000cd300000| Untracked 
| 212|0x00000000cd400000, 0x00000000cd400000, 0x00000000cd500000|  0%| F|  |TAMS 0x00000000cd400000| PB 0x00000000cd400000| Untracked 
| 213|0x00000000cd500000, 0x00000000cd600000, 0x00000000cd600000|100%| O|  |TAMS 0x00000000cd600000| PB 0x00000000cd500000| Updating 
| 214|0x00000000cd600000, 0x00000000cd700000, 0x00000000cd700000|100%| O|  |TAMS 0x00000000cd700000| PB 0x00000000cd600000| Updating 
| 215|0x00000000cd700000, 0x00000000cd800000, 0x00000000cd800000|100%|HS|  |TAMS 0x00000000cd800000| PB 0x00000000cd700000| Complete 
| 216|0x00000000cd800000, 0x00000000cd900000, 0x00000000cd900000|100%|HC|  |TAMS 0x00000000cd900000| PB 0x00000000cd800000| Complete 
| 217|0x00000000cd900000, 0x00000000cda00000, 0x00000000cda00000|100%|HC|  |TAMS 0x00000000cda00000| PB 0x00000000cd900000| Complete 
| 218|0x00000000cda00000, 0x00000000cdb00000, 0x00000000cdb00000|100%|HC|  |TAMS 0x00000000cdb00000| PB 0x00000000cda00000| Complete 
| 219|0x00000000cdb00000, 0x00000000cdc00000, 0x00000000cdc00000|100%|HC|  |TAMS 0x00000000cdc00000| PB 0x00000000cdb00000| Complete 
| 220|0x00000000cdc00000, 0x00000000cdd00000, 0x00000000cdd00000|100%|HC|  |TAMS 0x00000000cdd00000| PB 0x00000000cdc00000| Complete 
| 221|0x00000000cdd00000, 0x00000000cde00000, 0x00000000cde00000|100%|HC|  |TAMS 0x00000000cde00000| PB 0x00000000cdd00000| Complete 
| 222|0x00000000cde00000, 0x00000000cde00000, 0x00000000cdf00000|  0%| F|  |TAMS 0x00000000cde00000| PB 0x00000000cde00000| Untracked 
| 223|0x00000000cdf00000, 0x00000000ce000000, 0x00000000ce000000|100%| O|  |TAMS 0x00000000ce000000| PB 0x00000000cdf00000| Updating 
| 224|0x00000000ce000000, 0x00000000ce100000, 0x00000000ce100000|100%| O|  |TAMS 0x00000000ce100000| PB 0x00000000ce000000| Updating 
| 225|0x00000000ce100000, 0x00000000ce100000, 0x00000000ce200000|  0%| F|  |TAMS 0x00000000ce100000| PB 0x00000000ce100000| Untracked 
| 226|0x00000000ce200000, 0x00000000ce300000, 0x00000000ce300000|100%| O|  |TAMS 0x00000000ce300000| PB 0x00000000ce200000| Updating 
| 227|0x00000000ce300000, 0x00000000ce300000, 0x00000000ce400000|  0%| F|  |TAMS 0x00000000ce300000| PB 0x00000000ce300000| Untracked 
| 228|0x00000000ce400000, 0x00000000ce500000, 0x00000000ce500000|100%| O|  |TAMS 0x00000000ce500000| PB 0x00000000ce400000| Updating 
| 229|0x00000000ce500000, 0x00000000ce600000, 0x00000000ce600000|100%| O|  |TAMS 0x00000000ce600000| PB 0x00000000ce500000| Updating 
| 230|0x00000000ce600000, 0x00000000ce700000, 0x00000000ce700000|100%| O|  |TAMS 0x00000000ce700000| PB 0x00000000ce600000| Updating 
| 231|0x00000000ce700000, 0x00000000ce700000, 0x00000000ce800000|  0%| F|  |TAMS 0x00000000ce700000| PB 0x00000000ce700000| Untracked 
| 232|0x00000000ce800000, 0x00000000ce900000, 0x00000000ce900000|100%| O|  |TAMS 0x00000000ce900000| PB 0x00000000ce800000| Updating 
| 233|0x00000000ce900000, 0x00000000ce900000, 0x00000000cea00000|  0%| F|  |TAMS 0x00000000ce900000| PB 0x00000000ce900000| Untracked 
| 234|0x00000000cea00000, 0x00000000ceb00000, 0x00000000ceb00000|100%| O|  |TAMS 0x00000000ceb00000| PB 0x00000000cea00000| Updating 
| 235|0x00000000ceb00000, 0x00000000ceb00000, 0x00000000cec00000|  0%| F|  |TAMS 0x00000000ceb00000| PB 0x00000000ceb00000| Untracked 
| 236|0x00000000cec00000, 0x00000000cec00000, 0x00000000ced00000|  0%| F|  |TAMS 0x00000000cec00000| PB 0x00000000cec00000| Untracked 
| 237|0x00000000ced00000, 0x00000000ced00000, 0x00000000cee00000|  0%| F|  |TAMS 0x00000000ced00000| PB 0x00000000ced00000| Untracked 
| 238|0x00000000cee00000, 0x00000000cef00000, 0x00000000cef00000|100%| O|  |TAMS 0x00000000cef00000| PB 0x00000000cee00000| Updating 
| 239|0x00000000cef00000, 0x00000000cef00000, 0x00000000cf000000|  0%| F|  |TAMS 0x00000000cef00000| PB 0x00000000cef00000| Untracked 
| 240|0x00000000cf000000, 0x00000000cf000000, 0x00000000cf100000|  0%| F|  |TAMS 0x00000000cf000000| PB 0x00000000cf000000| Untracked 
| 241|0x00000000cf100000, 0x00000000cf200000, 0x00000000cf200000|100%| O|  |TAMS 0x00000000cf200000| PB 0x00000000cf100000| Updating 
| 242|0x00000000cf200000, 0x00000000cf200000, 0x00000000cf300000|  0%| F|  |TAMS 0x00000000cf200000| PB 0x00000000cf200000| Untracked 
| 243|0x00000000cf300000, 0x00000000cf400000, 0x00000000cf400000|100%| O|  |TAMS 0x00000000cf400000| PB 0x00000000cf300000| Updating 
| 244|0x00000000cf400000, 0x00000000cf500000, 0x00000000cf500000|100%| O|  |TAMS 0x00000000cf500000| PB 0x00000000cf400000| Updating 
| 245|0x00000000cf500000, 0x00000000cf500000, 0x00000000cf600000|  0%| F|  |TAMS 0x00000000cf500000| PB 0x00000000cf500000| Untracked 
| 246|0x00000000cf600000, 0x00000000cf600000, 0x00000000cf700000|  0%| F|  |TAMS 0x00000000cf600000| PB 0x00000000cf600000| Untracked 
| 247|0x00000000cf700000, 0x00000000cf800000, 0x00000000cf800000|100%| O|  |TAMS 0x00000000cf800000| PB 0x00000000cf700000| Updating 
| 248|0x00000000cf800000, 0x00000000cf900000, 0x00000000cf900000|100%| O|  |TAMS 0x00000000cf900000| PB 0x00000000cf800000| Updating 
| 249|0x00000000cf900000, 0x00000000cfa00000, 0x00000000cfa00000|100%| O|  |TAMS 0x00000000cfa00000| PB 0x00000000cf900000| Updating 
| 250|0x00000000cfa00000, 0x00000000cfa00000, 0x00000000cfb00000|  0%| F|  |TAMS 0x00000000cfa00000| PB 0x00000000cfa00000| Untracked 
| 251|0x00000000cfb00000, 0x00000000cfb00000, 0x00000000cfc00000|  0%| F|  |TAMS 0x00000000cfb00000| PB 0x00000000cfb00000| Untracked 
| 252|0x00000000cfc00000, 0x00000000cfd00000, 0x00000000cfd00000|100%| O|  |TAMS 0x00000000cfd00000| PB 0x00000000cfc00000| Updating 
| 253|0x00000000cfd00000, 0x00000000cfd00000, 0x00000000cfe00000|  0%| F|  |TAMS 0x00000000cfd00000| PB 0x00000000cfd00000| Untracked 
| 254|0x00000000cfe00000, 0x00000000cfe00000, 0x00000000cff00000|  0%| F|  |TAMS 0x00000000cfe00000| PB 0x00000000cfe00000| Untracked 
| 255|0x00000000cff00000, 0x00000000d0000000, 0x00000000d0000000|100%| O|  |TAMS 0x00000000d0000000| PB 0x00000000cff00000| Updating 
| 256|0x00000000d0000000, 0x00000000d0100000, 0x00000000d0100000|100%| O|  |TAMS 0x00000000d0100000| PB 0x00000000d0000000| Updating 
| 257|0x00000000d0100000, 0x00000000d0100000, 0x00000000d0200000|  0%| F|  |TAMS 0x00000000d0100000| PB 0x00000000d0100000| Untracked 
| 258|0x00000000d0200000, 0x00000000d0200000, 0x00000000d0300000|  0%| F|  |TAMS 0x00000000d0200000| PB 0x00000000d0200000| Untracked 
| 259|0x00000000d0300000, 0x00000000d0300000, 0x00000000d0400000|  0%| F|  |TAMS 0x00000000d0300000| PB 0x00000000d0300000| Untracked 
| 260|0x00000000d0400000, 0x00000000d0400000, 0x00000000d0500000|  0%| F|  |TAMS 0x00000000d0400000| PB 0x00000000d0400000| Untracked 
| 261|0x00000000d0500000, 0x00000000d0500000, 0x00000000d0600000|  0%| F|  |TAMS 0x00000000d0500000| PB 0x00000000d0500000| Untracked 
| 262|0x00000000d0600000, 0x00000000d0600000, 0x00000000d0700000|  0%| F|  |TAMS 0x00000000d0600000| PB 0x00000000d0600000| Untracked 
| 263|0x00000000d0700000, 0x00000000d0700000, 0x00000000d0800000|  0%| F|  |TAMS 0x00000000d0700000| PB 0x00000000d0700000| Untracked 
| 264|0x00000000d0800000, 0x00000000d0800000, 0x00000000d0900000|  0%| F|  |TAMS 0x00000000d0800000| PB 0x00000000d0800000| Untracked 
| 265|0x00000000d0900000, 0x00000000d0900000, 0x00000000d0a00000|  0%| F|  |TAMS 0x00000000d0900000| PB 0x00000000d0900000| Untracked 
| 266|0x00000000d0a00000, 0x00000000d0a00000, 0x00000000d0b00000|  0%| F|  |TAMS 0x00000000d0a00000| PB 0x00000000d0a00000| Untracked 
| 267|0x00000000d0b00000, 0x00000000d0b00000, 0x00000000d0c00000|  0%| F|  |TAMS 0x00000000d0b00000| PB 0x00000000d0b00000| Untracked 
| 268|0x00000000d0c00000, 0x00000000d0c00000, 0x00000000d0d00000|  0%| F|  |TAMS 0x00000000d0c00000| PB 0x00000000d0c00000| Untracked 
| 269|0x00000000d0d00000, 0x00000000d0d00000, 0x00000000d0e00000|  0%| F|  |TAMS 0x00000000d0d00000| PB 0x00000000d0d00000| Untracked 
| 270|0x00000000d0e00000, 0x00000000d0e00000, 0x00000000d0f00000|  0%| F|  |TAMS 0x00000000d0e00000| PB 0x00000000d0e00000| Untracked 
| 271|0x00000000d0f00000, 0x00000000d0f00000, 0x00000000d1000000|  0%| F|  |TAMS 0x00000000d0f00000| PB 0x00000000d0f00000| Untracked 
| 272|0x00000000d1000000, 0x00000000d1000000, 0x00000000d1100000|  0%| F|  |TAMS 0x00000000d1000000| PB 0x00000000d1000000| Untracked 
| 273|0x00000000d1100000, 0x00000000d1100000, 0x00000000d1200000|  0%| F|  |TAMS 0x00000000d1100000| PB 0x00000000d1100000| Untracked 
| 274|0x00000000d1200000, 0x00000000d1200000, 0x00000000d1300000|  0%| F|  |TAMS 0x00000000d1200000| PB 0x00000000d1200000| Untracked 
| 275|0x00000000d1300000, 0x00000000d1300000, 0x00000000d1400000|  0%| F|  |TAMS 0x00000000d1300000| PB 0x00000000d1300000| Untracked 
| 276|0x00000000d1400000, 0x00000000d1400000, 0x00000000d1500000|  0%| F|  |TAMS 0x00000000d1400000| PB 0x00000000d1400000| Untracked 
| 277|0x00000000d1500000, 0x00000000d1500000, 0x00000000d1600000|  0%| F|  |TAMS 0x00000000d1500000| PB 0x00000000d1500000| Untracked 
| 278|0x00000000d1600000, 0x00000000d1600000, 0x00000000d1700000|  0%| F|  |TAMS 0x00000000d1600000| PB 0x00000000d1600000| Untracked 
| 279|0x00000000d1700000, 0x00000000d1700000, 0x00000000d1800000|  0%| F|  |TAMS 0x00000000d1700000| PB 0x00000000d1700000| Untracked 
| 280|0x00000000d1800000, 0x00000000d1800000, 0x00000000d1900000|  0%| F|  |TAMS 0x00000000d1800000| PB 0x00000000d1800000| Untracked 
| 281|0x00000000d1900000, 0x00000000d1900000, 0x00000000d1a00000|  0%| F|  |TAMS 0x00000000d1900000| PB 0x00000000d1900000| Untracked 
| 282|0x00000000d1a00000, 0x00000000d1a00000, 0x00000000d1b00000|  0%| F|  |TAMS 0x00000000d1a00000| PB 0x00000000d1a00000| Untracked 
| 283|0x00000000d1b00000, 0x00000000d1b00000, 0x00000000d1c00000|  0%| F|  |TAMS 0x00000000d1b00000| PB 0x00000000d1b00000| Untracked 
| 284|0x00000000d1c00000, 0x00000000d1c00000, 0x00000000d1d00000|  0%| F|  |TAMS 0x00000000d1c00000| PB 0x00000000d1c00000| Untracked 
| 285|0x00000000d1d00000, 0x00000000d1d00000, 0x00000000d1e00000|  0%| F|  |TAMS 0x00000000d1d00000| PB 0x00000000d1d00000| Untracked 
| 286|0x00000000d1e00000, 0x00000000d1e00000, 0x00000000d1f00000|  0%| F|  |TAMS 0x00000000d1e00000| PB 0x00000000d1e00000| Untracked 
| 287|0x00000000d1f00000, 0x00000000d1f00000, 0x00000000d2000000|  0%| F|  |TAMS 0x00000000d1f00000| PB 0x00000000d1f00000| Untracked 
| 288|0x00000000d2000000, 0x00000000d2000000, 0x00000000d2100000|  0%| F|  |TAMS 0x00000000d2000000| PB 0x00000000d2000000| Untracked 
| 289|0x00000000d2100000, 0x00000000d2100000, 0x00000000d2200000|  0%| F|  |TAMS 0x00000000d2100000| PB 0x00000000d2100000| Untracked 
| 290|0x00000000d2200000, 0x00000000d2200000, 0x00000000d2300000|  0%| F|  |TAMS 0x00000000d2200000| PB 0x00000000d2200000| Untracked 
| 291|0x00000000d2300000, 0x00000000d2300000, 0x00000000d2400000|  0%| F|  |TAMS 0x00000000d2300000| PB 0x00000000d2300000| Untracked 
| 292|0x00000000d2400000, 0x00000000d2400000, 0x00000000d2500000|  0%| F|  |TAMS 0x00000000d2400000| PB 0x00000000d2400000| Untracked 
| 293|0x00000000d2500000, 0x00000000d2500000, 0x00000000d2600000|  0%| F|  |TAMS 0x00000000d2500000| PB 0x00000000d2500000| Untracked 
| 294|0x00000000d2600000, 0x00000000d2600000, 0x00000000d2700000|  0%| F|  |TAMS 0x00000000d2600000| PB 0x00000000d2600000| Untracked 
| 295|0x00000000d2700000, 0x00000000d2700000, 0x00000000d2800000|  0%| F|  |TAMS 0x00000000d2700000| PB 0x00000000d2700000| Untracked 
| 296|0x00000000d2800000, 0x00000000d2800000, 0x00000000d2900000|  0%| F|  |TAMS 0x00000000d2800000| PB 0x00000000d2800000| Untracked 
| 297|0x00000000d2900000, 0x00000000d2900000, 0x00000000d2a00000|  0%| F|  |TAMS 0x00000000d2900000| PB 0x00000000d2900000| Untracked 
| 298|0x00000000d2a00000, 0x00000000d2a00000, 0x00000000d2b00000|  0%| F|  |TAMS 0x00000000d2a00000| PB 0x00000000d2a00000| Untracked 
| 299|0x00000000d2b00000, 0x00000000d2b00000, 0x00000000d2c00000|  0%| F|  |TAMS 0x00000000d2b00000| PB 0x00000000d2b00000| Untracked 
| 300|0x00000000d2c00000, 0x00000000d2c00000, 0x00000000d2d00000|  0%| F|  |TAMS 0x00000000d2c00000| PB 0x00000000d2c00000| Untracked 
| 301|0x00000000d2d00000, 0x00000000d2d00000, 0x00000000d2e00000|  0%| F|  |TAMS 0x00000000d2d00000| PB 0x00000000d2d00000| Untracked 
| 302|0x00000000d2e00000, 0x00000000d2e00000, 0x00000000d2f00000|  0%| F|  |TAMS 0x00000000d2e00000| PB 0x00000000d2e00000| Untracked 
| 303|0x00000000d2f00000, 0x00000000d2f00000, 0x00000000d3000000|  0%| F|  |TAMS 0x00000000d2f00000| PB 0x00000000d2f00000| Untracked 
| 304|0x00000000d3000000, 0x00000000d3000000, 0x00000000d3100000|  0%| F|  |TAMS 0x00000000d3000000| PB 0x00000000d3000000| Untracked 
| 305|0x00000000d3100000, 0x00000000d3100000, 0x00000000d3200000|  0%| F|  |TAMS 0x00000000d3100000| PB 0x00000000d3100000| Untracked 
| 306|0x00000000d3200000, 0x00000000d3200000, 0x00000000d3300000|  0%| F|  |TAMS 0x00000000d3200000| PB 0x00000000d3200000| Untracked 
| 307|0x00000000d3300000, 0x00000000d3300000, 0x00000000d3400000|  0%| F|  |TAMS 0x00000000d3300000| PB 0x00000000d3300000| Untracked 
| 308|0x00000000d3400000, 0x00000000d3400000, 0x00000000d3500000|  0%| F|  |TAMS 0x00000000d3400000| PB 0x00000000d3400000| Untracked 
| 309|0x00000000d3500000, 0x00000000d3500000, 0x00000000d3600000|  0%| F|  |TAMS 0x00000000d3500000| PB 0x00000000d3500000| Untracked 
| 310|0x00000000d3600000, 0x00000000d3600000, 0x00000000d3700000|  0%| F|  |TAMS 0x00000000d3600000| PB 0x00000000d3600000| Untracked 
| 311|0x00000000d3700000, 0x00000000d3700000, 0x00000000d3800000|  0%| F|  |TAMS 0x00000000d3700000| PB 0x00000000d3700000| Untracked 
| 312|0x00000000d3800000, 0x00000000d3800000, 0x00000000d3900000|  0%| F|  |TAMS 0x00000000d3800000| PB 0x00000000d3800000| Untracked 
| 313|0x00000000d3900000, 0x00000000d3900000, 0x00000000d3a00000|  0%| F|  |TAMS 0x00000000d3900000| PB 0x00000000d3900000| Untracked 
| 314|0x00000000d3a00000, 0x00000000d3a00000, 0x00000000d3b00000|  0%| F|  |TAMS 0x00000000d3a00000| PB 0x00000000d3a00000| Untracked 
| 315|0x00000000d3b00000, 0x00000000d3b00000, 0x00000000d3c00000|  0%| F|  |TAMS 0x00000000d3b00000| PB 0x00000000d3b00000| Untracked 
| 316|0x00000000d3c00000, 0x00000000d3c00000, 0x00000000d3d00000|  0%| F|  |TAMS 0x00000000d3c00000| PB 0x00000000d3c00000| Untracked 
| 317|0x00000000d3d00000, 0x00000000d3d00000, 0x00000000d3e00000|  0%| F|  |TAMS 0x00000000d3d00000| PB 0x00000000d3d00000| Untracked 
| 318|0x00000000d3e00000, 0x00000000d3f00000, 0x00000000d3f00000|100%| O|  |TAMS 0x00000000d3f00000| PB 0x00000000d3e00000| Updating 
| 319|0x00000000d3f00000, 0x00000000d4000000, 0x00000000d4000000|100%| O|  |TAMS 0x00000000d4000000| PB 0x00000000d3f00000| Untracked 
| 320|0x00000000d4000000, 0x00000000d4100000, 0x00000000d4100000|100%| O|  |TAMS 0x00000000d4100000| PB 0x00000000d4000000| Untracked 
| 321|0x00000000d4100000, 0x00000000d4100000, 0x00000000d4200000|  0%| F|  |TAMS 0x00000000d4100000| PB 0x00000000d4100000| Untracked 
| 322|0x00000000d4200000, 0x00000000d4200000, 0x00000000d4300000|  0%| F|  |TAMS 0x00000000d4200000| PB 0x00000000d4200000| Untracked 
| 323|0x00000000d4300000, 0x00000000d4300000, 0x00000000d4400000|  0%| F|  |TAMS 0x00000000d4300000| PB 0x00000000d4300000| Untracked 
| 324|0x00000000d4400000, 0x00000000d4400000, 0x00000000d4500000|  0%| F|  |TAMS 0x00000000d4400000| PB 0x00000000d4400000| Untracked 
| 325|0x00000000d4500000, 0x00000000d4600000, 0x00000000d4600000|100%| O|  |TAMS 0x00000000d4600000| PB 0x00000000d4500000| Updating 
| 326|0x00000000d4600000, 0x00000000d4700000, 0x00000000d4700000|100%| O|  |TAMS 0x00000000d4700000| PB 0x00000000d4600000| Updating 
| 327|0x00000000d4700000, 0x00000000d4800000, 0x00000000d4800000|100%| O|  |TAMS 0x00000000d4800000| PB 0x00000000d4700000| Updating 
| 328|0x00000000d4800000, 0x00000000d4800000, 0x00000000d4900000|  0%| F|  |TAMS 0x00000000d4800000| PB 0x00000000d4800000| Untracked 
| 329|0x00000000d4900000, 0x00000000d4a00000, 0x00000000d4a00000|100%| O|  |TAMS 0x00000000d4a00000| PB 0x00000000d4900000| Updating 
| 330|0x00000000d4a00000, 0x00000000d4b00000, 0x00000000d4b00000|100%| O|  |TAMS 0x00000000d4b00000| PB 0x00000000d4a00000| Untracked 
| 331|0x00000000d4b00000, 0x00000000d4c00000, 0x00000000d4c00000|100%| O|  |TAMS 0x00000000d4c00000| PB 0x00000000d4b00000| Updating 
| 332|0x00000000d4c00000, 0x00000000d4d00000, 0x00000000d4d00000|100%| O|  |TAMS 0x00000000d4d00000| PB 0x00000000d4c00000| Updating 
| 333|0x00000000d4d00000, 0x00000000d4e00000, 0x00000000d4e00000|100%| O|  |TAMS 0x00000000d4e00000| PB 0x00000000d4d00000| Untracked 
| 334|0x00000000d4e00000, 0x00000000d4f00000, 0x00000000d4f00000|100%| O|  |TAMS 0x00000000d4f00000| PB 0x00000000d4e00000| Updating 
| 335|0x00000000d4f00000, 0x00000000d5000000, 0x00000000d5000000|100%| O|  |TAMS 0x00000000d5000000| PB 0x00000000d4f00000| Updating 
| 336|0x00000000d5000000, 0x00000000d5100000, 0x00000000d5100000|100%| O|  |TAMS 0x00000000d5100000| PB 0x00000000d5000000| Updating 
| 337|0x00000000d5100000, 0x00000000d5200000, 0x00000000d5200000|100%| O|  |TAMS 0x00000000d5200000| PB 0x00000000d5100000| Updating 
| 338|0x00000000d5200000, 0x00000000d5300000, 0x00000000d5300000|100%| O|  |TAMS 0x00000000d5300000| PB 0x00000000d5200000| Untracked 
| 339|0x00000000d5300000, 0x00000000d5400000, 0x00000000d5400000|100%| O|  |TAMS 0x00000000d5400000| PB 0x00000000d5300000| Updating 
| 340|0x00000000d5400000, 0x00000000d5500000, 0x00000000d5500000|100%| O|  |TAMS 0x00000000d5500000| PB 0x00000000d5400000| Updating 
| 341|0x00000000d5500000, 0x00000000d5600000, 0x00000000d5600000|100%| O|  |TAMS 0x00000000d5600000| PB 0x00000000d5500000| Updating 
| 342|0x00000000d5600000, 0x00000000d5700000, 0x00000000d5700000|100%| O|  |TAMS 0x00000000d5700000| PB 0x00000000d5600000| Updating 
| 343|0x00000000d5700000, 0x00000000d5700000, 0x00000000d5800000|  0%| F|  |TAMS 0x00000000d5700000| PB 0x00000000d5700000| Untracked 
| 344|0x00000000d5800000, 0x00000000d5800000, 0x00000000d5900000|  0%| F|  |TAMS 0x00000000d5800000| PB 0x00000000d5800000| Untracked 
| 345|0x00000000d5900000, 0x00000000d5900000, 0x00000000d5a00000|  0%| F|  |TAMS 0x00000000d5900000| PB 0x00000000d5900000| Untracked 
| 346|0x00000000d5a00000, 0x00000000d5a00000, 0x00000000d5b00000|  0%| F|  |TAMS 0x00000000d5a00000| PB 0x00000000d5a00000| Untracked 
| 347|0x00000000d5b00000, 0x00000000d5b00000, 0x00000000d5c00000|  0%| F|  |TAMS 0x00000000d5b00000| PB 0x00000000d5b00000| Untracked 
| 348|0x00000000d5c00000, 0x00000000d5d00000, 0x00000000d5d00000|100%| O|  |TAMS 0x00000000d5d00000| PB 0x00000000d5c00000| Updating 
| 349|0x00000000d5d00000, 0x00000000d5d00000, 0x00000000d5e00000|  0%| F|  |TAMS 0x00000000d5d00000| PB 0x00000000d5d00000| Untracked 
| 350|0x00000000d5e00000, 0x00000000d5f00000, 0x00000000d5f00000|100%| O|  |TAMS 0x00000000d5f00000| PB 0x00000000d5e00000| Updating 
| 351|0x00000000d5f00000, 0x00000000d6000000, 0x00000000d6000000|100%| O|  |TAMS 0x00000000d6000000| PB 0x00000000d5f00000| Updating 
| 352|0x00000000d6000000, 0x00000000d6100000, 0x00000000d6100000|100%| O|  |TAMS 0x00000000d6100000| PB 0x00000000d6000000| Updating 
| 353|0x00000000d6100000, 0x00000000d6200000, 0x00000000d6200000|100%| O|  |TAMS 0x00000000d6200000| PB 0x00000000d6100000| Untracked 
| 354|0x00000000d6200000, 0x00000000d6300000, 0x00000000d6300000|100%| O|  |TAMS 0x00000000d6300000| PB 0x00000000d6200000| Updating 
| 355|0x00000000d6300000, 0x00000000d6400000, 0x00000000d6400000|100%| O|  |TAMS 0x00000000d6400000| PB 0x00000000d6300000| Updating 
| 356|0x00000000d6400000, 0x00000000d6500000, 0x00000000d6500000|100%| O|  |TAMS 0x00000000d6500000| PB 0x00000000d6400000| Updating 
| 357|0x00000000d6500000, 0x00000000d6600000, 0x00000000d6600000|100%| O|  |TAMS 0x00000000d6600000| PB 0x00000000d6500000| Updating 
| 358|0x00000000d6600000, 0x00000000d6700000, 0x00000000d6700000|100%| O|  |TAMS 0x00000000d6700000| PB 0x00000000d6600000| Updating 
| 359|0x00000000d6700000, 0x00000000d6800000, 0x00000000d6800000|100%| O|  |TAMS 0x00000000d6800000| PB 0x00000000d6700000| Untracked 
| 360|0x00000000d6800000, 0x00000000d6900000, 0x00000000d6900000|100%| O|  |TAMS 0x00000000d6900000| PB 0x00000000d6800000| Untracked 
| 361|0x00000000d6900000, 0x00000000d6a00000, 0x00000000d6a00000|100%| O|  |TAMS 0x00000000d6a00000| PB 0x00000000d6900000| Untracked 
| 362|0x00000000d6a00000, 0x00000000d6b00000, 0x00000000d6b00000|100%| O|  |TAMS 0x00000000d6b00000| PB 0x00000000d6a00000| Untracked 
| 363|0x00000000d6b00000, 0x00000000d6c00000, 0x00000000d6c00000|100%| O|  |TAMS 0x00000000d6c00000| PB 0x00000000d6b00000| Updating 
| 364|0x00000000d6c00000, 0x00000000d6d00000, 0x00000000d6d00000|100%| O|  |TAMS 0x00000000d6d00000| PB 0x00000000d6c00000| Untracked 
| 365|0x00000000d6d00000, 0x00000000d6e00000, 0x00000000d6e00000|100%| O|  |TAMS 0x00000000d6e00000| PB 0x00000000d6d00000| Updating 
| 366|0x00000000d6e00000, 0x00000000d6f00000, 0x00000000d6f00000|100%| O|  |TAMS 0x00000000d6f00000| PB 0x00000000d6e00000| Updating 
| 367|0x00000000d6f00000, 0x00000000d7000000, 0x00000000d7000000|100%| O|  |TAMS 0x00000000d7000000| PB 0x00000000d6f00000| Updating 
| 368|0x00000000d7000000, 0x00000000d7100000, 0x00000000d7100000|100%| O|  |TAMS 0x00000000d7100000| PB 0x00000000d7000000| Updating 
| 369|0x00000000d7100000, 0x00000000d7200000, 0x00000000d7200000|100%| O|  |TAMS 0x00000000d7200000| PB 0x00000000d7100000| Updating 
| 370|0x00000000d7200000, 0x00000000d7300000, 0x00000000d7300000|100%| O|  |TAMS 0x00000000d7300000| PB 0x00000000d7200000| Updating 
| 371|0x00000000d7300000, 0x00000000d7400000, 0x00000000d7400000|100%| O|  |TAMS 0x00000000d7400000| PB 0x00000000d7300000| Updating 
| 372|0x00000000d7400000, 0x00000000d7500000, 0x00000000d7500000|100%| O|  |TAMS 0x00000000d7500000| PB 0x00000000d7400000| Updating 
| 373|0x00000000d7500000, 0x00000000d7600000, 0x00000000d7600000|100%| O|  |TAMS 0x00000000d7600000| PB 0x00000000d7500000| Updating 
| 374|0x00000000d7600000, 0x00000000d7700000, 0x00000000d7700000|100%| O|  |TAMS 0x00000000d7700000| PB 0x00000000d7600000| Updating 
| 375|0x00000000d7700000, 0x00000000d7800000, 0x00000000d7800000|100%| O|  |TAMS 0x00000000d7800000| PB 0x00000000d7700000| Updating 
| 376|0x00000000d7800000, 0x00000000d7900000, 0x00000000d7900000|100%| O|  |TAMS 0x00000000d7900000| PB 0x00000000d7800000| Updating 
| 377|0x00000000d7900000, 0x00000000d7900000, 0x00000000d7a00000|  0%| F|  |TAMS 0x00000000d7900000| PB 0x00000000d7900000| Untracked 
| 378|0x00000000d7a00000, 0x00000000d7a00000, 0x00000000d7b00000|  0%| F|  |TAMS 0x00000000d7a00000| PB 0x00000000d7a00000| Untracked 
| 379|0x00000000d7b00000, 0x00000000d7b00000, 0x00000000d7c00000|  0%| F|  |TAMS 0x00000000d7b00000| PB 0x00000000d7b00000| Untracked 
| 380|0x00000000d7c00000, 0x00000000d7c00000, 0x00000000d7d00000|  0%| F|  |TAMS 0x00000000d7c00000| PB 0x00000000d7c00000| Untracked 
| 381|0x00000000d7d00000, 0x00000000d7d00000, 0x00000000d7e00000|  0%| F|  |TAMS 0x00000000d7d00000| PB 0x00000000d7d00000| Untracked 
| 382|0x00000000d7e00000, 0x00000000d7e00000, 0x00000000d7f00000|  0%| F|  |TAMS 0x00000000d7e00000| PB 0x00000000d7e00000| Untracked 
| 383|0x00000000d7f00000, 0x00000000d7f00000, 0x00000000d8000000|  0%| F|  |TAMS 0x00000000d7f00000| PB 0x00000000d7f00000| Untracked 
| 384|0x00000000d8000000, 0x00000000d8000000, 0x00000000d8100000|  0%| F|  |TAMS 0x00000000d8000000| PB 0x00000000d8000000| Untracked 
| 385|0x00000000d8100000, 0x00000000d8100000, 0x00000000d8200000|  0%| F|  |TAMS 0x00000000d8100000| PB 0x00000000d8100000| Untracked 
| 386|0x00000000d8200000, 0x00000000d8200000, 0x00000000d8300000|  0%| F|  |TAMS 0x00000000d8200000| PB 0x00000000d8200000| Untracked 
| 387|0x00000000d8300000, 0x00000000d8300000, 0x00000000d8400000|  0%| F|  |TAMS 0x00000000d8300000| PB 0x00000000d8300000| Untracked 
| 388|0x00000000d8400000, 0x00000000d8400000, 0x00000000d8500000|  0%| F|  |TAMS 0x00000000d8400000| PB 0x00000000d8400000| Untracked 
| 389|0x00000000d8500000, 0x00000000d8500000, 0x00000000d8600000|  0%| F|  |TAMS 0x00000000d8500000| PB 0x00000000d8500000| Untracked 
| 390|0x00000000d8600000, 0x00000000d8600000, 0x00000000d8700000|  0%| F|  |TAMS 0x00000000d8600000| PB 0x00000000d8600000| Untracked 
| 391|0x00000000d8700000, 0x00000000d8700000, 0x00000000d8800000|  0%| F|  |TAMS 0x00000000d8700000| PB 0x00000000d8700000| Untracked 
| 392|0x00000000d8800000, 0x00000000d8800000, 0x00000000d8900000|  0%| F|  |TAMS 0x00000000d8800000| PB 0x00000000d8800000| Untracked 
| 393|0x00000000d8900000, 0x00000000d8900000, 0x00000000d8a00000|  0%| F|  |TAMS 0x00000000d8900000| PB 0x00000000d8900000| Untracked 
| 394|0x00000000d8a00000, 0x00000000d8a00000, 0x00000000d8b00000|  0%| F|  |TAMS 0x00000000d8a00000| PB 0x00000000d8a00000| Untracked 
| 395|0x00000000d8b00000, 0x00000000d8b00000, 0x00000000d8c00000|  0%| F|  |TAMS 0x00000000d8b00000| PB 0x00000000d8b00000| Untracked 
| 396|0x00000000d8c00000, 0x00000000d8c00000, 0x00000000d8d00000|  0%| F|  |TAMS 0x00000000d8c00000| PB 0x00000000d8c00000| Untracked 
| 397|0x00000000d8d00000, 0x00000000d8d00000, 0x00000000d8e00000|  0%| F|  |TAMS 0x00000000d8d00000| PB 0x00000000d8d00000| Untracked 
| 398|0x00000000d8e00000, 0x00000000d8e00000, 0x00000000d8f00000|  0%| F|  |TAMS 0x00000000d8e00000| PB 0x00000000d8e00000| Untracked 
| 399|0x00000000d8f00000, 0x00000000d8f00000, 0x00000000d9000000|  0%| F|  |TAMS 0x00000000d8f00000| PB 0x00000000d8f00000| Untracked 
| 400|0x00000000d9000000, 0x00000000d9000000, 0x00000000d9100000|  0%| F|  |TAMS 0x00000000d9000000| PB 0x00000000d9000000| Untracked 
| 401|0x00000000d9100000, 0x00000000d9100000, 0x00000000d9200000|  0%| F|  |TAMS 0x00000000d9100000| PB 0x00000000d9100000| Untracked 
| 402|0x00000000d9200000, 0x00000000d9200000, 0x00000000d9300000|  0%| F|  |TAMS 0x00000000d9200000| PB 0x00000000d9200000| Untracked 
| 403|0x00000000d9300000, 0x00000000d9300000, 0x00000000d9400000|  0%| F|  |TAMS 0x00000000d9300000| PB 0x00000000d9300000| Untracked 
| 404|0x00000000d9400000, 0x00000000d9400000, 0x00000000d9500000|  0%| F|  |TAMS 0x00000000d9400000| PB 0x00000000d9400000| Untracked 
| 405|0x00000000d9500000, 0x00000000d9500000, 0x00000000d9600000|  0%| F|  |TAMS 0x00000000d9500000| PB 0x00000000d9500000| Untracked 
| 406|0x00000000d9600000, 0x00000000d9600000, 0x00000000d9700000|  0%| F|  |TAMS 0x00000000d9600000| PB 0x00000000d9600000| Untracked 
| 407|0x00000000d9700000, 0x00000000d9700000, 0x00000000d9800000|  0%| F|  |TAMS 0x00000000d9700000| PB 0x00000000d9700000| Untracked 
| 408|0x00000000d9800000, 0x00000000d9800000, 0x00000000d9900000|  0%| F|  |TAMS 0x00000000d9800000| PB 0x00000000d9800000| Untracked 
| 409|0x00000000d9900000, 0x00000000d9900000, 0x00000000d9a00000|  0%| F|  |TAMS 0x00000000d9900000| PB 0x00000000d9900000| Untracked 
| 410|0x00000000d9a00000, 0x00000000d9a00000, 0x00000000d9b00000|  0%| F|  |TAMS 0x00000000d9a00000| PB 0x00000000d9a00000| Untracked 
| 411|0x00000000d9b00000, 0x00000000d9b00000, 0x00000000d9c00000|  0%| F|  |TAMS 0x00000000d9b00000| PB 0x00000000d9b00000| Untracked 
| 412|0x00000000d9c00000, 0x00000000d9c00000, 0x00000000d9d00000|  0%| F|  |TAMS 0x00000000d9c00000| PB 0x00000000d9c00000| Untracked 
| 413|0x00000000d9d00000, 0x00000000d9d00000, 0x00000000d9e00000|  0%| F|  |TAMS 0x00000000d9d00000| PB 0x00000000d9d00000| Untracked 
| 414|0x00000000d9e00000, 0x00000000d9e00000, 0x00000000d9f00000|  0%| F|  |TAMS 0x00000000d9e00000| PB 0x00000000d9e00000| Untracked 
| 415|0x00000000d9f00000, 0x00000000d9f00000, 0x00000000da000000|  0%| F|  |TAMS 0x00000000d9f00000| PB 0x00000000d9f00000| Untracked 
| 416|0x00000000da000000, 0x00000000da000000, 0x00000000da100000|  0%| F|  |TAMS 0x00000000da000000| PB 0x00000000da000000| Untracked 
| 417|0x00000000da100000, 0x00000000da100000, 0x00000000da200000|  0%| F|  |TAMS 0x00000000da100000| PB 0x00000000da100000| Untracked 
| 418|0x00000000da200000, 0x00000000da200000, 0x00000000da300000|  0%| F|  |TAMS 0x00000000da200000| PB 0x00000000da200000| Untracked 
| 419|0x00000000da300000, 0x00000000da300000, 0x00000000da400000|  0%| F|  |TAMS 0x00000000da300000| PB 0x00000000da300000| Untracked 
| 420|0x00000000da400000, 0x00000000da400000, 0x00000000da500000|  0%| F|  |TAMS 0x00000000da400000| PB 0x00000000da400000| Untracked 
| 421|0x00000000da500000, 0x00000000da500000, 0x00000000da600000|  0%| F|  |TAMS 0x00000000da500000| PB 0x00000000da500000| Untracked 
| 422|0x00000000da600000, 0x00000000da600000, 0x00000000da700000|  0%| F|  |TAMS 0x00000000da600000| PB 0x00000000da600000| Untracked 
| 423|0x00000000da700000, 0x00000000da700000, 0x00000000da800000|  0%| F|  |TAMS 0x00000000da700000| PB 0x00000000da700000| Untracked 
| 424|0x00000000da800000, 0x00000000da800000, 0x00000000da900000|  0%| F|  |TAMS 0x00000000da800000| PB 0x00000000da800000| Untracked 
| 425|0x00000000da900000, 0x00000000da900000, 0x00000000daa00000|  0%| F|  |TAMS 0x00000000da900000| PB 0x00000000da900000| Untracked 
| 426|0x00000000daa00000, 0x00000000daa00000, 0x00000000dab00000|  0%| F|  |TAMS 0x00000000daa00000| PB 0x00000000daa00000| Untracked 
| 427|0x00000000dab00000, 0x00000000dab00000, 0x00000000dac00000|  0%| F|  |TAMS 0x00000000dab00000| PB 0x00000000dab00000| Untracked 
| 428|0x00000000dac00000, 0x00000000dac00000, 0x00000000dad00000|  0%| F|  |TAMS 0x00000000dac00000| PB 0x00000000dac00000| Untracked 
| 429|0x00000000dad00000, 0x00000000dad00000, 0x00000000dae00000|  0%| F|  |TAMS 0x00000000dad00000| PB 0x00000000dad00000| Untracked 
| 430|0x00000000dae00000, 0x00000000dae00000, 0x00000000daf00000|  0%| F|  |TAMS 0x00000000dae00000| PB 0x00000000dae00000| Untracked 
| 431|0x00000000daf00000, 0x00000000daf00000, 0x00000000db000000|  0%| F|  |TAMS 0x00000000daf00000| PB 0x00000000daf00000| Untracked 
| 432|0x00000000db000000, 0x00000000db000000, 0x00000000db100000|  0%| F|  |TAMS 0x00000000db000000| PB 0x00000000db000000| Untracked 
| 433|0x00000000db100000, 0x00000000db100000, 0x00000000db200000|  0%| F|  |TAMS 0x00000000db100000| PB 0x00000000db100000| Untracked 
| 434|0x00000000db200000, 0x00000000db200000, 0x00000000db300000|  0%| F|  |TAMS 0x00000000db200000| PB 0x00000000db200000| Untracked 
| 435|0x00000000db300000, 0x00000000db300000, 0x00000000db400000|  0%| F|  |TAMS 0x00000000db300000| PB 0x00000000db300000| Untracked 
| 436|0x00000000db400000, 0x00000000db400000, 0x00000000db500000|  0%| F|  |TAMS 0x00000000db400000| PB 0x00000000db400000| Untracked 
| 437|0x00000000db500000, 0x00000000db500000, 0x00000000db600000|  0%| F|  |TAMS 0x00000000db500000| PB 0x00000000db500000| Untracked 
| 438|0x00000000db600000, 0x00000000db600000, 0x00000000db700000|  0%| F|  |TAMS 0x00000000db600000| PB 0x00000000db600000| Untracked 
| 439|0x00000000db700000, 0x00000000db700000, 0x00000000db800000|  0%| F|  |TAMS 0x00000000db700000| PB 0x00000000db700000| Untracked 
| 440|0x00000000db800000, 0x00000000db800000, 0x00000000db900000|  0%| F|  |TAMS 0x00000000db800000| PB 0x00000000db800000| Untracked 
| 441|0x00000000db900000, 0x00000000db900000, 0x00000000dba00000|  0%| F|  |TAMS 0x00000000db900000| PB 0x00000000db900000| Untracked 
| 442|0x00000000dba00000, 0x00000000dba00000, 0x00000000dbb00000|  0%| F|  |TAMS 0x00000000dba00000| PB 0x00000000dba00000| Untracked 
| 443|0x00000000dbb00000, 0x00000000dbb00000, 0x00000000dbc00000|  0%| F|  |TAMS 0x00000000dbb00000| PB 0x00000000dbb00000| Untracked 
| 444|0x00000000dbc00000, 0x00000000dbc00000, 0x00000000dbd00000|  0%| F|  |TAMS 0x00000000dbc00000| PB 0x00000000dbc00000| Untracked 
| 445|0x00000000dbd00000, 0x00000000dbd00000, 0x00000000dbe00000|  0%| F|  |TAMS 0x00000000dbd00000| PB 0x00000000dbd00000| Untracked 
| 446|0x00000000dbe00000, 0x00000000dbe00000, 0x00000000dbf00000|  0%| F|  |TAMS 0x00000000dbe00000| PB 0x00000000dbe00000| Untracked 
| 447|0x00000000dbf00000, 0x00000000dbf00000, 0x00000000dc000000|  0%| F|  |TAMS 0x00000000dbf00000| PB 0x00000000dbf00000| Untracked 
| 448|0x00000000dc000000, 0x00000000dc000000, 0x00000000dc100000|  0%| F|  |TAMS 0x00000000dc000000| PB 0x00000000dc000000| Untracked 
| 449|0x00000000dc100000, 0x00000000dc100000, 0x00000000dc200000|  0%| F|  |TAMS 0x00000000dc100000| PB 0x00000000dc100000| Untracked 
| 450|0x00000000dc200000, 0x00000000dc200000, 0x00000000dc300000|  0%| F|  |TAMS 0x00000000dc200000| PB 0x00000000dc200000| Untracked 
| 451|0x00000000dc300000, 0x00000000dc300000, 0x00000000dc400000|  0%| F|  |TAMS 0x00000000dc300000| PB 0x00000000dc300000| Untracked 
| 452|0x00000000dc400000, 0x00000000dc400000, 0x00000000dc500000|  0%| F|  |TAMS 0x00000000dc400000| PB 0x00000000dc400000| Untracked 
| 453|0x00000000dc500000, 0x00000000dc500000, 0x00000000dc600000|  0%| F|  |TAMS 0x00000000dc500000| PB 0x00000000dc500000| Untracked 
| 454|0x00000000dc600000, 0x00000000dc600000, 0x00000000dc700000|  0%| F|  |TAMS 0x00000000dc600000| PB 0x00000000dc600000| Untracked 
| 455|0x00000000dc700000, 0x00000000dc700000, 0x00000000dc800000|  0%| F|  |TAMS 0x00000000dc700000| PB 0x00000000dc700000| Untracked 
| 456|0x00000000dc800000, 0x00000000dc800000, 0x00000000dc900000|  0%| F|  |TAMS 0x00000000dc800000| PB 0x00000000dc800000| Untracked 
| 457|0x00000000dc900000, 0x00000000dc900000, 0x00000000dca00000|  0%| F|  |TAMS 0x00000000dc900000| PB 0x00000000dc900000| Untracked 
| 458|0x00000000dca00000, 0x00000000dca00000, 0x00000000dcb00000|  0%| F|  |TAMS 0x00000000dca00000| PB 0x00000000dca00000| Untracked 
| 459|0x00000000dcb00000, 0x00000000dcb00000, 0x00000000dcc00000|  0%| F|  |TAMS 0x00000000dcb00000| PB 0x00000000dcb00000| Untracked 
| 460|0x00000000dcc00000, 0x00000000dcc00000, 0x00000000dcd00000|  0%| F|  |TAMS 0x00000000dcc00000| PB 0x00000000dcc00000| Untracked 
| 461|0x00000000dcd00000, 0x00000000dcd00000, 0x00000000dce00000|  0%| F|  |TAMS 0x00000000dcd00000| PB 0x00000000dcd00000| Untracked 
| 462|0x00000000dce00000, 0x00000000dce00000, 0x00000000dcf00000|  0%| F|  |TAMS 0x00000000dce00000| PB 0x00000000dce00000| Untracked 
| 463|0x00000000dcf00000, 0x00000000dcf00000, 0x00000000dd000000|  0%| F|  |TAMS 0x00000000dcf00000| PB 0x00000000dcf00000| Untracked 
| 464|0x00000000dd000000, 0x00000000dd000000, 0x00000000dd100000|  0%| F|  |TAMS 0x00000000dd000000| PB 0x00000000dd000000| Untracked 
| 465|0x00000000dd100000, 0x00000000dd100000, 0x00000000dd200000|  0%| F|  |TAMS 0x00000000dd100000| PB 0x00000000dd100000| Untracked 
| 466|0x00000000dd200000, 0x00000000dd200000, 0x00000000dd300000|  0%| F|  |TAMS 0x00000000dd200000| PB 0x00000000dd200000| Untracked 
| 467|0x00000000dd300000, 0x00000000dd300000, 0x00000000dd400000|  0%| F|  |TAMS 0x00000000dd300000| PB 0x00000000dd300000| Untracked 
| 468|0x00000000dd400000, 0x00000000dd400000, 0x00000000dd500000|  0%| F|  |TAMS 0x00000000dd400000| PB 0x00000000dd400000| Untracked 
| 469|0x00000000dd500000, 0x00000000dd580000, 0x00000000dd600000| 50%| E|  |TAMS 0x00000000dd500000| PB 0x00000000dd500000| Complete 
| 470|0x00000000dd600000, 0x00000000dd700000, 0x00000000dd700000|100%| E|CS|TAMS 0x00000000dd600000| PB 0x00000000dd600000| Complete 
| 471|0x00000000dd700000, 0x00000000dd800000, 0x00000000dd800000|100%| E|CS|TAMS 0x00000000dd700000| PB 0x00000000dd700000| Complete 
| 472|0x00000000dd800000, 0x00000000dd900000, 0x00000000dd900000|100%| E|CS|TAMS 0x00000000dd800000| PB 0x00000000dd800000| Complete 
| 473|0x00000000dd900000, 0x00000000dd9b0030, 0x00000000dda00000| 68%| S|CS|TAMS 0x00000000dd900000| PB 0x00000000dd900000| Complete 
| 474|0x00000000dda00000, 0x00000000ddb00000, 0x00000000ddb00000|100%| S|CS|TAMS 0x00000000dda00000| PB 0x00000000dda00000| Complete 
| 475|0x00000000ddb00000, 0x00000000ddc00000, 0x00000000ddc00000|100%| S|CS|TAMS 0x00000000ddb00000| PB 0x00000000ddb00000| Complete 
| 476|0x00000000ddc00000, 0x00000000ddd00000, 0x00000000ddd00000|100%| S|CS|TAMS 0x00000000ddc00000| PB 0x00000000ddc00000| Complete 
| 477|0x00000000ddd00000, 0x00000000dde00000, 0x00000000dde00000|100%| S|CS|TAMS 0x00000000ddd00000| PB 0x00000000ddd00000| Complete 
| 478|0x00000000dde00000, 0x00000000ddf00000, 0x00000000ddf00000|100%| S|CS|TAMS 0x00000000dde00000| PB 0x00000000dde00000| Complete 
| 479|0x00000000ddf00000, 0x00000000de000000, 0x00000000de000000|100%| S|CS|TAMS 0x00000000ddf00000| PB 0x00000000ddf00000| Complete 
| 480|0x00000000de000000, 0x00000000de100000, 0x00000000de100000|100%| S|CS|TAMS 0x00000000de000000| PB 0x00000000de000000| Complete 
| 481|0x00000000de100000, 0x00000000de200000, 0x00000000de200000|100%| S|CS|TAMS 0x00000000de100000| PB 0x00000000de100000| Complete 
| 482|0x00000000de200000, 0x00000000de300000, 0x00000000de300000|100%| S|CS|TAMS 0x00000000de200000| PB 0x00000000de200000| Complete 
| 483|0x00000000de300000, 0x00000000de400000, 0x00000000de400000|100%| S|CS|TAMS 0x00000000de300000| PB 0x00000000de300000| Complete 
| 484|0x00000000de400000, 0x00000000de500000, 0x00000000de500000|100%| S|CS|TAMS 0x00000000de400000| PB 0x00000000de400000| Complete 
| 485|0x00000000de500000, 0x00000000de600000, 0x00000000de600000|100%| S|CS|TAMS 0x00000000de500000| PB 0x00000000de500000| Complete 
| 486|0x00000000de600000, 0x00000000de700000, 0x00000000de700000|100%| S|CS|TAMS 0x00000000de600000| PB 0x00000000de600000| Complete 
| 487|0x00000000de700000, 0x00000000de800000, 0x00000000de800000|100%| S|CS|TAMS 0x00000000de700000| PB 0x00000000de700000| Complete 
| 488|0x00000000de800000, 0x00000000de900000, 0x00000000de900000|100%| S|CS|TAMS 0x00000000de800000| PB 0x00000000de800000| Complete 
| 489|0x00000000de900000, 0x00000000dea00000, 0x00000000dea00000|100%| S|CS|TAMS 0x00000000de900000| PB 0x00000000de900000| Complete 
| 490|0x00000000dea00000, 0x00000000deb00000, 0x00000000deb00000|100%| S|CS|TAMS 0x00000000dea00000| PB 0x00000000dea00000| Complete 
| 491|0x00000000deb00000, 0x00000000dec00000, 0x00000000dec00000|100%| S|CS|TAMS 0x00000000deb00000| PB 0x00000000deb00000| Complete 
| 492|0x00000000dec00000, 0x00000000ded00000, 0x00000000ded00000|100%| S|CS|TAMS 0x00000000dec00000| PB 0x00000000dec00000| Complete 
| 493|0x00000000ded00000, 0x00000000dee00000, 0x00000000dee00000|100%| S|CS|TAMS 0x00000000ded00000| PB 0x00000000ded00000| Complete 
| 494|0x00000000dee00000, 0x00000000def00000, 0x00000000def00000|100%| S|CS|TAMS 0x00000000dee00000| PB 0x00000000dee00000| Complete 
| 495|0x00000000def00000, 0x00000000df000000, 0x00000000df000000|100%| S|CS|TAMS 0x00000000def00000| PB 0x00000000def00000| Complete 
| 496|0x00000000df000000, 0x00000000df100000, 0x00000000df100000|100%| S|CS|TAMS 0x00000000df000000| PB 0x00000000df000000| Complete 
| 497|0x00000000df100000, 0x00000000df200000, 0x00000000df200000|100%| S|CS|TAMS 0x00000000df100000| PB 0x00000000df100000| Complete 
| 498|0x00000000df200000, 0x00000000df300000, 0x00000000df300000|100%| S|CS|TAMS 0x00000000df200000| PB 0x00000000df200000| Complete 
| 499|0x00000000df300000, 0x00000000df400000, 0x00000000df400000|100%| S|CS|TAMS 0x00000000df300000| PB 0x00000000df300000| Complete 
| 500|0x00000000df400000, 0x00000000df500000, 0x00000000df500000|100%| S|CS|TAMS 0x00000000df400000| PB 0x00000000df400000| Complete 
| 501|0x00000000df500000, 0x00000000df600000, 0x00000000df600000|100%| S|CS|TAMS 0x00000000df500000| PB 0x00000000df500000| Complete 
| 502|0x00000000df600000, 0x00000000df700000, 0x00000000df700000|100%| S|CS|TAMS 0x00000000df600000| PB 0x00000000df600000| Complete 
| 503|0x00000000df700000, 0x00000000df800000, 0x00000000df800000|100%| S|CS|TAMS 0x00000000df700000| PB 0x00000000df700000| Complete 
| 504|0x00000000df800000, 0x00000000df900000, 0x00000000df900000|100%| S|CS|TAMS 0x00000000df800000| PB 0x00000000df800000| Complete 
| 505|0x00000000df900000, 0x00000000dfa00000, 0x00000000dfa00000|100%| S|CS|TAMS 0x00000000df900000| PB 0x00000000df900000| Complete 
| 506|0x00000000dfa00000, 0x00000000dfb00000, 0x00000000dfb00000|100%| S|CS|TAMS 0x00000000dfa00000| PB 0x00000000dfa00000| Complete 
| 507|0x00000000dfb00000, 0x00000000dfc00000, 0x00000000dfc00000|100%| S|CS|TAMS 0x00000000dfb00000| PB 0x00000000dfb00000| Complete 
| 508|0x00000000dfc00000, 0x00000000dfd00000, 0x00000000dfd00000|100%| S|CS|TAMS 0x00000000dfc00000| PB 0x00000000dfc00000| Complete 
| 509|0x00000000dfd00000, 0x00000000dfe00000, 0x00000000dfe00000|100%| S|CS|TAMS 0x00000000dfd00000| PB 0x00000000dfd00000| Complete 
| 510|0x00000000dfe00000, 0x00000000dff00000, 0x00000000dff00000|100%| E|CS|TAMS 0x00000000dfe00000| PB 0x00000000dfe00000| Complete 
| 511|0x00000000dff00000, 0x00000000e0000000, 0x00000000e0000000|100%| E|CS|TAMS 0x00000000dff00000| PB 0x00000000dff00000| Complete 
| 512|0x00000000e0000000, 0x00000000e0100000, 0x00000000e0100000|100%| E|CS|TAMS 0x00000000e0000000| PB 0x00000000e0000000| Complete 
| 513|0x00000000e0100000, 0x00000000e0200000, 0x00000000e0200000|100%| E|CS|TAMS 0x00000000e0100000| PB 0x00000000e0100000| Complete 
| 514|0x00000000e0200000, 0x00000000e0300000, 0x00000000e0300000|100%| E|CS|TAMS 0x00000000e0200000| PB 0x00000000e0200000| Complete 
| 515|0x00000000e0300000, 0x00000000e0400000, 0x00000000e0400000|100%| E|CS|TAMS 0x00000000e0300000| PB 0x00000000e0300000| Complete 
| 516|0x00000000e0400000, 0x00000000e0500000, 0x00000000e0500000|100%| E|CS|TAMS 0x00000000e0400000| PB 0x00000000e0400000| Complete 
| 517|0x00000000e0500000, 0x00000000e0600000, 0x00000000e0600000|100%| E|CS|TAMS 0x00000000e0500000| PB 0x00000000e0500000| Complete 
| 518|0x00000000e0600000, 0x00000000e0700000, 0x00000000e0700000|100%| E|CS|TAMS 0x00000000e0600000| PB 0x00000000e0600000| Complete 
| 519|0x00000000e0700000, 0x00000000e0800000, 0x00000000e0800000|100%| E|CS|TAMS 0x00000000e0700000| PB 0x00000000e0700000| Complete 
| 520|0x00000000e0800000, 0x00000000e0900000, 0x00000000e0900000|100%| E|CS|TAMS 0x00000000e0800000| PB 0x00000000e0800000| Complete 
| 521|0x00000000e0900000, 0x00000000e0a00000, 0x00000000e0a00000|100%| E|CS|TAMS 0x00000000e0900000| PB 0x00000000e0900000| Complete 
| 522|0x00000000e0a00000, 0x00000000e0b00000, 0x00000000e0b00000|100%| E|CS|TAMS 0x00000000e0a00000| PB 0x00000000e0a00000| Complete 
| 523|0x00000000e0b00000, 0x00000000e0c00000, 0x00000000e0c00000|100%| E|CS|TAMS 0x00000000e0b00000| PB 0x00000000e0b00000| Complete 
| 524|0x00000000e0c00000, 0x00000000e0d00000, 0x00000000e0d00000|100%| E|CS|TAMS 0x00000000e0c00000| PB 0x00000000e0c00000| Complete 
| 525|0x00000000e0d00000, 0x00000000e0e00000, 0x00000000e0e00000|100%| E|CS|TAMS 0x00000000e0d00000| PB 0x00000000e0d00000| Complete 
| 526|0x00000000e0e00000, 0x00000000e0f00000, 0x00000000e0f00000|100%| E|CS|TAMS 0x00000000e0e00000| PB 0x00000000e0e00000| Complete 
| 527|0x00000000e0f00000, 0x00000000e1000000, 0x00000000e1000000|100%| E|CS|TAMS 0x00000000e0f00000| PB 0x00000000e0f00000| Complete 
| 528|0x00000000e1000000, 0x00000000e1100000, 0x00000000e1100000|100%| E|CS|TAMS 0x00000000e1000000| PB 0x00000000e1000000| Complete 
| 529|0x00000000e1100000, 0x00000000e1200000, 0x00000000e1200000|100%| E|CS|TAMS 0x00000000e1100000| PB 0x00000000e1100000| Complete 
| 530|0x00000000e1200000, 0x00000000e1300000, 0x00000000e1300000|100%| E|CS|TAMS 0x00000000e1200000| PB 0x00000000e1200000| Complete 
| 531|0x00000000e1300000, 0x00000000e1400000, 0x00000000e1400000|100%| E|CS|TAMS 0x00000000e1300000| PB 0x00000000e1300000| Complete 
| 532|0x00000000e1400000, 0x00000000e1500000, 0x00000000e1500000|100%| E|CS|TAMS 0x00000000e1400000| PB 0x00000000e1400000| Complete 
| 533|0x00000000e1500000, 0x00000000e1600000, 0x00000000e1600000|100%| E|CS|TAMS 0x00000000e1500000| PB 0x00000000e1500000| Complete 
| 534|0x00000000e1600000, 0x00000000e1700000, 0x00000000e1700000|100%| E|CS|TAMS 0x00000000e1600000| PB 0x00000000e1600000| Complete 
| 535|0x00000000e1700000, 0x00000000e1800000, 0x00000000e1800000|100%| E|CS|TAMS 0x00000000e1700000| PB 0x00000000e1700000| Complete 
| 536|0x00000000e1800000, 0x00000000e1900000, 0x00000000e1900000|100%| E|CS|TAMS 0x00000000e1800000| PB 0x00000000e1800000| Complete 
| 537|0x00000000e1900000, 0x00000000e1a00000, 0x00000000e1a00000|100%| E|CS|TAMS 0x00000000e1900000| PB 0x00000000e1900000| Complete 
| 538|0x00000000e1a00000, 0x00000000e1b00000, 0x00000000e1b00000|100%| E|CS|TAMS 0x00000000e1a00000| PB 0x00000000e1a00000| Complete 
| 539|0x00000000e1b00000, 0x00000000e1c00000, 0x00000000e1c00000|100%| E|CS|TAMS 0x00000000e1b00000| PB 0x00000000e1b00000| Complete 
| 540|0x00000000e1c00000, 0x00000000e1d00000, 0x00000000e1d00000|100%| E|CS|TAMS 0x00000000e1c00000| PB 0x00000000e1c00000| Complete 
| 541|0x00000000e1d00000, 0x00000000e1e00000, 0x00000000e1e00000|100%| E|CS|TAMS 0x00000000e1d00000| PB 0x00000000e1d00000| Complete 
| 542|0x00000000e1e00000, 0x00000000e1f00000, 0x00000000e1f00000|100%| E|CS|TAMS 0x00000000e1e00000| PB 0x00000000e1e00000| Complete 
| 543|0x00000000e1f00000, 0x00000000e2000000, 0x00000000e2000000|100%| E|CS|TAMS 0x00000000e1f00000| PB 0x00000000e1f00000| Complete 
| 544|0x00000000e2000000, 0x00000000e2100000, 0x00000000e2100000|100%| E|CS|TAMS 0x00000000e2000000| PB 0x00000000e2000000| Complete 
| 545|0x00000000e2100000, 0x00000000e2200000, 0x00000000e2200000|100%| E|CS|TAMS 0x00000000e2100000| PB 0x00000000e2100000| Complete 
| 546|0x00000000e2200000, 0x00000000e2300000, 0x00000000e2300000|100%| E|CS|TAMS 0x00000000e2200000| PB 0x00000000e2200000| Complete 
| 547|0x00000000e2300000, 0x00000000e2400000, 0x00000000e2400000|100%| E|CS|TAMS 0x00000000e2300000| PB 0x00000000e2300000| Complete 
| 548|0x00000000e2400000, 0x00000000e2500000, 0x00000000e2500000|100%| E|CS|TAMS 0x00000000e2400000| PB 0x00000000e2400000| Complete 
| 549|0x00000000e2500000, 0x00000000e2600000, 0x00000000e2600000|100%| E|CS|TAMS 0x00000000e2500000| PB 0x00000000e2500000| Complete 
| 550|0x00000000e2600000, 0x00000000e2700000, 0x00000000e2700000|100%| E|CS|TAMS 0x00000000e2600000| PB 0x00000000e2600000| Complete 
| 551|0x00000000e2700000, 0x00000000e2800000, 0x00000000e2800000|100%| E|CS|TAMS 0x00000000e2700000| PB 0x00000000e2700000| Complete 
| 552|0x00000000e2800000, 0x00000000e2900000, 0x00000000e2900000|100%| E|CS|TAMS 0x00000000e2800000| PB 0x00000000e2800000| Complete 
| 553|0x00000000e2900000, 0x00000000e2a00000, 0x00000000e2a00000|100%| E|CS|TAMS 0x00000000e2900000| PB 0x00000000e2900000| Complete 
| 554|0x00000000e2a00000, 0x00000000e2b00000, 0x00000000e2b00000|100%| E|CS|TAMS 0x00000000e2a00000| PB 0x00000000e2a00000| Complete 
| 555|0x00000000e2b00000, 0x00000000e2c00000, 0x00000000e2c00000|100%| E|CS|TAMS 0x00000000e2b00000| PB 0x00000000e2b00000| Complete 
| 556|0x00000000e2c00000, 0x00000000e2d00000, 0x00000000e2d00000|100%| E|CS|TAMS 0x00000000e2c00000| PB 0x00000000e2c00000| Complete 
| 557|0x00000000e2d00000, 0x00000000e2e00000, 0x00000000e2e00000|100%| E|CS|TAMS 0x00000000e2d00000| PB 0x00000000e2d00000| Complete 
| 558|0x00000000e2e00000, 0x00000000e2f00000, 0x00000000e2f00000|100%| E|CS|TAMS 0x00000000e2e00000| PB 0x00000000e2e00000| Complete 
| 559|0x00000000e2f00000, 0x00000000e3000000, 0x00000000e3000000|100%| E|CS|TAMS 0x00000000e2f00000| PB 0x00000000e2f00000| Complete 
| 560|0x00000000e3000000, 0x00000000e3100000, 0x00000000e3100000|100%| E|CS|TAMS 0x00000000e3000000| PB 0x00000000e3000000| Complete 
| 561|0x00000000e3100000, 0x00000000e3200000, 0x00000000e3200000|100%| E|CS|TAMS 0x00000000e3100000| PB 0x00000000e3100000| Complete 
| 562|0x00000000e3200000, 0x00000000e3300000, 0x00000000e3300000|100%| E|CS|TAMS 0x00000000e3200000| PB 0x00000000e3200000| Complete 
| 563|0x00000000e3300000, 0x00000000e3400000, 0x00000000e3400000|100%| E|CS|TAMS 0x00000000e3300000| PB 0x00000000e3300000| Complete 
| 564|0x00000000e3400000, 0x00000000e3500000, 0x00000000e3500000|100%| E|CS|TAMS 0x00000000e3400000| PB 0x00000000e3400000| Complete 
| 565|0x00000000e3500000, 0x00000000e3600000, 0x00000000e3600000|100%| E|CS|TAMS 0x00000000e3500000| PB 0x00000000e3500000| Complete 
| 566|0x00000000e3600000, 0x00000000e3700000, 0x00000000e3700000|100%| E|CS|TAMS 0x00000000e3600000| PB 0x00000000e3600000| Complete 
| 567|0x00000000e3700000, 0x00000000e3800000, 0x00000000e3800000|100%| E|CS|TAMS 0x00000000e3700000| PB 0x00000000e3700000| Complete 
| 568|0x00000000e3800000, 0x00000000e3900000, 0x00000000e3900000|100%| E|CS|TAMS 0x00000000e3800000| PB 0x00000000e3800000| Complete 
| 569|0x00000000e3900000, 0x00000000e3a00000, 0x00000000e3a00000|100%| E|CS|TAMS 0x00000000e3900000| PB 0x00000000e3900000| Complete 
| 570|0x00000000e3a00000, 0x00000000e3b00000, 0x00000000e3b00000|100%| E|CS|TAMS 0x00000000e3a00000| PB 0x00000000e3a00000| Complete 
| 571|0x00000000e3b00000, 0x00000000e3c00000, 0x00000000e3c00000|100%| E|CS|TAMS 0x00000000e3b00000| PB 0x00000000e3b00000| Complete 
| 572|0x00000000e3c00000, 0x00000000e3d00000, 0x00000000e3d00000|100%| E|CS|TAMS 0x00000000e3c00000| PB 0x00000000e3c00000| Complete 
| 573|0x00000000e3d00000, 0x00000000e3e00000, 0x00000000e3e00000|100%| E|CS|TAMS 0x00000000e3d00000| PB 0x00000000e3d00000| Complete 
| 574|0x00000000e3e00000, 0x00000000e3f00000, 0x00000000e3f00000|100%| E|CS|TAMS 0x00000000e3e00000| PB 0x00000000e3e00000| Complete 
| 575|0x00000000e3f00000, 0x00000000e4000000, 0x00000000e4000000|100%| E|CS|TAMS 0x00000000e3f00000| PB 0x00000000e3f00000| Complete 
| 576|0x00000000e4000000, 0x00000000e4100000, 0x00000000e4100000|100%| E|CS|TAMS 0x00000000e4000000| PB 0x00000000e4000000| Complete 
| 577|0x00000000e4100000, 0x00000000e4200000, 0x00000000e4200000|100%| E|CS|TAMS 0x00000000e4100000| PB 0x00000000e4100000| Complete 
| 578|0x00000000e4200000, 0x00000000e4300000, 0x00000000e4300000|100%| E|CS|TAMS 0x00000000e4200000| PB 0x00000000e4200000| Complete 
| 579|0x00000000e4300000, 0x00000000e4400000, 0x00000000e4400000|100%| E|CS|TAMS 0x00000000e4300000| PB 0x00000000e4300000| Complete 
| 580|0x00000000e4400000, 0x00000000e4500000, 0x00000000e4500000|100%| E|CS|TAMS 0x00000000e4400000| PB 0x00000000e4400000| Complete 
| 581|0x00000000e4500000, 0x00000000e4600000, 0x00000000e4600000|100%| E|CS|TAMS 0x00000000e4500000| PB 0x00000000e4500000| Complete 
| 582|0x00000000e4600000, 0x00000000e4700000, 0x00000000e4700000|100%| E|CS|TAMS 0x00000000e4600000| PB 0x00000000e4600000| Complete 
| 583|0x00000000e4700000, 0x00000000e4800000, 0x00000000e4800000|100%| E|CS|TAMS 0x00000000e4700000| PB 0x00000000e4700000| Complete 
| 584|0x00000000e4800000, 0x00000000e4900000, 0x00000000e4900000|100%| E|CS|TAMS 0x00000000e4800000| PB 0x00000000e4800000| Complete 
| 585|0x00000000e4900000, 0x00000000e4a00000, 0x00000000e4a00000|100%| E|CS|TAMS 0x00000000e4900000| PB 0x00000000e4900000| Complete 
| 586|0x00000000e4a00000, 0x00000000e4b00000, 0x00000000e4b00000|100%| E|CS|TAMS 0x00000000e4a00000| PB 0x00000000e4a00000| Complete 
| 587|0x00000000e4b00000, 0x00000000e4c00000, 0x00000000e4c00000|100%| E|CS|TAMS 0x00000000e4b00000| PB 0x00000000e4b00000| Complete 
| 588|0x00000000e4c00000, 0x00000000e4d00000, 0x00000000e4d00000|100%| E|CS|TAMS 0x00000000e4c00000| PB 0x00000000e4c00000| Complete 
| 589|0x00000000e4d00000, 0x00000000e4e00000, 0x00000000e4e00000|100%| E|CS|TAMS 0x00000000e4d00000| PB 0x00000000e4d00000| Complete 
| 590|0x00000000e4e00000, 0x00000000e4f00000, 0x00000000e4f00000|100%| E|CS|TAMS 0x00000000e4e00000| PB 0x00000000e4e00000| Complete 
| 591|0x00000000e4f00000, 0x00000000e5000000, 0x00000000e5000000|100%| E|CS|TAMS 0x00000000e4f00000| PB 0x00000000e4f00000| Complete 
| 592|0x00000000e5000000, 0x00000000e5100000, 0x00000000e5100000|100%| E|CS|TAMS 0x00000000e5000000| PB 0x00000000e5000000| Complete 
| 593|0x00000000e5100000, 0x00000000e5200000, 0x00000000e5200000|100%| E|CS|TAMS 0x00000000e5100000| PB 0x00000000e5100000| Complete 
| 594|0x00000000e5200000, 0x00000000e5300000, 0x00000000e5300000|100%| E|CS|TAMS 0x00000000e5200000| PB 0x00000000e5200000| Complete 
| 595|0x00000000e5300000, 0x00000000e5400000, 0x00000000e5400000|100%| E|CS|TAMS 0x00000000e5300000| PB 0x00000000e5300000| Complete 
| 596|0x00000000e5400000, 0x00000000e5500000, 0x00000000e5500000|100%| E|CS|TAMS 0x00000000e5400000| PB 0x00000000e5400000| Complete 
| 597|0x00000000e5500000, 0x00000000e5600000, 0x00000000e5600000|100%| E|CS|TAMS 0x00000000e5500000| PB 0x00000000e5500000| Complete 
| 598|0x00000000e5600000, 0x00000000e5700000, 0x00000000e5700000|100%| E|CS|TAMS 0x00000000e5600000| PB 0x00000000e5600000| Complete 
| 599|0x00000000e5700000, 0x00000000e5800000, 0x00000000e5800000|100%| E|CS|TAMS 0x00000000e5700000| PB 0x00000000e5700000| Complete 
| 600|0x00000000e5800000, 0x00000000e5900000, 0x00000000e5900000|100%| E|CS|TAMS 0x00000000e5800000| PB 0x00000000e5800000| Complete 
| 601|0x00000000e5900000, 0x00000000e5a00000, 0x00000000e5a00000|100%| E|CS|TAMS 0x00000000e5900000| PB 0x00000000e5900000| Complete 
| 602|0x00000000e5a00000, 0x00000000e5b00000, 0x00000000e5b00000|100%| E|CS|TAMS 0x00000000e5a00000| PB 0x00000000e5a00000| Complete 
| 603|0x00000000e5b00000, 0x00000000e5c00000, 0x00000000e5c00000|100%| E|CS|TAMS 0x00000000e5b00000| PB 0x00000000e5b00000| Complete 
| 604|0x00000000e5c00000, 0x00000000e5d00000, 0x00000000e5d00000|100%| E|CS|TAMS 0x00000000e5c00000| PB 0x00000000e5c00000| Complete 
| 605|0x00000000e5d00000, 0x00000000e5e00000, 0x00000000e5e00000|100%| E|CS|TAMS 0x00000000e5d00000| PB 0x00000000e5d00000| Complete 
| 606|0x00000000e5e00000, 0x00000000e5f00000, 0x00000000e5f00000|100%| E|CS|TAMS 0x00000000e5e00000| PB 0x00000000e5e00000| Complete 
| 607|0x00000000e5f00000, 0x00000000e6000000, 0x00000000e6000000|100%| E|CS|TAMS 0x00000000e5f00000| PB 0x00000000e5f00000| Complete 
| 608|0x00000000e6000000, 0x00000000e6100000, 0x00000000e6100000|100%| E|CS|TAMS 0x00000000e6000000| PB 0x00000000e6000000| Complete 
| 609|0x00000000e6100000, 0x00000000e6200000, 0x00000000e6200000|100%| E|CS|TAMS 0x00000000e6100000| PB 0x00000000e6100000| Complete 
| 610|0x00000000e6200000, 0x00000000e6300000, 0x00000000e6300000|100%| E|CS|TAMS 0x00000000e6200000| PB 0x00000000e6200000| Complete 
| 611|0x00000000e6300000, 0x00000000e6400000, 0x00000000e6400000|100%| E|CS|TAMS 0x00000000e6300000| PB 0x00000000e6300000| Complete 
| 612|0x00000000e6400000, 0x00000000e6500000, 0x00000000e6500000|100%| E|CS|TAMS 0x00000000e6400000| PB 0x00000000e6400000| Complete 
| 613|0x00000000e6500000, 0x00000000e6600000, 0x00000000e6600000|100%| E|CS|TAMS 0x00000000e6500000| PB 0x00000000e6500000| Complete 
| 614|0x00000000e6600000, 0x00000000e6700000, 0x00000000e6700000|100%| E|CS|TAMS 0x00000000e6600000| PB 0x00000000e6600000| Complete 
| 615|0x00000000e6700000, 0x00000000e6800000, 0x00000000e6800000|100%| E|CS|TAMS 0x00000000e6700000| PB 0x00000000e6700000| Complete 
| 616|0x00000000e6800000, 0x00000000e6900000, 0x00000000e6900000|100%| E|CS|TAMS 0x00000000e6800000| PB 0x00000000e6800000| Complete 
| 617|0x00000000e6900000, 0x00000000e6a00000, 0x00000000e6a00000|100%| E|CS|TAMS 0x00000000e6900000| PB 0x00000000e6900000| Complete 
| 618|0x00000000e6a00000, 0x00000000e6b00000, 0x00000000e6b00000|100%| E|CS|TAMS 0x00000000e6a00000| PB 0x00000000e6a00000| Complete 
| 619|0x00000000e6b00000, 0x00000000e6c00000, 0x00000000e6c00000|100%| E|CS|TAMS 0x00000000e6b00000| PB 0x00000000e6b00000| Complete 
| 620|0x00000000e6c00000, 0x00000000e6d00000, 0x00000000e6d00000|100%| E|CS|TAMS 0x00000000e6c00000| PB 0x00000000e6c00000| Complete 
| 621|0x00000000e6d00000, 0x00000000e6e00000, 0x00000000e6e00000|100%| E|CS|TAMS 0x00000000e6d00000| PB 0x00000000e6d00000| Complete 
| 622|0x00000000e6e00000, 0x00000000e6f00000, 0x00000000e6f00000|100%| E|CS|TAMS 0x00000000e6e00000| PB 0x00000000e6e00000| Complete 
| 623|0x00000000e6f00000, 0x00000000e7000000, 0x00000000e7000000|100%| E|CS|TAMS 0x00000000e6f00000| PB 0x00000000e6f00000| Complete 
| 624|0x00000000e7000000, 0x00000000e7100000, 0x00000000e7100000|100%| E|CS|TAMS 0x00000000e7000000| PB 0x00000000e7000000| Complete 
| 625|0x00000000e7100000, 0x00000000e7200000, 0x00000000e7200000|100%| E|CS|TAMS 0x00000000e7100000| PB 0x00000000e7100000| Complete 
| 626|0x00000000e7200000, 0x00000000e7300000, 0x00000000e7300000|100%| E|CS|TAMS 0x00000000e7200000| PB 0x00000000e7200000| Complete 
| 627|0x00000000e7300000, 0x00000000e7400000, 0x00000000e7400000|100%| E|CS|TAMS 0x00000000e7300000| PB 0x00000000e7300000| Complete 
| 628|0x00000000e7400000, 0x00000000e7500000, 0x00000000e7500000|100%| E|CS|TAMS 0x00000000e7400000| PB 0x00000000e7400000| Complete 
| 629|0x00000000e7500000, 0x00000000e7600000, 0x00000000e7600000|100%| E|CS|TAMS 0x00000000e7500000| PB 0x00000000e7500000| Complete 
| 630|0x00000000e7600000, 0x00000000e7700000, 0x00000000e7700000|100%| E|CS|TAMS 0x00000000e7600000| PB 0x00000000e7600000| Complete 
| 631|0x00000000e7700000, 0x00000000e7800000, 0x00000000e7800000|100%| E|CS|TAMS 0x00000000e7700000| PB 0x00000000e7700000| Complete 
| 632|0x00000000e7800000, 0x00000000e7900000, 0x00000000e7900000|100%| E|CS|TAMS 0x00000000e7800000| PB 0x00000000e7800000| Complete 
| 633|0x00000000e7900000, 0x00000000e7a00000, 0x00000000e7a00000|100%| E|CS|TAMS 0x00000000e7900000| PB 0x00000000e7900000| Complete 
| 634|0x00000000e7a00000, 0x00000000e7b00000, 0x00000000e7b00000|100%| E|CS|TAMS 0x00000000e7a00000| PB 0x00000000e7a00000| Complete 
| 635|0x00000000e7b00000, 0x00000000e7c00000, 0x00000000e7c00000|100%| E|CS|TAMS 0x00000000e7b00000| PB 0x00000000e7b00000| Complete 
| 636|0x00000000e7c00000, 0x00000000e7d00000, 0x00000000e7d00000|100%| E|CS|TAMS 0x00000000e7c00000| PB 0x00000000e7c00000| Complete 
| 637|0x00000000e7d00000, 0x00000000e7e00000, 0x00000000e7e00000|100%| E|CS|TAMS 0x00000000e7d00000| PB 0x00000000e7d00000| Complete 
| 638|0x00000000e7e00000, 0x00000000e7f00000, 0x00000000e7f00000|100%| E|CS|TAMS 0x00000000e7e00000| PB 0x00000000e7e00000| Complete 
| 639|0x00000000e7f00000, 0x00000000e8000000, 0x00000000e8000000|100%| E|CS|TAMS 0x00000000e7f00000| PB 0x00000000e7f00000| Complete 
| 640|0x00000000e8000000, 0x00000000e8100000, 0x00000000e8100000|100%| E|CS|TAMS 0x00000000e8000000| PB 0x00000000e8000000| Complete 
| 641|0x00000000e8100000, 0x00000000e8200000, 0x00000000e8200000|100%| E|CS|TAMS 0x00000000e8100000| PB 0x00000000e8100000| Complete 
| 642|0x00000000e8200000, 0x00000000e8300000, 0x00000000e8300000|100%| E|CS|TAMS 0x00000000e8200000| PB 0x00000000e8200000| Complete 
| 643|0x00000000e8300000, 0x00000000e8400000, 0x00000000e8400000|100%| E|CS|TAMS 0x00000000e8300000| PB 0x00000000e8300000| Complete 
| 644|0x00000000e8400000, 0x00000000e8500000, 0x00000000e8500000|100%| E|CS|TAMS 0x00000000e8400000| PB 0x00000000e8400000| Complete 
| 645|0x00000000e8500000, 0x00000000e8600000, 0x00000000e8600000|100%| E|CS|TAMS 0x00000000e8500000| PB 0x00000000e8500000| Complete 
| 646|0x00000000e8600000, 0x00000000e8700000, 0x00000000e8700000|100%| E|CS|TAMS 0x00000000e8600000| PB 0x00000000e8600000| Complete 
| 647|0x00000000e8700000, 0x00000000e8800000, 0x00000000e8800000|100%| E|CS|TAMS 0x00000000e8700000| PB 0x00000000e8700000| Complete 
| 648|0x00000000e8800000, 0x00000000e8900000, 0x00000000e8900000|100%| E|CS|TAMS 0x00000000e8800000| PB 0x00000000e8800000| Complete 
| 649|0x00000000e8900000, 0x00000000e8a00000, 0x00000000e8a00000|100%| E|CS|TAMS 0x00000000e8900000| PB 0x00000000e8900000| Complete 
| 650|0x00000000e8a00000, 0x00000000e8b00000, 0x00000000e8b00000|100%| E|CS|TAMS 0x00000000e8a00000| PB 0x00000000e8a00000| Complete 
| 651|0x00000000e8b00000, 0x00000000e8c00000, 0x00000000e8c00000|100%| E|CS|TAMS 0x00000000e8b00000| PB 0x00000000e8b00000| Complete 
| 652|0x00000000e8c00000, 0x00000000e8d00000, 0x00000000e8d00000|100%| E|CS|TAMS 0x00000000e8c00000| PB 0x00000000e8c00000| Complete 
| 653|0x00000000e8d00000, 0x00000000e8e00000, 0x00000000e8e00000|100%| E|CS|TAMS 0x00000000e8d00000| PB 0x00000000e8d00000| Complete 
| 654|0x00000000e8e00000, 0x00000000e8f00000, 0x00000000e8f00000|100%| E|CS|TAMS 0x00000000e8e00000| PB 0x00000000e8e00000| Complete 
| 655|0x00000000e8f00000, 0x00000000e9000000, 0x00000000e9000000|100%| E|CS|TAMS 0x00000000e8f00000| PB 0x00000000e8f00000| Complete 
| 656|0x00000000e9000000, 0x00000000e9100000, 0x00000000e9100000|100%| E|CS|TAMS 0x00000000e9000000| PB 0x00000000e9000000| Complete 
| 657|0x00000000e9100000, 0x00000000e9200000, 0x00000000e9200000|100%| E|CS|TAMS 0x00000000e9100000| PB 0x00000000e9100000| Complete 
| 658|0x00000000e9200000, 0x00000000e9300000, 0x00000000e9300000|100%| E|CS|TAMS 0x00000000e9200000| PB 0x00000000e9200000| Complete 
| 659|0x00000000e9300000, 0x00000000e9400000, 0x00000000e9400000|100%| E|CS|TAMS 0x00000000e9300000| PB 0x00000000e9300000| Complete 
| 660|0x00000000e9400000, 0x00000000e9500000, 0x00000000e9500000|100%| E|CS|TAMS 0x00000000e9400000| PB 0x00000000e9400000| Complete 
| 661|0x00000000e9500000, 0x00000000e9600000, 0x00000000e9600000|100%| E|CS|TAMS 0x00000000e9500000| PB 0x00000000e9500000| Complete 
| 662|0x00000000e9600000, 0x00000000e9700000, 0x00000000e9700000|100%| E|CS|TAMS 0x00000000e9600000| PB 0x00000000e9600000| Complete 
| 663|0x00000000e9700000, 0x00000000e9800000, 0x00000000e9800000|100%| E|CS|TAMS 0x00000000e9700000| PB 0x00000000e9700000| Complete 
| 664|0x00000000e9800000, 0x00000000e9900000, 0x00000000e9900000|100%| E|CS|TAMS 0x00000000e9800000| PB 0x00000000e9800000| Complete 
| 665|0x00000000e9900000, 0x00000000e9a00000, 0x00000000e9a00000|100%| E|CS|TAMS 0x00000000e9900000| PB 0x00000000e9900000| Complete 
| 666|0x00000000e9a00000, 0x00000000e9b00000, 0x00000000e9b00000|100%| E|CS|TAMS 0x00000000e9a00000| PB 0x00000000e9a00000| Complete 
| 667|0x00000000e9b00000, 0x00000000e9c00000, 0x00000000e9c00000|100%| E|CS|TAMS 0x00000000e9b00000| PB 0x00000000e9b00000| Complete 
| 668|0x00000000e9c00000, 0x00000000e9d00000, 0x00000000e9d00000|100%| E|CS|TAMS 0x00000000e9c00000| PB 0x00000000e9c00000| Complete 
| 669|0x00000000e9d00000, 0x00000000e9e00000, 0x00000000e9e00000|100%| E|CS|TAMS 0x00000000e9d00000| PB 0x00000000e9d00000| Complete 
| 670|0x00000000e9e00000, 0x00000000e9f00000, 0x00000000e9f00000|100%| E|CS|TAMS 0x00000000e9e00000| PB 0x00000000e9e00000| Complete 
| 671|0x00000000e9f00000, 0x00000000ea000000, 0x00000000ea000000|100%| E|CS|TAMS 0x00000000e9f00000| PB 0x00000000e9f00000| Complete 
| 672|0x00000000ea000000, 0x00000000ea100000, 0x00000000ea100000|100%| E|CS|TAMS 0x00000000ea000000| PB 0x00000000ea000000| Complete 
| 673|0x00000000ea100000, 0x00000000ea200000, 0x00000000ea200000|100%| E|CS|TAMS 0x00000000ea100000| PB 0x00000000ea100000| Complete 
| 674|0x00000000ea200000, 0x00000000ea300000, 0x00000000ea300000|100%| E|CS|TAMS 0x00000000ea200000| PB 0x00000000ea200000| Complete 
| 675|0x00000000ea300000, 0x00000000ea400000, 0x00000000ea400000|100%| E|CS|TAMS 0x00000000ea300000| PB 0x00000000ea300000| Complete 
| 676|0x00000000ea400000, 0x00000000ea500000, 0x00000000ea500000|100%| E|CS|TAMS 0x00000000ea400000| PB 0x00000000ea400000| Complete 
| 677|0x00000000ea500000, 0x00000000ea600000, 0x00000000ea600000|100%| E|CS|TAMS 0x00000000ea500000| PB 0x00000000ea500000| Complete 
| 678|0x00000000ea600000, 0x00000000ea700000, 0x00000000ea700000|100%| E|CS|TAMS 0x00000000ea600000| PB 0x00000000ea600000| Complete 
| 679|0x00000000ea700000, 0x00000000ea800000, 0x00000000ea800000|100%| E|CS|TAMS 0x00000000ea700000| PB 0x00000000ea700000| Complete 
| 680|0x00000000ea800000, 0x00000000ea900000, 0x00000000ea900000|100%| E|CS|TAMS 0x00000000ea800000| PB 0x00000000ea800000| Complete 
| 681|0x00000000ea900000, 0x00000000eaa00000, 0x00000000eaa00000|100%| E|CS|TAMS 0x00000000ea900000| PB 0x00000000ea900000| Complete 
| 682|0x00000000eaa00000, 0x00000000eab00000, 0x00000000eab00000|100%| E|CS|TAMS 0x00000000eaa00000| PB 0x00000000eaa00000| Complete 
| 683|0x00000000eab00000, 0x00000000eac00000, 0x00000000eac00000|100%| E|CS|TAMS 0x00000000eab00000| PB 0x00000000eab00000| Complete 
| 684|0x00000000eac00000, 0x00000000ead00000, 0x00000000ead00000|100%| E|CS|TAMS 0x00000000eac00000| PB 0x00000000eac00000| Complete 
| 685|0x00000000ead00000, 0x00000000eae00000, 0x00000000eae00000|100%| E|CS|TAMS 0x00000000ead00000| PB 0x00000000ead00000| Complete 
| 686|0x00000000eae00000, 0x00000000eaf00000, 0x00000000eaf00000|100%| E|CS|TAMS 0x00000000eae00000| PB 0x00000000eae00000| Complete 
| 687|0x00000000eaf00000, 0x00000000eb000000, 0x00000000eb000000|100%| E|CS|TAMS 0x00000000eaf00000| PB 0x00000000eaf00000| Complete 
| 688|0x00000000eb000000, 0x00000000eb100000, 0x00000000eb100000|100%| E|CS|TAMS 0x00000000eb000000| PB 0x00000000eb000000| Complete 
| 689|0x00000000eb100000, 0x00000000eb200000, 0x00000000eb200000|100%| E|CS|TAMS 0x00000000eb100000| PB 0x00000000eb100000| Complete 
| 690|0x00000000eb200000, 0x00000000eb300000, 0x00000000eb300000|100%| E|CS|TAMS 0x00000000eb200000| PB 0x00000000eb200000| Complete 
| 691|0x00000000eb300000, 0x00000000eb400000, 0x00000000eb400000|100%| E|CS|TAMS 0x00000000eb300000| PB 0x00000000eb300000| Complete 
| 692|0x00000000eb400000, 0x00000000eb500000, 0x00000000eb500000|100%| E|CS|TAMS 0x00000000eb400000| PB 0x00000000eb400000| Complete 
| 693|0x00000000eb500000, 0x00000000eb600000, 0x00000000eb600000|100%| E|CS|TAMS 0x00000000eb500000| PB 0x00000000eb500000| Complete 
| 694|0x00000000eb600000, 0x00000000eb700000, 0x00000000eb700000|100%| E|CS|TAMS 0x00000000eb600000| PB 0x00000000eb600000| Complete 
| 695|0x00000000eb700000, 0x00000000eb800000, 0x00000000eb800000|100%| E|CS|TAMS 0x00000000eb700000| PB 0x00000000eb700000| Complete 
| 696|0x00000000eb800000, 0x00000000eb900000, 0x00000000eb900000|100%| E|CS|TAMS 0x00000000eb800000| PB 0x00000000eb800000| Complete 
| 697|0x00000000eb900000, 0x00000000eba00000, 0x00000000eba00000|100%| E|CS|TAMS 0x00000000eb900000| PB 0x00000000eb900000| Complete 
| 698|0x00000000eba00000, 0x00000000ebb00000, 0x00000000ebb00000|100%| E|CS|TAMS 0x00000000eba00000| PB 0x00000000eba00000| Complete 
| 699|0x00000000ebb00000, 0x00000000ebc00000, 0x00000000ebc00000|100%| E|CS|TAMS 0x00000000ebb00000| PB 0x00000000ebb00000| Complete 
| 700|0x00000000ebc00000, 0x00000000ebd00000, 0x00000000ebd00000|100%| E|CS|TAMS 0x00000000ebc00000| PB 0x00000000ebc00000| Complete 
| 701|0x00000000ebd00000, 0x00000000ebe00000, 0x00000000ebe00000|100%| E|CS|TAMS 0x00000000ebd00000| PB 0x00000000ebd00000| Complete 
| 702|0x00000000ebe00000, 0x00000000ebf00000, 0x00000000ebf00000|100%| E|CS|TAMS 0x00000000ebe00000| PB 0x00000000ebe00000| Complete 
| 703|0x00000000ebf00000, 0x00000000ec000000, 0x00000000ec000000|100%| E|CS|TAMS 0x00000000ebf00000| PB 0x00000000ebf00000| Complete 
| 704|0x00000000ec000000, 0x00000000ec100000, 0x00000000ec100000|100%| E|CS|TAMS 0x00000000ec000000| PB 0x00000000ec000000| Complete 
| 705|0x00000000ec100000, 0x00000000ec200000, 0x00000000ec200000|100%| E|CS|TAMS 0x00000000ec100000| PB 0x00000000ec100000| Complete 
| 706|0x00000000ec200000, 0x00000000ec300000, 0x00000000ec300000|100%| E|CS|TAMS 0x00000000ec200000| PB 0x00000000ec200000| Complete 
| 707|0x00000000ec300000, 0x00000000ec400000, 0x00000000ec400000|100%| E|CS|TAMS 0x00000000ec300000| PB 0x00000000ec300000| Complete 
| 708|0x00000000ec400000, 0x00000000ec500000, 0x00000000ec500000|100%| E|CS|TAMS 0x00000000ec400000| PB 0x00000000ec400000| Complete 
| 709|0x00000000ec500000, 0x00000000ec600000, 0x00000000ec600000|100%| E|CS|TAMS 0x00000000ec500000| PB 0x00000000ec500000| Complete 
| 710|0x00000000ec600000, 0x00000000ec700000, 0x00000000ec700000|100%| E|CS|TAMS 0x00000000ec600000| PB 0x00000000ec600000| Complete 
| 711|0x00000000ec700000, 0x00000000ec800000, 0x00000000ec800000|100%| E|CS|TAMS 0x00000000ec700000| PB 0x00000000ec700000| Complete 
| 712|0x00000000ec800000, 0x00000000ec900000, 0x00000000ec900000|100%| E|CS|TAMS 0x00000000ec800000| PB 0x00000000ec800000| Complete 
| 713|0x00000000ec900000, 0x00000000eca00000, 0x00000000eca00000|100%| E|CS|TAMS 0x00000000ec900000| PB 0x00000000ec900000| Complete 
| 714|0x00000000eca00000, 0x00000000ecb00000, 0x00000000ecb00000|100%| E|CS|TAMS 0x00000000eca00000| PB 0x00000000eca00000| Complete 
| 715|0x00000000ecb00000, 0x00000000ecc00000, 0x00000000ecc00000|100%| E|CS|TAMS 0x00000000ecb00000| PB 0x00000000ecb00000| Complete 
| 716|0x00000000ecc00000, 0x00000000ecd00000, 0x00000000ecd00000|100%| E|CS|TAMS 0x00000000ecc00000| PB 0x00000000ecc00000| Complete 
| 717|0x00000000ecd00000, 0x00000000ece00000, 0x00000000ece00000|100%| E|CS|TAMS 0x00000000ecd00000| PB 0x00000000ecd00000| Complete 
| 718|0x00000000ece00000, 0x00000000ecf00000, 0x00000000ecf00000|100%| E|CS|TAMS 0x00000000ece00000| PB 0x00000000ece00000| Complete 
| 719|0x00000000ecf00000, 0x00000000ed000000, 0x00000000ed000000|100%| E|CS|TAMS 0x00000000ecf00000| PB 0x00000000ecf00000| Complete 
| 720|0x00000000ed000000, 0x00000000ed100000, 0x00000000ed100000|100%| E|CS|TAMS 0x00000000ed000000| PB 0x00000000ed000000| Complete 
| 721|0x00000000ed100000, 0x00000000ed200000, 0x00000000ed200000|100%| E|CS|TAMS 0x00000000ed100000| PB 0x00000000ed100000| Complete 
| 722|0x00000000ed200000, 0x00000000ed300000, 0x00000000ed300000|100%| E|CS|TAMS 0x00000000ed200000| PB 0x00000000ed200000| Complete 
| 723|0x00000000ed300000, 0x00000000ed400000, 0x00000000ed400000|100%| E|CS|TAMS 0x00000000ed300000| PB 0x00000000ed300000| Complete 
| 724|0x00000000ed400000, 0x00000000ed500000, 0x00000000ed500000|100%| E|CS|TAMS 0x00000000ed400000| PB 0x00000000ed400000| Complete 
| 725|0x00000000ed500000, 0x00000000ed600000, 0x00000000ed600000|100%| E|CS|TAMS 0x00000000ed500000| PB 0x00000000ed500000| Complete 
| 726|0x00000000ed600000, 0x00000000ed700000, 0x00000000ed700000|100%| E|CS|TAMS 0x00000000ed600000| PB 0x00000000ed600000| Complete 
| 727|0x00000000ed700000, 0x00000000ed800000, 0x00000000ed800000|100%| E|CS|TAMS 0x00000000ed700000| PB 0x00000000ed700000| Complete 
| 728|0x00000000ed800000, 0x00000000ed900000, 0x00000000ed900000|100%| E|CS|TAMS 0x00000000ed800000| PB 0x00000000ed800000| Complete 
| 729|0x00000000ed900000, 0x00000000eda00000, 0x00000000eda00000|100%| E|CS|TAMS 0x00000000ed900000| PB 0x00000000ed900000| Complete 
| 730|0x00000000eda00000, 0x00000000edb00000, 0x00000000edb00000|100%| E|CS|TAMS 0x00000000eda00000| PB 0x00000000eda00000| Complete 
| 731|0x00000000edb00000, 0x00000000edc00000, 0x00000000edc00000|100%| E|CS|TAMS 0x00000000edb00000| PB 0x00000000edb00000| Complete 
| 732|0x00000000edc00000, 0x00000000edd00000, 0x00000000edd00000|100%| E|CS|TAMS 0x00000000edc00000| PB 0x00000000edc00000| Complete 
| 733|0x00000000edd00000, 0x00000000ede00000, 0x00000000ede00000|100%| E|CS|TAMS 0x00000000edd00000| PB 0x00000000edd00000| Complete 
| 734|0x00000000ede00000, 0x00000000edf00000, 0x00000000edf00000|100%| E|CS|TAMS 0x00000000ede00000| PB 0x00000000ede00000| Complete 
| 735|0x00000000edf00000, 0x00000000ee000000, 0x00000000ee000000|100%| E|CS|TAMS 0x00000000edf00000| PB 0x00000000edf00000| Complete 
| 736|0x00000000ee000000, 0x00000000ee100000, 0x00000000ee100000|100%| E|CS|TAMS 0x00000000ee000000| PB 0x00000000ee000000| Complete 
| 737|0x00000000ee100000, 0x00000000ee200000, 0x00000000ee200000|100%| E|CS|TAMS 0x00000000ee100000| PB 0x00000000ee100000| Complete 
| 738|0x00000000ee200000, 0x00000000ee300000, 0x00000000ee300000|100%| E|CS|TAMS 0x00000000ee200000| PB 0x00000000ee200000| Complete 
| 739|0x00000000ee300000, 0x00000000ee400000, 0x00000000ee400000|100%| E|CS|TAMS 0x00000000ee300000| PB 0x00000000ee300000| Complete 
| 740|0x00000000ee400000, 0x00000000ee500000, 0x00000000ee500000|100%| E|CS|TAMS 0x00000000ee400000| PB 0x00000000ee400000| Complete 
| 741|0x00000000ee500000, 0x00000000ee600000, 0x00000000ee600000|100%| E|CS|TAMS 0x00000000ee500000| PB 0x00000000ee500000| Complete 
| 742|0x00000000ee600000, 0x00000000ee700000, 0x00000000ee700000|100%| E|CS|TAMS 0x00000000ee600000| PB 0x00000000ee600000| Complete 
| 743|0x00000000ee700000, 0x00000000ee800000, 0x00000000ee800000|100%| E|CS|TAMS 0x00000000ee700000| PB 0x00000000ee700000| Complete 
| 744|0x00000000ee800000, 0x00000000ee900000, 0x00000000ee900000|100%| E|CS|TAMS 0x00000000ee800000| PB 0x00000000ee800000| Complete 
| 745|0x00000000ee900000, 0x00000000eea00000, 0x00000000eea00000|100%| E|CS|TAMS 0x00000000ee900000| PB 0x00000000ee900000| Complete 
| 746|0x00000000eea00000, 0x00000000eeb00000, 0x00000000eeb00000|100%| E|CS|TAMS 0x00000000eea00000| PB 0x00000000eea00000| Complete 
| 747|0x00000000eeb00000, 0x00000000eec00000, 0x00000000eec00000|100%| E|CS|TAMS 0x00000000eeb00000| PB 0x00000000eeb00000| Complete 
| 748|0x00000000eec00000, 0x00000000eed00000, 0x00000000eed00000|100%| E|CS|TAMS 0x00000000eec00000| PB 0x00000000eec00000| Complete 
| 749|0x00000000eed00000, 0x00000000eee00000, 0x00000000eee00000|100%| E|CS|TAMS 0x00000000eed00000| PB 0x00000000eed00000| Complete 
| 750|0x00000000eee00000, 0x00000000eef00000, 0x00000000eef00000|100%| E|CS|TAMS 0x00000000eee00000| PB 0x00000000eee00000| Complete 
| 751|0x00000000eef00000, 0x00000000ef000000, 0x00000000ef000000|100%| E|CS|TAMS 0x00000000eef00000| PB 0x00000000eef00000| Complete 
| 752|0x00000000ef000000, 0x00000000ef100000, 0x00000000ef100000|100%| E|CS|TAMS 0x00000000ef000000| PB 0x00000000ef000000| Complete 
| 753|0x00000000ef100000, 0x00000000ef200000, 0x00000000ef200000|100%| E|CS|TAMS 0x00000000ef100000| PB 0x00000000ef100000| Complete 
| 754|0x00000000ef200000, 0x00000000ef300000, 0x00000000ef300000|100%| E|CS|TAMS 0x00000000ef200000| PB 0x00000000ef200000| Complete 
| 755|0x00000000ef300000, 0x00000000ef400000, 0x00000000ef400000|100%| E|CS|TAMS 0x00000000ef300000| PB 0x00000000ef300000| Complete 
| 756|0x00000000ef400000, 0x00000000ef500000, 0x00000000ef500000|100%| E|CS|TAMS 0x00000000ef400000| PB 0x00000000ef400000| Complete 
| 757|0x00000000ef500000, 0x00000000ef600000, 0x00000000ef600000|100%| E|CS|TAMS 0x00000000ef500000| PB 0x00000000ef500000| Complete 
| 758|0x00000000ef600000, 0x00000000ef700000, 0x00000000ef700000|100%| E|CS|TAMS 0x00000000ef600000| PB 0x00000000ef600000| Complete 
| 759|0x00000000ef700000, 0x00000000ef800000, 0x00000000ef800000|100%| E|CS|TAMS 0x00000000ef700000| PB 0x00000000ef700000| Complete 
| 760|0x00000000ef800000, 0x00000000ef900000, 0x00000000ef900000|100%| E|CS|TAMS 0x00000000ef800000| PB 0x00000000ef800000| Complete 
| 761|0x00000000ef900000, 0x00000000efa00000, 0x00000000efa00000|100%| E|CS|TAMS 0x00000000ef900000| PB 0x00000000ef900000| Complete 
| 762|0x00000000efa00000, 0x00000000efb00000, 0x00000000efb00000|100%| E|CS|TAMS 0x00000000efa00000| PB 0x00000000efa00000| Complete 
| 763|0x00000000efb00000, 0x00000000efc00000, 0x00000000efc00000|100%| E|CS|TAMS 0x00000000efb00000| PB 0x00000000efb00000| Complete 
| 764|0x00000000efc00000, 0x00000000efd00000, 0x00000000efd00000|100%| E|CS|TAMS 0x00000000efc00000| PB 0x00000000efc00000| Complete 
| 765|0x00000000efd00000, 0x00000000efe00000, 0x00000000efe00000|100%| E|CS|TAMS 0x00000000efd00000| PB 0x00000000efd00000| Complete 
| 766|0x00000000efe00000, 0x00000000eff00000, 0x00000000eff00000|100%| E|CS|TAMS 0x00000000efe00000| PB 0x00000000efe00000| Complete 
| 767|0x00000000eff00000, 0x00000000f0000000, 0x00000000f0000000|100%| E|CS|TAMS 0x00000000eff00000| PB 0x00000000eff00000| Complete 
| 768|0x00000000f0000000, 0x00000000f0100000, 0x00000000f0100000|100%| E|CS|TAMS 0x00000000f0000000| PB 0x00000000f0000000| Complete 
| 769|0x00000000f0100000, 0x00000000f0200000, 0x00000000f0200000|100%| E|CS|TAMS 0x00000000f0100000| PB 0x00000000f0100000| Complete 
| 770|0x00000000f0200000, 0x00000000f0300000, 0x00000000f0300000|100%| E|CS|TAMS 0x00000000f0200000| PB 0x00000000f0200000| Complete 
| 771|0x00000000f0300000, 0x00000000f0400000, 0x00000000f0400000|100%| E|CS|TAMS 0x00000000f0300000| PB 0x00000000f0300000| Complete 
| 772|0x00000000f0400000, 0x00000000f0500000, 0x00000000f0500000|100%| E|CS|TAMS 0x00000000f0400000| PB 0x00000000f0400000| Complete 
| 773|0x00000000f0500000, 0x00000000f0600000, 0x00000000f0600000|100%| E|CS|TAMS 0x00000000f0500000| PB 0x00000000f0500000| Complete 
| 774|0x00000000f0600000, 0x00000000f0700000, 0x00000000f0700000|100%| E|CS|TAMS 0x00000000f0600000| PB 0x00000000f0600000| Complete 
| 775|0x00000000f0700000, 0x00000000f0800000, 0x00000000f0800000|100%| E|CS|TAMS 0x00000000f0700000| PB 0x00000000f0700000| Complete 
| 776|0x00000000f0800000, 0x00000000f0900000, 0x00000000f0900000|100%| E|CS|TAMS 0x00000000f0800000| PB 0x00000000f0800000| Complete 
| 777|0x00000000f0900000, 0x00000000f0a00000, 0x00000000f0a00000|100%| E|CS|TAMS 0x00000000f0900000| PB 0x00000000f0900000| Complete 
| 778|0x00000000f0a00000, 0x00000000f0b00000, 0x00000000f0b00000|100%| E|CS|TAMS 0x00000000f0a00000| PB 0x00000000f0a00000| Complete 
| 779|0x00000000f0b00000, 0x00000000f0c00000, 0x00000000f0c00000|100%| E|CS|TAMS 0x00000000f0b00000| PB 0x00000000f0b00000| Complete 
| 780|0x00000000f0c00000, 0x00000000f0d00000, 0x00000000f0d00000|100%| E|CS|TAMS 0x00000000f0c00000| PB 0x00000000f0c00000| Complete 
| 781|0x00000000f0d00000, 0x00000000f0e00000, 0x00000000f0e00000|100%| E|CS|TAMS 0x00000000f0d00000| PB 0x00000000f0d00000| Complete 
| 782|0x00000000f0e00000, 0x00000000f0f00000, 0x00000000f0f00000|100%| E|CS|TAMS 0x00000000f0e00000| PB 0x00000000f0e00000| Complete 
| 783|0x00000000f0f00000, 0x00000000f1000000, 0x00000000f1000000|100%| E|CS|TAMS 0x00000000f0f00000| PB 0x00000000f0f00000| Complete 
| 784|0x00000000f1000000, 0x00000000f1100000, 0x00000000f1100000|100%| E|CS|TAMS 0x00000000f1000000| PB 0x00000000f1000000| Complete 
| 785|0x00000000f1100000, 0x00000000f1200000, 0x00000000f1200000|100%| E|CS|TAMS 0x00000000f1100000| PB 0x00000000f1100000| Complete 
| 786|0x00000000f1200000, 0x00000000f1300000, 0x00000000f1300000|100%| E|CS|TAMS 0x00000000f1200000| PB 0x00000000f1200000| Complete 
| 787|0x00000000f1300000, 0x00000000f1400000, 0x00000000f1400000|100%| E|CS|TAMS 0x00000000f1300000| PB 0x00000000f1300000| Complete 
| 788|0x00000000f1400000, 0x00000000f1500000, 0x00000000f1500000|100%| E|CS|TAMS 0x00000000f1400000| PB 0x00000000f1400000| Complete 
| 789|0x00000000f1500000, 0x00000000f1600000, 0x00000000f1600000|100%| E|CS|TAMS 0x00000000f1500000| PB 0x00000000f1500000| Complete 
| 790|0x00000000f1600000, 0x00000000f1700000, 0x00000000f1700000|100%| E|CS|TAMS 0x00000000f1600000| PB 0x00000000f1600000| Complete 
| 791|0x00000000f1700000, 0x00000000f1800000, 0x00000000f1800000|100%| E|CS|TAMS 0x00000000f1700000| PB 0x00000000f1700000| Complete 
| 792|0x00000000f1800000, 0x00000000f1900000, 0x00000000f1900000|100%| E|CS|TAMS 0x00000000f1800000| PB 0x00000000f1800000| Complete 
| 793|0x00000000f1900000, 0x00000000f1a00000, 0x00000000f1a00000|100%| E|CS|TAMS 0x00000000f1900000| PB 0x00000000f1900000| Complete 
| 794|0x00000000f1a00000, 0x00000000f1b00000, 0x00000000f1b00000|100%| E|CS|TAMS 0x00000000f1a00000| PB 0x00000000f1a00000| Complete 
| 795|0x00000000f1b00000, 0x00000000f1c00000, 0x00000000f1c00000|100%| E|CS|TAMS 0x00000000f1b00000| PB 0x00000000f1b00000| Complete 
| 796|0x00000000f1c00000, 0x00000000f1d00000, 0x00000000f1d00000|100%| E|CS|TAMS 0x00000000f1c00000| PB 0x00000000f1c00000| Complete 
| 797|0x00000000f1d00000, 0x00000000f1e00000, 0x00000000f1e00000|100%| E|CS|TAMS 0x00000000f1d00000| PB 0x00000000f1d00000| Complete 
| 798|0x00000000f1e00000, 0x00000000f1f00000, 0x00000000f1f00000|100%| E|CS|TAMS 0x00000000f1e00000| PB 0x00000000f1e00000| Complete 
| 799|0x00000000f1f00000, 0x00000000f2000000, 0x00000000f2000000|100%| E|CS|TAMS 0x00000000f1f00000| PB 0x00000000f1f00000| Complete 
| 800|0x00000000f2000000, 0x00000000f2100000, 0x00000000f2100000|100%| E|CS|TAMS 0x00000000f2000000| PB 0x00000000f2000000| Complete 
| 801|0x00000000f2100000, 0x00000000f2200000, 0x00000000f2200000|100%| E|CS|TAMS 0x00000000f2100000| PB 0x00000000f2100000| Complete 
| 802|0x00000000f2200000, 0x00000000f2300000, 0x00000000f2300000|100%| E|CS|TAMS 0x00000000f2200000| PB 0x00000000f2200000| Complete 
| 803|0x00000000f2300000, 0x00000000f2400000, 0x00000000f2400000|100%| E|CS|TAMS 0x00000000f2300000| PB 0x00000000f2300000| Complete 
| 804|0x00000000f2400000, 0x00000000f2500000, 0x00000000f2500000|100%| E|CS|TAMS 0x00000000f2400000| PB 0x00000000f2400000| Complete 
| 805|0x00000000f2500000, 0x00000000f2600000, 0x00000000f2600000|100%| E|CS|TAMS 0x00000000f2500000| PB 0x00000000f2500000| Complete 
| 806|0x00000000f2600000, 0x00000000f2700000, 0x00000000f2700000|100%| E|CS|TAMS 0x00000000f2600000| PB 0x00000000f2600000| Complete 
| 807|0x00000000f2700000, 0x00000000f2800000, 0x00000000f2800000|100%| E|CS|TAMS 0x00000000f2700000| PB 0x00000000f2700000| Complete 
| 808|0x00000000f2800000, 0x00000000f2900000, 0x00000000f2900000|100%| E|CS|TAMS 0x00000000f2800000| PB 0x00000000f2800000| Complete 
| 809|0x00000000f2900000, 0x00000000f2a00000, 0x00000000f2a00000|100%| E|CS|TAMS 0x00000000f2900000| PB 0x00000000f2900000| Complete 
| 810|0x00000000f2a00000, 0x00000000f2b00000, 0x00000000f2b00000|100%| E|CS|TAMS 0x00000000f2a00000| PB 0x00000000f2a00000| Complete 
| 811|0x00000000f2b00000, 0x00000000f2c00000, 0x00000000f2c00000|100%| E|CS|TAMS 0x00000000f2b00000| PB 0x00000000f2b00000| Complete 
| 812|0x00000000f2c00000, 0x00000000f2d00000, 0x00000000f2d00000|100%| E|CS|TAMS 0x00000000f2c00000| PB 0x00000000f2c00000| Complete 
| 813|0x00000000f2d00000, 0x00000000f2e00000, 0x00000000f2e00000|100%| E|CS|TAMS 0x00000000f2d00000| PB 0x00000000f2d00000| Complete 
| 814|0x00000000f2e00000, 0x00000000f2f00000, 0x00000000f2f00000|100%| E|CS|TAMS 0x00000000f2e00000| PB 0x00000000f2e00000| Complete 
| 815|0x00000000f2f00000, 0x00000000f3000000, 0x00000000f3000000|100%| E|CS|TAMS 0x00000000f2f00000| PB 0x00000000f2f00000| Complete 
| 816|0x00000000f3000000, 0x00000000f3100000, 0x00000000f3100000|100%| E|CS|TAMS 0x00000000f3000000| PB 0x00000000f3000000| Complete 
| 817|0x00000000f3100000, 0x00000000f3200000, 0x00000000f3200000|100%| E|CS|TAMS 0x00000000f3100000| PB 0x00000000f3100000| Complete 
| 818|0x00000000f3200000, 0x00000000f3300000, 0x00000000f3300000|100%| E|CS|TAMS 0x00000000f3200000| PB 0x00000000f3200000| Complete 
| 819|0x00000000f3300000, 0x00000000f3400000, 0x00000000f3400000|100%| E|CS|TAMS 0x00000000f3300000| PB 0x00000000f3300000| Complete 
| 820|0x00000000f3400000, 0x00000000f3500000, 0x00000000f3500000|100%| E|CS|TAMS 0x00000000f3400000| PB 0x00000000f3400000| Complete 
| 821|0x00000000f3500000, 0x00000000f3600000, 0x00000000f3600000|100%| E|CS|TAMS 0x00000000f3500000| PB 0x00000000f3500000| Complete 
| 822|0x00000000f3600000, 0x00000000f3700000, 0x00000000f3700000|100%| E|CS|TAMS 0x00000000f3600000| PB 0x00000000f3600000| Complete 
| 823|0x00000000f3700000, 0x00000000f3800000, 0x00000000f3800000|100%| E|CS|TAMS 0x00000000f3700000| PB 0x00000000f3700000| Complete 
| 824|0x00000000f3800000, 0x00000000f3900000, 0x00000000f3900000|100%| E|CS|TAMS 0x00000000f3800000| PB 0x00000000f3800000| Complete 
| 825|0x00000000f3900000, 0x00000000f3a00000, 0x00000000f3a00000|100%| E|CS|TAMS 0x00000000f3900000| PB 0x00000000f3900000| Complete 
| 826|0x00000000f3a00000, 0x00000000f3b00000, 0x00000000f3b00000|100%| E|CS|TAMS 0x00000000f3a00000| PB 0x00000000f3a00000| Complete 
| 827|0x00000000f3b00000, 0x00000000f3c00000, 0x00000000f3c00000|100%| E|CS|TAMS 0x00000000f3b00000| PB 0x00000000f3b00000| Complete 
| 982|0x00000000fd600000, 0x00000000fd700000, 0x00000000fd700000|100%| E|CS|TAMS 0x00000000fd600000| PB 0x00000000fd600000| Complete 
| 983|0x00000000fd700000, 0x00000000fd800000, 0x00000000fd800000|100%| E|CS|TAMS 0x00000000fd700000| PB 0x00000000fd700000| Complete 
| 984|0x00000000fd800000, 0x00000000fd900000, 0x00000000fd900000|100%| E|CS|TAMS 0x00000000fd800000| PB 0x00000000fd800000| Complete 
| 985|0x00000000fd900000, 0x00000000fda00000, 0x00000000fda00000|100%| E|CS|TAMS 0x00000000fd900000| PB 0x00000000fd900000| Complete 
| 986|0x00000000fda00000, 0x00000000fdb00000, 0x00000000fdb00000|100%| E|CS|TAMS 0x00000000fda00000| PB 0x00000000fda00000| Complete 
| 987|0x00000000fdb00000, 0x00000000fdc00000, 0x00000000fdc00000|100%| E|CS|TAMS 0x00000000fdb00000| PB 0x00000000fdb00000| Complete 
| 988|0x00000000fdc00000, 0x00000000fdd00000, 0x00000000fdd00000|100%| E|CS|TAMS 0x00000000fdc00000| PB 0x00000000fdc00000| Complete 
| 989|0x00000000fdd00000, 0x00000000fde00000, 0x00000000fde00000|100%| E|CS|TAMS 0x00000000fdd00000| PB 0x00000000fdd00000| Complete 
| 990|0x00000000fde00000, 0x00000000fdf00000, 0x00000000fdf00000|100%| E|CS|TAMS 0x00000000fde00000| PB 0x00000000fde00000| Complete 
| 991|0x00000000fdf00000, 0x00000000fe000000, 0x00000000fe000000|100%| E|CS|TAMS 0x00000000fdf00000| PB 0x00000000fdf00000| Complete 
| 992|0x00000000fe000000, 0x00000000fe100000, 0x00000000fe100000|100%| E|CS|TAMS 0x00000000fe000000| PB 0x00000000fe000000| Complete 
| 993|0x00000000fe100000, 0x00000000fe200000, 0x00000000fe200000|100%| E|CS|TAMS 0x00000000fe100000| PB 0x00000000fe100000| Complete 
| 994|0x00000000fe200000, 0x00000000fe300000, 0x00000000fe300000|100%| E|CS|TAMS 0x00000000fe200000| PB 0x00000000fe200000| Complete 
| 995|0x00000000fe300000, 0x00000000fe400000, 0x00000000fe400000|100%| E|CS|TAMS 0x00000000fe300000| PB 0x00000000fe300000| Complete 
| 996|0x00000000fe400000, 0x00000000fe500000, 0x00000000fe500000|100%| E|CS|TAMS 0x00000000fe400000| PB 0x00000000fe400000| Complete 
| 997|0x00000000fe500000, 0x00000000fe600000, 0x00000000fe600000|100%| E|CS|TAMS 0x00000000fe500000| PB 0x00000000fe500000| Complete 
| 998|0x00000000fe600000, 0x00000000fe700000, 0x00000000fe700000|100%| E|CS|TAMS 0x00000000fe600000| PB 0x00000000fe600000| Complete 
| 999|0x00000000fe700000, 0x00000000fe800000, 0x00000000fe800000|100%| E|CS|TAMS 0x00000000fe700000| PB 0x00000000fe700000| Complete 
|1000|0x00000000fe800000, 0x00000000fe900000, 0x00000000fe900000|100%| E|CS|TAMS 0x00000000fe800000| PB 0x00000000fe800000| Complete 
|1001|0x00000000fe900000, 0x00000000fea00000, 0x00000000fea00000|100%| E|CS|TAMS 0x00000000fe900000| PB 0x00000000fe900000| Complete 
|1002|0x00000000fea00000, 0x00000000feb00000, 0x00000000feb00000|100%| E|CS|TAMS 0x00000000fea00000| PB 0x00000000fea00000| Complete 
|1003|0x00000000feb00000, 0x00000000fec00000, 0x00000000fec00000|100%| E|CS|TAMS 0x00000000feb00000| PB 0x00000000feb00000| Complete 
|1004|0x00000000fec00000, 0x00000000fed00000, 0x00000000fed00000|100%| E|CS|TAMS 0x00000000fec00000| PB 0x00000000fec00000| Complete 
|1005|0x00000000fed00000, 0x00000000fee00000, 0x00000000fee00000|100%| E|CS|TAMS 0x00000000fed00000| PB 0x00000000fed00000| Complete 
|1006|0x00000000fee00000, 0x00000000fef00000, 0x00000000fef00000|100%| E|CS|TAMS 0x00000000fee00000| PB 0x00000000fee00000| Complete 
|1007|0x00000000fef00000, 0x00000000ff000000, 0x00000000ff000000|100%| E|CS|TAMS 0x00000000fef00000| PB 0x00000000fef00000| Complete 
|1008|0x00000000ff000000, 0x00000000ff100000, 0x00000000ff100000|100%| E|CS|TAMS 0x00000000ff000000| PB 0x00000000ff000000| Complete 
|1009|0x00000000ff100000, 0x00000000ff200000, 0x00000000ff200000|100%| E|CS|TAMS 0x00000000ff100000| PB 0x00000000ff100000| Complete 
|1010|0x00000000ff200000, 0x00000000ff300000, 0x00000000ff300000|100%| E|CS|TAMS 0x00000000ff200000| PB 0x00000000ff200000| Complete 
|1011|0x00000000ff300000, 0x00000000ff400000, 0x00000000ff400000|100%| E|CS|TAMS 0x00000000ff300000| PB 0x00000000ff300000| Complete 
|1012|0x00000000ff400000, 0x00000000ff500000, 0x00000000ff500000|100%| O|  |TAMS 0x00000000ff500000| PB 0x00000000ff400000| Updating 
|1013|0x00000000ff500000, 0x00000000ff600000, 0x00000000ff600000|100%| E|CS|TAMS 0x00000000ff500000| PB 0x00000000ff500000| Complete 
|1014|0x00000000ff600000, 0x00000000ff700000, 0x00000000ff700000|100%| E|CS|TAMS 0x00000000ff600000| PB 0x00000000ff600000| Complete 
|1015|0x00000000ff700000, 0x00000000ff800000, 0x00000000ff800000|100%| E|CS|TAMS 0x00000000ff700000| PB 0x00000000ff700000| Complete 
|1016|0x00000000ff800000, 0x00000000ff900000, 0x00000000ff900000|100%| E|CS|TAMS 0x00000000ff800000| PB 0x00000000ff800000| Complete 
|1017|0x00000000ff900000, 0x00000000ffa00000, 0x00000000ffa00000|100%| O|  |TAMS 0x00000000ffa00000| PB 0x00000000ff900000| Updating 
|1018|0x00000000ffa00000, 0x00000000ffb00000, 0x00000000ffb00000|100%| O|  |TAMS 0x00000000ffb00000| PB 0x00000000ffa00000| Untracked 
|1019|0x00000000ffb00000, 0x00000000ffc00000, 0x00000000ffc00000|100%| O|  |TAMS 0x00000000ffc00000| PB 0x00000000ffb00000| Updating 
|1020|0x00000000ffc00000, 0x00000000ffd00000, 0x00000000ffd00000|100%| E|CS|TAMS 0x00000000ffc00000| PB 0x00000000ffc00000| Complete 
|1021|0x00000000ffd00000, 0x00000000ffe00000, 0x00000000ffe00000|100%| O|  |TAMS 0x00000000ffe00000| PB 0x00000000ffd00000| Updating 
|1022|0x00000000ffe00000, 0x00000000fff00000, 0x00000000fff00000|100%| E|CS|TAMS 0x00000000ffe00000| PB 0x00000000ffe00000| Complete 
|1023|0x00000000fff00000, 0x0000000100000000, 0x0000000100000000|100%| O|  |TAMS 0x0000000100000000| PB 0x00000000fff00000| Updating 

Card table byte_map: [0x00007fa0b8c00000,0x00007fa0b8e00000] _byte_map_base: 0x00007fa0b8600000

Marking Bits: (CMBitMap*) 0x00007fa0c8069f40
 Bits: [0x00007fa0b7c00000, 0x00007fa0b8c00000)

Polling page: 0x00007fa0d0c50000

Metaspace:

Usage:
  Non-class:    146.79 MB used.
      Class:     22.54 MB used.
       Both:    169.33 MB used.

Virtual space:
  Non-class space:      192.00 MB reserved,     148.06 MB ( 77%) committed,  3 nodes.
      Class space:        1.00 GB reserved,      23.75 MB (  2%) committed,  1 nodes.
             Both:        1.19 GB reserved,     171.81 MB ( 14%) committed. 

Chunk freelists:
   Non-Class:  11.01 MB
       Class:  8.23 MB
        Both:  19.25 MB

MaxMetaspaceSize: unlimited
CompressedClassSpaceSize: 1.00 GB
Initial GC threshold: 21.00 MB
Current GC threshold: 286.25 MB
CDS: off
 - commit_granule_bytes: 65536.
 - commit_granule_words: 8192.
 - virtual_space_node_default_size: 8388608.
 - enlarge_chunks_in_place: 1.
 - use_allocation_guard: 0.


Internal statistics:

num_allocs_failed_limit: 15.
num_arena_births: 4908.
num_arena_deaths: 6.
num_vsnodes_births: 4.
num_vsnodes_deaths: 0.
num_space_committed: 2747.
num_space_uncommitted: 0.
num_chunks_returned_to_freelist: 22.
num_chunks_taken_from_freelist: 12076.
num_chunk_merges: 15.
num_chunk_splits: 8088.
num_chunks_enlarged: 5384.
num_inconsistent_stats: 0.

CodeHeap 'non-profiled nmethods': size=120032Kb used=14789Kb max_used=14789Kb free=105242Kb
 bounds [0x00007fa0c0ac8000, 0x00007fa0c1aa8000, 0x00007fa0c8000000]
CodeHeap 'profiled nmethods': size=120028Kb used=37423Kb max_used=46314Kb free=82604Kb
 bounds [0x00007fa0b9000000, 0x00007fa0bbe70000, 0x00007fa0c0537000]
CodeHeap 'non-nmethods': size=5700Kb used=2257Kb max_used=2324Kb free=3442Kb
 bounds [0x00007fa0c0537000, 0x00007fa0c07a7000, 0x00007fa0c0ac8000]
CodeCache: size=245760Kb, used=54469Kb, max_used=63427Kb, free=191288Kb
 total_blobs=16683, nmethods=15693, adapters=892, full_count=0
Compilation: enabled, stopped_count=0, restarted_count=0

Compilation events (20 events):
Event: 535.276 Thread 0x00007fa0c81c9d60 35081       2       com.android.tools.r8.graph.S3$$Lambda/0x00000001017b7960::apply (12 bytes)
Event: 535.277 Thread 0x00007fa0c81c9d60 nmethod 35081 0x00007fa0b99dc810 code [0x00007fa0b99dc9c0, 0x00007fa0b99dcb18]
Event: 535.419 Thread 0x00007fa0c81c9d60 35084       2       com.android.tools.r8.internal.l70::a (237 bytes)
Event: 535.421 Thread 0x00007fa0c81c9d60 nmethod 35084 0x00007fa0b977ae90 code [0x00007fa0b977b140, 0x00007fa0b977b8a0]
Event: 535.498 Thread 0x00007fa0c81c9d60 35085       3       com.android.tools.r8.internal.h70::isInitialized (39 bytes)
Event: 535.499 Thread 0x00007fa0c81c9d60 nmethod 35085 0x00007fa0bb49f690 code [0x00007fa0bb49f860, 0x00007fa0bb49fad0]
Event: 535.511 Thread 0x00007fa0c81c9d60 35086       2       com.android.tools.r8.internal.l70::isInitialized (148 bytes)
Event: 535.513 Thread 0x00007fa0c81c9d60 nmethod 35086 0x00007fa0ba0b2b10 code [0x00007fa0ba0b2d40, 0x00007fa0ba0b3220]
Event: 535.688 Thread 0x00007fa0c81c9d60 35087       3       com.android.tools.r8.internal.o90::a (327 bytes)
Event: 535.698 Thread 0x00007fa0c81c9d60 nmethod 35087 0x00007fa0b995bd10 code [0x00007fa0b995c300, 0x00007fa0b995f0b8]
Event: 535.868 Thread 0x00007fa0c81c9d60 35088       3       com.android.tools.r8.kotlin.K$$Lambda/0x000000010179e420::a (19 bytes)
Event: 535.869 Thread 0x00007fa0c81c9d60 nmethod 35088 0x00007fa0b9c0fa90 code [0x00007fa0b9c0fc60, 0x00007fa0b9c10138]
Event: 535.900 Thread 0x00007fa0c81c9d60 35089       3       com.android.tools.r8.internal.Vz::a (595 bytes)
Event: 535.922 Thread 0x00007fa0c81c9d60 nmethod 35089 0x00007fa0b9a48b90 code [0x00007fa0b9a493a0, 0x00007fa0b9a4e1a0]
Event: 535.928 Thread 0x00007fa0c81c9d60 35090       3       com.android.tools.r8.internal.Sa::a (40 bytes)
Event: 535.928 Thread 0x00007fa0c81c9d60 nmethod 35090 0x00007fa0b97a7a10 code [0x00007fa0b97a7bc0, 0x00007fa0b97a7e40]
Event: 535.965 Thread 0x00007fa0c81c86b0 nmethod 35070 0x00007fa0c1a8b490 code [0x00007fa0c1a8bf80, 0x00007fa0c1a92f88]
Event: 535.966 Thread 0x00007fa0c81c86b0 35071       4       com.android.tools.r8.internal.Uk0::a (374 bytes)
Event: 536.048 Thread 0x00007fa0c81c9d60 35091       2       org.gradle.internal.time.Time::startCountdownTimer (13 bytes)
Event: 536.049 Thread 0x00007fa0c81c9d60 nmethod 35091 0x00007fa0ba806f10 code [0x00007fa0ba8070e0, 0x00007fa0ba8073d0]

GC Heap History (20 events):
Event: 511.128 GC heap before
{Heap before GC invocations=221 (full 0):
 garbage-first heap   total 880640K, used 824832K [0x00000000c0000000, 0x0000000100000000)
  region size 1024K, 496 young (507904K), 17 survivors (17408K)
 Metaspace       used 173127K, committed 175680K, reserved 1245184K
  class space    used 23072K, committed 24320K, reserved 1048576K
}
Event: 511.183 GC heap after
{Heap after GC invocations=222 (full 0):
 garbage-first heap   total 880640K, used 332800K [0x00000000c0000000, 0x0000000100000000)
  region size 1024K, 15 young (15360K), 15 survivors (15360K)
 Metaspace       used 173127K, committed 175680K, reserved 1245184K
  class space    used 23072K, committed 24320K, reserved 1048576K
}
Event: 513.324 GC heap before
{Heap before GC invocations=222 (full 0):
 garbage-first heap   total 880640K, used 835584K [0x00000000c0000000, 0x0000000100000000)
  region size 1024K, 507 young (519168K), 15 survivors (15360K)
 Metaspace       used 173304K, committed 175872K, reserved 1245184K
  class space    used 23073K, committed 24320K, reserved 1048576K
}
Event: 513.467 GC heap after
{Heap after GC invocations=223 (full 0):
 garbage-first heap   total 890880K, used 371200K [0x00000000c0000000, 0x0000000100000000)
  region size 1024K, 53 young (54272K), 53 survivors (54272K)
 Metaspace       used 173304K, committed 175872K, reserved 1245184K
  class space    used 23073K, committed 24320K, reserved 1048576K
}
Event: 515.210 GC heap before
{Heap before GC invocations=223 (full 0):
 garbage-first heap   total 890880K, used 753152K [0x00000000c0000000, 0x0000000100000000)
  region size 1024K, 427 young (437248K), 53 survivors (54272K)
 Metaspace       used 173317K, committed 175872K, reserved 1245184K
  class space    used 23075K, committed 24320K, reserved 1048576K
}
Event: 515.354 GC heap after
{Heap after GC invocations=224 (full 0):
 garbage-first heap   total 890880K, used 378368K [0x00000000c0000000, 0x0000000100000000)
  region size 1024K, 16 young (16384K), 16 survivors (16384K)
 Metaspace       used 173317K, committed 175872K, reserved 1245184K
  class space    used 23075K, committed 24320K, reserved 1048576K
}
Event: 518.416 GC heap before
{Heap before GC invocations=224 (full 0):
 garbage-first heap   total 890880K, used 805376K [0x00000000c0000000, 0x0000000100000000)
  region size 1024K, 447 young (457728K), 16 survivors (16384K)
 Metaspace       used 173335K, committed 175872K, reserved 1245184K
  class space    used 23075K, committed 24320K, reserved 1048576K
}
Event: 518.514 GC heap after
{Heap after GC invocations=225 (full 0):
 garbage-first heap   total 890880K, used 371200K [0x00000000c0000000, 0x0000000100000000)
  region size 1024K, 23 young (23552K), 23 survivors (23552K)
 Metaspace       used 173335K, committed 175872K, reserved 1245184K
  class space    used 23075K, committed 24320K, reserved 1048576K
}
Event: 520.896 GC heap before
{Heap before GC invocations=226 (full 0):
 garbage-first heap   total 890880K, used 828928K [0x00000000c0000000, 0x0000000100000000)
  region size 1024K, 470 young (481280K), 23 survivors (23552K)
 Metaspace       used 173341K, committed 175872K, reserved 1245184K
  class space    used 23075K, committed 24320K, reserved 1048576K
}
Event: 520.985 GC heap after
{Heap after GC invocations=227 (full 0):
 garbage-first heap   total 890880K, used 372736K [0x00000000c0000000, 0x0000000100000000)
  region size 1024K, 24 young (24576K), 24 survivors (24576K)
 Metaspace       used 173341K, committed 175872K, reserved 1245184K
  class space    used 23075K, committed 24320K, reserved 1048576K
}
Event: 522.981 GC heap before
{Heap before GC invocations=227 (full 0):
 garbage-first heap   total 890880K, used 841728K [0x00000000c0000000, 0x0000000100000000)
  region size 1024K, 481 young (492544K), 24 survivors (24576K)
 Metaspace       used 173343K, committed 175872K, reserved 1245184K
  class space    used 23076K, committed 24320K, reserved 1048576K
}
Event: 523.099 GC heap after
{Heap after GC invocations=228 (full 0):
 garbage-first heap   total 890880K, used 313647K [0x00000000c0000000, 0x0000000100000000)
  region size 1024K, 24 young (24576K), 24 survivors (24576K)
 Metaspace       used 173343K, committed 175872K, reserved 1245184K
  class space    used 23076K, committed 24320K, reserved 1048576K
}
Event: 525.815 GC heap before
{Heap before GC invocations=228 (full 0):
 garbage-first heap   total 890880K, used 823599K [0x00000000c0000000, 0x0000000100000000)
  region size 1024K, 522 young (534528K), 24 survivors (24576K)
 Metaspace       used 173345K, committed 175872K, reserved 1245184K
  class space    used 23076K, committed 24320K, reserved 1048576K
}
Event: 525.911 GC heap after
{Heap after GC invocations=229 (full 0):
 garbage-first heap   total 890880K, used 316207K [0x00000000c0000000, 0x0000000100000000)
  region size 1024K, 27 young (27648K), 27 survivors (27648K)
 Metaspace       used 173345K, committed 175872K, reserved 1245184K
  class space    used 23076K, committed 24320K, reserved 1048576K
}
Event: 529.152 GC heap before
{Heap before GC invocations=230 (full 0):
 garbage-first heap   total 890880K, used 808448K [0x00000000c0000000, 0x0000000100000000)
  region size 1024K, 522 young (534528K), 27 survivors (27648K)
 Metaspace       used 173355K, committed 175872K, reserved 1245184K
  class space    used 23076K, committed 24320K, reserved 1048576K
}
Event: 529.253 GC heap after
{Heap after GC invocations=231 (full 0):
 garbage-first heap   total 890880K, used 307200K [0x00000000c0000000, 0x0000000100000000)
  region size 1024K, 33 young (33792K), 33 survivors (33792K)
 Metaspace       used 173355K, committed 175872K, reserved 1245184K
  class space    used 23076K, committed 24320K, reserved 1048576K
}
Event: 531.874 GC heap before
{Heap before GC invocations=231 (full 0):
 garbage-first heap   total 890880K, used 807936K [0x00000000c0000000, 0x0000000100000000)
  region size 1024K, 522 young (534528K), 33 survivors (33792K)
 Metaspace       used 173382K, committed 175936K, reserved 1245184K
  class space    used 23078K, committed 24320K, reserved 1048576K
}
Event: 531.953 GC heap after
{Heap after GC invocations=232 (full 0):
 garbage-first heap   total 890880K, used 283015K [0x00000000c0000000, 0x0000000100000000)
  region size 1024K, 29 young (29696K), 29 survivors (29696K)
 Metaspace       used 173382K, committed 175936K, reserved 1245184K
  class space    used 23078K, committed 24320K, reserved 1048576K
}
Event: 533.750 GC heap before
{Heap before GC invocations=232 (full 0):
 garbage-first heap   total 890880K, used 644487K [0x00000000c0000000, 0x0000000100000000)
  region size 1024K, 383 young (392192K), 29 survivors (29696K)
 Metaspace       used 173386K, committed 175936K, reserved 1245184K
  class space    used 23078K, committed 24320K, reserved 1048576K
}
Event: 533.857 GC heap after
{Heap after GC invocations=233 (full 0):
 garbage-first heap   total 890880K, used 290887K [0x00000000c0000000, 0x0000000100000000)
  region size 1024K, 37 young (37888K), 37 survivors (37888K)
 Metaspace       used 173386K, committed 175936K, reserved 1245184K
  class space    used 23078K, committed 24320K, reserved 1048576K
}

Dll operation events (14 events):
Event: 0.088 Loaded shared library /home/elonmusk/Downloads/android-studio/jbr/lib/libjava.so
Event: 0.115 Loaded shared library /home/elonmusk/Downloads/android-studio/jbr/lib/libzip.so
Event: 0.742 Loaded shared library /home/elonmusk/Downloads/android-studio/jbr/lib/libnio.so
Event: 0.795 Loaded shared library /home/elonmusk/Downloads/android-studio/jbr/lib/libinstrument.so
Event: 0.827 Loaded shared library /home/elonmusk/Downloads/android-studio/jbr/lib/libzip.so
Event: 1.147 Loaded shared library /home/elonmusk/Downloads/android-studio/jbr/lib/libnet.so
Event: 2.305 Loaded shared library /home/elonmusk/Downloads/android-studio/jbr/lib/libjimage.so
Event: 3.383 Loaded shared library /home/elonmusk/Downloads/android-studio/jbr/lib/libverify.so
Event: 3.511 Loaded shared library /home/elonmusk/.gradle/native/660c5614fbf4a5f2a75b1949f50a0caf5cd603558e7d8a26e50b933a0cfb79d1/linux-amd64/libnative-platform.so
Event: 3.719 Loaded shared library /home/elonmusk/.gradle/native/0.2.8/x86_64-linux-gnu/libgradle-fileevents.so
Event: 8.171 Loaded shared library /home/elonmusk/Downloads/android-studio/jbr/lib/libmanagement.so
Event: 8.220 Loaded shared library /home/elonmusk/Downloads/android-studio/jbr/lib/libmanagement_ext.so
Event: 8.580 Loaded shared library /home/elonmusk/Downloads/android-studio/jbr/lib/libextnet.so
Event: 244.131 Loaded shared library /home/elonmusk/Downloads/android-studio/jbr/lib/librmi.so

Deoptimization events (20 events):
Event: 534.845 Thread 0x00007fa050063d20 DEOPT PACKING pc=0x00007fa0bae20a60 sp=0x00007fa0685c1f60
Event: 534.845 Thread 0x00007fa050063d20 DEOPT UNPACKING pc=0x00007fa0c058b710 sp=0x00007fa0685c1630 mode 0
Event: 534.872 Thread 0x00007fa05402e880 DEOPT PACKING pc=0x00007fa0ba989958 sp=0x00007fa02f0e9e30
Event: 534.872 Thread 0x00007fa05402e880 DEOPT UNPACKING pc=0x00007fa0c058b710 sp=0x00007fa02f0e93d0 mode 0
Event: 535.122 Thread 0x00007fa054034e60 DEOPT PACKING pc=0x00007fa0bae20a1e sp=0x00007fa02ede6f80
Event: 535.122 Thread 0x00007fa054034e60 DEOPT UNPACKING pc=0x00007fa0c058b710 sp=0x00007fa02ede6650 mode 0
Event: 535.844 Thread 0x00007fa05402e880 DEOPT PACKING pc=0x00007fa0bae209fd sp=0x00007fa02f0e9f80
Event: 535.844 Thread 0x00007fa05402e880 DEOPT UNPACKING pc=0x00007fa0c058b710 sp=0x00007fa02f0e9648 mode 0
Event: 535.895 Thread 0x00007fa05402e880 Uncommon trap: trap_request=0xffffff45 fr.pc=0x00007fa0c149ad28 relative=0x00000000000049e8
Event: 535.895 Thread 0x00007fa05402e880 Uncommon trap: reason=unstable_if action=reinterpret pc=0x00007fa0c149ad28 method=com.android.tools.r8.internal.Sa.a(I)Lcom/android/tools/r8/internal/Va; @ 8 c2
Event: 535.895 Thread 0x00007fa05402e880 DEOPT PACKING pc=0x00007fa0c149ad28 sp=0x00007fa02f0e9f30
Event: 535.895 Thread 0x00007fa05402e880 DEOPT UNPACKING pc=0x00007fa0c058af93 sp=0x00007fa02f0e9e40 mode 2
Event: 535.895 Thread 0x00007fa05402e880 Uncommon trap: trap_request=0xffffff45 fr.pc=0x00007fa0c14bdf40 relative=0x00000000000003c0
Event: 535.895 Thread 0x00007fa05402e880 Uncommon trap: reason=unstable_if action=reinterpret pc=0x00007fa0c14bdf40 method=com.android.tools.r8.internal.Sa.a(I)Lcom/android/tools/r8/internal/Va; @ 8 c2
Event: 535.895 Thread 0x00007fa05402e880 DEOPT PACKING pc=0x00007fa0c14bdf40 sp=0x00007fa02f0e9c50
Event: 535.895 Thread 0x00007fa05402e880 DEOPT UNPACKING pc=0x00007fa0c058af93 sp=0x00007fa02f0e9c00 mode 2
Event: 535.902 Thread 0x00007fa05402e880 Uncommon trap: trap_request=0xffffffde fr.pc=0x00007fa0c17e0ad4 relative=0x0000000000001374
Event: 535.902 Thread 0x00007fa05402e880 Uncommon trap: reason=class_check action=maybe_recompile pc=0x00007fa0c17e0ad4 method=com.android.tools.r8.internal.Oa.h(I)Lcom/android/tools/r8/internal/Ma; @ 47 c2
Event: 535.902 Thread 0x00007fa05402e880 DEOPT PACKING pc=0x00007fa0c17e0ad4 sp=0x00007fa02f0ea020
Event: 535.902 Thread 0x00007fa05402e880 DEOPT UNPACKING pc=0x00007fa0c058af93 sp=0x00007fa02f0e9ff0 mode 2

Classes loaded (20 events):
Event: 268.613 Loading class java/util/PriorityQueue
Event: 268.614 Loading class java/util/PriorityQueue done
Event: 268.677 Loading class java/util/IdentityHashMap$ValueIterator
Event: 268.678 Loading class java/util/IdentityHashMap$ValueIterator done
Event: 269.772 Loading class java/util/AbstractList$SubList
Event: 269.773 Loading class java/util/AbstractList$SubList done
Event: 269.773 Loading class java/util/AbstractList$SubList$1
Event: 269.773 Loading class java/util/AbstractList$SubList$1 done
Event: 297.335 Loading class sun/rmi/transport/DGCClient$EndpointEntry$CleanRequest
Event: 297.335 Loading class sun/rmi/transport/DGCClient$EndpointEntry$CleanRequest done
Event: 320.138 Loading class java/nio/ByteBufferAsShortBufferL
Event: 320.138 Loading class java/nio/ByteBufferAsShortBufferL done
Event: 320.687 Loading class java/util/zip/Adler32
Event: 320.687 Loading class java/util/zip/Adler32 done
Event: 320.708 Loading class java/nio/file/Files$2
Event: 320.708 Loading class java/nio/file/Files$2 done
Event: 510.117 Loading class java/util/WeakHashMap$KeyIterator
Event: 510.117 Loading class java/util/WeakHashMap$HashIterator
Event: 510.118 Loading class java/util/WeakHashMap$HashIterator done
Event: 510.118 Loading class java/util/WeakHashMap$KeyIterator done

Classes unloaded (3 events):
Event: 154.333 Thread 0x00007fa0c80ee470 Unloading class 0x0000000100fac000 'java/lang/invoke/LambdaForm$MH+0x0000000100fac000'
Event: 265.883 Thread 0x00007fa0c80ee470 Unloading class 0x00000001013e4400 'java/lang/invoke/LambdaForm$DMH+0x00000001013e4400'
Event: 285.369 Thread 0x00007fa0c80ee470 Unloading class 0x000000010166c400 'java/lang/invoke/LambdaForm$DMH+0x000000010166c400'

Classes redefined (0 events):
No events

Internal exceptions (20 events):
Event: 510.373 Thread 0x00007fa05402e880 Exception <a 'sun/nio/fs/UnixException'{0x00000000e10f4808}> (0x00000000e10f4808) 
thrown [src/hotspot/share/prims/jni.cpp, line 537]
Event: 510.838 Thread 0x00007fa05402e880 Exception <a 'sun/nio/fs/UnixException'{0x00000000db316ac8}> (0x00000000db316ac8) 
thrown [src/hotspot/share/prims/jni.cpp, line 537]
Event: 511.119 Thread 0x00007fa050063d20 Exception <a 'sun/nio/fs/UnixException'{0x00000000d6aa3e48}> (0x00000000d6aa3e48) 
thrown [src/hotspot/share/prims/jni.cpp, line 537]
Event: 511.685 Thread 0x00007fa054034e60 Exception <a 'sun/nio/fs/UnixException'{0x00000000ef264df0}> (0x00000000ef264df0) 
thrown [src/hotspot/share/prims/jni.cpp, line 537]
Event: 511.749 Thread 0x00007fa05402e880 Exception <a 'sun/nio/fs/UnixException'{0x00000000ee578170}> (0x00000000ee578170) 
thrown [src/hotspot/share/prims/jni.cpp, line 537]
Event: 512.093 Thread 0x00007fa050063d20 Exception <a 'sun/nio/fs/UnixException'{0x00000000e9ad6bc8}> (0x00000000e9ad6bc8) 
thrown [src/hotspot/share/prims/jni.cpp, line 537]
Event: 512.313 Thread 0x00007fa05402e880 Exception <a 'sun/nio/fs/UnixException'{0x00000000e6f83510}> (0x00000000e6f83510) 
thrown [src/hotspot/share/prims/jni.cpp, line 537]
Event: 512.356 Thread 0x00007fa050063d20 Exception <a 'sun/nio/fs/UnixException'{0x00000000e6384408}> (0x00000000e6384408) 
thrown [src/hotspot/share/prims/jni.cpp, line 537]
Event: 512.801 Thread 0x00007fa050063d20 Exception <a 'sun/nio/fs/UnixException'{0x00000000de653da0}> (0x00000000de653da0) 
thrown [src/hotspot/share/prims/jni.cpp, line 537]
Event: 513.898 Thread 0x00007fa050063d20 Exception <a 'sun/nio/fs/UnixException'{0x00000000f073df20}> (0x00000000f073df20) 
thrown [src/hotspot/share/prims/jni.cpp, line 537]
Event: 514.325 Thread 0x00007fa050063d20 Exception <a 'sun/nio/fs/UnixException'{0x00000000e99059e0}> (0x00000000e99059e0) 
thrown [src/hotspot/share/prims/jni.cpp, line 537]
Event: 514.450 Thread 0x00007fa050063d20 Exception <a 'sun/nio/fs/UnixException'{0x00000000e80f8770}> (0x00000000e80f8770) 
thrown [src/hotspot/share/prims/jni.cpp, line 537]
Event: 517.032 Thread 0x00007fa054031a10 Exception <a 'sun/nio/fs/UnixException'{0x00000000e7b4d888}> (0x00000000e7b4d888) 
thrown [src/hotspot/share/prims/jni.cpp, line 537]
Event: 519.185 Thread 0x00007fa0c95c47e0 Exception <a 'sun/nio/fs/UnixException'{0x00000000f0002488}> (0x00000000f0002488) 
thrown [src/hotspot/share/prims/jni.cpp, line 537]
Event: 521.177 Thread 0x00007fa050063d20 Exception <a 'sun/nio/fs/UnixException'{0x00000000fd8eb818}> (0x00000000fd8eb818) 
thrown [src/hotspot/share/prims/jni.cpp, line 537]
Event: 527.603 Thread 0x00007fa050063d20 Exception <a 'sun/nio/fs/UnixException'{0x00000000e6adfd58}> (0x00000000e6adfd58) 
thrown [src/hotspot/share/prims/jni.cpp, line 537]
Event: 529.254 Thread 0x00007fa0c95c47e0 Exception <a 'sun/nio/fs/UnixException'{0x00000000ffc00fc8}> (0x00000000ffc00fc8) 
thrown [src/hotspot/share/prims/jni.cpp, line 537]
Event: 531.257 Thread 0x00007fa054031a10 Exception <a 'sun/nio/fs/UnixException'{0x00000000dddf4758}> (0x00000000dddf4758) 
thrown [src/hotspot/share/prims/jni.cpp, line 537]
Event: 534.306 Thread 0x00007fa05402e880 Exception <a 'sun/nio/fs/UnixException'{0x00000000f3656288}> (0x00000000f3656288) 
thrown [src/hotspot/share/prims/jni.cpp, line 537]
Event: 536.040 Thread 0x00007fa05402e880 Exception <a 'sun/nio/fs/UnixException'{0x00000000e3bdc1a0}> (0x00000000e3bdc1a0) 
thrown [src/hotspot/share/prims/jni.cpp, line 537]

ZGC Phase Switch (0 events):
No events

VM Operations (20 events):
Event: 528.436 Executing VM operation: Cleanup
Event: 528.446 Executing VM operation: Cleanup done
Event: 529.102 Executing VM operation: G1PauseCleanup
Event: 529.104 Executing VM operation: G1PauseCleanup done
Event: 529.151 Executing VM operation: G1CollectForAllocation (G1 Evacuation Pause)
Event: 529.254 Executing VM operation: G1CollectForAllocation (G1 Evacuation Pause) done
Event: 530.254 Executing VM operation: Cleanup
Event: 530.254 Executing VM operation: Cleanup done
Event: 531.254 Executing VM operation: Cleanup
Event: 531.256 Executing VM operation: Cleanup done
Event: 531.873 Executing VM operation: G1CollectForAllocation (G1 Evacuation Pause)
Event: 531.953 Executing VM operation: G1CollectForAllocation (G1 Evacuation Pause) done
Event: 532.955 Executing VM operation: Cleanup
Event: 532.956 Executing VM operation: Cleanup done
Event: 533.748 Executing VM operation: G1TryInitiateConcMark (G1 Humongous Allocation)
Event: 533.862 Executing VM operation: G1TryInitiateConcMark (G1 Humongous Allocation) done
Event: 534.864 Executing VM operation: Cleanup
Event: 534.865 Executing VM operation: Cleanup done
Event: 535.587 Executing VM operation: G1PauseRemark
Event: 535.651 Executing VM operation: G1PauseRemark done

Memory protections (20 events):
Event: 164.052 Protecting memory [0x00007fa02ecee000,0x00007fa02ecf2000] with protection modes 0
Event: 164.694 Protecting memory [0x00007fa02ebed000,0x00007fa02ebf1000] with protection modes 0
Event: 165.517 Protecting memory [0x00007fa0686ce000,0x00007fa0686d2000] with protection modes 0
Event: 166.158 Protecting memory [0x00007fa0686ce000,0x00007fa0686d2000] with protection modes 0
Event: 169.865 Protecting memory [0x00007fa0686ce000,0x00007fa0686d2000] with protection modes 0
Event: 171.407 Protecting memory [0x00007fa0686ce000,0x00007fa0686d2000] with protection modes 0
Event: 177.948 Protecting memory [0x00007fa0686ce000,0x00007fa0686d2000] with protection modes 0
Event: 178.578 Protecting memory [0x00007fa0686ce000,0x00007fa0686d2000] with protection modes 0
Event: 181.086 Protecting memory [0x00007fa0686ce000,0x00007fa0686d2000] with protection modes 0
Event: 181.874 Protecting memory [0x00007fa0686ce000,0x00007fa0686d2000] with protection modes 0
Event: 182.723 Protecting memory [0x00007fa0686ce000,0x00007fa0686d2000] with protection modes 0
Event: 240.614 Protecting memory [0x00007fa0686ce000,0x00007fa0686d2000] with protection modes 0
Event: 241.036 Protecting memory [0x00007fa0b78db000,0x00007fa0b78df000] with protection modes 0
Event: 241.080 Protecting memory [0x00007fa02eaec000,0x00007fa02eaf0000] with protection modes 0
Event: 244.103 Protecting memory [0x00007fa02eaec000,0x00007fa02eaf0000] with protection modes 0
Event: 244.130 Protecting memory [0x00007fa02e9eb000,0x00007fa02e9ef000] with protection modes 0
Event: 244.135 Protecting memory [0x00007fa02e8ea000,0x00007fa02e8ee000] with protection modes 0
Event: 244.449 Protecting memory [0x00007fa02e7e9000,0x00007fa02e7ed000] with protection modes 0
Event: 244.458 Protecting memory [0x00007fa02e6e8000,0x00007fa02e6ec000] with protection modes 0
Event: 244.655 Protecting memory [0x00007fa02e5e7000,0x00007fa02e5eb000] with protection modes 0

Nmethod flushes (20 events):
Event: 535.643 Thread 0x00007fa0c80ee470 flushing  nmethod 0x00007fa0b9c9e210
Event: 535.643 Thread 0x00007fa0c80ee470 flushing  nmethod 0x00007fa0bbae4090
Event: 535.643 Thread 0x00007fa0c80ee470 flushing  nmethod 0x00007fa0b9414990
Event: 535.643 Thread 0x00007fa0c80ee470 flushing  nmethod 0x00007fa0b9665910
Event: 535.643 Thread 0x00007fa0c80ee470 flushing  nmethod 0x00007fa0b96bbc10
Event: 535.643 Thread 0x00007fa0c80ee470 flushing  nmethod 0x00007fa0b9c1bd10
Event: 535.643 Thread 0x00007fa0c80ee470 flushing  nmethod 0x00007fa0ba0aa210
Event: 535.643 Thread 0x00007fa0c80ee470 flushing  nmethod 0x00007fa0ba806f10
Event: 535.643 Thread 0x00007fa0c80ee470 flushing  nmethod 0x00007fa0bb26d890
Event: 535.643 Thread 0x00007fa0c80ee470 flushing  nmethod 0x00007fa0bb2c0810
Event: 535.643 Thread 0x00007fa0c80ee470 flushing  nmethod 0x00007fa0bb499810
Event: 535.643 Thread 0x00007fa0c80ee470 flushing  nmethod 0x00007fa0bb49ac10
Event: 535.643 Thread 0x00007fa0c80ee470 flushing  nmethod 0x00007fa0bb4d6d90
Event: 535.643 Thread 0x00007fa0c80ee470 flushing  nmethod 0x00007fa0bb4e9290
Event: 535.643 Thread 0x00007fa0c80ee470 flushing  nmethod 0x00007fa0bb4fab90
Event: 535.643 Thread 0x00007fa0c80ee470 flushing  nmethod 0x00007fa0bb5fd410
Event: 535.643 Thread 0x00007fa0c80ee470 flushing  nmethod 0x00007fa0bb67e410
Event: 535.643 Thread 0x00007fa0c80ee470 flushing  nmethod 0x00007fa0bb67e910
Event: 535.643 Thread 0x00007fa0c80ee470 flushing  nmethod 0x00007fa0bb67ee10
Event: 535.643 Thread 0x00007fa0c80ee470 flushing  nmethod 0x00007fa0bb6d7b90

Events (20 events):
Event: 178.578 Thread 0x00007fa0c81c9d60 Thread added: 0x00007fa0780c7210
Event: 180.942 Thread 0x00007fa0780c7210 Thread exited: 0x00007fa0780c7210
Event: 181.086 Thread 0x00007fa0c81c9d60 Thread added: 0x00007fa07865f620
Event: 181.265 Thread 0x00007fa07865f620 Thread exited: 0x00007fa07865f620
Event: 181.874 Thread 0x00007fa0c81c9d60 Thread added: 0x00007fa078079240
Event: 182.138 Thread 0x00007fa078079240 Thread exited: 0x00007fa078079240
Event: 182.715 Thread 0x00007fa0c81c9d60 Thread added: 0x00007fa078bca360
Event: 184.443 Thread 0x00007fa078bca360 Thread exited: 0x00007fa078bca360
Event: 240.612 Thread 0x00007fa04056c1e0 Thread added: 0x00007fa05068d140
Event: 241.036 Thread 0x00007fa05068d140 Thread added: 0x00007fa07c126f40
Event: 241.079 Thread 0x00007fa05068d140 Thread added: 0x00007fa07c12cf20
Event: 243.628 Thread 0x00007fa07c12cf20 Thread exited: 0x00007fa07c12cf20
Event: 244.103 Thread 0x00007fa05068d140 Thread added: 0x00007fa07c13dae0
Event: 244.130 Thread 0x00007fa05068d140 Thread added: 0x00007fa07c146c70
Event: 244.134 Thread 0x00007fa05068d140 Thread added: 0x00007fa07c148750
Event: 244.448 Thread 0x00007fa05068d140 Thread added: 0x00007fa07c1578a0
Event: 244.454 Thread 0x00007fa05068d140 Thread added: 0x00007fa07c159d30
Event: 244.653 Thread 0x00007fa07c1578a0 Thread added: 0x00007fa098003ab0
Event: 297.352 Thread 0x00007fa07c146c70 Thread exited: 0x00007fa07c146c70
Event: 383.392 Thread 0x00007fa098003ab0 Thread exited: 0x00007fa098003ab0


Dynamic libraries:
c0000000-f3c00000 rw-p 00000000 00:00 0 
f3c00000-fd600000 ---p 00000000 00:00 0 
fd600000-100040000 rw-p 00000000 00:00 0 
100040000-1000c0000 rw-p 00000000 00:00 0 
1000c0000-100100000 rw-p 00000000 00:00 0 
100100000-100180000 rw-p 00000000 00:00 0 
100180000-100240000 rw-p 00000000 00:00 0 
100240000-100280000 rw-p 00000000 00:00 0 
100280000-1006c0000 rw-p 00000000 00:00 0 
1006c0000-100700000 rw-p 00000000 00:00 0 
100700000-100b40000 rw-p 00000000 00:00 0 
100b40000-100b80000 rw-p 00000000 00:00 0 
100b80000-100d40000 rw-p 00000000 00:00 0 
100d40000-100d80000 rw-p 00000000 00:00 0 
100d80000-101240000 rw-p 00000000 00:00 0 
101240000-101340000 rw-p 00000000 00:00 0 
101340000-1013b0000 rw-p 00000000 00:00 0 
1013b0000-1013c0000 ---p 00000000 00:00 0 
1013c0000-1017d0000 rw-p 00000000 00:00 0 
1017d0000-140000000 ---p 00000000 00:00 0 
555a682a4000-555a682a5000 r--p 00000000 08:01 12323833                   /home/elonmusk/Downloads/android-studio/jbr/bin/java
555a682a5000-555a682a6000 r-xp 00000000 08:01 12323833                   /home/elonmusk/Downloads/android-studio/jbr/bin/java
555a682a6000-555a682a8000 r--p 00000000 08:01 12323833                   /home/elonmusk/Downloads/android-studio/jbr/bin/java
555a682a8000-555a682a9000 rw-p 00001000 08:01 12323833                   /home/elonmusk/Downloads/android-studio/jbr/bin/java
555a83c3a000-555a83cfb000 rw-p 00000000 00:00 0                          [heap]
7fa024000000-7fa02562a000 rw-p 00000000 00:00 0 
7fa02562a000-7fa028000000 ---p 00000000 00:00 0 
7fa029ca6000-7fa02b300000 rw-p 00000000 00:00 0 
7fa02b300000-7fa02b310000 rw-p 00000000 00:00 0 
7fa02b310000-7fa02b400000 ---p 00000000 00:00 0 
7fa02b400000-7fa02b500000 rw-p 00000000 00:00 0 
7fa02b500000-7fa02e000000 ---p 00000000 00:00 0 
7fa02e239000-7fa02e5e6000 rw-p 00000000 00:00 0 
7fa02e5e6000-7fa02e5e7000 rw-p 00000000 00:00 0 
7fa02e5e7000-7fa02e5eb000 ---p 00000000 00:00 0 
7fa02e5eb000-7fa02e6e8000 rw-p 00000000 00:00 0 
7fa02e6e8000-7fa02e6ec000 ---p 00000000 00:00 0 
7fa02e6ec000-7fa02e7e9000 rw-p 00000000 00:00 0 
7fa02e7e9000-7fa02e7ed000 ---p 00000000 00:00 0 
7fa02e7ed000-7fa02e8ea000 rw-p 00000000 00:00 0 
7fa02e8ea000-7fa02e8ee000 ---p 00000000 00:00 0 
7fa02e8ee000-7fa02e9eb000 rw-p 00000000 00:00 0 
7fa02e9eb000-7fa02e9ef000 ---p 00000000 00:00 0 
7fa02e9ef000-7fa02eaec000 rw-p 00000000 00:00 0 
7fa02eaec000-7fa02eaf0000 ---p 00000000 00:00 0 
7fa02eaf0000-7fa02ebed000 rw-p 00000000 00:00 0 
7fa02ebed000-7fa02ebf1000 ---p 00000000 00:00 0 
7fa02ebf1000-7fa02ecee000 rw-p 00000000 00:00 0 
7fa02ecee000-7fa02ecf2000 ---p 00000000 00:00 0 
7fa02ecf2000-7fa02edef000 rw-p 00000000 00:00 0 
7fa02edef000-7fa02edf3000 ---p 00000000 00:00 0 
7fa02edf3000-7fa02eef0000 rw-p 00000000 00:00 0 
7fa02eef0000-7fa02eef4000 ---p 00000000 00:00 0 
7fa02eef4000-7fa02eff1000 rw-p 00000000 00:00 0 
7fa02eff1000-7fa02eff5000 ---p 00000000 00:00 0 
7fa02eff5000-7fa02f0f2000 rw-p 00000000 00:00 0 
7fa02f0f2000-7fa02f0f6000 ---p 00000000 00:00 0 
7fa02f0f6000-7fa02f1f3000 rw-p 00000000 00:00 0 
7fa02f1f3000-7fa02f1f7000 ---p 00000000 00:00 0 
7fa02f1f7000-7fa02f2f4000 rw-p 00000000 00:00 0 
7fa02f2f4000-7fa02f2f8000 ---p 00000000 00:00 0 
7fa02f2f8000-7fa02f3f5000 rw-p 00000000 00:00 0 
7fa02f3f5000-7fa02f3f9000 ---p 00000000 00:00 0 
7fa02f3f9000-7fa02f4f6000 rw-p 00000000 00:00 0 
7fa02f4f6000-7fa02f4fa000 ---p 00000000 00:00 0 
7fa02f4fa000-7fa02f5f7000 rw-p 00000000 00:00 0 
7fa02f5f7000-7fa02f5fb000 ---p 00000000 00:00 0 
7fa02f5fb000-7fa02f6f8000 rw-p 00000000 00:00 0 
7fa02f6f8000-7fa02f6fc000 ---p 00000000 00:00 0 
7fa02f6fc000-7fa02f7f9000 rw-p 00000000 00:00 0 
7fa02f7f9000-7fa02f7fd000 ---p 00000000 00:00 0 
7fa02f7fd000-7fa02f8fa000 rw-p 00000000 00:00 0 
7fa02f8fa000-7fa02f8fe000 ---p 00000000 00:00 0 
7fa02f8fe000-7fa02f9fb000 rw-p 00000000 00:00 0 
7fa02f9fb000-7fa02f9ff000 ---p 00000000 00:00 0 
7fa02f9ff000-7fa02fafc000 rw-p 00000000 00:00 0 
7fa02fafc000-7fa02fb00000 ---p 00000000 00:00 0 
7fa02fb00000-7fa02fbfd000 rw-p 00000000 00:00 0 
7fa02fbfd000-7fa02fc01000 ---p 00000000 00:00 0 
7fa02fc01000-7fa02fcfe000 rw-p 00000000 00:00 0 
7fa02fcfe000-7fa02fd02000 ---p 00000000 00:00 0 
7fa02fd02000-7fa02fdff000 rw-p 00000000 00:00 0 
7fa02fdff000-7fa02fe03000 ---p 00000000 00:00 0 
7fa02fe03000-7fa02ff00000 rw-p 00000000 00:00 0 
7fa02ff00000-7fa02ff04000 ---p 00000000 00:00 0 
7fa02ff04000-7fa030000000 rw-p 00000000 00:00 0 
7fa030000000-7fa030580000 rw-p 00000000 00:00 0 
7fa030580000-7fa030600000 rw-p 00000000 00:00 0 
7fa030600000-7fa030c80000 rw-p 00000000 00:00 0 
7fa030c80000-7fa030d00000 rw-p 00000000 00:00 0 
7fa030d00000-7fa031e00000 rw-p 00000000 00:00 0 
7fa031e00000-7fa031fc0000 rw-p 00000000 00:00 0 
7fa031fc0000-7fa032000000 rw-p 00000000 00:00 0 
7fa032000000-7fa032500000 rw-p 00000000 00:00 0 
7fa032500000-7fa032900000 rw-p 00000000 00:00 0 
7fa032900000-7fa032a00000 rw-p 00000000 00:00 0 
7fa032a00000-7fa032b80000 rw-p 00000000 00:00 0 
7fa032b80000-7fa032c00000 rw-p 00000000 00:00 0 
7fa032c00000-7fa033000000 rw-p 00000000 00:00 0 
7fa033000000-7fa033100000 rw-p 00000000 00:00 0 
7fa033100000-7fa033300000 rw-p 00000000 00:00 0 
7fa033300000-7fa033480000 rw-p 00000000 00:00 0 
7fa033480000-7fa033500000 rw-p 00000000 00:00 0 
7fa033500000-7fa033b00000 rw-p 00000000 00:00 0 
7fa033b00000-7fa033c00000 rw-p 00000000 00:00 0 
7fa033c00000-7fa034000000 rw-p 00000000 00:00 0 
7fa034000000-7fa034d3a000 rw-p 00000000 00:00 0 
7fa034d3a000-7fa038000000 ---p 00000000 00:00 0 
7fa038000000-7fa039241000 rw-p 00000000 00:00 0 
7fa039241000-7fa03c000000 ---p 00000000 00:00 0 
7fa03c000000-7fa03ceda000 rw-p 00000000 00:00 0 
7fa03ceda000-7fa040000000 ---p 00000000 00:00 0 
7fa040000000-7fa040570000 rw-p 00000000 00:00 0 
7fa040570000-7fa044000000 ---p 00000000 00:00 0 
7fa044000000-7fa044041000 rw-p 00000000 00:00 0 
7fa044041000-7fa048000000 ---p 00000000 00:00 0 
7fa048000000-7fa04bffb000 rw-p 00000000 00:00 0 
7fa04bffb000-7fa04c000000 ---p 00000000 00:00 0 
7fa04c000000-7fa04c449000 rw-p 00000000 00:00 0 
7fa04c449000-7fa050000000 ---p 00000000 00:00 0 
7fa050000000-7fa050b3f000 rw-p 00000000 00:00 0 
7fa050b3f000-7fa054000000 ---p 00000000 00:00 0 
7fa054000000-7fa0541bb000 rw-p 00000000 00:00 0 
7fa0541bb000-7fa058000000 ---p 00000000 00:00 0 
7fa058000000-7fa058024000 rw-p 00000000 00:00 0 
7fa058024000-7fa05c000000 ---p 00000000 00:00 0 
7fa05c000000-7fa05c7c6000 rw-p 00000000 00:00 0 
7fa05c7c6000-7fa060000000 ---p 00000000 00:00 0 
7fa060000000-7fa06097d000 rw-p 00000000 00:00 0 
7fa06097d000-7fa064000000 ---p 00000000 00:00 0 
7fa064000000-7fa064e77000 rw-p 00000000 00:00 0 
7fa064e77000-7fa068000000 ---p 00000000 00:00 0 
7fa0680c7000-7fa0680c8000 rw-p 00000000 00:00 0 
7fa0680c8000-7fa0680cc000 ---p 00000000 00:00 0 
7fa0680cc000-7fa0681c9000 rw-p 00000000 00:00 0 
7fa0681c9000-7fa0681cd000 ---p 00000000 00:00 0 
7fa0681cd000-7fa0682ca000 rw-p 00000000 00:00 0 
7fa0682ca000-7fa0682ce000 ---p 00000000 00:00 0 
7fa0682ce000-7fa0683cb000 rw-p 00000000 00:00 0 
7fa0683cb000-7fa0683cf000 ---p 00000000 00:00 0 
7fa0683cf000-7fa0684cc000 rw-p 00000000 00:00 0 
7fa0684cc000-7fa0684d0000 ---p 00000000 00:00 0 
7fa0684d0000-7fa0685cd000 rw-p 00000000 00:00 0 
7fa0685cd000-7fa0685d1000 ---p 00000000 00:00 0 
7fa0685d1000-7fa0686ce000 rw-p 00000000 00:00 0 
7fa0686ce000-7fa0686d2000 ---p 00000000 00:00 0 
7fa0686d2000-7fa0687cf000 rw-p 00000000 00:00 0 
7fa0687cf000-7fa0687d3000 ---p 00000000 00:00 0 
7fa0687d3000-7fa0688d0000 rw-p 00000000 00:00 0 
7fa0688d0000-7fa0688d4000 ---p 00000000 00:00 0 
7fa0688d4000-7fa0689d1000 rw-p 00000000 00:00 0 
7fa0689d1000-7fa0689d5000 ---p 00000000 00:00 0 
7fa0689d5000-7fa068ad2000 rw-p 00000000 00:00 0 
7fa068ad2000-7fa068ad6000 ---p 00000000 00:00 0 
7fa068ad6000-7fa068bd3000 rw-p 00000000 00:00 0 
7fa068bd3000-7fa068bd7000 ---p 00000000 00:00 0 
7fa068bd7000-7fa068cd4000 rw-p 00000000 00:00 0 
7fa068cd4000-7fa068cd8000 ---p 00000000 00:00 0 
7fa068cd8000-7fa068dd5000 rw-p 00000000 00:00 0 
7fa068dd5000-7fa068dd9000 ---p 00000000 00:00 0 
7fa068dd9000-7fa068ed6000 rw-p 00000000 00:00 0 
7fa068ed6000-7fa068eda000 ---p 00000000 00:00 0 
7fa068eda000-7fa068fd7000 rw-p 00000000 00:00 0 
7fa068fd7000-7fa068fdb000 ---p 00000000 00:00 0 
7fa068fdb000-7fa0690d8000 rw-p 00000000 00:00 0 
7fa0690d8000-7fa0690dc000 ---p 00000000 00:00 0 
7fa0690dc000-7fa0691d9000 rw-p 00000000 00:00 0 
7fa0691d9000-7fa0691dd000 ---p 00000000 00:00 0 
7fa0691dd000-7fa0692da000 rw-p 00000000 00:00 0 
7fa0692da000-7fa0692de000 ---p 00000000 00:00 0 
7fa0692de000-7fa0693db000 rw-p 00000000 00:00 0 
7fa0693db000-7fa0693df000 ---p 00000000 00:00 0 
7fa0693df000-7fa0694dc000 rw-p 00000000 00:00 0 
7fa0694dc000-7fa0694e0000 ---p 00000000 00:00 0 
7fa0694e0000-7fa0695dd000 rw-p 00000000 00:00 0 
7fa0695dd000-7fa0695e1000 ---p 00000000 00:00 0 
7fa0695e1000-7fa0696de000 rw-p 00000000 00:00 0 
7fa0696de000-7fa0696e2000 ---p 00000000 00:00 0 
7fa0696e2000-7fa0697df000 rw-p 00000000 00:00 0 
7fa0697df000-7fa0697e3000 ---p 00000000 00:00 0 
7fa0697e3000-7fa0698e0000 rw-p 00000000 00:00 0 
7fa0698e0000-7fa0698e4000 ---p 00000000 00:00 0 
7fa0698e4000-7fa0699e1000 rw-p 00000000 00:00 0 
7fa0699e1000-7fa0699e5000 ---p 00000000 00:00 0 
7fa0699e5000-7fa069ae2000 rw-p 00000000 00:00 0 
7fa069ae2000-7fa069ae6000 ---p 00000000 00:00 0 
7fa069ae6000-7fa069be3000 rw-p 00000000 00:00 0 
7fa069be3000-7fa069be7000 ---p 00000000 00:00 0 
7fa069be7000-7fa069ce4000 rw-p 00000000 00:00 0 
7fa069ce4000-7fa069ce8000 ---p 00000000 00:00 0 
7fa069ce8000-7fa069de5000 rw-p 00000000 00:00 0 
7fa069de5000-7fa069de9000 ---p 00000000 00:00 0 
7fa069de9000-7fa069ee6000 rw-p 00000000 00:00 0 
7fa069ee6000-7fa069eea000 ---p 00000000 00:00 0 
7fa069eea000-7fa069fe7000 rw-p 00000000 00:00 0 
7fa069fe7000-7fa069feb000 ---p 00000000 00:00 0 
7fa069feb000-7fa06a0e8000 rw-p 00000000 00:00 0 
7fa06a0e8000-7fa06a0ec000 ---p 00000000 00:00 0 
7fa06a0ec000-7fa06a1e9000 rw-p 00000000 00:00 0 
7fa06a1e9000-7fa06a1ed000 ---p 00000000 00:00 0 
7fa06a1ed000-7fa06a2ea000 rw-p 00000000 00:00 0 
7fa06a2ea000-7fa06a2ee000 ---p 00000000 00:00 0 
7fa06a2ee000-7fa06a3eb000 rw-p 00000000 00:00 0 
7fa06a3eb000-7fa06a3ef000 ---p 00000000 00:00 0 
7fa06a3ef000-7fa06a4ec000 rw-p 00000000 00:00 0 
7fa06a4ec000-7fa06a4f0000 ---p 00000000 00:00 0 
7fa06a4f0000-7fa06a5ed000 rw-p 00000000 00:00 0 
7fa06a5ed000-7fa06a5f1000 ---p 00000000 00:00 0 
7fa06a5f1000-7fa06a6ee000 rw-p 00000000 00:00 0 
7fa06a6ee000-7fa06a6f2000 ---p 00000000 00:00 0 
7fa06a6f2000-7fa06a7ef000 rw-p 00000000 00:00 0 
7fa06a7ef000-7fa06a7f3000 ---p 00000000 00:00 0 
7fa06a7f3000-7fa06a8f0000 rw-p 00000000 00:00 0 
7fa06a8f0000-7fa06a8f4000 ---p 00000000 00:00 0 
7fa06a8f4000-7fa06a9f1000 rw-p 00000000 00:00 0 
7fa06a9f1000-7fa06a9f5000 ---p 00000000 00:00 0 
7fa06a9f5000-7fa06aaf2000 rw-p 00000000 00:00 0 
7fa06aaf2000-7fa06aaf6000 ---p 00000000 00:00 0 
7fa06aaf6000-7fa06abf3000 rw-p 00000000 00:00 0 
7fa06abf3000-7fa06abf7000 ---p 00000000 00:00 0 
7fa06abf7000-7fa06acf4000 rw-p 00000000 00:00 0 
7fa06acf4000-7fa06acf8000 ---p 00000000 00:00 0 
7fa06acf8000-7fa06adf5000 rw-p 00000000 00:00 0 
7fa06adf5000-7fa06adf9000 ---p 00000000 00:00 0 
7fa06adf9000-7fa06aef6000 rw-p 00000000 00:00 0 
7fa06aef6000-7fa06aefa000 ---p 00000000 00:00 0 
7fa06aefa000-7fa06aff7000 rw-p 00000000 00:00 0 
7fa06aff7000-7fa06affb000 ---p 00000000 00:00 0 
7fa06affb000-7fa06b0f8000 rw-p 00000000 00:00 0 
7fa06b0f8000-7fa06b0fc000 ---p 00000000 00:00 0 
7fa06b0fc000-7fa06b1f9000 rw-p 00000000 00:00 0 
7fa06b1f9000-7fa06b1fd000 ---p 00000000 00:00 0 
7fa06b1fd000-7fa06b2fa000 rw-p 00000000 00:00 0 
7fa06b2fa000-7fa06b2fe000 ---p 00000000 00:00 0 
7fa06b2fe000-7fa06b3fb000 rw-p 00000000 00:00 0 
7fa06b3fb000-7fa06b3ff000 ---p 00000000 00:00 0 
7fa06b3ff000-7fa06b4fc000 rw-p 00000000 00:00 0 
7fa06b4fc000-7fa06b500000 ---p 00000000 00:00 0 
7fa06b500000-7fa06b5fd000 rw-p 00000000 00:00 0 
7fa06b5fd000-7fa06b601000 ---p 00000000 00:00 0 
7fa06b601000-7fa06b6fe000 rw-p 00000000 00:00 0 
7fa06b6fe000-7fa06b702000 ---p 00000000 00:00 0 
7fa06b702000-7fa06b7ff000 rw-p 00000000 00:00 0 
7fa06b7ff000-7fa06b803000 ---p 00000000 00:00 0 
7fa06b803000-7fa06b900000 rw-p 00000000 00:00 0 
7fa06b900000-7fa06b904000 ---p 00000000 00:00 0 
7fa06b904000-7fa06ba00000 rw-p 00000000 00:00 0 
7fa06ba00000-7fa06ba05000 r-xp 00000000 08:01 12453595                   /home/elonmusk/.gradle/native/660c5614fbf4a5f2a75b1949f50a0caf5cd603558e7d8a26e50b933a0cfb79d1/linux-amd64/libnative-platform.so
7fa06ba05000-7fa06bc05000 ---p 00005000 08:01 12453595                   /home/elonmusk/.gradle/native/660c5614fbf4a5f2a75b1949f50a0caf5cd603558e7d8a26e50b933a0cfb79d1/linux-amd64/libnative-platform.so
7fa06bc05000-7fa06bc06000 r--p 00005000 08:01 12453595                   /home/elonmusk/.gradle/native/660c5614fbf4a5f2a75b1949f50a0caf5cd603558e7d8a26e50b933a0cfb79d1/linux-amd64/libnative-platform.so
7fa06bc06000-7fa06bc07000 rw-p 00006000 08:01 12453595                   /home/elonmusk/.gradle/native/660c5614fbf4a5f2a75b1949f50a0caf5cd603558e7d8a26e50b933a0cfb79d1/linux-amd64/libnative-platform.so
7fa06bcfd000-7fa06bdff000 rw-p 00000000 00:00 0 
7fa06bdff000-7fa06be03000 ---p 00000000 00:00 0 
7fa06be03000-7fa06c000000 rw-p 00000000 00:00 0 
7fa06c000000-7fa06cf0c000 rw-p 00000000 00:00 0 
7fa06cf0c000-7fa070000000 ---p 00000000 00:00 0 
7fa070000000-7fa07022e000 rw-p 00000000 00:00 0 
7fa07022e000-7fa074000000 ---p 00000000 00:00 0 
7fa074000000-7fa077bf8000 rw-p 00000000 00:00 0 
7fa077bf8000-7fa078000000 ---p 00000000 00:00 0 
7fa078000000-7fa07977b000 rw-p 00000000 00:00 0 
7fa07977b000-7fa07c000000 ---p 00000000 00:00 0 
7fa07c000000-7fa07c16f000 rw-p 00000000 00:00 0 
7fa07c16f000-7fa080000000 ---p 00000000 00:00 0 
7fa080000000-7fa0804ae000 rw-p 00000000 00:00 0 
7fa0804ae000-7fa084000000 ---p 00000000 00:00 0 
7fa084000000-7fa084d57000 rw-p 00000000 00:00 0 
7fa084d57000-7fa088000000 ---p 00000000 00:00 0 
7fa088000000-7fa088088000 rw-p 00000000 00:00 0 
7fa088088000-7fa08c000000 ---p 00000000 00:00 0 
7fa08c000000-7fa08c1e2000 rw-p 00000000 00:00 0 
7fa08c1e2000-7fa090000000 ---p 00000000 00:00 0 
7fa090000000-7fa090091000 rw-p 00000000 00:00 0 
7fa090091000-7fa094000000 ---p 00000000 00:00 0 
7fa094000000-7fa094500000 rw-p 00000000 00:00 0 
7fa094500000-7fa094520000 rw-p 00000000 00:00 0 
7fa094520000-7fa094540000 rw-p 00000000 00:00 0 
7fa094540000-7fa094580000 rw-p 00000000 00:00 0 
7fa094580000-7fa094700000 rw-p 00000000 00:00 0 
7fa094700000-7fa094760000 rw-p 00000000 00:00 0 
7fa094760000-7fa094780000 rw-p 00000000 00:00 0 
7fa094780000-7fa094900000 rw-p 00000000 00:00 0 
7fa094900000-7fa094b00000 rw-p 00000000 00:00 0 
7fa094b00000-7fa094c00000 rw-p 00000000 00:00 0 
7fa094c00000-7fa094d00000 rw-p 00000000 00:00 0 
7fa094d00000-7fa094f00000 rw-p 00000000 00:00 0 
7fa094f00000-7fa095100000 rw-p 00000000 00:00 0 
7fa095100000-7fa095200000 rw-p 00000000 00:00 0 
7fa095200000-7fa095500000 rw-p 00000000 00:00 0 
7fa095500000-7fa095600000 rw-p 00000000 00:00 0 
7fa095600000-7fa096580000 rw-p 00000000 00:00 0 
7fa096580000-7fa096600000 rw-p 00000000 00:00 0 
7fa096600000-7fa0967c0000 rw-p 00000000 00:00 0 
7fa0967c0000-7fa096900000 rw-p 00000000 00:00 0 
7fa096900000-7fa096a00000 rw-p 00000000 00:00 0 
7fa096a00000-7fa0979c0000 rw-p 00000000 00:00 0 
7fa0979c0000-7fa097a00000 rw-p 00000000 00:00 0 
7fa097a00000-7fa097bc0000 rw-p 00000000 00:00 0 
7fa097bc0000-7fa097c00000 rw-p 00000000 00:00 0 
7fa097c00000-7fa097d80000 rw-p 00000000 00:00 0 
7fa097d80000-7fa097e00000 rw-p 00000000 00:00 0 
7fa097e00000-7fa097f00000 rw-p 00000000 00:00 0 
7fa097f00000-7fa098000000 rw-p 00000000 00:00 0 
7fa098000000-7fa098d9f000 rw-p 00000000 00:00 0 
7fa098d9f000-7fa09c000000 ---p 00000000 00:00 0 
7fa09c000000-7fa09c2d7000 rw-p 00000000 00:00 0 
7fa09c2d7000-7fa0a0000000 ---p 00000000 00:00 0 
7fa0a0000000-7fa0a05db000 rw-p 00000000 00:00 0 
7fa0a05db000-7fa0a4000000 ---p 00000000 00:00 0 
7fa0a4000000-7fa0a43c0000 rw-p 00000000 00:00 0 
7fa0a43c0000-7fa0a8000000 ---p 00000000 00:00 0 
7fa0a8000000-7fa0a8048000 rw-p 00000000 00:00 0 
7fa0a8048000-7fa0ac000000 ---p 00000000 00:00 0 
7fa0ac000000-7fa0ac305000 rw-p 00000000 00:00 0 
7fa0ac305000-7fa0b0000000 ---p 00000000 00:00 0 
7fa0b0000000-7fa0b007f000 rw-p 00000000 00:00 0 
7fa0b007f000-7fa0b4000000 ---p 00000000 00:00 0 
7fa0b4067000-7fa0b40a3000 r--p 00000000 08:01 12453612                   /home/elonmusk/.gradle/native/0.2.8/x86_64-linux-gnu/libgradle-fileevents.so
7fa0b40a3000-7fa0b40eb000 r-xp 0003b000 08:01 12453612                   /home/elonmusk/.gradle/native/0.2.8/x86_64-linux-gnu/libgradle-fileevents.so
7fa0b40eb000-7fa0b40f4000 r--p 00082000 08:01 12453612                   /home/elonmusk/.gradle/native/0.2.8/x86_64-linux-gnu/libgradle-fileevents.so
7fa0b40f4000-7fa0b40f5000 rw-p 0008a000 08:01 12453612                   /home/elonmusk/.gradle/native/0.2.8/x86_64-linux-gnu/libgradle-fileevents.so
7fa0b40f5000-7fa0b40f7000 rw-p 00000000 00:00 0 
7fa0b40f7000-7fa0b41f9000 rw-p 00000000 00:00 0 
7fa0b41f9000-7fa0b41fd000 ---p 00000000 00:00 0 
7fa0b41fd000-7fa0b42fa000 rw-p 00000000 00:00 0 
7fa0b42fa000-7fa0b42fe000 ---p 00000000 00:00 0 
7fa0b42fe000-7fa0b43fb000 rw-p 00000000 00:00 0 
7fa0b43fb000-7fa0b43ff000 ---p 00000000 00:00 0 
7fa0b43ff000-7fa0b44fc000 rw-p 00000000 00:00 0 
7fa0b44fc000-7fa0b4500000 ---p 00000000 00:00 0 
7fa0b4500000-7fa0b45fd000 rw-p 00000000 00:00 0 
7fa0b45fd000-7fa0b4601000 ---p 00000000 00:00 0 
7fa0b4601000-7fa0b46fe000 rw-p 00000000 00:00 0 
7fa0b46fe000-7fa0b4702000 ---p 00000000 00:00 0 
7fa0b4702000-7fa0b47ff000 rw-p 00000000 00:00 0 
7fa0b47ff000-7fa0b4803000 ---p 00000000 00:00 0 
7fa0b4803000-7fa0b4900000 rw-p 00000000 00:00 0 
7fa0b4900000-7fa0b4904000 ---p 00000000 00:00 0 
7fa0b4904000-7fa0b4a00000 rw-p 00000000 00:00 0 
7fa0b4a00000-7fa0b4cec000 r--p 00000000 08:01 4108431                    /usr/lib/locale/locale-archive
7fa0b4d5c000-7fa0b4d5d000 rw-p 00000000 00:00 0 
7fa0b4d5d000-7fa0b4d61000 ---p 00000000 00:00 0 
7fa0b4d61000-7fa0b505f000 rw-p 00000000 00:00 0 
7fa0b5179000-7fa0b51fa000 rw-p 00000000 00:00 0 
7fa0b51fa000-7fa0b53fc000 rw-p 00000000 00:00 0 
7fa0b53fc000-7fa0b7800000 rw-p 00000000 00:00 0 
7fa0b783c000-7fa0b7843000 r--s 00000000 08:01 4063826                    /usr/lib/x86_64-linux-gnu/gconv/gconv-modules.cache
7fa0b7843000-7fa0b7845000 r--p 00000000 08:01 12324210                   /home/elonmusk/Downloads/android-studio/jbr/lib/libextnet.so
7fa0b7845000-7fa0b7846000 r-xp 00001000 08:01 12324210                   /home/elonmusk/Downloads/android-studio/jbr/lib/libextnet.so
7fa0b7846000-7fa0b7847000 r--p 00001000 08:01 12324210                   /home/elonmusk/Downloads/android-studio/jbr/lib/libextnet.so
7fa0b7847000-7fa0b7848000 rw-p 00001000 08:01 12324210                   /home/elonmusk/Downloads/android-studio/jbr/lib/libextnet.so
7fa0b7848000-7fa0b784b000 r--p 00000000 08:01 12324195                   /home/elonmusk/Downloads/android-studio/jbr/lib/libmanagement_ext.so
7fa0b784b000-7fa0b784e000 r-xp 00002000 08:01 12324195                   /home/elonmusk/Downloads/android-studio/jbr/lib/libmanagement_ext.so
7fa0b784e000-7fa0b784f000 r--p 00004000 08:01 12324195                   /home/elonmusk/Downloads/android-studio/jbr/lib/libmanagement_ext.so
7fa0b784f000-7fa0b7850000 rw-p 00004000 08:01 12324195                   /home/elonmusk/Downloads/android-studio/jbr/lib/libmanagement_ext.so
7fa0b7850000-7fa0b7856000 r--p 00000000 08:01 12324184                   /home/elonmusk/Downloads/android-studio/jbr/lib/libverify.so
7fa0b7856000-7fa0b785e000 r-xp 00005000 08:01 12324184                   /home/elonmusk/Downloads/android-studio/jbr/lib/libverify.so
7fa0b785e000-7fa0b7860000 r--p 0000c000 08:01 12324184                   /home/elonmusk/Downloads/android-studio/jbr/lib/libverify.so
7fa0b7860000-7fa0b7861000 rw-p 0000d000 08:01 12324184                   /home/elonmusk/Downloads/android-studio/jbr/lib/libverify.so
7fa0b7861000-7fa0b78bc000 rw-p 00000000 00:00 0 
7fa0b78d4000-7fa0b78d5000 r--p 00000000 08:01 4113479                    /usr/lib/x86_64-linux-gnu/libnss_mdns4_minimal.so.2
7fa0b78d5000-7fa0b78d7000 r-xp 00001000 08:01 4113479                    /usr/lib/x86_64-linux-gnu/libnss_mdns4_minimal.so.2
7fa0b78d7000-7fa0b78d8000 r--p 00003000 08:01 4113479                    /usr/lib/x86_64-linux-gnu/libnss_mdns4_minimal.so.2
7fa0b78d8000-7fa0b78d9000 r--p 00003000 08:01 4113479                    /usr/lib/x86_64-linux-gnu/libnss_mdns4_minimal.so.2
7fa0b78d9000-7fa0b78da000 rw-p 00004000 08:01 4113479                    /usr/lib/x86_64-linux-gnu/libnss_mdns4_minimal.so.2
7fa0b78da000-7fa0b78db000 rw-p 00000000 00:00 0 
7fa0b78db000-7fa0b78df000 ---p 00000000 00:00 0 
7fa0b78df000-7fa0b7c00000 rw-p 00000000 00:00 0 
7fa0b7c00000-7fa0b88f0000 rw-p 00000000 00:00 0 
7fa0b88f0000-7fa0b8b58000 ---p 00000000 00:00 0 
7fa0b8b58000-7fa0b8d9e000 rw-p 00000000 00:00 0 
7fa0b8d9e000-7fa0b8deb000 ---p 00000000 00:00 0 
7fa0b8deb000-7fa0b8f9e000 rw-p 00000000 00:00 0 
7fa0b8f9e000-7fa0b8feb000 ---p 00000000 00:00 0 
7fa0b8feb000-7fa0b9000000 rw-p 00000000 00:00 0 
7fa0b9000000-7fa0bbe70000 rwxp 00000000 00:00 0 
7fa0bbe70000-7fa0c0537000 ---p 00000000 00:00 0 
7fa0c0537000-7fa0c07a7000 rwxp 00000000 00:00 0 
7fa0c07a7000-7fa0c0ac8000 ---p 00000000 00:00 0 
7fa0c0ac8000-7fa0c1aa8000 rwxp 00000000 00:00 0 
7fa0c1aa8000-7fa0c8000000 ---p 00000000 00:00 0 
7fa0c8000000-7fa0c983b000 rw-p 00000000 00:00 0 
7fa0c983b000-7fa0cc000000 ---p 00000000 00:00 0 
7fa0cc002000-7fa0cc006000 r--p 00000000 08:01 12324125                   /home/elonmusk/Downloads/android-studio/jbr/lib/libnet.so
7fa0cc006000-7fa0cc00e000 r-xp 00003000 08:01 12324125                   /home/elonmusk/Downloads/android-studio/jbr/lib/libnet.so
7fa0cc00e000-7fa0cc00f000 r--p 0000a000 08:01 12324125                   /home/elonmusk/Downloads/android-studio/jbr/lib/libnet.so
7fa0cc00f000-7fa0cc010000 rw-p 0000a000 08:01 12324125                   /home/elonmusk/Downloads/android-studio/jbr/lib/libnet.so
7fa0cc010000-7fa0cc01b000 r--p 00000000 08:01 12324221                   /home/elonmusk/Downloads/android-studio/jbr/lib/libnio.so
7fa0cc01b000-7fa0cc024000 r-xp 0000a000 08:01 12324221                   /home/elonmusk/Downloads/android-studio/jbr/lib/libnio.so
7fa0cc024000-7fa0cc025000 r--p 00012000 08:01 12324221                   /home/elonmusk/Downloads/android-studio/jbr/lib/libnio.so
7fa0cc025000-7fa0cc026000 rw-p 00012000 08:01 12324221                   /home/elonmusk/Downloads/android-studio/jbr/lib/libnio.so
7fa0cc026000-7fa0cc44a000 rw-p 00000000 00:00 0 
7fa0cc44a000-7fa0cc515000 ---p 00000000 00:00 0 
7fa0cc515000-7fa0cc572000 rw-p 00000000 00:00 0 
7fa0cc572000-7fa0cc600000 ---p 00000000 00:00 0 
7fa0cc600000-7fa0cf77b000 r--s 00000000 08:01 12324112                   /home/elonmusk/Downloads/android-studio/jbr/lib/modules
7fa0cf77b000-7fa0cf77e000 r--p 00000000 08:01 12324211                   /home/elonmusk/Downloads/android-studio/jbr/lib/libmanagement.so
7fa0cf77e000-7fa0cf780000 r-xp 00002000 08:01 12324211                   /home/elonmusk/Downloads/android-studio/jbr/lib/libmanagement.so
7fa0cf780000-7fa0cf781000 r--p 00003000 08:01 12324211                   /home/elonmusk/Downloads/android-studio/jbr/lib/libmanagement.so
7fa0cf781000-7fa0cf782000 rw-p 00003000 08:01 12324211                   /home/elonmusk/Downloads/android-studio/jbr/lib/libmanagement.so
7fa0cf782000-7fa0cf78b000 r--p 00000000 08:01 12324117                   /home/elonmusk/Downloads/android-studio/jbr/lib/libzip.so
7fa0cf78b000-7fa0cf7a0000 r-xp 00008000 08:01 12324117                   /home/elonmusk/Downloads/android-studio/jbr/lib/libzip.so
7fa0cf7a0000-7fa0cf7a1000 r--p 0001c000 08:01 12324117                   /home/elonmusk/Downloads/android-studio/jbr/lib/libzip.so
7fa0cf7a1000-7fa0cf7a2000 rw-p 0001c000 08:01 12324117                   /home/elonmusk/Downloads/android-studio/jbr/lib/libzip.so
7fa0cf7a2000-7fa0cf7ca000 rw-p 00000000 00:00 0 
7fa0cf7ca000-7fa0cf7d1000 ---p 00000000 00:00 0 
7fa0cf7d1000-7fa0cf7d9000 rw-s 00000000 00:29 2165                       /tmp/hsperfdata_elonmusk/49065
7fa0cf7d9000-7fa0cf7eb000 r--p 00000000 08:01 12324116                   /home/elonmusk/Downloads/android-studio/jbr/lib/libjava.so
7fa0cf7eb000-7fa0cf7fa000 r-xp 00011000 08:01 12324116                   /home/elonmusk/Downloads/android-studio/jbr/lib/libjava.so
7fa0cf7fa000-7fa0cf7fb000 r--p 0001f000 08:01 12324116                   /home/elonmusk/Downloads/android-studio/jbr/lib/libjava.so
7fa0cf7fb000-7fa0cf7fd000 rw-p 0001f000 08:01 12324116                   /home/elonmusk/Downloads/android-studio/jbr/lib/libjava.so
7fa0cf7fd000-7fa0cf801000 r--p 00000000 08:01 12324202                   /home/elonmusk/Downloads/android-studio/jbr/lib/libinstrument.so
7fa0cf801000-7fa0cf808000 r-xp 00003000 08:01 12324202                   /home/elonmusk/Downloads/android-studio/jbr/lib/libinstrument.so
7fa0cf808000-7fa0cf809000 r--p 00009000 08:01 12324202                   /home/elonmusk/Downloads/android-studio/jbr/lib/libinstrument.so
7fa0cf809000-7fa0cf80a000 rw-p 00009000 08:01 12324202                   /home/elonmusk/Downloads/android-studio/jbr/lib/libinstrument.so
7fa0cf80a000-7fa0cf80e000 ---p 00000000 00:00 0 
7fa0cf80e000-7fa0cf90a000 rw-p 00000000 00:00 0 
7fa0cf90a000-7fa0cf91b000 r--p 00000000 08:01 4063837                    /usr/lib/x86_64-linux-gnu/libm.so.6
7fa0cf91b000-7fa0cf99e000 r-xp 00011000 08:01 4063837                    /usr/lib/x86_64-linux-gnu/libm.so.6
7fa0cf99e000-7fa0cf9fe000 r--p 00094000 08:01 4063837                    /usr/lib/x86_64-linux-gnu/libm.so.6
7fa0cf9fe000-7fa0cf9ff000 r--p 000f3000 08:01 4063837                    /usr/lib/x86_64-linux-gnu/libm.so.6
7fa0cf9ff000-7fa0cfa00000 rw-p 000f4000 08:01 4063837                    /usr/lib/x86_64-linux-gnu/libm.so.6
7fa0cfa00000-7fa0cff5c000 r--p 00000000 08:01 12324192                   /home/elonmusk/Downloads/android-studio/jbr/lib/server/libjvm.so
7fa0cff5c000-7fa0d0ae4000 r-xp 0055b000 08:01 12324192                   /home/elonmusk/Downloads/android-studio/jbr/lib/server/libjvm.so
7fa0d0ae4000-7fa0d0bb1000 r--p 010e2000 08:01 12324192                   /home/elonmusk/Downloads/android-studio/jbr/lib/server/libjvm.so
7fa0d0bb1000-7fa0d0bd5000 rw-p 011ae000 08:01 12324192                   /home/elonmusk/Downloads/android-studio/jbr/lib/server/libjvm.so
7fa0d0bd5000-7fa0d0c4c000 rw-p 00000000 00:00 0 
7fa0d0c4c000-7fa0d0c4d000 r--p 00000000 08:01 12324220                   /home/elonmusk/Downloads/android-studio/jbr/lib/librmi.so
7fa0d0c4d000-7fa0d0c4e000 r-xp 00000000 08:01 12324220                   /home/elonmusk/Downloads/android-studio/jbr/lib/librmi.so
7fa0d0c4e000-7fa0d0c4f000 r--p 00000000 08:01 12324220                   /home/elonmusk/Downloads/android-studio/jbr/lib/librmi.so
7fa0d0c4f000-7fa0d0c50000 rw-p 00000000 08:01 12324220                   /home/elonmusk/Downloads/android-studio/jbr/lib/librmi.so
7fa0d0c50000-7fa0d0c51000 ---p 00000000 00:00 0 
7fa0d0c51000-7fa0d0c52000 r--p 00000000 00:00 0 
7fa0d0c52000-7fa0d0c53000 ---p 00000000 00:00 0 
7fa0d0c53000-7fa0d0c54000 r--p 00000000 08:01 4063851                    /usr/lib/x86_64-linux-gnu/librt.so.1
7fa0d0c54000-7fa0d0c55000 r-xp 00001000 08:01 4063851                    /usr/lib/x86_64-linux-gnu/librt.so.1
7fa0d0c55000-7fa0d0c56000 r--p 00002000 08:01 4063851                    /usr/lib/x86_64-linux-gnu/librt.so.1
7fa0d0c56000-7fa0d0c57000 r--p 00002000 08:01 4063851                    /usr/lib/x86_64-linux-gnu/librt.so.1
7fa0d0c57000-7fa0d0c58000 rw-p 00003000 08:01 4063851                    /usr/lib/x86_64-linux-gnu/librt.so.1
7fa0d0c58000-7fa0d0c5a000 rw-p 00000000 00:00 0 
7fa0d0c5a000-7fa0d0c82000 r--p 00000000 08:01 4063833                    /usr/lib/x86_64-linux-gnu/libc.so.6
7fa0d0c82000-7fa0d0dea000 r-xp 00028000 08:01 4063833                    /usr/lib/x86_64-linux-gnu/libc.so.6
7fa0d0dea000-7fa0d0e3d000 r--p 00190000 08:01 4063833                    /usr/lib/x86_64-linux-gnu/libc.so.6
7fa0d0e3d000-7fa0d0e41000 r--p 001e3000 08:01 4063833                    /usr/lib/x86_64-linux-gnu/libc.so.6
7fa0d0e41000-7fa0d0e43000 rw-p 001e7000 08:01 4063833                    /usr/lib/x86_64-linux-gnu/libc.so.6
7fa0d0e43000-7fa0d0e50000 rw-p 00000000 00:00 0 
7fa0d0e50000-7fa0d0e51000 r--p 00000000 08:01 4063835                    /usr/lib/x86_64-linux-gnu/libdl.so.2
7fa0d0e51000-7fa0d0e52000 r-xp 00001000 08:01 4063835                    /usr/lib/x86_64-linux-gnu/libdl.so.2
7fa0d0e52000-7fa0d0e53000 r--p 00002000 08:01 4063835                    /usr/lib/x86_64-linux-gnu/libdl.so.2
7fa0d0e53000-7fa0d0e54000 r--p 00002000 08:01 4063835                    /usr/lib/x86_64-linux-gnu/libdl.so.2
7fa0d0e54000-7fa0d0e55000 rw-p 00003000 08:01 4063835                    /usr/lib/x86_64-linux-gnu/libdl.so.2
7fa0d0e55000-7fa0d0e56000 r--p 00000000 08:01 4063848                    /usr/lib/x86_64-linux-gnu/libpthread.so.0
7fa0d0e56000-7fa0d0e57000 r-xp 00001000 08:01 4063848                    /usr/lib/x86_64-linux-gnu/libpthread.so.0
7fa0d0e57000-7fa0d0e58000 r--p 00002000 08:01 4063848                    /usr/lib/x86_64-linux-gnu/libpthread.so.0
7fa0d0e58000-7fa0d0e59000 r--p 00002000 08:01 4063848                    /usr/lib/x86_64-linux-gnu/libpthread.so.0
7fa0d0e59000-7fa0d0e5a000 rw-p 00003000 08:01 4063848                    /usr/lib/x86_64-linux-gnu/libpthread.so.0
7fa0d0e5a000-7fa0d0e65000 r--p 00000000 08:01 12324123                   /home/elonmusk/Downloads/android-studio/jbr/lib/libjimage.so
7fa0d0e65000-7fa0d0e79000 r-xp 0000a000 08:01 12324123                   /home/elonmusk/Downloads/android-studio/jbr/lib/libjimage.so
7fa0d0e79000-7fa0d0e7b000 r--p 0001d000 08:01 12324123                   /home/elonmusk/Downloads/android-studio/jbr/lib/libjimage.so
7fa0d0e7b000-7fa0d0e7c000 rw-p 0001e000 08:01 12324123                   /home/elonmusk/Downloads/android-studio/jbr/lib/libjimage.so
7fa0d0e7c000-7fa0d0e7d000 rw-p 00000000 00:00 0 
7fa0d0e7d000-7fa0d0e86000 r--p 00000000 08:01 12324122                   /home/elonmusk/Downloads/android-studio/jbr/lib/libjli.so
7fa0d0e86000-7fa0d0e95000 r-xp 00008000 08:01 12324122                   /home/elonmusk/Downloads/android-studio/jbr/lib/libjli.so
7fa0d0e95000-7fa0d0e96000 r--p 00016000 08:01 12324122                   /home/elonmusk/Downloads/android-studio/jbr/lib/libjli.so
7fa0d0e96000-7fa0d0e97000 rw-p 00016000 08:01 12324122                   /home/elonmusk/Downloads/android-studio/jbr/lib/libjli.so
7fa0d0e97000-7fa0d0e99000 rw-p 00000000 00:00 0 
7fa0d0e99000-7fa0d0e9d000 r--p 00000000 00:00 0                          [vvar]
7fa0d0e9d000-7fa0d0e9f000 r--p 00000000 00:00 0                          [vvar_vclock]
7fa0d0e9f000-7fa0d0ea1000 r-xp 00000000 00:00 0                          [vdso]
7fa0d0ea1000-7fa0d0ea2000 r--p 00000000 08:01 4063829                    /usr/lib/x86_64-linux-gnu/ld-linux-x86-64.so.2
7fa0d0ea2000-7fa0d0eca000 r-xp 00001000 08:01 4063829                    /usr/lib/x86_64-linux-gnu/ld-linux-x86-64.so.2
7fa0d0eca000-7fa0d0ed5000 r--p 00029000 08:01 4063829                    /usr/lib/x86_64-linux-gnu/ld-linux-x86-64.so.2
7fa0d0ed5000-7fa0d0ed7000 r--p 00034000 08:01 4063829                    /usr/lib/x86_64-linux-gnu/ld-linux-x86-64.so.2
7fa0d0ed7000-7fa0d0ed8000 rw-p 00036000 08:01 4063829                    /usr/lib/x86_64-linux-gnu/ld-linux-x86-64.so.2
7fa0d0ed8000-7fa0d0ed9000 rw-p 00000000 00:00 0 
7ffc35945000-7ffc35966000 rw-p 00000000 00:00 0                          [stack]
Total number of mappings: 476

JVMTI agents:
/home/elonmusk/.gradle/wrapper/dists/gradle-9.2.1-bin/2t0n5ozlw9xmuyvbp7dnzaxug/gradle-9.2.1/lib/agents/gradle-instrumentation-agent-9.2.1.jar path:none, loaded, initialized, instrumentlib options:none


VM Arguments:
jvm_args: --add-opens=java.base/java.lang=ALL-UNNAMED --add-opens=java.base/java.lang.invoke=ALL-UNNAMED --add-opens=java.base/java.util=ALL-UNNAMED --add-opens=java.prefs/java.util.prefs=ALL-UNNAMED --add-exports=jdk.compiler/com.sun.tools.javac.api=ALL-UNNAMED --add-exports=jdk.compiler/com.sun.tools.javac.util=ALL-UNNAMED --add-opens=java.base/java.util=ALL-UNNAMED --add-opens=java.prefs/java.util.prefs=ALL-UNNAMED --add-opens=java.base/java.nio.charset=ALL-UNNAMED --add-opens=java.base/java.net=ALL-UNNAMED --add-opens=java.base/java.util.concurrent=ALL-UNNAMED --add-opens=java.base/java.util.concurrent.atomic=ALL-UNNAMED --add-opens=java.xml/javax.xml.namespace=ALL-UNNAMED --add-opens=java.base/java.time=ALL-UNNAMED -Xmx1024m -Dfile.encoding=UTF-8 -Duser.country=US -Duser.language=en -Duser.variant -javaagent:/home/elonmusk/.gradle/wrapper/dists/gradle-9.2.1-bin/2t0n5ozlw9xmuyvbp7dnzaxug/gradle-9.2.1/lib/agents/gradle-instrumentation-agent-9.2.1.jar -Dawt.toolkit.name=XToolkit 
java_command: org.gradle.launcher.daemon.bootstrap.GradleDaemon 9.2.1
java_class_path (initial): /home/elonmusk/.gradle/wrapper/dists/gradle-9.2.1-bin/2t0n5ozlw9xmuyvbp7dnzaxug/gradle-9.2.1/lib/gradle-daemon-main-9.2.1.jar
Launcher Type: SUN_STANDARD

[Global flags]
     intx CICompilerCount                          = 3                                         {product} {ergonomic}
     uint ConcGCThreads                            = 1                                         {product} {ergonomic}
     uint G1ConcRefinementThreads                  = 4                                         {product} {ergonomic}
   size_t G1HeapRegionSize                         = 1048576                                   {product} {ergonomic}
    uintx GCDrainStackTargetSize                   = 64                                        {product} {ergonomic}
   size_t InitialHeapSize                          = 90177536                                  {product} {ergonomic}
   size_t MarkStackSize                            = 4194304                                   {product} {ergonomic}
   size_t MaxHeapSize                              = 1073741824                                {product} {command line}
   size_t MaxNewSize                               = 643825664                                 {product} {ergonomic}
   size_t MinHeapDeltaBytes                        = 1048576                                   {product} {ergonomic}
   size_t MinHeapSize                              = 8388608                                   {product} {ergonomic}
    uintx NonNMethodCodeHeapSize                   = 5832780                                {pd product} {ergonomic}
    uintx NonProfiledCodeHeapSize                  = 122912730                              {pd product} {ergonomic}
    uintx ProfiledCodeHeapSize                     = 122912730                              {pd product} {ergonomic}
    uintx ReservedCodeCacheSize                    = 251658240                              {pd product} {ergonomic}
     bool SegmentedCodeCache                       = true                                      {product} {ergonomic}
   size_t SoftMaxHeapSize                          = 1073741824                             {manageable} {ergonomic}
     bool UseCompressedOops                        = true                           {product lp64_product} {ergonomic}
     bool UseG1GC                                  = true                                      {product} {ergonomic}

Logging:
Log output configuration:
 #0: stdout all=warning uptime,level,tags foldmultilines=false
 #1: stderr all=off uptime,level,tags foldmultilines=false

Release file:
JAVA_VERSION="21.0.9"
MODULES="java.base java.compiler java.datatransfer java.xml java.prefs java.desktop java.instrument java.logging java.management java.security.sasl java.naming java.rmi java.management.rmi java.net.http java.scripting java.security.jgss java.transaction.xa java.sql java.sql.rowset java.xml.crypto java.se java.smartcardio jdk.accessibility jdk.internal.jvmstat jdk.attach jdk.charsets jdk.internal.opt jdk.zipfs jdk.compiler jdk.crypto.ec jdk.crypto.cryptoki jdk.dynalink jdk.hotspot.agent jdk.httpserver jdk.internal.ed jdk.internal.le jdk.internal.vm.ci jdk.jartool jdk.javadoc jdk.jcmd jdk.jdeps jdk.jdwp.agent jdk.jdi jdk.jfr jdk.jlink jdk.jsobject jdk.localedata jdk.management jdk.management.agent jdk.management.jfr jdk.naming.dns jdk.naming.rmi jdk.net jdk.sctp jdk.security.auth jdk.security.jgss jdk.unsupported jdk.unsupported.desktop jdk.xml.dom"
IMPLEMENTOR="JetBrains s.r.o."
JAVA_RUNTIME_VERSION="21.0.9+-14649483-b1163.86"
LIBC="gnu"
OS_ARCH="x86_64"
OS_NAME="Linux"
SOURCE=".:git:554d0c326095"

Environment Variables:
PATH=/home/elonmusk/.local/bin:/usr/local/sbin:/usr/sbin:/sbin:/usr/local/bin:/usr/bin:/bin:/usr/local/games:/usr/games:/snap/bin:/home/elonmusk/.dotnet/tools
XDG_CACHE_HOME=/home/elonmusk/.cache
XDG_CONFIG_HOME=/home/elonmusk/.config
SHELL=/bin/bash
DISPLAY=:0.0
LANG=en_US.UTF-8

Active Locale:
LC_ALL=en_US.UTF-8
LC_COLLATE=en_US.UTF-8
LC_CTYPE=en_US.UTF-8
LC_MESSAGES=en_US.UTF-8
LC_MONETARY=en_US.UTF-8
LC_NUMERIC=en_US.UTF-8
LC_TIME=en_US.UTF-8

Signal Handlers:
   SIGSEGV: crash_handler in libjvm.so, mask=11100100010111111101111111111110, flags=SA_RESTART|SA_SIGINFO, unblocked
    SIGBUS: crash_handler in libjvm.so, mask=11100100010111111101111111111110, flags=SA_RESTART|SA_SIGINFO, unblocked
    SIGFPE: crash_handler in libjvm.so, mask=11100100010111111101111111111110, flags=SA_RESTART|SA_SIGINFO, unblocked
   SIGPIPE: javaSignalHandler in libjvm.so, mask=11100100010111111101111111111110, flags=SA_RESTART|SA_SIGINFO, blocked
   SIGXFSZ: javaSignalHandler in libjvm.so, mask=11100100010111111101111111111110, flags=SA_RESTART|SA_SIGINFO, blocked
    SIGILL: crash_handler in libjvm.so, mask=11100100010111111101111111111110, flags=SA_RESTART|SA_SIGINFO, unblocked
   SIGUSR2: SR_handler in libjvm.so, mask=00000000000000000000000000000000, flags=SA_RESTART|SA_SIGINFO, blocked
    SIGHUP: UserHandler in libjvm.so, mask=11100100010111111101111111111110, flags=SA_RESTART|SA_SIGINFO, blocked
    SIGINT: UserHandler in libjvm.so, mask=11100100010111111101111111111110, flags=SA_RESTART|SA_SIGINFO, blocked
   SIGTERM: UserHandler in libjvm.so, mask=11100100010111111101111111111110, flags=SA_RESTART|SA_SIGINFO, blocked
   SIGQUIT: UserHandler in libjvm.so, mask=11100100010111111101111111111110, flags=SA_RESTART|SA_SIGINFO, blocked
   SIGTRAP: crash_handler in libjvm.so, mask=11100100010111111101111111111110, flags=SA_RESTART|SA_SIGINFO, unblocked


Periodic native trim disabled

JNI global refs:
JNI global refs: 31, weak refs: 516

JNI global refs memory usage: 859, weak refs: 6609

Process memory usage:
Resident Set Size: 1503000K (27% of 5530548K total physical memory with 725952K free physical memory)

OOME stack traces (most recent first):
Classloader memory used:
Loader org.gradle.internal.classloader.VisitableURLClassLoader$InstrumentingVisitableURLClassLoader: 66198K
Loader org.gradle.internal.classloader.VisitableURLClassLoader                         : 50738K
Loader bootstrap                                                                       : 35661K
Loader org.gradle.initialization.MixInLegacyTypesClassLoader                           : 13848K
Loader java.net.URLClassLoader                                                         : 5255K
Loader jdk.internal.reflect.DelegatingClassLoader                                      : 519K
Loader jdk.internal.loader.ClassLoaders$PlatformClassLoader                            : 456K
Loader org.gradle.internal.classloader.VisitableURLClassLoader                         : 320K
Loader jdk.internal.loader.ClassLoaders$AppClassLoader                                 : 232K
Loader org.gradle.groovy.scripts.internal.DefaultScriptCompilationHandler$ScriptClassLoader: 160K
Loader sun.reflect.misc.MethodUtil                                                     : 2984B

Classes loaded by more than one classloader:
Class Program                                                                         : loaded 5 times (x 72B)
Class Build_gradle                                                                    : loaded 3 times (x 126B)
Class kotlin.NotImplementedError                                                      : loaded 2 times (x 82B)
Class kotlin.text.StringsKt__StringsKt                                                : loaded 2 times (x 71B)
Class com.google.common.base.Equivalence$Identity                                     : loaded 2 times (x 82B)
Class com.google.common.base.PairwiseEquivalence                                      : loaded 2 times (x 83B)
Class com.google.common.collect.RegularImmutableMap$KeySet                            : loaded 2 times (x 150B)
Class org.gradle.internal.classloader.FilteringClassLoader                            : loaded 2 times (x 105B)
Class org.jetbrains.org.objectweb.asm.TypeReference                                   : loaded 2 times (x 80B)
Class kotlin.jvm.internal.CollectionToArray                                           : loaded 2 times (x 71B)
Class kotlin.io.FilesKt__FileTreeWalkKt                                               : loaded 2 times (x 71B)
Class kotlin.sequences.FilteringSequence$iterator$1                                   : loaded 2 times (x 79B)
Class kotlin.sequences.SequencesKt__SequenceBuilderKt                                 : loaded 2 times (x 71B)
Class kotlin.collections.CollectionsKt__ReversedViewsKt                               : loaded 2 times (x 71B)
Class [Lcom.google.common.base.AbstractIterator$State;                                : loaded 2 times (x 69B)
Class com.google.common.base.CharMatcher$IsEither                                     : loaded 2 times (x 111B)
Class org.gradle.internal.classloader.ClassLoaderHierarchy                            : loaded 2 times (x 70B)
Class com.google.common.collect.ImmutableEnumSet                                      : loaded 2 times (x 146B)
Class com.google.common.util.concurrent.ExecutionError                                : loaded 2 times (x 82B)
Class com.google.common.collect.ImmutableList$1                                       : loaded 2 times (x 97B)
Class org.gradle.api.internal.classpath.ManifestUtil                                  : loaded 2 times (x 71B)
Class com.google.common.io.ByteArrayDataOutput                                        : loaded 2 times (x 70B)
Class com.google.gson.stream.MalformedJsonException                                   : loaded 2 times (x 82B)
Class com.google.common.collect.RegularImmutableMap                                   : loaded 2 times (x 121B)
Class com.google.common.collect.ImmutableMap$MapViewOfValuesAsSingletonSets           : loaded 2 times (x 125B)
Class com.google.common.reflect.TypeCapture                                           : loaded 2 times (x 71B)
Class [Lorg.objectweb.asm.Symbol;                                                     : loaded 2 times (x 69B)
Class org.objectweb.asm.ClassVisitor                                                  : loaded 2 times (x 88B)
Class com.google.common.collect.UnmodifiableListIterator                              : loaded 2 times (x 95B)
Class org.objectweb.asm.MethodTooLargeException                                       : loaded 2 times (x 83B)
Class [Lcom.google.common.cache.CacheBuilder$OneWeigher;                              : loaded 2 times (x 69B)
Class com.google.common.base.Suppliers                                                : loaded 2 times (x 71B)
Class com.google.common.base.Platform$JdkPatternCompiler                              : loaded 2 times (x 75B)
Class org.gradle.internal.classloader.DefaultClassLoaderFactory                       : loaded 2 times (x 82B)
Class org.jetbrains.org.objectweb.asm.ClassVisitor                                    : loaded 2 times (x 87B)
Class kotlin.sequences.SequencesKt___SequencesKt                                      : loaded 2 times (x 71B)
Class kotlin.collections.AbstractList$Companion                                       : loaded 2 times (x 71B)
Class [Lcom.google.common.collect.AbstractIterator$State;                             : loaded 2 times (x 69B)
Class com.google.common.base.CharMatcher$None                                         : loaded 2 times (x 112B)
Class org.gradle.internal.classloader.ClassLoaderVisitor                              : loaded 2 times (x 76B)
Class org.jetbrains.org.objectweb.asm.ClassReader                                     : loaded 2 times (x 91B)
Class [Lcom.google.common.collect.ImmutableMapEntry;                                  : loaded 2 times (x 69B)
Class org.gradle.api.internal.classpath.EffectiveClassPath                            : loaded 2 times (x 90B)
Class kotlin.text.StringsKt__AppendableKt                                             : loaded 2 times (x 71B)
Class [Lorg.apache.commons.io.StandardLineSeparator;                                  : loaded 2 times (x 69B)
Class org.apache.commons.io.output.StringBuilderWriter                                : loaded 2 times (x 100B)
Class com.google.common.collect.ImmutableRangeSet                                     : loaded 2 times (x 115B)
Class com.google.common.collect.ImmutableEnumMap                                      : loaded 2 times (x 125B)
Class com.google.common.collect.ListMultimap                                          : loaded 2 times (x 70B)
Class ijJvmDebugger1_1nxz8iacv3bg692g0l3pkvalm$_run_closure1                          : loaded 2 times (x 139B)
Class [Lkotlin.reflect.KCallable;                                                     : loaded 2 times (x 69B)
Class com.google.common.collect.ImmutableSet$SerializedForm                           : loaded 2 times (x 73B)
Class com.google.common.collect.Iterators$EmptyModifiableIterator                     : loaded 2 times (x 86B)
Class com.google.common.collect.Sets$1                                                : loaded 2 times (x 139B)
Class org.objectweb.asm.AnnotationVisitor                                             : loaded 2 times (x 78B)
Class com.google.common.base.Splitter                                                 : loaded 2 times (x 72B)
Class org.gradle.api.internal.DefaultClassPathProvider                                : loaded 2 times (x 76B)
Class kotlin.sequences.Sequence                                                       : loaded 2 times (x 70B)
Class kotlin.text.StringsKt__StringNumberConversionsJVMKt                             : loaded 2 times (x 71B)
Class com.google.common.collect.Maps$ViewCachingAbstractMap                           : loaded 2 times (x 125B)
Class com.google.common.collect.Sets$2                                                : loaded 2 times (x 139B)
Class [Lorg.gradle.api.internal.ClassPathProvider;                                    : loaded 2 times (x 69B)
Class org.gradle.api.internal.ClassPathProvider                                       : loaded 2 times (x 70B)
Class [Lorg.objectweb.asm.AnnotationVisitor;                                          : loaded 2 times (x 69B)
Class com.google.common.reflect.Types$ClassOwnership$1                                : loaded 2 times (x 80B)
Class com.google.common.collect.Sets$3                                                : loaded 2 times (x 139B)
Class com.google.common.cache.LocalCache$LocalLoadingCache                            : loaded 2 times (x 134B)
Class com.google.common.base.AbstractIterator$State                                   : loaded 2 times (x 79B)
Class org.gradle.internal.service.UnknownServiceException                             : loaded 2 times (x 83B)
Class [Lorg.jetbrains.org.objectweb.asm.Attribute;                                    : loaded 2 times (x 69B)
Class com.google.common.io.ByteArrayDataInput                                         : loaded 2 times (x 70B)
Class com.google.common.reflect.Types$ClassOwnership$2                                : loaded 2 times (x 80B)
Class com.google.common.reflect.TypeResolver                                          : loaded 2 times (x 72B)
Class com.google.common.collect.Sets$4                                                : loaded 2 times (x 139B)
Class org.objectweb.asm.ModuleVisitor                                                 : loaded 2 times (x 81B)
Class com.google.common.cache.LocalCache$Strength$1                                   : loaded 2 times (x 81B)
Class com.google.common.reflect.Types$ClassOwnership$3                                : loaded 2 times (x 71B)
Class org.apache.commons.io.output.QueueOutputStream                                  : loaded 2 times (x 87B)
Class com.google.common.util.concurrent.SettableFuture                                : loaded 2 times (x 114B)
Class com.google.common.cache.LocalCache$Strength$2                                   : loaded 2 times (x 81B)
Class kotlin.collections.ArraysKt___ArraysJvmKt                                       : loaded 2 times (x 71B)
Class kotlin.collections.CollectionsKt__CollectionsKt                                 : loaded 2 times (x 71B)
Class kotlin.text.StringsKt__RegexExtensionsJVMKt                                     : loaded 2 times (x 71B)
Class com.google.common.io.ByteStreams                                                : loaded 2 times (x 71B)
Class com.google.common.cache.LocalCache$Strength$3                                   : loaded 2 times (x 81B)
Class com.google.common.collect.MapDifference                                         : loaded 2 times (x 70B)
Class com.google.common.base.Splitter$1                                               : loaded 2 times (x 77B)
Class kotlin._Assertions                                                              : loaded 2 times (x 71B)
Class com.google.common.reflect.Invokable                                             : loaded 2 times (x 103B)
Class org.objectweb.asm.FieldWriter                                                   : loaded 2 times (x 78B)
Class com.google.common.cache.CacheBuilder$NullListener                               : loaded 2 times (x 82B)
Class org.gradle.internal.classpath.TransformedClassPath                              : loaded 2 times (x 96B)
Class org.gradle.internal.classloader.InstrumentingClassLoader                        : loaded 2 times (x 70B)
Class kotlin.jvm.internal.FunctionReference                                           : loaded 2 times (x 122B)
Class kotlin.jvm.internal.FunctionBase                                                : loaded 2 times (x 70B)
Class [Lorg.jetbrains.org.objectweb.asm.SymbolTable$Entry;                            : loaded 2 times (x 69B)
Class kotlin.enums.EnumEntriesList                                                    : loaded 2 times (x 223B)
Class com.google.common.reflect.Types$ParameterizedTypeImpl                           : loaded 2 times (x 81B)
Class org.apache.commons.io.output.UnsynchronizedByteArrayOutputStream                : loaded 2 times (x 102B)
Class com.google.common.collect.ImmutableRangeSet$AsSet                               : loaded 2 times (x 299B)
Class com.google.common.cache.CacheLoader$FunctionToCacheLoader                       : loaded 2 times (x 75B)
Class com.google.common.collect.Iterators$ArrayItr                                    : loaded 2 times (x 97B)
Class com.google.common.collect.ImmutableCollection$Builder                           : loaded 2 times (x 76B)
Class kotlin.comparisons.ComparisonsKt___ComparisonsJvmKt                             : loaded 2 times (x 71B)
Class kotlin.collections.CollectionsKt__IteratorsJVMKt                                : loaded 2 times (x 71B)
Class com.google.common.reflect.TypeResolver$TypeVariableKey                          : loaded 2 times (x 72B)
Class org.apache.commons.io.output.ByteArrayOutputStream                              : loaded 2 times (x 102B)
Class com.google.common.base.Joiner                                                   : loaded 2 times (x 79B)
Class com.google.common.base.MoreObjects                                              : loaded 2 times (x 71B)
Class org.jetbrains.kotlin.build.report.metrics.GradleBuildTime                       : loaded 2 times (x 86B)
Class [Lorg.objectweb.asm.Type;                                                       : loaded 2 times (x 69B)
Class com.google.common.collect.Platform                                              : loaded 2 times (x 71B)
Class com.google.common.collect.UnmodifiableIterator                                  : loaded 2 times (x 80B)
Class org.gradle.internal.service.ServiceLocator                                      : loaded 2 times (x 70B)
Class kotlin.Pair                                                                     : loaded 2 times (x 72B)
Class [Lkotlin.Function;                                                              : loaded 2 times (x 69B)
Class com.google.common.base.Ascii                                                    : loaded 2 times (x 71B)
Class com.google.common.collect.SingletonImmutableBiMap                               : loaded 2 times (x 143B)
Class com.google.common.cache.LocalCache$1                                            : loaded 2 times (x 89B)
Class com.google.common.collect.AbstractMapEntry                                      : loaded 2 times (x 81B)
Class kotlin.io.CloseableKt                                                           : loaded 2 times (x 71B)
Class kotlin.collections.CollectionsKt__MutableCollectionsKt                          : loaded 2 times (x 71B)
Class com.google.common.reflect.TypeToken$SimpleTypeToken                             : loaded 2 times (x 73B)
Class com.google.common.collect.Sets$ImprovedAbstractSet                              : loaded 2 times (x 135B)
Class com.google.common.collect.ImmutableList$Builder                                 : loaded 2 times (x 77B)
Class com.google.common.cache.LocalCache$2                                            : loaded 2 times (x 142B)
Class com.google.common.collect.AbstractMultimap                                      : loaded 2 times (x 123B)
Class kotlin.reflect.KCallable                                                        : loaded 2 times (x 70B)
Class kotlin.io.TerminateException                                                    : loaded 2 times (x 82B)
Class kotlin.io.FilesKt__FilePathComponentsKt                                         : loaded 2 times (x 71B)
Class com.google.common.collect.ImmutableRangeSet$1                                   : loaded 2 times (x 209B)
Class com.google.common.collect.RegularImmutableAsList                                : loaded 2 times (x 216B)
Class com.google.common.collect.Range                                                 : loaded 2 times (x 87B)
Class com.google.common.util.concurrent.AbstractFuture$Trusted                        : loaded 2 times (x 70B)
Class com.google.common.collect.Iterators                                             : loaded 2 times (x 71B)
Class [Lorg.jetbrains.kotlin.build.report.metrics.BuildTime;                          : loaded 2 times (x 69B)
Class com.google.common.util.concurrent.UncheckedExecutionException                   : loaded 2 times (x 82B)
Class com.google.common.collect.Lists$StringAsImmutableList                           : loaded 2 times (x 207B)
Class org.gradle.kotlin.dsl.VersionCatalogAccessorsKt                                 : loaded 2 times (x 71B)
Class org.jetbrains.org.objectweb.asm.ClassTooLargeException                          : loaded 2 times (x 83B)
Class kotlin.collections.EmptyList                                                    : loaded 2 times (x 174B)
Class kotlin.collections.MapsKt__MapsJVMKt                                            : loaded 2 times (x 71B)
Class com.google.common.collect.AbstractMapBasedMultimap$KeySet$1                     : loaded 2 times (x 82B)
Class org.objectweb.asm.ClassWriter                                                   : loaded 2 times (x 106B)
Class com.google.common.cache.CacheLoader$UnsupportedLoadingOperationException        : loaded 2 times (x 82B)
Class com.google.common.base.CharMatcher$And                                          : loaded 2 times (x 112B)
Class org.gradle.internal.classloader.ClasspathUtil$1                                 : loaded 2 times (x 76B)
Class com.google.common.base.Objects                                                  : loaded 2 times (x 71B)
Class org.objectweb.asm.FieldVisitor                                                  : loaded 2 times (x 77B)
Class com.google.common.collect.IndexedImmutableSet                                   : loaded 2 times (x 150B)
Class com.google.common.collect.ImmutableMap$1                                        : loaded 2 times (x 81B)
Class com.google.common.collect.BiMap                                                 : loaded 2 times (x 70B)
Class org.gradle.api.internal.classpath.DefaultModuleRegistry$DefaultModule           : loaded 2 times (x 86B)
Class com.google.common.reflect.Reflection                                            : loaded 2 times (x 71B)
Class com.google.common.primitives.Ints                                               : loaded 2 times (x 71B)
Class com.google.common.collect.AbstractIterator                                      : loaded 2 times (x 82B)
Class ijKotlinCoroutineJvmDebugInit1_84wf0hjeca84oepavwu4apobm$_run_closure1          : loaded 2 times (x 139B)
Class kotlin.collections.IndexingIterable                                             : loaded 2 times (x 79B)
Class org.jetbrains.org.objectweb.asm.FieldVisitor                                    : loaded 2 times (x 76B)
Class kotlin.collections.ArraysKt__ArraysKt                                           : loaded 2 times (x 71B)
Class com.google.common.math.MathPreconditions                                        : loaded 2 times (x 71B)
Class com.google.common.collect.Multiset                                              : loaded 2 times (x 70B)
Class com.google.common.collect.ArrayListMultimapGwtSerializationDependencies         : loaded 2 times (x 172B)
Class com.google.common.collect.ObjectArrays                                          : loaded 2 times (x 71B)
Class com.google.common.collect.AbstractIndexedListIterator                           : loaded 2 times (x 96B)
Class kotlin.collections.SetsKt__SetsJVMKt                                            : loaded 2 times (x 71B)
Class kotlin.Function                                                                 : loaded 2 times (x 70B)
Class org.apache.commons.io.output.NullOutputStream                                   : loaded 2 times (x 85B)
Class com.google.common.collect.ImmutableMapEntrySet                                  : loaded 2 times (x 151B)
Class org.gradle.api.internal.classpath.Module                                        : loaded 2 times (x 70B)
Class kotlin.internal.ProgressionUtilKt                                               : loaded 2 times (x 71B)
Class kotlin.io.FileAlreadyExistsException                                            : loaded 2 times (x 82B)
Class com.google.common.cache.Weigher                                                 : loaded 2 times (x 70B)
Class org.gradle.api.internal.classpath.UnknownModuleException                        : loaded 2 times (x 82B)
Class com.google.common.base.Stopwatch                                                : loaded 2 times (x 72B)
Class com.google.common.cache.LocalCache$Strength                                     : loaded 2 times (x 81B)
Class com.google.common.cache.Cache                                                   : loaded 2 times (x 70B)
Class com.google.gson.stream.JsonReader$1                                             : loaded 2 times (x 72B)
Class kotlin.collections.IndexingIterator                                             : loaded 2 times (x 79B)
Class org.jetbrains.kotlin.build.report.metrics.BuildMetricsReporter                  : loaded 2 times (x 70B)
Class com.google.common.util.concurrent.AbstractFuture$Cancellation                   : loaded 2 times (x 72B)
Class com.google.common.collect.ImmutableMap$Builder                                  : loaded 2 times (x 82B)
Class com.google.common.base.NullnessCasts                                            : loaded 2 times (x 71B)
Class [Lkotlin.reflect.KAnnotatedElement;                                             : loaded 2 times (x 69B)
Class org.jetbrains.org.objectweb.asm.FieldWriter                                     : loaded 2 times (x 77B)
Class org.jetbrains.org.objectweb.asm.MethodVisitor                                   : loaded 2 times (x 104B)
Class kotlin.io.ByteStreamsKt                                                         : loaded 2 times (x 71B)
Class com.google.common.cache.RemovalListener                                         : loaded 2 times (x 70B)
Class org.gradle.api.internal.DefaultClassPathRegistry                                : loaded 2 times (x 76B)
Class com.google.common.reflect.Invokable$ConstructorInvokable                        : loaded 2 times (x 107B)
Class com.google.common.primitives.IntsMethodsForWeb                                  : loaded 2 times (x 71B)
Class com.google.common.collect.Multimap                                              : loaded 2 times (x 70B)
Class org.gradle.api.internal.ClassPathRegistry                                       : loaded 2 times (x 70B)
Class org.gradle.internal.classpath.DefaultClassPath$ImmutableUniqueList              : loaded 2 times (x 199B)
Class org.jetbrains.org.objectweb.asm.ByteVector                                      : loaded 2 times (x 78B)
Class kotlin.text.StringsKt__StringsJVMKt                                             : loaded 2 times (x 71B)
Class com.google.common.collect.NullnessCasts                                         : loaded 2 times (x 71B)
Class com.google.common.reflect.TypeToken                                             : loaded 2 times (x 73B)
Class com.google.common.base.ExtraObjectsMethodsForWeb                                : loaded 2 times (x 71B)
Class org.apache.commons.io.IOUtils                                                   : loaded 2 times (x 71B)
Class [Lorg.jetbrains.org.objectweb.asm.AnnotationWriter;                             : loaded 2 times (x 69B)
Class kotlin.collections.SetsKt                                                       : loaded 2 times (x 71B)
Class kotlin.text.StringsKt__IndentKt                                                 : loaded 2 times (x 71B)
Class com.google.common.cache.CacheBuilder                                            : loaded 2 times (x 72B)
Class com.google.common.collect.SingletonImmutableList                                : loaded 2 times (x 207B)
Class Settings_gradle$1                                                               : loaded 2 times (x 74B)
Class org.gradle.internal.classpath.ClassPath                                         : loaded 2 times (x 70B)
Class kotlin.reflect.KFunction                                                        : loaded 2 times (x 70B)
Class kotlin.sequences.SequencesKt__SequencesKt$asSequence$$inlined$Sequence$1        : loaded 2 times (x 75B)
Class [Lcom.google.common.reflect.Types$JavaVersion;                                  : loaded 2 times (x 69B)
Class com.google.common.collect.ImmutableList$ReverseImmutableList                    : loaded 2 times (x 208B)
Class com.google.common.base.JdkPattern                                               : loaded 2 times (x 75B)
Class ijKotlinCoroutineJvmDebugInit1_84wf0hjeca84oepavwu4apobm$_run_closure1$_closure2: loaded 2 times (x 139B)
Class kotlin.collections.MapsKt__MapsKt                                               : loaded 2 times (x 71B)
Class org.objectweb.asm.SymbolTable$Entry                                             : loaded 2 times (x 74B)
Class com.google.gson.internal.JsonReaderInternalAccess                               : loaded 2 times (x 72B)
Class org.gradle.internal.Factory                                                     : loaded 2 times (x 70B)
Class org.jetbrains.org.objectweb.asm.ClassWriter                                     : loaded 2 times (x 104B)
Class org.objectweb.asm.Edge                                                          : loaded 2 times (x 72B)
Class com.google.common.base.Suppliers$SupplierOfInstance                             : loaded 2 times (x 79B)
Class com.google.common.collect.Iterators$1                                           : loaded 2 times (x 81B)
Class kotlin.UninitializedPropertyAccessException                                     : loaded 2 times (x 82B)
Class com.google.common.reflect.TypeToken$1                                           : loaded 2 times (x 110B)
Class com.google.common.cache.LocalCache$ComputingValueReference                      : loaded 2 times (x 96B)
Class com.google.common.collect.SingletonImmutableSet                                 : loaded 2 times (x 146B)
Class com.google.common.collect.ImmutableMap$IteratorBasedImmutableMap                : loaded 2 times (x 125B)
Class com.google.common.reflect.TypeToken$2                                           : loaded 2 times (x 110B)
Class com.google.common.cache.LocalCache$Segment                                      : loaded 2 times (x 154B)
Class com.google.common.collect.SortedIterable                                        : loaded 2 times (x 70B)
Class [Lorg.objectweb.asm.SymbolTable$Entry;                                          : loaded 2 times (x 69B)
Class com.google.common.cache.CacheLoader                                             : loaded 2 times (x 74B)
Class com.google.common.collect.Iterators$4                                           : loaded 2 times (x 82B)
Class com.google.common.collect.ImmutableBiMap                                        : loaded 2 times (x 143B)
Class com.google.common.collect.AbstractListMultimap                                  : loaded 2 times (x 172B)
Class org.gradle.api.internal.classpath.ModuleRegistry                                : loaded 2 times (x 70B)
Class org.gradle.internal.installation.GradleInstallation$1                           : loaded 2 times (x 75B)
Class org.jetbrains.org.objectweb.asm.AnnotationVisitor                               : loaded 2 times (x 77B)
Class org.apache.commons.io.output.NullWriter                                         : loaded 2 times (x 99B)
Class com.google.common.util.concurrent.internal.InternalFutureFailureAccess          : loaded 2 times (x 72B)
Class com.google.common.collect.Iterators$5                                           : loaded 2 times (x 82B)
Class com.google.common.collect.ImmutableSet$JdkBackedSetBuilderImpl                  : loaded 2 times (x 76B)
Class com.google.common.base.Splitter$SplittingIterator                               : loaded 2 times (x 84B)
Class [Lorg.jetbrains.org.objectweb.asm.Type;                                         : loaded 2 times (x 69B)
Class com.google.common.cache.LocalCache$LocalManualCache$1                           : loaded 2 times (x 75B)
Class com.google.common.base.CharMatcher$ForPredicate                                 : loaded 2 times (x 112B)
Class kotlin.io.FilesKt__UtilsKt                                                      : loaded 2 times (x 71B)
Class kotlin.collections.CollectionsKt__CollectionsJVMKt                              : loaded 2 times (x 71B)
Class com.google.common.collect.ImmutableCollection                                   : loaded 2 times (x 125B)
Class com.google.common.base.CharMatcher$AnyOf                                        : loaded 2 times (x 112B)
Class org.gradle.api.internal.classpath.DefaultModuleRegistry                         : loaded 2 times (x 86B)
Class kotlin.collections.IndexedValue                                                 : loaded 2 times (x 72B)
Class org.jetbrains.org.objectweb.asm.AnnotationWriter                                : loaded 2 times (x 78B)
Class kotlin.sequences.SequencesKt                                                    : loaded 2 times (x 71B)
Class kotlin.collections.CollectionsKt__IteratorsKt                                   : loaded 2 times (x 71B)
Class org.jetbrains.kotlin.build.report.metrics.GradleBuildTime$Companion             : loaded 2 times (x 71B)
Class com.google.common.util.concurrent.ListenableFuture                              : loaded 2 times (x 70B)
Class com.google.common.cache.ReferenceEntry                                          : loaded 2 times (x 70B)
Class com.google.common.collect.ImmutableSet$CachingAsList                            : loaded 2 times (x 147B)
Class com.google.common.base.Converter                                                : loaded 2 times (x 90B)
Class com.google.common.collect.Lists                                                 : loaded 2 times (x 71B)
Class kotlin.text.StringsKt                                                           : loaded 2 times (x 71B)
Class com.google.common.util.concurrent.AbstractFuture                                : loaded 2 times (x 106B)
Class com.google.common.base.FunctionalEquivalence                                    : loaded 2 times (x 83B)
Class com.google.common.collect.Iterators$9                                           : loaded 2 times (x 81B)
Class com.google.common.collect.AbstractMapBasedMultimap                              : loaded 2 times (x 139B)
Class com.google.common.collect.ImmutableAsList                                       : loaded 2 times (x 209B)
Class kotlin.LazyKt__LazyJVMKt                                                        : loaded 2 times (x 71B)
Class com.google.common.reflect.TypeResolver$TypeTable                                : loaded 2 times (x 73B)
Class org.objectweb.asm.RecordComponentVisitor                                        : loaded 2 times (x 77B)
Class com.google.common.cache.CacheLoader$SupplierToCacheLoader                       : loaded 2 times (x 75B)
Class kotlin.io.FilesKt__FileReadWriteKt                                              : loaded 2 times (x 71B)
Class kotlin.text.StringsKt__StringNumberConversionsKt                                : loaded 2 times (x 71B)
Class com.google.common.reflect.TypeResolver$TypeTable$1                              : loaded 2 times (x 73B)
Class com.google.common.collect.Maps$EntryTransformer                                 : loaded 2 times (x 70B)
Class org.gradle.internal.service.ServiceLookupException                              : loaded 2 times (x 82B)
Class com.google.common.collect.ImmutableSortedSet                                    : loaded 2 times (x 299B)
Class [Lcom.google.common.cache.LocalCache$EntryFactory;                              : loaded 2 times (x 69B)
Class ijJvmDebugger1_1nxz8iacv3bg692g0l3pkvalm$_run_closure1$_closure2                : loaded 2 times (x 140B)
Class org.gradle.internal.classloader.ClassLoaderFactory                              : loaded 2 times (x 70B)
Class org.apache.commons.io.CloseableURLConnection                                    : loaded 2 times (x 117B)
Class com.google.common.cache.LocalCache$LocalManualCache                             : loaded 2 times (x 99B)
Class com.google.common.base.CharMatcher$IsNot                                        : loaded 2 times (x 111B)
Class com.google.common.base.CommonPattern                                            : loaded 2 times (x 74B)
Class org.gradle.internal.service.CachingServiceLocator                               : loaded 2 times (x 82B)
Class kotlin.jvm.internal.CallableReference                                           : loaded 2 times (x 106B)
Class com.google.common.collect.AbstractMapBasedMultimap$KeySet                       : loaded 2 times (x 137B)
Class com.google.common.collect.RegularImmutableSortedSet                             : loaded 2 times (x 299B)
Class com.google.common.math.IntMath                                                  : loaded 2 times (x 71B)
Class org.jetbrains.kotlin.build.report.metrics.BuildTime                             : loaded 2 times (x 70B)
Class com.google.common.reflect.Types$TypeVariableInvocationHandler                   : loaded 2 times (x 75B)
Class com.google.common.collect.ImmutableMapEntry                                     : loaded 2 times (x 85B)
Class org.jetbrains.org.objectweb.asm.Type                                            : loaded 2 times (x 72B)
Class kotlin.enums.EnumEntries                                                        : loaded 2 times (x 70B)
Class org.jetbrains.kotlin.build.report.metrics.DoNothingBuildMetricsReporter         : loaded 2 times (x 86B)
Class com.google.common.base.Equivalence                                              : loaded 2 times (x 82B)
Class com.google.common.collect.ImmutableMapEntry$NonTerminalImmutableMapEntry        : loaded 2 times (x 85B)
Class com.google.common.base.Function                                                 : loaded 2 times (x 70B)
Class org.jetbrains.org.objectweb.asm.TypePath                                        : loaded 2 times (x 72B)
Class com.google.common.collect.IndexedImmutableSet$1                                 : loaded 2 times (x 212B)
Class org.apache.commons.io.output.AbstractByteArrayOutputStream                      : loaded 2 times (x 102B)
Class com.google.common.cache.CacheBuilder$OneWeigher                                 : loaded 2 times (x 82B)
Class com.google.common.collect.RegularImmutableList                                  : loaded 2 times (x 212B)
Class com.google.common.reflect.Types$ClassOwnership$1LocalClass                      : loaded 2 times (x 71B)
Class org.gradle.internal.classloader.ClasspathUtil                                   : loaded 2 times (x 71B)
Class kotlin.io.FileSystemException                                                   : loaded 2 times (x 82B)
Class com.google.common.util.concurrent.Uninterruptibles                              : loaded 2 times (x 71B)
Class kotlin.jvm.internal.DefaultConstructorMarker                                    : loaded 2 times (x 71B)
Class org.jetbrains.org.objectweb.asm.ModuleVisitor                                   : loaded 2 times (x 80B)
Class com.google.common.collect.Maps                                                  : loaded 2 times (x 71B)
Class org.gradle.api.specs.Spec                                                       : loaded 2 times (x 70B)
Class com.google.common.reflect.Types$JavaVersion                                     : loaded 2 times (x 83B)
Class [Lcom.google.common.collect.ImmutableEntry;                                     : loaded 2 times (x 69B)
Class org.jetbrains.org.objectweb.asm.Symbol                                          : loaded 2 times (x 73B)
Class com.google.common.cache.LocalCache$LoadingValueReference                        : loaded 2 times (x 96B)
Class kotlin.collections.EmptyIterator                                                : loaded 2 times (x 89B)
Class kotlin.SynchronizedLazyImpl                                                     : loaded 2 times (x 76B)
Class kotlin.text.StringsKt__RegexExtensionsKt                                        : loaded 2 times (x 71B)
Class com.google.common.reflect.Invokable$MethodInvokable                             : loaded 2 times (x 107B)
Class com.google.common.base.Platform                                                 : loaded 2 times (x 71B)
Class kotlin.sequences.SequencesKt__SequencesJVMKt                                    : loaded 2 times (x 71B)
Class kotlin.collections.AbstractList                                                 : loaded 2 times (x 197B)
Class kotlin.collections.AbstractCollection                                           : loaded 2 times (x 117B)
Class [Lorg.objectweb.asm.AnnotationWriter;                                           : loaded 2 times (x 69B)
Class com.google.common.collect.Maps$8                                                : loaded 2 times (x 82B)
Class ijKotlinCoroutineJvmDebugInit1_84wf0hjeca84oepavwu4apobm                        : loaded 2 times (x 171B)
Class kotlin.collections.ArrayAsCollection                                            : loaded 2 times (x 105B)
Class kotlin.LazyKt__LazyKt                                                           : loaded 2 times (x 71B)
Class kotlin.text.StringsKt__StringBuilderJVMKt                                       : loaded 2 times (x 71B)
Class [Lcom.google.common.collect.Iterators$EmptyModifiableIterator;                  : loaded 2 times (x 69B)
Class com.google.common.collect.ImmutableRangeSet$Builder                             : loaded 2 times (x 77B)
Class com.google.common.collect.Sets$SetView                                          : loaded 2 times (x 138B)
Class com.google.common.cache.LocalCache$StrongValueReference                         : loaded 2 times (x 90B)
Class kotlin.UNINITIALIZED_VALUE                                                      : loaded 2 times (x 71B)
Class [Lcom.google.gson.stream.JsonToken;                                             : loaded 2 times (x 69B)
Class org.objectweb.asm.Type                                                          : loaded 2 times (x 72B)
Class org.gradle.internal.classloader.VisitableURLClassLoader$InstrumentingVisitableURLClassLoader: loaded 2 times (x 123B)
Class kotlin.comparisons.ComparisonsKt__ComparisonsKt                                 : loaded 2 times (x 71B)
Class kotlin.ranges.RangesKt__RangesKt                                                : loaded 2 times (x 71B)
Class kotlin.collections.SetsKt___SetsKt                                              : loaded 2 times (x 71B)
Class kotlin.sequences.SequencesKt__SequencesKt                                       : loaded 2 times (x 71B)
Class org.objectweb.asm.ByteVector                                                    : loaded 2 times (x 79B)
Class [Lcom.google.common.cache.CacheBuilder$NullListener;                            : loaded 2 times (x 69B)
Class com.google.common.math.IntMath$1                                                : loaded 2 times (x 71B)
Class org.gradle.internal.classloader.VisitableURLClassLoader$Spec                    : loaded 2 times (x 74B)
Class org.gradle.internal.classpath.DefaultClassPath                                  : loaded 2 times (x 90B)
Class kotlin.comparisons.ComparisonsKt                                                : loaded 2 times (x 71B)
Class kotlin.comparisons.ComparisonsKt___ComparisonsKt                                : loaded 2 times (x 71B)
Class kotlin.sequences.FilteringSequence                                              : loaded 2 times (x 75B)
Class [Lorg.jetbrains.kotlin.build.report.metrics.GradleBuildTime;                    : loaded 2 times (x 69B)
Class com.google.common.reflect.Types$ClassOwnership                                  : loaded 2 times (x 80B)
Class org.objectweb.asm.Symbol                                                        : loaded 2 times (x 73B)
Class com.google.common.base.AbstractIterator                                         : loaded 2 times (x 80B)
Class com.google.common.io.Closer                                                     : loaded 2 times (x 78B)
Class com.google.common.collect.RegularImmutableMap$Values                            : loaded 2 times (x 207B)
Class com.google.common.collect.ImmutableSet                                          : loaded 2 times (x 145B)
Class com.google.common.base.CharMatcher$BitSetMatcher                                : loaded 2 times (x 112B)
Class org.gradle.internal.classloader.ClassLoaderSpec                                 : loaded 2 times (x 71B)
Class kotlin.jvm.internal.FunctionReferenceImpl                                       : loaded 2 times (x 122B)
Class kotlin.collections.CollectionsKt___CollectionsJvmKt                             : loaded 2 times (x 71B)
Class org.objectweb.asm.AnnotationWriter                                              : loaded 2 times (x 79B)
Class com.google.common.cache.CacheStats                                              : loaded 2 times (x 71B)
Class kotlin.TuplesKt                                                                 : loaded 2 times (x 71B)
Class kotlin.Unit                                                                     : loaded 2 times (x 71B)
Class kotlin.sequences.SequencesKt___SequencesJvmKt                                   : loaded 2 times (x 71B)
Class com.google.common.io.Closer$Suppressor                                          : loaded 2 times (x 70B)
Class org.objectweb.asm.RecordComponentWriter                                         : loaded 2 times (x 78B)
Class com.google.common.util.concurrent.AbstractFuture$Listener                       : loaded 2 times (x 72B)
Class com.google.common.base.CharMatcher$Or                                           : loaded 2 times (x 112B)
Class Settings_gradle$1$1                                                             : loaded 2 times (x 74B)
Class kotlin.ranges.RangesKt                                                          : loaded 2 times (x 71B)
Class org.objectweb.asm.Attribute                                                     : loaded 2 times (x 77B)
Class com.google.common.base.Supplier                                                 : loaded 2 times (x 70B)
Class org.gradle.internal.classloader.VisitableURLClassLoader                         : loaded 2 times (x 117B)
Class kotlin.collections.ArraysUtilJVM                                                : loaded 2 times (x 71B)
Class kotlin.jvm.functions.Function0                                                  : loaded 2 times (x 70B)
Class Settings_gradle                                                                 : loaded 2 times (x 124B)
Class org.gradle.internal.Cast                                                        : loaded 2 times (x 71B)
Class org.gradle.api.Action                                                           : loaded 2 times (x 70B)
Class kotlin.jvm.functions.Function1                                                  : loaded 2 times (x 70B)
Class com.google.common.collect.Sets                                                  : loaded 2 times (x 71B)
Class org.objectweb.asm.Handler                                                       : loaded 2 times (x 72B)
Class com.google.common.base.Ticker                                                   : loaded 2 times (x 72B)
Class com.google.common.base.Strings                                                  : loaded 2 times (x 71B)
Class com.google.common.base.CharMatcher$FastMatcher                                  : loaded 2 times (x 111B)
Class kotlin.jvm.functions.Function2                                                  : loaded 2 times (x 70B)
Class [Lcom.google.common.cache.LocalCache$Segment;                                   : loaded 2 times (x 69B)
Class [Lcom.google.common.cache.LocalCache$Strength;                                  : loaded 2 times (x 69B)
Class com.google.common.cache.CacheBuilder$1                                          : loaded 2 times (x 85B)
Class com.google.common.collect.ImmutableMap                                          : loaded 2 times (x 120B)
Class com.google.common.base.Predicate                                                : loaded 2 times (x 70B)
Class org.gradle.internal.classpath.DefaultClassPath$ImmutableUniqueList$Builder      : loaded 2 times (x 75B)
Class kotlin.jvm.functions.Function3                                                  : loaded 2 times (x 70B)
Class kotlin.collections.MapsKt___MapsJvmKt                                           : loaded 2 times (x 71B)
Class com.google.gson.stream.JsonToken                                                : loaded 2 times (x 79B)
Class com.google.common.collect.AbstractRangeSet                                      : loaded 2 times (x 114B)
Class com.google.common.cache.LocalCache                                              : loaded 2 times (x 187B)
Class com.google.common.cache.CacheBuilder$2                                          : loaded 2 times (x 72B)
Class com.google.common.base.CharMatcher$NegatedFastMatcher                           : loaded 2 times (x 113B)
Class kotlin.collections.EmptySet                                                     : loaded 2 times (x 122B)
Class kotlin.collections.CollectionsKt___CollectionsKt                                : loaded 2 times (x 71B)
Class [Lcom.google.common.collect.AbstractMapEntry;                                   : loaded 2 times (x 69B)
Class com.google.common.collect.ImmutableEntry                                        : loaded 2 times (x 82B)
Class com.google.common.collect.ArrayListMultimap                                     : loaded 2 times (x 172B)
Class org.gradle.api.GradleException                                                  : loaded 2 times (x 82B)
Class kotlin.reflect.KDeclarationContainer                                            : loaded 2 times (x 70B)
Class org.jetbrains.org.objectweb.asm.SymbolTable$Entry                               : loaded 2 times (x 74B)
Class kotlin.text.StringsKt___StringsJvmKt                                            : loaded 2 times (x 71B)
Class com.google.common.base.Suppliers$MemoizingSupplier                              : loaded 2 times (x 79B)
Class org.apache.commons.io.StandardLineSeparator                                     : loaded 2 times (x 79B)
Class com.google.common.collect.CollectPreconditions                                  : loaded 2 times (x 71B)
Class kotlin.collections.MapsKt___MapsKt                                              : loaded 2 times (x 71B)
Class kotlin.io.FilesKt                                                               : loaded 2 times (x 71B)
Class kotlin.collections.ArraysKt___ArraysKt                                          : loaded 2 times (x 71B)
Class com.google.common.collect.SortedMapDifference                                   : loaded 2 times (x 70B)
Class [Lorg.jetbrains.org.objectweb.asm.Symbol;                                       : loaded 2 times (x 69B)
Class kotlin.collections.MapsKt__MapWithDefaultKt                                     : loaded 2 times (x 71B)
Class com.google.common.cache.LocalCache$WriteThroughEntry                            : loaded 2 times (x 79B)
Class com.google.common.cache.LocalCache$HashIterator                                 : loaded 2 times (x 86B)
Class com.google.common.cache.LocalCache$EntryFactory                                 : loaded 2 times (x 83B)
Class kotlin.collections.CollectionsKt__MutableCollectionsJVMKt                       : loaded 2 times (x 71B)
Class kotlin.enums.EnumEntriesKt                                                      : loaded 2 times (x 71B)
Class kotlin.text.StringsKt___StringsKt                                               : loaded 2 times (x 71B)
Class com.google.common.reflect.Types$NativeTypeVariableEquals                        : loaded 2 times (x 71B)
Class com.google.common.reflect.TypeParameter                                         : loaded 2 times (x 72B)
Class com.google.common.cache.LocalCache$AbstractReferenceEntry                       : loaded 2 times (x 107B)
Class com.google.common.base.CharMatcher$Whitespace                                   : loaded 2 times (x 112B)
Class org.gradle.internal.IoActions                                                   : loaded 2 times (x 71B)
Class org.jetbrains.org.objectweb.asm.Attribute                                       : loaded 2 times (x 75B)
Class org.jetbrains.org.objectweb.asm.Label                                           : loaded 2 times (x 72B)
Class com.google.common.collect.ImmutableMapKeySet                                    : loaded 2 times (x 150B)
Class com.google.common.collect.ImmutableRangeSet$ComplementRanges                    : loaded 2 times (x 207B)
Class org.objectweb.asm.SymbolTable                                                   : loaded 2 times (x 72B)
Class com.google.common.cache.CacheLoader$InvalidCacheLoadException                   : loaded 2 times (x 82B)
Class com.google.common.collect.ImmutableSet$RegularSetBuilderImpl                    : loaded 2 times (x 77B)
Class org.gradle.internal.classloader.SystemClassLoaderSpec                           : loaded 2 times (x 71B)
Class kotlin.reflect.KAnnotatedElement                                                : loaded 2 times (x 70B)
Class org.jetbrains.org.objectweb.asm.Frame                                           : loaded 2 times (x 73B)
Class kotlin.jvm.internal.Intrinsics                                                  : loaded 2 times (x 71B)
Class com.google.common.cache.LocalCache$StrongEntry                                  : loaded 2 times (x 108B)
Class com.google.common.util.concurrent.AbstractFuture$TrustedFuture                  : loaded 2 times (x 114B)
Class com.google.common.cache.LoadingCache                                            : loaded 2 times (x 70B)
Class kotlin.collections.MapsKt                                                       : loaded 2 times (x 71B)
Class kotlin.collections.CollectionsKt__IterablesKt                                   : loaded 2 times (x 71B)
Class com.google.common.io.ByteStreams$LimitedInputStream                             : loaded 2 times (x 92B)
Class com.google.common.base.Suppliers$NonSerializableMemoizingSupplier               : loaded 2 times (x 79B)
Class org.objectweb.asm.MethodWriter                                                  : loaded 2 times (x 106B)
Class [Lcom.google.common.cache.Weigher;                                              : loaded 2 times (x 69B)
Class com.google.common.collect.RegularImmutableMap$BucketOverflowException           : loaded 2 times (x 82B)
Class kotlin.KotlinNullPointerException                                               : loaded 2 times (x 83B)
Class kotlin.ranges.RangesKt___RangesKt                                               : loaded 2 times (x 71B)
Class com.google.common.collect.AbstractIterator$State                                : loaded 2 times (x 79B)
Class com.google.common.reflect.Types$JavaVersion$1                                   : loaded 2 times (x 83B)
Class com.google.common.collect.RegularImmutableBiMap                                 : loaded 2 times (x 148B)
Class com.google.common.cache.LocalCache$ValueReference                               : loaded 2 times (x 70B)
Class com.google.common.base.CharMatcher$Is                                           : loaded 2 times (x 111B)
Class com.google.common.base.CharMatcher$Negated                                      : loaded 2 times (x 113B)
Class org.jetbrains.org.objectweb.asm.Opcodes                                         : loaded 2 times (x 70B)
Class [Lorg.jetbrains.org.objectweb.asm.AnnotationVisitor;                            : loaded 2 times (x 69B)
Class kotlin.collections.ArraysKt                                                     : loaded 2 times (x 71B)
Class com.google.common.hash.PrimitiveSink                                            : loaded 2 times (x 70B)
Class com.google.common.reflect.Types$JavaVersion$2                                   : loaded 2 times (x 83B)
Class com.google.common.reflect.Types                                                 : loaded 2 times (x 71B)
Class com.google.common.util.concurrent.AbstractFuture$Failure                        : loaded 2 times (x 72B)
Class com.google.common.base.Equivalence$Equals                                       : loaded 2 times (x 82B)
Class com.google.common.collect.Hashing                                               : loaded 2 times (x 71B)
Class com.google.common.base.PatternCompiler                                          : loaded 2 times (x 70B)
Class com.google.common.base.Preconditions                                            : loaded 2 times (x 71B)
Class kotlin.collections.SetsKt__SetsKt                                               : loaded 2 times (x 71B)
Class kotlin.LazyKt                                                                   : loaded 2 times (x 71B)
Class com.google.common.reflect.Types$JavaVersion$3                                   : loaded 2 times (x 83B)
Class com.google.common.base.Joiner$1                                                 : loaded 2 times (x 80B)
Class org.objectweb.asm.Label                                                         : loaded 2 times (x 73B)
Class org.objectweb.asm.CurrentFrame                                                  : loaded 2 times (x 73B)
Class org.objectweb.asm.ClassTooLargeException                                        : loaded 2 times (x 83B)
Class com.google.gson.stream.JsonReader                                               : loaded 2 times (x 97B)
Class com.google.common.collect.PeekingIterator                                       : loaded 2 times (x 70B)
Class com.google.common.base.CharMatcher                                              : loaded 2 times (x 111B)
Class org.jetbrains.org.objectweb.asm.RecordComponentWriter                           : loaded 2 times (x 78B)
Class kotlin.collections.ArraysKt__ArraysJVMKt                                        : loaded 2 times (x 71B)
Class com.google.common.collect.Table                                                 : loaded 2 times (x 70B)
Class com.google.common.reflect.Types$JavaVersion$4                                   : loaded 2 times (x 83B)
Class com.google.common.collect.Maps$IteratorBasedAbstractMap                         : loaded 2 times (x 125B)
Class com.google.common.collect.RangeGwtSerializationDependencies                     : loaded 2 times (x 71B)
Class com.google.common.base.Joiner$2                                                 : loaded 2 times (x 79B)
Class org.objectweb.asm.Frame                                                         : loaded 2 times (x 73B)
Class org.objectweb.asm.MethodVisitor                                                 : loaded 2 times (x 105B)
Class com.google.common.cache.LocalCache$EntryFactory$1                               : loaded 2 times (x 83B)
Class [Lcom.google.common.cache.RemovalListener;                                      : loaded 2 times (x 69B)
Class com.google.common.base.CharMatcher$1                                            : loaded 2 times (x 113B)
Class com.google.common.base.CharMatcher$NamedFastMatcher                             : loaded 2 times (x 112B)
Class kotlin.jvm.internal.CallableReference$NoReceiver                                : loaded 2 times (x 71B)
Class org.jetbrains.org.objectweb.asm.MethodWriter                                    : loaded 2 times (x 105B)
Class kotlin.text.StringsKt__StringBuilderKt                                          : loaded 2 times (x 71B)
Class com.google.common.reflect.Types$JavaVersion$5                                   : loaded 2 times (x 71B)
Class [Lcom.google.common.reflect.Types$ClassOwnership;                               : loaded 2 times (x 69B)
Class com.google.common.collect.RangeSet                                              : loaded 2 times (x 70B)
Class com.google.common.cache.LocalCache$EntryFactory$2                               : loaded 2 times (x 83B)
Class org.gradle.api.internal.classpath.GlobalCacheRootsProvider                      : loaded 2 times (x 70B)
Class kotlin.Lazy                                                                     : loaded 2 times (x 70B)
Class kotlin.NoWhenBranchMatchedException                                             : loaded 2 times (x 82B)
Class com.google.common.collect.CollectCollectors                                     : loaded 2 times (x 71B)
Class org.objectweb.asm.ModuleWriter                                                  : loaded 2 times (x 82B)
Class com.google.common.cache.LocalCache$EntryFactory$3                               : loaded 2 times (x 83B)
Class com.google.common.base.Ticker$1                                                 : loaded 2 times (x 72B)
Class com.google.common.collect.ImmutableMapEntrySet$RegularEntrySet                  : loaded 2 times (x 151B)
Class com.google.common.collect.Maps$BiMapConverter                                   : loaded 2 times (x 90B)
Class [Lkotlin.jvm.functions.Function1;                                               : loaded 2 times (x 69B)
Class org.jetbrains.org.objectweb.asm.RecordComponentVisitor                          : loaded 2 times (x 77B)
Class com.google.common.cache.LocalCache$EntryFactory$4                               : loaded 2 times (x 83B)
Class com.google.common.collect.ImmutableSet$Builder                                  : loaded 2 times (x 85B)
Class com.google.common.base.CharMatcher$InRange                                      : loaded 2 times (x 111B)
Class org.jetbrains.org.objectweb.asm.MethodTooLargeException                         : loaded 2 times (x 83B)
Class org.jetbrains.org.objectweb.asm.Context                                         : loaded 2 times (x 72B)
Class kotlin.sequences.ConstrainedOnceSequence                                        : loaded 2 times (x 75B)
Class com.google.common.io.ByteStreams$1                                              : loaded 2 times (x 85B)
Class com.google.common.cache.LocalCache$EntryFactory$5                               : loaded 2 times (x 83B)
Class org.jetbrains.org.objectweb.asm.CurrentFrame                                    : loaded 2 times (x 73B)
Class kotlin.jvm.internal.markers.KMappedMarker                                       : loaded 2 times (x 70B)
Class org.apache.commons.io.output.AppendableWriter                                   : loaded 2 times (x 100B)
Class com.google.common.cache.LocalCache$EntryFactory$6                               : loaded 2 times (x 83B)
Class org.gradle.internal.installation.CurrentGradleInstallationLocator               : loaded 2 times (x 71B)
Class org.apache.commons.io.output.ThresholdingOutputStream                           : loaded 2 times (x 94B)
Class com.google.common.collect.Maps$KeySet                                           : loaded 2 times (x 137B)
Class com.google.common.cache.LocalCache$EntryFactory$7                               : loaded 2 times (x 83B)
Class com.google.common.collect.ImmutableSet$EmptySetBuilderImpl                      : loaded 2 times (x 76B)
Class com.google.common.collect.ImmutableList                                         : loaded 2 times (x 206B)
Class org.gradle.internal.service.DefaultServiceLocator                               : loaded 2 times (x 83B)
Class org.jetbrains.org.objectweb.asm.SymbolTable                                     : loaded 2 times (x 72B)
Class com.google.common.cache.LocalCache$EntryFactory$8                               : loaded 2 times (x 83B)
Class com.google.common.collect.ImmutableSet$SetBuilderImpl                           : loaded 2 times (x 76B)
Class org.gradle.internal.installation.CurrentGradleInstallation                      : loaded 2 times (x 73B)
Class org.jetbrains.org.objectweb.asm.ModuleWriter                                    : loaded 2 times (x 81B)
Class com.google.common.cache.CacheLoader$1                                           : loaded 2 times (x 75B)
Class com.google.common.collect.ForwardingObject                                      : loaded 2 times (x 72B)
Class com.google.common.collect.ImmutableList$SubList                                 : loaded 2 times (x 208B)
Class org.gradle.util.internal.GUtil                                                  : loaded 2 times (x 71B)
Class [Lorg.jetbrains.org.objectweb.asm.Label;                                        : loaded 2 times (x 69B)
Class kotlin.io.NoSuchFileException                                                   : loaded 2 times (x 82B)
Class kotlin.collections.CollectionsKt                                                : loaded 2 times (x 71B)
Class com.google.common.cache.AbstractCache$StatsCounter                              : loaded 2 times (x 70B)
Class com.google.common.reflect.Types$TypeVariableImpl                                : loaded 2 times (x 72B)
Class com.google.common.collect.Iterators$MergingIterator                             : loaded 2 times (x 81B)
Class com.google.common.collect.RegularImmutableSet                                   : loaded 2 times (x 148B)
Class org.gradle.internal.installation.GradleInstallation                             : loaded 2 times (x 75B)
Class kotlin.collections.CollectionsKt__IteratorsJVMKt$iterator$1                     : loaded 2 times (x 79B)
Class com.google.common.collect.Iterables                                             : loaded 2 times (x 71B)
Class com.google.common.base.Splitter$Strategy                                        : loaded 2 times (x 70B)
Class kotlin.jvm.KotlinReflectionNotSupportedError                                    : loaded 2 times (x 82B)
Class ijJvmDebugger1_1nxz8iacv3bg692g0l3pkvalm                                        : loaded 2 times (x 171B)

---------------  S Y S T E M  ---------------

OS:
PRETTY_NAME="Kali GNU/Linux Rolling"
NAME="Kali GNU/Linux"
VERSION_ID="2026.1"
VERSION="2026.1"
VERSION_CODENAME=kali-rolling
ID=kali
ID_LIKE=debian
HOME_URL="https://www.kali.org/"
SUPPORT_URL="https://forums.kali.org/"
BUG_REPORT_URL="https://bugs.kali.org/"
ANSI_COLOR="1;31"
uname: Linux 6.19.11+kali-amd64 #1 SMP PREEMPT_DYNAMIC Kali 6.19.11-1kali1 (2026-04-09) x86_64
OS uptime: 0 days 1:34 hours
libc: glibc 2.42 NPTL 2.42 
rlimit (soft/hard): STACK 8192k/infinity , CORE 0k/infinity , NPROC 20770/20770 , NOFILE 524288/524288 , AS infinity/infinity , CPU infinity/infinity , DATA infinity/infinity , FSIZE infinity/infinity , MEMLOCK 8192k/8192k
load average: 8.37 7.66 5.68

/proc/meminfo:
MemTotal:        5530548 kB
MemFree:          150264 kB
MemAvailable:     725952 kB
Buffers:           61360 kB
Cached:           682860 kB
SwapCached:        35424 kB
Active:          4478288 kB
Inactive:         552004 kB
Active(anon):    4220664 kB
Inactive(anon):    72632 kB
Active(file):     257624 kB
Inactive(file):   479372 kB
Unevictable:         128 kB
Mlocked:             128 kB
SwapTotal:       5741564 kB
SwapFree:        4484072 kB
Zswap:                 0 kB
Zswapped:              0 kB
Dirty:              4924 kB
Writeback:             0 kB
AnonPages:       4278832 kB
Mapped:           155360 kB
Shmem:              7344 kB
KReclaimable:     100684 kB
Slab:             188988 kB
SReclaimable:     100684 kB
SUnreclaim:        88304 kB
KernelStack:       11200 kB
PageTables:        28896 kB
SecPageTables:         0 kB
NFS_Unstable:          0 kB
Bounce:                0 kB
WritebackTmp:          0 kB
CommitLimit:     8506836 kB
Committed_AS:    9046760 kB
VmallocTotal:   34359738367 kB
VmallocUsed:       67720 kB
VmallocChunk:          0 kB
Percpu:             2432 kB
HardwareCorrupted:     0 kB
AnonHugePages:   1718272 kB
ShmemHugePages:        0 kB
ShmemPmdMapped:        0 kB
FileHugePages:      6144 kB
FilePmdMapped:         0 kB
Unaccepted:            0 kB
Balloon:               0 kB
HugePages_Total:       0
HugePages_Free:        0
HugePages_Rsvd:        0
HugePages_Surp:        0
Hugepagesize:       2048 kB
Hugetlb:               0 kB
DirectMap4k:      483112 kB
DirectMap2M:     5261312 kB
DirectMap1G:           0 kB

/sys/kernel/mm/transparent_hugepage/enabled: [always] madvise never
/sys/kernel/mm/transparent_hugepage/hpage_pmd_size: 2097152
/sys/kernel/mm/transparent_hugepage/defrag (defrag/compaction efforts parameter): always defer defer+madvise [madvise] never

Process Memory:
Virtual Size: 4895604K (peak: 4962268K)
Resident Set Size: 1503460K (peak: 1503460K) (anon: 1470368K, file: 33060K, shmem: 32K)
Swapped out: 0K
C-Heap outstanding allocations: 153834K, retained: 193089K
glibc malloc tunables: (default)

/proc/sys/kernel/threads-max (system-wide limit on the number of threads): 41540
/proc/sys/vm/max_map_count (maximum number of memory map areas a process may have): 1048576
/proc/sys/vm/swappiness (control to define how aggressively the kernel swaps out anonymous memory): 60
/proc/sys/kernel/pid_max (system-wide limit on number of process identifiers): 4194304

container information not found.
Steal ticks since vm start: 0
Steal ticks percentage since vm start:  0.000

CPU: total 4 (initial active 4) (4 cores per cpu, 1 threads per core) family 18 model 1 stepping 0 microcode 0x3000027, cx8, cmov, fxsr, mmx, 3dnowpref, sse, sse2, sse3, sse4a, popcnt, lzcnt, tsc, tscinvbit, clflush, rdtscp
CPU Model and flags from /proc/cpuinfo:
model name	: AMD A8-3520M APU with Radeon(tm) HD Graphics
flags		: fpu vme de pse tsc msr pae mce cx8 apic sep mtrr pge mca cmov pat pse36 clflush mmx fxsr sse sse2 ht syscall nx mmxext fxsr_opt pdpe1gb rdtscp lm 3dnowext 3dnow constant_tsc rep_good nopl nonstop_tsc cpuid extd_apicid aperfmperf pni monitor cx16 popcnt lahf_lm cmp_legacy svm extapic cr8_legacy abm sse4a misalignsse 3dnowprefetch osvw ibs skinit wdt cpb hw_pstate vmmcall arat npt lbrv svm_lock nrip_save pausefilter

Online cpus: 0-3
Offline cpus: 
BIOS frequency limitation: 1600000
Frequency switch latency (ns): 0
Available cpu frequencies: 1600000 1400000 1200000 1100000 1000000 900000 800000 
Current governor: ondemand
Core performance/turbo boost: 1

Memory: 4k page, physical 5530548k(725952k free), swap 5741564k(4484072k free)
Page Sizes: 4k

vm_info: OpenJDK 64-Bit Server VM (21.0.9+-14649483-b1163.86) for linux-amd64 JRE (21.0.9+-14649483-b1163.86), built on 2025-12-30T22:08:12Z by "builder" with clang Android (14488419, +pgo, +bolt, +lto, +mlgo, based on r584948) Clang 22.0.0 (https://android.googlesource.com/toolchain/llvm-project 2d65e4108033380e6fe8e08b1f1826cd2bfb0c99)

END.
